date,ticker,open,high,low,close,volume
2020-01-02,FPT,20.79,21.04,20.68,20.9,896720
2020-01-02,HPG,7.23,7.38,7.18,7.38,4232230
2020-01-02,MWG,35.42,36.35,35.33,36.35,716290
2020-01-02,VNINDEX,960.26,966.67,959.67,966.67,131523160
2020-01-03,FPT,21.0,21.08,20.47,20.54,2047880
2020-01-03,HPG,7.44,7.49,7.4,7.43,7832210
2020-01-03,MWG,36.35,36.57,35.79,35.82,791020
2020-01-03,VNINDEX,968.72,970.88,965.14,965.14,149202550
2020-01-06,FPT,20.36,20.54,20.26,20.33,1091660
2020-01-06,HPG,7.38,7.46,7.34,7.38,5371060
2020-01-06,MWG,35.67,35.85,35.42,35.64,389250
2020-01-06,VNINDEX,962.79,963.2,955.59,955.79,140978550
2020-01-07,FPT,20.43,20.72,20.33,20.72,837240
2020-01-07,HPG,7.41,7.44,7.26,7.29,4871220
2020-01-07,MWG,35.64,35.92,35.2,35.92,648230
2020-01-07,VNINDEX,955.39,959.46,953.19,958.88,130272030
2020-01-08,FPT,20.5,20.58,20.26,20.26,1814290
2020-01-08,HPG,7.23,7.27,7.12,7.21,6421130
2020-01-08,MWG,35.42,35.73,35.05,35.05,742390
2020-01-08,VNINDEX,954.13,955.84,945.28,948.98,179374340
2020-01-09,FPT,20.43,20.58,20.36,20.54,967050
2020-01-09,HPG,7.26,7.43,7.26,7.38,4613440
2020-01-09,MWG,35.39,35.73,35.23,35.58,318070
2020-01-09,VNINDEX,953.86,960.73,952.16,960.15,132773820
2020-01-10,FPT,20.5,20.61,20.36,20.5,1018650
2020-01-10,HPG,7.41,7.55,7.4,7.44,10006180
2020-01-10,MWG,35.61,35.92,35.51,35.76,412180
2020-01-10,VNINDEX,961.17,969.71,961.17,968.54,163058830
2020-01-13,FPT,20.47,20.54,20.33,20.36,786760
2020-01-13,HPG,7.44,7.5,7.41,7.46,4456520
2020-01-13,MWG,35.58,35.82,35.45,35.58,288240
2020-01-13,VNINDEX,966.89,968.63,964.79,965.84,117952020
2020-01-14,FPT,20.36,20.47,20.33,20.33,721680
2020-01-14,HPG,7.46,7.7,7.44,7.69,9565300
2020-01-14,MWG,35.67,35.67,35.36,35.39,320810
2020-01-14,VNINDEX,966.26,968.85,965.76,967.0,127784380
2020-01-15,FPT,20.33,20.36,20.26,20.33,940870
2020-01-15,HPG,7.7,7.8,7.66,7.73,5881520
2020-01-15,MWG,35.39,35.48,35.33,35.42,293160
2020-01-15,VNINDEX,967.69,967.69,964.84,967.56,112470420
2020-01-16,FPT,20.33,20.76,20.33,20.68,1942970
2020-01-16,HPG,7.69,7.8,7.67,7.78,6855030
2020-01-16,MWG,35.42,36.04,35.39,35.85,521080
2020-01-16,VNINDEX,967.2,974.7,967.17,974.31,146756870
2020-01-17,FPT,20.68,20.72,20.33,20.54,1388810
2020-01-17,HPG,7.78,7.89,7.66,7.69,6329150
2020-01-17,MWG,35.85,36.1,35.85,36.07,435030
2020-01-17,VNINDEX,976.28,980.02,973.79,978.96,117216890
2020-01-20,FPT,20.5,20.68,20.4,20.47,1227100
2020-01-20,HPG,7.69,7.84,7.6,7.84,5711790
2020-01-20,MWG,35.89,36.85,35.89,36.85,1463940
2020-01-20,VNINDEX,978.23,979.85,975.93,978.63,102398830
2020-01-21,FPT,20.61,20.68,19.79,19.79,4351820
2020-01-21,HPG,7.92,8.0,7.86,7.95,5911660
2020-01-21,MWG,36.85,37.44,36.79,37.28,692200
2020-01-21,VNINDEX,978.82,986.37,978.82,986.37,128887950
2020-01-22,FPT,19.61,20.15,19.51,20.15,3165650
2020-01-22,HPG,7.95,8.12,7.95,8.09,8919900
2020-01-22,MWG,37.16,37.32,36.82,37.04,460240
2020-01-22,VNINDEX,986.52,991.46,983.92,991.46,128966880
2020-01-30,FPT,19.72,19.9,19.22,19.51,2638460
2020-01-30,HPG,7.86,7.96,7.67,7.78,13028790
2020-01-30,MWG,36.04,36.38,35.11,35.42,1315710
2020-01-30,VNINDEX,975.15,977.72,954.0,959.58,181385230
2020-01-31,FPT,19.26,19.58,18.54,18.54,4118150
2020-01-31,HPG,7.69,7.78,7.41,7.41,10994970
2020-01-31,MWG,35.11,35.61,34.33,34.43,1434750
2020-01-31,VNINDEX,955.56,960.96,936.62,936.62,210630210
2020-02-03,FPT,17.69,18.72,17.47,18.36,3602970
2020-02-03,HPG,7.16,7.63,6.98,7.55,12079180
2020-02-03,MWG,33.62,34.15,32.31,33.8,1949930
2020-02-03,VNINDEX,916.6,930.37,891.85,928.14,246408370
2020-02-04,FPT,18.69,18.69,18.19,18.47,1651440
2020-02-04,HPG,7.58,7.63,7.41,7.56,8086090
2020-02-04,MWG,33.87,34.33,33.06,33.52,905300
2020-02-04,VNINDEX,929.42,934.91,919.33,929.09,178000400
2020-02-05,FPT,18.65,18.83,18.54,18.54,1648620
2020-02-05,HPG,7.64,7.69,7.44,7.52,6938550
2020-02-05,MWG,33.56,34.08,33.56,33.56,805800
2020-02-05,VNINDEX,934.75,936.33,921.89,925.91,163682070
2020-02-06,FPT,18.72,19.11,18.47,19.11,1708550
2020-02-06,HPG,7.49,7.75,7.47,7.75,9214150
2020-02-06,MWG,33.56,34.27,33.56,34.02,785620
2020-02-06,VNINDEX,926.66,938.54,925.21,938.54,206129040
2020-02-07,FPT,18.9,19.08,18.83,19.01,1218660
2020-02-07,HPG,7.75,7.78,7.44,7.49,8120240
2020-02-07,MWG,33.96,33.96,33.49,33.77,628350
2020-02-07,VNINDEX,938.61,943.48,935.94,940.75,165020480
2020-02-10,FPT,18.69,18.9,18.58,18.76,738090
2020-02-10,HPG,7.38,7.58,7.36,7.49,4794830
2020-02-10,MWG,33.09,33.4,32.87,32.87,702790
2020-02-10,VNINDEX,934.38,935.87,926.61,930.73,129573270
2020-02-11,FPT,18.86,19.15,18.79,19.11,1085380
2020-02-11,HPG,7.52,7.56,7.21,7.26,12551620
2020-02-11,MWG,32.94,33.18,32.94,33.09,396130
2020-02-11,VNINDEX,931.55,936.04,931.55,934.67,159265510
2020-02-12,FPT,19.19,19.51,19.15,19.29,1104870
2020-02-12,HPG,7.23,7.43,7.21,7.32,9581940
2020-02-12,MWG,33.15,33.99,33.15,33.87,569230
2020-02-12,VNINDEX,940.72,943.11,937.34,937.68,187439280
2020-02-13,FPT,19.29,19.43,19.15,19.36,1030570
2020-02-13,HPG,7.3,7.35,7.26,7.29,5263180
2020-02-13,MWG,33.52,33.87,33.52,33.56,412040
2020-02-13,VNINDEX,937.19,939.1,934.47,938.24,153479610
2020-02-14,FPT,19.29,19.43,19.26,19.43,884240
2020-02-14,HPG,7.26,7.3,7.18,7.29,5052290
2020-02-14,MWG,33.24,33.46,32.9,33.28,415290
2020-02-14,VNINDEX,939.28,940.65,936.47,937.45,172195600
2020-02-17,FPT,19.47,19.47,19.26,19.33,726390
2020-02-17,HPG,7.29,7.34,7.26,7.3,2716840
2020-02-17,MWG,33.31,33.4,33.0,33.4,384490
2020-02-17,VNINDEX,938.52,938.52,931.66,934.77,149349950
2020-02-18,FPT,19.4,19.97,19.36,19.97,1760940
2020-02-18,HPG,7.34,7.34,7.16,7.16,7456030
2020-02-18,MWG,33.4,33.9,33.24,33.84,568750
2020-02-18,VNINDEX,934.47,934.98,926.01,927.93,164327840
2020-02-19,FPT,19.93,20.04,19.79,19.86,681250
2020-02-19,HPG,7.16,7.21,7.1,7.15,5481650
2020-02-19,MWG,33.99,34.33,33.84,34.33,672440
2020-02-19,VNINDEX,926.41,931.66,925.86,928.76,161801070
2020-02-20,FPT,20.01,20.11,19.79,19.9,780810
2020-02-20,HPG,7.21,7.3,7.15,7.3,5225250
2020-02-20,MWG,34.49,34.61,34.24,34.36,451760
2020-02-20,VNINDEX,933.69,938.13,930.41,938.13,183636850
2020-02-21,FPT,19.93,19.93,19.51,19.51,1458040
2020-02-21,HPG,7.3,7.32,7.23,7.24,4513960
2020-02-21,MWG,34.36,34.8,34.12,34.36,901890
2020-02-21,VNINDEX,937.13,940.53,932.32,933.09,179503790
2020-02-24,FPT,18.94,19.22,18.72,18.72,2261990
2020-02-24,HPG,7.0,7.12,6.98,6.98,12938030
2020-02-24,MWG,33.56,33.84,32.84,33.0,1556120
2020-02-24,VNINDEX,917.49,917.49,903.34,903.34,255965410
2020-02-25,FPT,18.58,19.26,18.54,19.26,1407720
2020-02-25,HPG,6.95,7.1,6.95,7.1,5303830
2020-02-25,MWG,32.69,33.24,32.69,33.24,692650
2020-02-25,VNINDEX,893.95,909.67,893.95,909.67,186008510
2020-02-26,FPT,19.04,19.68,18.9,19.61,3221270
2020-02-26,HPG,7.0,7.07,6.98,7.0,4502880
2020-02-26,MWG,32.94,33.52,32.78,33.0,1083030
2020-02-26,VNINDEX,901.51,903.27,894.25,895.97,131173700
2020-02-27,FPT,19.61,20.15,19.47,19.97,2927040
2020-02-27,HPG,6.98,7.09,6.98,7.06,3318240
2020-02-27,MWG,33.0,33.68,33.0,33.68,2144240
2020-02-27,VNINDEX,892.15,899.34,889.14,898.44,135468580
2020-02-28,FPT,19.61,19.86,19.47,19.65,2132200
2020-02-28,HPG,6.94,7.01,6.84,6.87,6583970
2020-02-28,MWG,32.94,33.31,32.47,33.09,1295250
2020-02-28,VNINDEX,885.47,887.07,872.46,882.19,184315860
2020-03-02,FPT,19.65,20.04,19.54,19.86,1787060
2020-03-02,HPG,6.83,6.92,6.83,6.86,3957540
2020-03-02,MWG,33.09,33.31,32.9,33.09,474160
2020-03-02,VNINDEX,878.43,886.45,877.31,884.43,173927240
2020-03-03,FPT,20.04,20.33,19.86,19.93,1193800
2020-03-03,HPG,7.01,7.01,6.86,6.86,4411940
2020-03-03,MWG,33.49,33.49,33.03,33.06,679500
2020-03-03,VNINDEX,895.39,896.39,890.06,890.61,176373200
2020-03-04,FPT,19.79,19.79,19.58,19.79,1660790
2020-03-04,HPG,6.89,6.95,6.87,6.87,2946050
2020-03-04,MWG,32.9,32.94,32.5,32.94,680740
2020-03-04,VNINDEX,887.85,889.85,882.83,889.37,195439390
2020-03-05,FPT,19.79,19.93,19.47,19.47,1296450
2020-03-05,HPG,6.95,6.97,6.87,6.87,2594810
2020-03-05,MWG,32.94,33.12,32.47,32.78,673150
2020-03-05,VNINDEX,892.71,898.43,891.2,893.31,209158850
2020-03-06,FPT,19.33,19.36,19.08,19.26,1305030
2020-03-06,HPG,6.87,6.9,6.84,6.89,3035470
2020-03-06,MWG,32.44,32.56,31.5,32.03,827890
2020-03-06,VNINDEX,888.96,891.44,882.71,891.44,175600680
2020-03-09,FPT,18.26,18.54,17.94,17.94,4735140
2020-03-09,HPG,6.41,6.63,6.41,6.41,16567350
2020-03-09,MWG,29.8,30.6,29.8,29.8,1051190
2020-03-09,VNINDEX,875.8,875.8,834.67,835.49,273180820
2020-03-10,FPT,18.19,18.54,17.94,18.44,2030340
2020-03-10,HPG,6.3,6.69,6.3,6.66,8137980
2020-03-10,MWG,28.24,29.52,28.03,29.18,1429660
2020-03-10,VNINDEX,813.83,843.28,806.63,837.5,242825240
2020-03-11,FPT,18.54,18.72,17.65,18.12,2753310
2020-03-11,HPG,6.67,6.7,6.2,6.32,8527920
2020-03-11,MWG,29.21,29.36,27.16,27.16,1584730
2020-03-11,VNINDEX,843.52,844.94,794.54,811.35,278303370
2020-03-12,FPT,17.33,17.58,16.87,17.15,3981670
2020-03-12,HPG,6.01,6.09,5.89,5.92,13041040
2020-03-12,MWG,25.26,25.26,25.26,25.26,527930
2020-03-12,VNINDEX,778.06,778.06,762.12,769.25,311344630
2020-03-13,FPT,16.15,17.83,16.12,17.17,2919140
2020-03-13,HPG,5.55,6.06,5.52,5.86,12836580
2020-03-13,MWG,23.52,26.72,23.52,24.55,3610700
2020-03-13,VNINDEX,750.56,764.69,723.42,761.78,289011560
2020-03-16,FPT,17.17,17.72,16.94,16.98,1898960
2020-03-16,HPG,5.9,6.1,5.83,5.87,9283920
2020-03-16,MWG,23.92,24.61,22.99,23.61,1526810
2020-03-16,VNINDEX,758.28,758.59,737.58,747.86,222784370
2020-03-17,FPT,16.76,17.3,16.58,17.3,2474650
2020-03-17,HPG,5.72,5.94,5.72,5.9,6053400
2020-03-17,MWG,22.53,24.24,22.25,24.02,1252010
2020-03-17,VNINDEX,724.07,750.03,721.84,745.78,202420360
2020-03-18,FPT,17.47,17.51,17.24,17.26,1642800
2020-03-18,HPG,5.97,6.18,5.95,6.06,10396530
2020-03-18,MWG,24.17,25.01,23.92,24.48,1406630
2020-03-18,VNINDEX,747.4,752.65,742.12,747.66,205460100
2020-03-19,FPT,16.98,17.15,16.98,17.01,1296590
2020-03-19,HPG,5.97,6.0,5.81,5.89,7773200
2020-03-19,MWG,23.92,24.14,23.18,23.49,1132320
2020-03-19,VNINDEX,732.35,733.43,714.02,725.94,308921920
2020-03-20,FPT,17.19,17.21,16.89,17.01,1291360
2020-03-20,HPG,5.92,5.94,5.72,5.72,13401260
2020-03-20,MWG,23.55,23.99,23.27,23.99,1095330
2020-03-20,VNINDEX,728.55,729.35,709.73,709.73,197474500
2020-03-23,FPT,16.44,16.73,15.83,15.83,2826690
2020-03-23,HPG,5.35,5.54,5.32,5.32,12947170
2020-03-23,MWG,22.74,23.3,22.31,22.31,1361560
2020-03-23,VNINDEX,694.77,694.77,664.23,666.59,223310850
2020-03-24,FPT,16.05,16.05,15.51,15.87,2191500
2020-03-24,HPG,5.23,5.34,5.12,5.26,13831390
2020-03-24,MWG,22.31,22.31,20.76,21.38,1567590
2020-03-24,VNINDEX,655.49,666.28,652.27,659.21,212661260
2020-03-25,FPT,16.4,16.55,16.1,16.4,2131790
2020-03-25,HPG,5.49,5.49,5.35,5.47,7758210
2020-03-25,MWG,21.75,22.68,21.44,22.68,1417730
2020-03-25,VNINDEX,669.76,690.25,667.58,690.25,209923920
2020-03-26,FPT,16.23,16.35,15.76,15.76,2358310
2020-03-26,HPG,5.4,5.41,5.2,5.21,8514960
2020-03-26,MWG,22.46,22.46,21.13,21.13,2123850
2020-03-26,VNINDEX,689.0,700.76,680.1,694.21,171216480
2020-03-27,FPT,15.83,15.83,15.3,15.37,2633750
2020-03-27,HPG,5.2,5.23,4.86,4.98,13442640
2020-03-27,MWG,20.29,20.51,19.67,19.67,2498890
2020-03-27,VNINDEX,692.54,703.22,682.52,696.06,212339560
2020-03-30,FPT,14.44,14.66,14.3,14.41,2157690
2020-03-30,HPG,4.7,5.14,4.69,5.03,10870540
2020-03-30,MWG,18.3,20.2,18.3,18.49,1861200
2020-03-30,VNINDEX,663.91,665.56,657.36,662.26,194282800
2020-03-31,FPT,14.8,15.12,14.3,14.66,1663050
2020-03-31,HPG,5.03,5.34,4.69,5.18,11163440
2020-03-31,MWG,18.95,19.48,17.49,18.3,1868280
2020-03-31,VNINDEX,669.74,678.64,649.1,662.53,227893260
2020-04-01,FPT,14.55,15.41,14.55,15.08,1453030
2020-04-01,HPG,5.14,5.38,5.12,5.3,4859650
2020-04-01,MWG,18.24,19.33,18.14,19.02,1604700
2020-04-01,VNINDEX,658.8,684.96,657.41,680.23,203313080
2020-04-03,FPT,15.33,15.92,15.23,15.9,2072000
2020-04-03,HPG,5.3,5.44,5.29,5.43,6503290
2020-04-03,MWG,19.54,20.32,19.36,20.32,1653030
2020-04-03,VNINDEX,687.92,701.8,687.92,701.8,197918250
2020-04-06,FPT,16.4,16.94,16.23,16.94,2718990
2020-04-06,HPG,5.58,5.8,5.5,5.8,10207240
2020-04-06,MWG,21.72,21.72,21.72,21.72,486160
2020-04-06,VNINDEX,716.22,736.75,715.39,736.75,304964360
2020-04-07,FPT,16.94,17.01,16.58,16.87,2463810
2020-04-07,HPG,5.86,5.87,5.61,5.84,7655220
2020-04-07,MWG,23.21,23.21,22.03,23.18,5818790
2020-04-07,VNINDEX,744.97,749.13,730.28,746.69,276556810
2020-04-08,FPT,16.44,16.78,16.32,16.71,1576670
2020-04-08,HPG,5.66,5.78,5.63,5.75,5106690
2020-04-08,MWG,22.62,23.18,22.22,22.99,2044140
2020-04-08,VNINDEX,740.03,748.36,730.12,748.02,203416250
2020-04-09,FPT,16.76,16.98,16.58,16.71,2142370
2020-04-09,HPG,5.78,5.84,5.7,5.7,7134720
2020-04-09,MWG,23.3,23.4,22.68,22.68,1610080
2020-04-09,VNINDEX,751.08,765.87,748.02,760.33,271131720
2020-04-10,FPT,16.62,16.76,16.37,16.55,1882020
2020-04-10,HPG,5.69,5.84,5.63,5.78,5558450
2020-04-10,MWG,22.25,22.65,21.94,22.28,1235340
2020-04-10,VNINDEX,759.08,764.36,751.59,757.94,295263430
2020-04-13,FPT,16.55,16.76,16.44,16.58,1255360
2020-04-13,HPG,5.78,6.0,5.75,5.95,9039420
2020-04-13,MWG,22.37,23.83,22.37,23.3,2206590
2020-04-13,VNINDEX,757.94,774.62,757.94,765.79,200195470
2020-04-14,FPT,16.98,17.65,16.76,17.65,4072050
2020-04-14,HPG,5.94,6.14,5.9,6.14,8744760
2020-04-14,MWG,23.36,23.55,22.81,23.24,1035610
2020-04-14,VNINDEX,769.01,769.53,753.85,767.41,229143390
2020-04-15,FPT,18.01,18.12,17.78,17.87,2205200
2020-04-15,HPG,6.15,6.24,6.14,6.18,5960450
2020-04-15,MWG,23.61,24.3,23.49,23.86,1555700
2020-04-15,VNINDEX,768.05,777.22,768.01,777.22,255468260
2020-04-16,FPT,17.72,18.12,17.58,17.94,1508480
2020-04-16,HPG,6.14,6.27,6.07,6.23,6665670
2020-04-16,MWG,23.61,23.92,23.43,23.89,1460130
2020-04-16,VNINDEX,773.11,781.06,770.91,780.7,217009350
2020-04-17,FPT,18.26,18.29,17.9,18.26,2631630
2020-04-17,HPG,6.23,6.4,6.21,6.37,8818780
2020-04-17,MWG,24.2,25.48,24.08,25.48,2474360
2020-04-17,VNINDEX,786.96,790.95,783.74,789.6,268469130
2020-04-20,FPT,18.51,18.54,18.08,18.29,2239780
2020-04-20,HPG,6.46,6.61,6.32,6.52,9422860
2020-04-20,MWG,26.1,26.44,25.57,26.19,2181870
2020-04-20,VNINDEX,796.17,797.49,786.73,794.97,304592700
2020-04-21,FPT,18.01,18.15,17.44,17.58,3737050
2020-04-21,HPG,6.38,6.54,6.2,6.21,11934810
2020-04-21,MWG,25.51,25.91,24.42,24.67,2583970
2020-04-21,VNINDEX,784.4,789.37,761.96,766.84,368523950
2020-04-22,FPT,17.4,18.26,17.37,18.22,2445860
2020-04-22,HPG,6.3,6.55,6.24,6.4,11038450
2020-04-22,MWG,23.96,25.79,23.96,25.48,1796100
2020-04-22,VNINDEX,752.8,774.94,749.97,768.92,223471930
2020-04-23,FPT,18.58,18.61,18.19,18.19,1363410
2020-04-23,HPG,6.55,6.75,6.55,6.64,8345940
2020-04-23,MWG,26.41,26.41,25.48,25.94,1345230
2020-04-23,VNINDEX,784.14,785.6,771.88,773.91,189393000
2020-04-24,FPT,18.15,18.26,17.87,18.19,1411380
2020-04-24,HPG,6.67,6.83,6.55,6.8,8301090
2020-04-24,MWG,25.94,25.94,25.23,25.79,1028080
2020-04-24,VNINDEX,777.28,778.3,767.31,776.66,226072090
2020-04-27,FPT,18.36,18.36,18.01,18.08,1419750
2020-04-27,HPG,6.84,6.95,6.72,6.75,6636160
2020-04-27,MWG,26.07,26.07,25.23,25.54,1120700
2020-04-27,VNINDEX,780.65,785.74,770.77,770.77,256843490
2020-04-28,FPT,18.08,18.12,17.9,18.08,974310
2020-04-28,HPG,6.77,6.8,6.54,6.58,7687010
2020-04-28,MWG,25.32,25.45,24.98,25.14,899940
2020-04-28,VNINDEX,773.31,776.13,763.66,767.21,197231630
2020-04-29,FPT,18.12,18.33,18.01,18.12,1349230
2020-04-29,HPG,6.61,6.67,6.46,6.61,7447050
2020-04-29,MWG,25.38,25.57,24.55,25.38,1175430
2020-04-29,VNINDEX,768.59,772.62,768.19,769.11,210867100
2020-05-04,FPT,17.9,18.15,17.76,18.01,895530
2020-05-04,HPG,6.61,6.63,6.46,6.46,4834580
2020-05-04,MWG,25.32,25.32,24.67,24.67,917320
2020-05-04,VNINDEX,766.14,769.73,761.64,762.47,253967720
2020-05-05,FPT,18.12,18.19,17.97,18.15,677990
2020-05-05,HPG,6.58,6.66,6.55,6.58,5894530
2020-05-05,MWG,24.79,25.04,24.48,24.64,522280
2020-05-05,VNINDEX,763.22,767.03,760.04,764.16,168997250
2020-05-06,FPT,18.19,18.94,18.19,18.86,3470150
2020-05-06,HPG,6.63,6.83,6.61,6.83,7620940
2020-05-06,MWG,24.86,25.23,24.55,25.23,846520
2020-05-06,VNINDEX,767.3,782.59,765.37,782.59,209914330
2020-05-07,FPT,18.9,19.08,18.69,19.08,2030720
2020-05-07,HPG,6.86,7.26,6.86,7.26,14733250
2020-05-07,MWG,25.42,25.66,25.32,25.66,1207270
2020-05-07,VNINDEX,785.08,796.54,782.59,796.54,214433830
2020-05-08,FPT,19.11,19.65,19.11,19.15,3585320
2020-05-08,HPG,7.32,7.43,7.2,7.2,12484610
2020-05-08,MWG,25.79,26.69,25.79,26.04,2361840
2020-05-08,VNINDEX,800.32,825.72,800.2,813.73,340156270
2020-05-11,FPT,19.26,19.4,19.01,19.26,2119430
2020-05-11,HPG,7.36,7.41,7.16,7.36,7220240
2020-05-11,MWG,26.41,26.6,26.04,26.41,1257030
2020-05-11,VNINDEX,818.26,828.33,812.48,828.33,268927930
2020-05-12,FPT,19.26,19.4,19.11,19.4,2828190
2020-05-12,HPG,7.27,7.35,7.2,7.27,10527620
2020-05-12,MWG,26.35,26.35,25.63,25.88,1938080
2020-05-12,VNINDEX,827.29,835.95,819.66,835.32,290069940
2020-05-13,FPT,19.84,20.69,19.8,20.61,6853810
2020-05-13,HPG,7.21,7.44,7.16,7.41,9608210
2020-05-13,MWG,25.48,26.13,25.2,26.07,1673920
2020-05-13,VNINDEX,829.83,839.59,815.13,834.21,338667310
2020-05-14,FPT,20.44,20.51,20.26,20.34,2597400
2020-05-14,HPG,7.32,7.41,7.29,7.36,6517150
2020-05-14,MWG,25.48,26.04,25.48,25.79,1040460
2020-05-14,VNINDEX,830.97,836.19,826.17,832.4,273950180
2020-05-15,FPT,20.17,20.42,19.94,20.05,2430890
2020-05-15,HPG,7.36,7.4,7.2,7.23,7931980
2020-05-15,MWG,25.85,26.04,25.48,25.51,1106330
2020-05-15,VNINDEX,835.42,838.47,824.59,827.03,258289700
2020-05-18,FPT,19.84,20.19,19.8,20.19,2000950
2020-05-18,HPG,7.52,7.72,7.38,7.72,13491620
2020-05-18,MWG,25.48,26.6,25.48,26.56,2183740
2020-05-18,VNINDEX,827.49,837.61,823.08,837.01,224260950
2020-05-19,FPT,20.55,20.76,20.3,20.57,2879030
2020-05-19,HPG,8.12,8.26,8.01,8.04,18842950
2020-05-19,MWG,27.19,27.25,26.88,27.09,1674810
2020-05-19,VNINDEX,852.14,854.25,844.15,845.92,293801450
2020-05-20,FPT,20.46,20.46,20.28,20.42,1245380
2020-05-20,HPG,8.0,8.18,7.89,8.13,11584470
2020-05-20,MWG,26.75,26.94,26.63,26.88,1101050
2020-05-20,VNINDEX,843.26,852.91,842.21,852.91,235672860
2020-05-21,FPT,20.42,20.59,20.4,20.59,2007060
2020-05-21,HPG,8.1,8.16,8.03,8.15,11213810
2020-05-21,MWG,26.91,27.44,26.78,27.03,1539610
2020-05-21,VNINDEX,854.93,862.73,854.04,862.73,301190730
2020-05-22,FPT,20.46,20.46,20.24,20.24,1731720
2020-05-22,HPG,8.1,8.44,8.07,8.38,16252810
2020-05-22,MWG,27.03,27.06,26.41,26.41,1475820
2020-05-22,VNINDEX,859.29,860.65,852.08,852.74,265002610
2020-05-25,FPT,20.26,20.3,19.96,20.24,2033000
2020-05-25,HPG,8.46,8.55,8.35,8.4,11168880
2020-05-25,MWG,26.41,27.03,26.16,26.75,1135520
2020-05-25,VNINDEX,852.9,860.45,849.12,859.04,259643410
2020-05-26,FPT,20.26,20.38,20.19,20.38,1615680
2020-05-26,HPG,8.41,8.73,8.4,8.73,11503490
2020-05-26,MWG,26.78,26.97,26.6,26.88,1175440
2020-05-26,VNINDEX,861.47,869.65,860.22,869.13,306464080
2020-05-27,FPT,20.42,20.63,20.05,20.05,2098580
2020-05-27,HPG,8.8,8.8,8.36,8.36,19779140
2020-05-27,MWG,27.0,27.16,26.35,26.35,1320900
2020-05-27,VNINDEX,873.42,875.35,857.48,857.48,354487370
2020-05-28,FPT,20.13,20.3,20.05,20.05,1194380
2020-05-28,HPG,8.46,8.49,8.27,8.36,14486370
2020-05-28,MWG,26.41,26.63,26.25,26.32,950520
2020-05-28,VNINDEX,858.97,866.17,856.48,861.39,261439230
2020-05-29,FPT,20.05,20.09,19.84,20.03,1346170
2020-05-29,HPG,8.4,8.52,8.3,8.43,12580390
2020-05-29,MWG,26.29,26.41,26.13,26.29,849500
2020-05-29,VNINDEX,861.59,866.95,859.26,864.47,281746500
2020-06-01,FPT,20.05,20.19,20.05,20.17,1298150
2020-06-01,HPG,8.55,8.55,8.44,8.5,8022890
2020-06-01,MWG,26.29,26.75,26.29,26.72,819630
2020-06-01,VNINDEX,868.97,878.67,868.97,878.67,418333970
2020-06-02,FPT,20.17,20.26,20.05,20.05,1456730
2020-06-02,HPG,8.55,8.55,8.29,8.32,11489000
2020-06-02,MWG,26.75,26.97,26.5,26.5,1110350
2020-06-02,VNINDEX,879.23,882.73,874.53,874.8,442308030
2020-06-03,FPT,20.05,20.44,20.0,20.32,1893060
2020-06-03,HPG,8.32,8.36,8.18,8.29,12018120
2020-06-03,MWG,26.56,26.66,26.47,26.53,861720
2020-06-03,VNINDEX,876.73,881.17,874.01,881.17,320477690
2020-06-04,FPT,20.42,20.42,20.21,20.21,1260060
2020-06-04,HPG,8.3,8.43,8.18,8.18,13488200
2020-06-04,MWG,26.6,27.03,26.5,26.56,1014100
2020-06-04,VNINDEX,883.22,888.32,883.22,883.9,394395400
2020-06-05,FPT,20.21,20.34,20.11,20.34,1236200
2020-06-05,HPG,8.15,8.4,8.06,8.32,13532060
2020-06-05,MWG,26.56,26.78,26.44,26.75,744280
2020-06-05,VNINDEX,883.4,886.59,878.5,886.22,451411820
2020-06-08,FPT,20.46,20.88,20.46,20.61,4113250
2020-06-08,HPG,8.46,8.64,8.4,8.52,17144920
2020-06-08,MWG,27.19,28.37,26.97,27.99,3691120
2020-06-08,VNINDEX,888.7,905.65,888.7,899.92,509361980
2020-06-09,FPT,20.72,20.74,20.42,20.44,1491540
2020-06-09,HPG,8.6,8.61,8.29,8.33,18693450
2020-06-09,MWG,28.21,28.21,27.53,27.56,1115180
2020-06-09,VNINDEX,902.26,904.89,898.87,899.43,450504980
2020-06-10,FPT,20.46,20.46,20.21,20.38,1307540
2020-06-10,HPG,8.3,8.43,8.2,8.3,9871400
2020-06-10,MWG,27.5,27.96,27.06,27.78,1009890
2020-06-10,VNINDEX,898.78,902.69,890.3,900.0,514286390
2020-06-11,FPT,20.38,20.38,19.21,19.21,4278060
2020-06-11,HPG,8.26,8.35,7.84,7.84,22873160
2020-06-11,MWG,27.81,27.81,25.85,25.85,2775660
2020-06-11,VNINDEX,900.48,903.7,867.37,867.37,665612130
2020-06-12,FPT,18.79,19.63,18.79,19.63,3145450
2020-06-12,HPG,7.54,8.15,7.54,8.15,18881260
2020-06-12,MWG,25.54,26.72,25.17,26.72,2515300
2020-06-12,VNINDEX,841.85,863.52,841.44,863.52,582432110
2020-06-15,FPT,20.05,20.05,19.17,19.21,1207500
2020-06-15,HPG,8.09,8.15,7.8,7.81,11332840
2020-06-15,MWG,26.66,26.66,25.45,25.63,1132400
2020-06-15,VNINDEX,867.52,868.16,832.47,832.47,470372440
2020-06-16,FPT,19.46,19.55,19.34,19.46,1100730
2020-06-16,HPG,8.0,8.12,7.89,8.06,9024610
2020-06-16,MWG,26.1,26.29,25.85,26.22,704020
2020-06-16,VNINDEX,848.86,858.7,844.67,856.13,359812660
2020-06-17,FPT,19.5,19.52,19.32,19.36,788630
2020-06-17,HPG,8.06,8.13,7.96,8.07,7066110
2020-06-17,MWG,26.38,26.38,25.79,26.04,770150
2020-06-17,VNINDEX,861.05,861.05,852.27,854.44,311400140
2020-06-18,FPT,19.34,19.5,19.27,19.46,822980
2020-06-18,HPG,7.98,8.26,7.95,8.24,9055090
2020-06-18,MWG,25.79,26.04,25.76,26.04,360010
2020-06-18,VNINDEX,850.92,858.03,847.49,855.27,234958560
2020-06-19,FPT,19.46,19.63,19.46,19.63,745470
2020-06-19,HPG,8.3,8.41,8.3,8.41,10532760
2020-06-19,MWG,26.1,26.56,26.01,26.25,859830
2020-06-19,VNINDEX,857.77,868.56,857.77,868.56,372261840
2020-06-22,FPT,19.63,19.63,19.57,19.63,787180
2020-06-22,HPG,8.43,8.55,8.29,8.4,9729970
2020-06-22,MWG,26.47,26.97,26.29,26.69,941430
2020-06-22,VNINDEX,871.56,872.94,867.37,871.28,330561410
2020-06-23,FPT,19.61,20.21,19.52,19.86,1693730
2020-06-23,HPG,8.4,8.52,8.23,8.3,11382760
2020-06-23,MWG,26.69,26.84,26.5,26.5,801600
2020-06-23,VNINDEX,871.12,873.2,864.02,868.2,400635460
2020-06-24,FPT,20.0,20.03,19.65,19.71,607000
2020-06-24,HPG,8.3,8.41,8.24,8.3,6516760
2020-06-24,MWG,26.56,26.81,26.1,26.41,715470
2020-06-24,VNINDEX,868.56,873.13,857.58,859.71,340026770
2020-06-25,FPT,19.48,19.67,19.46,19.55,730810
2020-06-25,HPG,8.21,8.55,8.16,8.4,24410040
2020-06-25,MWG,26.1,26.25,25.94,25.98,783410
2020-06-25,VNINDEX,851.09,856.23,849.65,854.59,285078310
2020-06-26,FPT,19.55,19.69,19.5,19.57,602880
2020-06-26,HPG,8.43,8.49,8.3,8.36,9363870
2020-06-26,MWG,26.1,26.32,25.91,26.16,449460
2020-06-26,VNINDEX,859.07,862.59,850.66,851.98,258644960
2020-06-29,FPT,19.46,19.46,19.15,19.23,1281220
2020-06-29,HPG,8.27,8.3,8.07,8.2,12378070
2020-06-29,MWG,25.82,25.94,25.14,25.32,1096590
2020-06-29,VNINDEX,846.26,846.53,826.0,829.36,335622750
2020-06-30,FPT,19.27,19.38,18.96,19.07,1594210
2020-06-30,HPG,8.24,8.43,8.16,8.24,14826230
2020-06-30,MWG,25.57,25.63,24.86,25.1,744080
2020-06-30,VNINDEX,836.72,840.31,821.92,825.11,308543890
2020-07-01,FPT,19.21,19.34,19.13,19.3,866660
2020-07-01,HPG,8.3,8.46,8.27,8.43,10843030
2020-07-01,MWG,25.1,25.48,25.1,25.48,311490
2020-07-01,VNINDEX,827.67,844.26,826.38,843.49,251635370
2020-07-02,FPT,19.34,19.34,19.19,19.27,539160
2020-07-02,HPG,8.46,8.53,8.43,8.49,13000820
2020-07-02,MWG,25.35,25.57,25.17,25.42,327720
2020-07-02,VNINDEX,845.66,845.66,838.48,842.38,190900470
2020-07-03,FPT,19.42,19.42,19.25,19.32,529760
2020-07-03,HPG,8.52,8.53,8.43,8.46,8111500
2020-07-03,MWG,25.42,25.45,25.29,25.38,356420
2020-07-03,VNINDEX,845.26,848.16,843.25,847.61,172688260
2020-07-06,FPT,19.42,19.61,19.34,19.55,1089910
2020-07-06,HPG,8.52,8.53,8.44,8.49,9764620
2020-07-06,MWG,25.45,26.04,25.42,25.94,620180
2020-07-06,VNINDEX,851.47,861.85,850.04,861.16,194421760
2020-07-07,FPT,19.63,20.0,19.63,19.82,2739150
2020-07-07,HPG,8.53,8.89,8.52,8.72,28048770
2020-07-07,MWG,26.07,26.32,26.01,26.01,621630
2020-07-07,VNINDEX,865.46,870.63,863.42,863.42,284435650
2020-07-08,FPT,19.76,20.0,19.76,19.92,1472610
2020-07-08,HPG,8.66,8.75,8.58,8.63,9155900
2020-07-08,MWG,26.01,26.1,25.76,25.98,285150
2020-07-08,VNINDEX,861.75,865.58,859.98,864.5,184014420
2020-07-09,FPT,20.0,20.21,19.96,20.19,2298900
2020-07-09,HPG,8.64,8.7,8.6,8.66,7588480
2020-07-09,MWG,25.98,26.19,25.94,26.1,521490
2020-07-09,VNINDEX,867.66,878.36,867.45,876.46,259149310
2020-07-10,FPT,20.09,20.15,19.84,19.96,1164310
2020-07-10,HPG,8.61,8.69,8.49,8.53,14457460
2020-07-10,MWG,26.07,26.1,25.73,25.76,564660
2020-07-10,VNINDEX,873.7,878.53,867.59,871.21,254910040
2020-07-13,FPT,20.05,20.44,19.94,20.32,2662490
2020-07-13,HPG,8.47,8.56,8.38,8.5,14702360
2020-07-13,MWG,25.85,26.01,25.6,25.73,403750
2020-07-13,VNINDEX,874.85,876.83,866.99,868.72,203912630
2020-07-14,FPT,20.17,20.4,20.17,20.28,1549540
2020-07-14,HPG,8.44,8.6,8.43,8.58,5757320
2020-07-14,MWG,25.73,25.76,25.54,25.76,365780
2020-07-14,VNINDEX,865.01,868.11,860.28,868.11,204647390
2020-07-15,FPT,20.34,20.44,20.21,20.3,1516540
2020-07-15,HPG,8.67,8.73,8.63,8.63,6561150
2020-07-15,MWG,25.91,26.38,25.82,26.29,1049820
2020-07-15,VNINDEX,872.8,876.69,869.91,869.91,223490580
2020-07-16,FPT,20.28,20.36,20.21,20.3,1060530
2020-07-16,HPG,8.67,8.89,8.6,8.8,17916710
2020-07-16,MWG,26.25,26.35,26.1,26.35,495500
2020-07-16,VNINDEX,871.81,876.83,869.25,876.83,220943960
2020-07-17,FPT,20.26,20.26,20.09,20.09,1313100
2020-07-17,HPG,8.83,8.84,8.78,8.78,6759400
2020-07-17,MWG,26.32,26.35,26.1,26.1,379820
2020-07-17,VNINDEX,873.48,875.07,871.89,872.02,238997770
2020-07-20,FPT,20.09,20.13,19.78,19.8,2049680
2020-07-20,HPG,8.76,8.83,8.61,8.61,11602590
2020-07-20,MWG,26.07,26.1,25.85,25.88,253640
2020-07-20,VNINDEX,870.66,871.64,861.4,861.4,256105460
2020-07-21,FPT,19.84,20.03,19.73,19.96,940230
2020-07-21,HPG,8.64,8.69,8.55,8.64,11724470
2020-07-21,MWG,25.88,26.04,25.79,26.01,413460
2020-07-21,VNINDEX,863.94,864.7,856.94,861.69,216046880
2020-07-22,FPT,20.05,20.05,19.76,19.8,817890
2020-07-22,HPG,8.7,8.73,8.6,8.64,7461530
2020-07-22,MWG,26.07,26.1,25.7,25.85,363710
2020-07-22,VNINDEX,862.8,864.0,854.97,855.08,207218280
2020-07-23,FPT,19.8,19.94,19.67,19.94,918630
2020-07-23,HPG,8.64,8.67,8.52,8.67,10177170
2020-07-23,MWG,25.85,25.94,25.7,25.79,420560
2020-07-23,VNINDEX,854.92,857.22,851.97,856.75,221114760
2020-07-24,FPT,19.8,19.86,18.96,19.17,3170540
2020-07-24,HPG,8.61,8.63,8.09,8.26,21288480
2020-07-24,MWG,25.7,25.76,23.99,24.61,1796300
2020-07-24,VNINDEX,854.23,854.57,816.65,829.16,436845540
2020-07-27,FPT,18.79,19.17,18.21,18.25,3274350
2020-07-27,HPG,8.01,8.35,7.93,7.98,18389440
2020-07-27,MWG,22.99,23.64,22.9,22.9,2981180
2020-07-27,VNINDEX,794.14,808.74,780.64,785.17,374271440
2020-07-28,FPT,18.54,19.13,18.44,19.09,1953510
2020-07-28,HPG,8.15,8.46,8.06,8.41,14119250
2020-07-28,MWG,23.4,23.68,22.9,23.61,1280900
2020-07-28,VNINDEX,786.72,814.4,786.67,813.36,310645950
2020-07-29,FPT,18.54,18.75,18.29,18.61,1554200
2020-07-29,HPG,8.37,8.56,7.94,8.17,18544880
2020-07-29,MWG,22.99,23.12,22.15,22.68,1436620
2020-07-29,VNINDEX,800.39,800.39,779.82,790.84,311001410
2020-07-30,FPT,18.63,18.86,18.63,18.86,612240
2020-07-30,HPG,8.22,8.37,8.2,8.3,11357060
2020-07-30,MWG,22.71,23.08,22.62,23.08,603300
2020-07-30,VNINDEX,796.22,802.97,794.88,801.13,163227530
2020-07-31,FPT,18.38,18.88,18.38,18.58,1106250
2020-07-31,HPG,8.05,8.28,8.05,8.15,7656240
2020-07-31,MWG,22.53,23.21,22.53,23.15,799400
2020-07-31,VNINDEX,787.78,803.55,786.98,798.39,219670740
2020-08-03,FPT,18.58,19.17,18.58,19.17,1392200
2020-08-03,HPG,8.15,8.64,8.15,8.6,16896050
2020-08-03,MWG,23.05,23.74,22.84,23.61,655840
2020-08-03,VNINDEX,796.86,814.84,796.47,814.65,244789940
2020-08-04,FPT,19.42,19.55,19.3,19.44,1051310
2020-08-04,HPG,8.71,8.75,8.56,8.64,11086090
2020-08-04,MWG,23.89,24.33,23.77,23.92,841660
2020-08-04,VNINDEX,822.86,827.57,820.2,827.57,251465920
2020-08-05,FPT,19.42,19.69,19.32,19.63,1328520
2020-08-05,HPG,8.64,9.14,8.6,9.05,25912970
2020-08-05,MWG,23.92,24.67,23.77,24.61,734940
2020-08-05,VNINDEX,827.54,839.52,820.74,837.8,264841620
2020-08-06,FPT,19.63,19.73,19.5,19.55,1153660
2020-08-06,HPG,9.05,9.16,8.94,9.03,13744810
2020-08-06,MWG,24.7,24.79,24.33,24.64,554590
2020-08-06,VNINDEX,838.01,844.16,833.56,840.04,233729360
2020-08-07,FPT,19.55,19.96,19.55,19.67,1283690
2020-08-07,HPG,9.01,9.12,8.99,9.09,12162410
2020-08-07,MWG,24.58,24.67,24.24,24.42,607040
2020-08-07,VNINDEX,840.65,844.33,836.84,841.46,230026640
2020-08-10,FPT,19.78,19.96,19.67,19.71,1160370
2020-08-10,HPG,9.18,9.29,9.12,9.12,14144220
2020-08-10,MWG,24.55,24.95,24.55,24.55,629890
2020-08-10,VNINDEX,845.11,849.52,843.2,843.2,277423110
2020-08-11,FPT,19.82,19.82,19.63,19.63,1209690
2020-08-11,HPG,9.16,9.22,9.05,9.11,9675910
2020-08-11,MWG,24.79,24.79,24.48,24.7,394720
2020-08-11,VNINDEX,847.61,847.61,840.35,843.08,226765520
2020-08-12,FPT,19.67,19.84,19.59,19.84,1233230
2020-08-12,HPG,9.12,9.2,9.05,9.12,8827420
2020-08-12,MWG,24.73,24.82,24.55,24.79,451860
2020-08-12,VNINDEX,844.19,848.54,842.88,846.92,238422860
2020-08-13,FPT,19.92,20.03,19.84,20.03,1709100
2020-08-13,HPG,9.2,9.24,9.12,9.2,7562850
2020-08-13,MWG,24.89,25.57,24.86,25.54,915350
2020-08-13,VNINDEX,849.96,855.19,849.86,855.05,236129250
2020-08-14,FPT,20.09,20.13,19.82,19.96,1633770
2020-08-14,HPG,9.2,9.24,8.97,9.05,15356070
2020-08-14,MWG,25.6,26.04,25.51,25.82,992180
2020-08-14,VNINDEX,854.29,860.32,848.38,850.74,285091480
2020-08-17,FPT,20.01,20.05,19.84,20.05,1048820
2020-08-17,HPG,9.03,9.12,8.99,9.12,8428450
2020-08-17,MWG,25.82,25.82,25.14,25.54,824290
2020-08-17,VNINDEX,848.08,852.05,841.62,850.15,215893300
2020-08-18,FPT,20.05,20.11,19.96,19.98,625200
2020-08-18,HPG,9.16,9.16,9.05,9.07,5130610
2020-08-18,MWG,25.48,25.51,25.1,25.29,554060
2020-08-18,VNINDEX,850.27,851.06,845.0,846.43,183415680
2020-08-19,FPT,20.01,20.07,19.9,19.98,877190
2020-08-19,HPG,9.09,9.16,9.05,9.11,9266940
2020-08-19,MWG,25.26,25.48,25.26,25.42,382850
2020-08-19,VNINDEX,847.19,853.15,846.22,851.21,214883630
2020-08-20,FPT,20.01,20.24,19.98,20.07,1824430
2020-08-20,HPG,9.11,9.14,9.01,9.05,9685120
2020-08-20,MWG,25.42,25.51,25.1,25.38,1018420
2020-08-20,VNINDEX,851.21,856.99,847.44,848.21,232011660
2020-08-21,FPT,20.16,20.26,20.13,20.22,1260210
2020-08-21,HPG,9.05,9.16,9.03,9.14,8930990
2020-08-21,MWG,25.42,25.63,25.32,25.48,690220
2020-08-21,VNINDEX,848.21,856.45,848.21,854.78,262789870
2020-08-24,FPT,20.45,20.73,20.41,20.67,3540210
2020-08-24,HPG,9.2,9.37,9.16,9.31,13933710
2020-08-24,MWG,25.85,26.35,25.76,26.13,1064730
2020-08-24,VNINDEX,860.35,868.68,860.35,868.68,345727410
2020-08-25,FPT,20.73,20.88,20.71,20.84,3304670
2020-08-25,HPG,9.35,9.41,9.22,9.22,10722520
2020-08-25,MWG,26.25,27.4,26.25,27.22,2247120
2020-08-25,VNINDEX,870.92,877.57,870.92,874.12,342448420
2020-08-26,FPT,20.82,20.84,20.56,20.65,1328990
2020-08-26,HPG,9.2,9.22,9.09,9.09,16327190
2020-08-26,MWG,27.12,27.59,27.03,27.12,883390
2020-08-26,VNINDEX,873.62,876.97,871.78,873.47,320824630
2020-08-27,FPT,20.58,21.37,20.58,21.26,3724990
2020-08-27,HPG,9.09,9.14,9.05,9.12,8801320
2020-08-27,MWG,27.12,27.62,27.12,27.62,955520
2020-08-27,VNINDEX,872.38,875.71,871.93,874.71,279106260
2020-08-28,FPT,21.41,21.8,21.29,21.29,4009380
2020-08-28,HPG,9.2,9.2,9.11,9.12,11603550
2020-08-28,MWG,27.99,29.21,27.96,28.83,1994640
2020-08-28,VNINDEX,878.79,885.86,877.7,878.98,328738170
2020-08-31,FPT,21.29,21.46,21.05,21.12,1940640
2020-08-31,HPG,9.09,9.31,9.09,9.22,13334160
2020-08-31,MWG,28.83,29.3,28.58,29.02,954930
2020-08-31,VNINDEX,882.13,888.44,879.26,881.65,333312960
2020-09-01,FPT,21.12,21.54,21.05,21.29,1757410
2020-09-01,HPG,9.22,9.37,9.18,9.31,16754410
2020-09-01,MWG,29.02,29.52,28.93,29.14,996140
2020-09-01,VNINDEX,882.4,892.51,880.79,891.73,285412810
2020-09-03,FPT,21.5,21.54,21.29,21.5,2281510
2020-09-03,HPG,9.39,9.46,9.35,9.39,14553930
2020-09-03,MWG,29.14,29.67,28.9,29.46,1060240
2020-09-03,VNINDEX,898.25,904.32,896.26,903.97,323223440
2020-09-04,FPT,21.12,21.33,21.12,21.33,1538510
2020-09-04,HPG,9.26,9.43,9.26,9.37,18820560
2020-09-04,MWG,28.93,29.27,28.86,29.24,1015720
2020-09-04,VNINDEX,896.02,903.11,893.86,901.54,316184660
2020-09-07,FPT,21.31,21.33,20.69,20.69,2270970
2020-09-07,HPG,9.39,9.43,9.2,9.2,14336100
2020-09-07,MWG,29.21,29.27,28.06,28.06,1491040
2020-09-07,VNINDEX,903.85,905.8,888.25,888.25,382825000
2020-09-08,FPT,20.8,21.12,20.69,21.12,1628870
2020-09-08,HPG,9.24,9.28,9.18,9.26,12260110
2020-09-08,MWG,28.27,28.96,28.12,28.93,1000020
2020-09-08,VNINDEX,891.61,894.58,884.88,890.14,266880030
2020-09-09,FPT,20.75,21.12,20.73,20.99,1490820
2020-09-09,HPG,9.16,9.37,9.14,9.2,19632380
2020-09-09,MWG,28.58,29.14,28.43,29.02,631980
2020-09-09,VNINDEX,883.68,892.4,881.57,889.32,282232270
2020-09-10,FPT,21.12,21.24,20.94,20.99,1005950
2020-09-10,HPG,9.28,9.33,9.2,9.22,12106250
2020-09-10,MWG,29.21,29.3,29.02,29.18,744120
2020-09-10,VNINDEX,895.29,896.78,888.82,888.82,283019010
2020-09-11,FPT,20.9,20.99,20.84,20.97,872160
2020-09-11,HPG,9.22,9.26,9.18,9.18,11672440
2020-09-11,MWG,29.18,29.18,28.83,29.02,436320
2020-09-11,VNINDEX,886.21,890.98,884.67,888.97,269585440
2020-09-14,FPT,21.01,21.12,20.94,21.03,1127400
2020-09-14,HPG,9.2,9.29,9.2,9.24,12723310
2020-09-14,MWG,29.14,29.18,28.8,28.9,546560
2020-09-14,VNINDEX,891.89,895.31,891.89,894.57,318768720
2020-09-15,FPT,21.12,21.33,21.03,21.33,1906730
2020-09-15,HPG,9.29,9.37,9.26,9.28,8859250
2020-09-15,MWG,28.9,29.05,28.74,28.86,786060
2020-09-15,VNINDEX,896.61,898.74,894.66,896.26,343362100
2020-09-16,FPT,21.33,21.67,21.33,21.54,1918130
2020-09-16,HPG,9.29,9.31,9.24,9.28,6887240
2020-09-16,MWG,28.86,29.67,28.71,29.39,1100860
2020-09-16,VNINDEX,897.43,897.58,894.63,897.47,262872740
2020-09-17,FPT,21.46,21.54,21.29,21.33,1563010
2020-09-17,HPG,9.29,9.57,9.28,9.54,26759480
2020-09-17,MWG,29.39,29.49,28.96,29.27,592380
2020-09-17,VNINDEX,897.47,899.41,890.93,894.04,371114920
2020-09-18,FPT,21.37,21.93,21.33,21.84,3306720
2020-09-18,HPG,9.59,9.65,9.57,9.65,12475700
2020-09-18,MWG,29.27,29.46,29.21,29.36,615740
2020-09-18,VNINDEX,896.08,902.11,895.82,900.95,303725090
2020-09-21,FPT,21.88,22.05,21.84,21.84,1530250
2020-09-21,HPG,9.72,9.74,9.61,9.65,11631470
2020-09-21,MWG,29.67,30.67,29.42,30.57,2152280
2020-09-21,VNINDEX,904.5,909.78,904.5,907.94,349431690
2020-09-22,FPT,21.67,21.88,21.58,21.88,1630570
2020-09-22,HPG,9.57,9.65,9.54,9.59,15285880
2020-09-22,MWG,30.57,31.01,30.17,30.95,1503000
2020-09-22,VNINDEX,905.9,909.69,902.47,906.19,367748340
2020-09-23,FPT,21.88,21.97,21.67,21.8,1797680
2020-09-23,HPG,9.63,9.72,9.59,9.69,12589480
2020-09-23,MWG,31.04,32.0,31.01,31.66,1053980
2020-09-23,VNINDEX,908.97,913.52,908.97,912.5,324674020
2020-09-24,FPT,21.63,21.76,21.41,21.54,1728380
2020-09-24,HPG,9.65,9.72,9.57,9.63,12435190
2020-09-24,MWG,31.35,31.63,31.07,31.44,1230990
2020-09-24,VNINDEX,910.53,914.51,907.32,908.58,357987680
2020-09-25,FPT,21.63,21.67,21.33,21.67,1205550
2020-09-25,HPG,9.69,9.69,9.57,9.67,10094210
2020-09-25,MWG,31.41,31.44,30.95,31.23,1038360
2020-09-25,VNINDEX,910.78,911.3,905.56,908.27,326126870
2020-09-28,FPT,21.71,21.88,21.58,21.8,1312300
2020-09-28,HPG,9.69,9.91,9.65,9.91,17573130
2020-09-28,MWG,31.57,32.0,31.23,32.0,634880
2020-09-28,VNINDEX,911.2,913.6,910.04,912.5,378529100
2020-09-29,FPT,21.93,21.93,21.41,21.41,1900490
2020-09-29,HPG,9.93,10.06,9.89,9.89,18456820
2020-09-29,MWG,32.56,33.03,32.16,32.16,1230990
2020-09-29,VNINDEX,916.63,917.49,903.98,903.98,438172690
2020-09-30,FPT,21.41,21.5,21.22,21.33,2500310
2020-09-30,HPG,9.89,9.97,9.8,9.91,12985480
2020-09-30,MWG,32.47,32.62,31.88,32.41,1088450
2020-09-30,VNINDEX,904.34,907.0,900.74,905.21,310162690
2020-10-01,FPT,21.41,21.67,21.41,21.67,905510
2020-10-01,HPG,9.99,10.21,9.95,10.14,17161730
2020-10-01,MWG,32.41,32.66,32.41,32.62,779470
2020-10-01,VNINDEX,910.13,914.09,909.13,914.09,330218020
2020-10-02,FPT,21.67,21.8,20.9,21.46,1947940
2020-10-02,HPG,10.16,10.23,9.76,10.03,20213120
2020-10-02,MWG,32.62,32.75,31.01,32.31,1326080
2020-10-02,VNINDEX,915.62,916.67,897.72,909.91,501297560
2020-10-05,FPT,21.5,21.67,21.29,21.54,1498360
2020-10-05,HPG,10.08,10.29,10.08,10.27,12791350
2020-10-05,MWG,32.31,32.72,32.16,32.31,588560
2020-10-05,VNINDEX,913.77,915.55,909.91,914.68,420759580
2020-10-06,FPT,21.67,21.71,21.46,21.54,1520290
2020-10-06,HPG,10.31,10.61,10.21,10.61,23609700
2020-10-06,MWG,32.62,32.9,32.47,32.69,1075760
2020-10-06,VNINDEX,918.11,918.93,912.77,915.67,472545310
2020-10-07,FPT,21.41,21.63,21.41,21.5,1493710
2020-10-07,HPG,10.55,10.63,10.44,10.44,14752610
2020-10-07,MWG,32.69,33.52,32.31,33.43,959640
2020-10-07,VNINDEX,913.62,923.57,912.69,919.72,496266530
2020-10-08,FPT,21.54,21.97,21.46,21.8,3062690
2020-10-08,HPG,10.51,10.55,10.4,10.55,18239670
2020-10-08,MWG,33.56,34.02,33.46,34.02,871660
2020-10-08,VNINDEX,922.08,922.08,913.89,918.84,446311540
2020-10-09,FPT,21.76,21.84,21.67,21.67,1173500
2020-10-09,HPG,10.59,10.78,10.51,10.7,9464850
2020-10-09,MWG,34.18,34.33,33.71,33.87,575370
2020-10-09,VNINDEX,919.48,924.0,917.7,924.0,343796560
2020-10-12,FPT,21.71,21.93,21.58,21.71,1550680
2020-10-12,HPG,10.76,10.8,10.53,10.61,12258740
2020-10-12,MWG,33.87,33.96,33.09,33.4,941210
2020-10-12,VNINDEX,930.78,933.13,923.28,925.83,414162820
2020-10-13,FPT,21.71,21.76,21.54,21.63,1222200
2020-10-13,HPG,10.59,10.61,10.48,10.51,10665790
2020-10-13,MWG,33.4,33.4,32.87,33.0,815720
2020-10-13,VNINDEX,926.76,930.96,923.78,929.86,322972210
2020-10-14,FPT,21.67,21.93,21.5,21.76,2409760
2020-10-14,HPG,10.5,10.64,10.44,10.64,14240330
2020-10-14,MWG,32.97,33.87,32.5,33.87,1081330
2020-10-14,VNINDEX,931.89,940.18,929.86,940.18,386750560
2020-10-15,FPT,21.84,21.93,21.63,21.84,1925370
2020-10-15,HPG,11.26,11.26,10.91,10.91,30525160
2020-10-15,MWG,33.87,34.02,33.24,33.99,880570
2020-10-15,VNINDEX,945.28,945.93,938.7,942.76,439631740
2020-10-16,FPT,21.84,22.99,21.71,22.69,5769540
2020-10-16,HPG,10.96,11.08,10.87,10.93,17319070
2020-10-16,MWG,34.02,34.02,33.4,33.68,546060
2020-10-16,VNINDEX,944.03,946.23,935.98,943.3,395580380
2020-10-19,FPT,22.86,22.95,22.61,22.74,2333670
2020-10-19,HPG,10.95,10.98,10.83,10.85,10939140
2020-10-19,MWG,33.84,33.84,33.4,33.65,480220
2020-10-19,VNINDEX,945.01,946.29,941.92,943.69,353154450
2020-10-20,FPT,22.65,22.74,22.4,22.69,1886160
2020-10-20,HPG,10.8,11.02,10.78,11.02,13319200
2020-10-20,MWG,33.4,33.65,32.99,33.65,977350
2020-10-20,VNINDEX,941.0,944.54,937.32,944.42,385659020
2020-10-21,FPT,22.69,23.25,22.52,22.52,3305010
2020-10-21,HPG,11.06,11.12,10.89,10.93,10669590
2020-10-21,MWG,33.71,34.18,33.24,33.33,766740
2020-10-21,VNINDEX,947.16,948.2,939.0,939.03,372347380
2020-10-22,FPT,22.52,23.04,22.44,23.04,2346540
2020-10-22,HPG,10.89,11.12,10.85,11.12,13072020
2020-10-22,MWG,33.15,34.18,33.15,34.18,607760
2020-10-22,VNINDEX,938.06,949.9,933.78,949.9,316297780
2020-10-23,FPT,23.12,23.25,22.82,22.99,2646310
2020-10-23,HPG,11.19,11.6,11.13,11.6,29534980
2020-10-23,MWG,34.34,34.82,33.99,34.66,1218320
2020-10-23,VNINDEX,953.45,961.26,953.14,961.26,392430900
2020-10-26,FPT,22.99,23.25,22.52,22.52,3852510
2020-10-26,HPG,11.64,12.02,11.53,11.56,20357350
2020-10-26,MWG,34.66,35.44,34.5,34.66,1054600
2020-10-26,VNINDEX,967.52,970.15,950.8,950.8,404773940
2020-10-27,FPT,22.57,22.69,22.22,22.22,3188810
2020-10-27,HPG,11.49,11.9,11.47,11.79,25281540
2020-10-27,MWG,34.66,35.19,34.63,34.66,606700
2020-10-27,VNINDEX,952.61,954.72,946.28,946.47,414913610
2020-10-28,FPT,22.18,22.35,21.63,21.63,3596230
2020-10-28,HPG,11.7,11.88,11.34,11.42,25663180
2020-10-28,MWG,34.37,34.59,33.08,33.08,1452750
2020-10-28,VNINDEX,942.82,946.91,921.05,921.05,433068340
2020-10-29,FPT,21.5,21.88,21.41,21.71,2719690
2020-10-29,HPG,11.25,11.55,11.25,11.49,20778840
2020-10-29,MWG,32.33,33.02,32.07,32.23,1564150
2020-10-29,VNINDEX,916.49,925.84,914.33,919.08,355910070
2020-10-30,FPT,21.93,21.97,21.54,21.97,1469970
2020-10-30,HPG,11.56,11.6,11.23,11.47,19039190
2020-10-30,MWG,32.52,33.36,32.07,32.99,1426480
2020-10-30,VNINDEX,925.41,926.32,911.2,925.47,297619160
2020-11-02,FPT,21.97,22.05,21.84,22.05,866110
2020-11-02,HPG,11.47,11.53,11.4,11.49,10385290
2020-11-02,MWG,32.99,33.71,32.99,33.52,439540
2020-11-02,VNINDEX,926.09,933.68,924.14,933.68,273082480
2020-11-03,FPT,22.14,22.57,22.05,22.52,2562890
2020-11-03,HPG,11.64,11.75,11.47,11.53,17521020
2020-11-03,MWG,34.03,34.03,33.46,33.78,486030
2020-11-03,VNINDEX,936.73,937.57,932.18,935.41,302847830
2020-11-04,FPT,22.61,22.74,22.4,22.61,1369690
2020-11-04,HPG,11.53,11.64,11.4,11.51,18293400
2020-11-04,MWG,33.78,33.81,33.4,33.65,531610
2020-11-04,VNINDEX,937.62,943.56,933.86,939.76,327410490
2020-11-05,FPT,22.48,22.78,22.18,22.18,1305860
2020-11-05,HPG,11.51,11.55,11.36,11.36,11598310
2020-11-05,MWG,33.65,34.18,33.62,33.65,671040
2020-11-05,VNINDEX,940.32,945.51,937.75,937.75,270446750
2020-11-06,FPT,22.35,22.52,22.22,22.35,987260
2020-11-06,HPG,11.38,11.53,11.34,11.42,13410500
2020-11-06,MWG,33.71,33.71,32.14,33.08,805140
2020-11-06,VNINDEX,939.73,941.2,934.63,938.29,249258850
2020-11-09,FPT,22.52,22.78,22.48,22.78,2011650
2020-11-09,HPG,11.56,11.83,11.53,11.83,18314360
2020-11-09,MWG,33.4,33.55,33.18,33.3,886500
2020-11-09,VNINDEX,942.15,951.99,942.15,951.99,369592050
2020-11-10,FPT,23.04,23.04,22.61,22.61,1739340
2020-11-10,HPG,12.05,12.09,11.75,11.75,20645160
2020-11-10,MWG,33.96,33.96,33.3,33.4,902230
2020-11-10,VNINDEX,962.68,963.47,951.9,951.9,422041040
2020-11-11,FPT,22.78,22.78,22.48,22.61,1668230
2020-11-11,HPG,11.75,11.87,11.7,11.75,14564290
2020-11-11,MWG,33.46,34.31,33.43,34.03,1514900
2020-11-11,VNINDEX,954.46,956.65,947.61,952.22,353735780
2020-11-12,FPT,22.61,22.82,22.57,22.82,1234540
2020-11-12,HPG,11.75,11.83,11.73,11.81,9803730
2020-11-12,MWG,34.34,35.0,34.09,35.0,1682560
2020-11-12,VNINDEX,953.97,959.28,953.62,959.28,320081130
2020-11-13,FPT,22.95,22.95,22.82,22.95,1318170
2020-11-13,HPG,11.83,12.0,11.81,12.0,12161630
2020-11-13,MWG,34.97,35.35,34.82,35.0,678270
2020-11-13,VNINDEX,959.56,966.29,959.13,966.29,419678370
2020-11-16,FPT,23.04,23.2,22.61,22.74,3713690
2020-11-16,HPG,12.13,12.3,11.98,12.11,25538500
2020-11-16,MWG,35.22,35.66,34.28,34.56,1692540
2020-11-16,VNINDEX,970.11,972.98,950.5,950.79,484179810
2020-11-17,FPT,22.86,23.08,22.61,23.04,2515530
2020-11-17,HPG,12.2,12.52,12.17,12.52,16228900
2020-11-17,MWG,34.56,35.29,34.47,35.29,966390
2020-11-17,VNINDEX,955.52,968.9,953.22,968.9,371415910
2020-11-18,FPT,23.16,23.16,22.91,23.04,1757160
2020-11-18,HPG,12.62,12.99,12.52,12.99,22115200
2020-11-18,MWG,35.19,35.41,34.78,34.85,778050
2020-11-18,VNINDEX,969.48,974.3,966.32,973.53,446206150
2020-11-19,FPT,23.16,23.89,23.04,23.5,4980430
2020-11-19,HPG,13.03,13.33,12.94,13.22,26533130
2020-11-19,MWG,35.13,35.29,34.53,35.29,1434630
2020-11-19,VNINDEX,975.32,983.26,974.33,983.26,473474550
2020-11-20,FPT,23.5,23.84,23.46,23.55,1837360
2020-11-20,HPG,13.26,13.4,13.12,13.4,18141040
2020-11-20,MWG,35.32,35.38,34.91,34.91,599730
2020-11-20,VNINDEX,984.71,990.0,980.72,990.0,471526920
2020-11-23,FPT,23.55,23.97,23.29,23.84,2824640
2020-11-23,HPG,13.4,14.21,13.33,14.08,23681540
2020-11-23,MWG,34.91,35.92,34.85,35.66,1506160
2020-11-23,VNINDEX,991.87,995.9,985.38,994.19,450110750
2020-11-24,FPT,23.84,24.1,23.46,23.72,3003940
2020-11-24,HPG,14.18,14.46,13.63,14.08,48936510
2020-11-24,MWG,35.89,35.89,34.97,35.29,1303450
2020-11-24,VNINDEX,996.55,997.99,984.92,995.76,511566140
2020-11-25,FPT,24.02,24.02,23.55,23.55,1835630
2020-11-25,HPG,13.82,13.86,13.22,13.37,55697460
2020-11-25,MWG,35.79,35.79,35.03,35.29,824020
2020-11-25,VNINDEX,1000.39,1002.31,996.8,999.94,445346780
2020-11-26,FPT,23.68,23.89,23.38,23.76,1635130
2020-11-26,HPG,13.18,13.29,12.88,13.18,33163400
2020-11-26,MWG,35.29,35.66,35.29,35.54,826280
2020-11-26,VNINDEX,999.24,1005.97,994.91,1005.97,411338400
2020-11-27,FPT,23.84,23.97,23.72,23.97,1986420
2020-11-27,HPG,13.14,13.67,13.14,13.61,16027210
2020-11-27,MWG,35.6,36.48,35.54,36.39,1680140
2020-11-27,VNINDEX,1006.68,1010.22,1004.0,1010.22,381723340
2020-11-30,FPT,24.19,24.19,23.63,23.63,2761700
2020-11-30,HPG,13.61,13.67,13.33,13.33,17459270
2020-11-30,MWG,37.02,37.02,36.45,36.55,1427120
2020-11-30,VNINDEX,1011.82,1012.5,1002.61,1003.08,450045450
2020-12-01,FPT,23.46,23.63,23.38,23.55,3427370
2020-12-01,HPG,13.1,13.37,12.97,13.37,21802760
2020-12-01,MWG,35.66,36.55,35.66,36.55,1358430
2020-12-01,VNINDEX,988.71,1008.87,988.71,1008.87,536207660
2020-12-02,FPT,23.46,23.76,23.46,23.72,2108200
2020-12-02,HPG,13.37,13.39,13.18,13.26,14643640
2020-12-02,MWG,36.26,36.26,35.7,35.92,1707050
2020-12-02,VNINDEX,1008.77,1015.86,1007.91,1014.32,484658120
2020-12-03,FPT,23.68,23.76,23.5,23.72,1627980
2020-12-03,HPG,13.35,13.84,13.26,13.84,22511210
2020-12-03,MWG,35.89,36.14,35.54,36.14,1224080
2020-12-03,VNINDEX,1016.73,1020.35,1014.06,1019.8,496771120
2020-12-04,FPT,23.63,23.84,23.63,23.76,1380920
2020-12-04,HPG,13.91,13.99,13.78,13.87,17767110
2020-12-04,MWG,36.04,36.17,35.76,35.89,768070
2020-12-04,VNINDEX,1020.49,1025.17,1018.67,1021.49,527019060
2020-12-07,FPT,23.84,23.89,23.68,23.76,1455180
2020-12-07,HPG,13.91,14.42,13.84,14.34,24400300
2020-12-07,MWG,35.73,36.36,35.73,36.01,671610
2020-12-07,VNINDEX,1024.34,1030.41,1022.14,1029.98,473554480
2020-12-08,FPT,23.76,24.14,23.68,23.97,2297110
2020-12-08,HPG,14.34,14.57,14.27,14.42,20333880
2020-12-08,MWG,35.95,36.42,35.85,36.08,959210
2020-12-08,VNINDEX,1030.88,1032.58,1025.63,1029.26,501250780
2020-12-09,FPT,24.02,24.66,23.97,24.53,3001820
2020-12-09,HPG,14.46,14.49,14.31,14.46,15264400
2020-12-09,MWG,35.98,36.26,35.89,36.23,984430
2020-12-09,VNINDEX,1031.19,1039.55,1030.24,1039.13,554755640
2020-12-10,FPT,24.31,24.61,24.1,24.1,2112490
2020-12-10,HPG,14.46,14.49,13.97,14.12,30402770
2020-12-10,MWG,36.23,36.39,35.85,35.85,1122020
2020-12-10,VNINDEX,1041.65,1044.1,1030.91,1030.91,566339280
2020-12-11,FPT,24.14,24.31,24.02,24.31,1750270
2020-12-11,HPG,14.27,14.57,14.16,14.57,16641080
2020-12-11,MWG,35.85,36.11,35.6,36.01,813340
2020-12-11,VNINDEX,1033.19,1045.96,1030.06,1045.96,413852370
2020-12-14,FPT,24.31,24.74,24.27,24.4,1443760
2020-12-14,HPG,14.79,14.83,14.62,14.74,14483540
2020-12-14,MWG,36.33,36.52,36.14,36.45,989600
2020-12-14,VNINDEX,1048.97,1064.09,1048.97,1064.09,506310660
2020-12-15,FPT,24.53,24.57,24.14,24.19,2666900
2020-12-15,HPG,14.66,14.7,14.46,14.49,19581910
2020-12-15,MWG,36.3,36.96,36.23,36.33,1455570
2020-12-15,VNINDEX,1062.02,1067.45,1052.01,1055.27,621133560
2020-12-16,FPT,24.4,24.53,24.31,24.36,1995530
2020-12-16,HPG,14.57,14.78,14.46,14.57,17322370
2020-12-16,MWG,36.55,36.55,36.3,36.39,910670
2020-12-16,VNINDEX,1058.34,1066.99,1057.21,1066.99,556546890
2020-12-17,FPT,24.27,24.36,23.89,24.1,3594500
2020-12-17,HPG,14.42,14.51,14.14,14.14,30645570
2020-12-17,MWG,36.39,36.42,35.76,35.76,1496400
2020-12-17,VNINDEX,1065.85,1066.99,1051.42,1051.77,634682600
2020-12-18,FPT,24.1,24.36,24.1,24.27,1532820
2020-12-18,HPG,14.31,14.55,14.23,14.49,19956910
2020-12-18,MWG,35.76,36.23,35.6,36.23,1086810
2020-12-18,VNINDEX,1055.75,1068.56,1055.75,1067.46,560068250
2020-12-21,FPT,24.44,24.66,24.36,24.53,2307390
2020-12-21,HPG,14.64,14.66,14.4,14.48,15789770
2020-12-21,MWG,36.23,36.8,36.14,36.61,1158010
2020-12-21,VNINDEX,1071.62,1081.6,1070.86,1081.08,660479750
2020-12-22,FPT,24.48,24.95,24.36,24.78,2576390
2020-12-22,HPG,14.48,14.81,14.38,14.78,26050910
2020-12-22,MWG,36.61,37.81,36.36,37.78,2236430
2020-12-22,VNINDEX,1081.85,1084.23,1077.06,1083.45,695860800
2020-12-23,FPT,24.87,25.0,24.4,24.53,1391420
2020-12-23,HPG,14.81,15.47,14.79,15.02,28097610
2020-12-23,MWG,37.84,38.22,37.21,37.21,995990
2020-12-23,VNINDEX,1087.89,1094.09,1077.92,1078.9,742856110
2020-12-24,FPT,24.53,24.66,24.06,24.31,2386210
2020-12-24,HPG,15.24,15.32,14.49,15.0,18507480
2020-12-24,MWG,37.21,37.65,36.23,36.77,1132960
2020-12-24,VNINDEX,1083.83,1084.76,1046.89,1067.52,686557640
2020-12-25,FPT,24.31,24.57,24.14,24.57,1625110
2020-12-25,HPG,15.02,15.34,14.83,15.3,22667520
2020-12-25,MWG,36.55,37.49,36.48,37.34,1008790
2020-12-25,VNINDEX,1068.83,1084.42,1061.83,1084.42,592212900
2020-12-28,FPT,24.7,25.0,24.53,24.7,2197090
2020-12-28,HPG,15.7,15.75,15.4,15.6,21024800
2020-12-28,MWG,37.37,37.68,36.86,36.96,933380
2020-12-28,VNINDEX,1094.37,1096.11,1083.9,1091.33,663869090
2020-12-29,FPT,24.7,25.08,24.57,25.0,2172950
2020-12-29,HPG,15.49,15.71,15.41,15.62,13443950
2020-12-29,MWG,36.96,37.18,36.89,36.93,702300
2020-12-29,VNINDEX,1090.49,1102.79,1087.93,1099.49,618010510
2020-12-30,FPT,25.12,25.12,24.78,24.78,1204180
2020-12-30,HPG,15.62,15.62,15.3,15.36,21907500
2020-12-30,MWG,36.93,37.46,36.86,36.96,860030
2020-12-30,VNINDEX,1099.78,1108.83,1094.91,1097.54,619802880
2020-12-31,FPT,24.78,25.25,24.74,25.21,2036370
2020-12-31,HPG,15.36,15.68,15.28,15.56,11867640
2020-12-31,MWG,36.96,37.65,36.96,37.46,891550
2020-12-31,VNINDEX,1098.25,1105.33,1096.27,1103.87,500978800
2021-01-04,FPT,25.42,25.68,25.3,25.68,2151300
2021-01-04,HPG,15.77,16.15,15.64,15.88,15832600
2021-01-04,MWG,37.65,38.0,37.59,38.0,1147400
2021-01-04,VNINDEX,1113.77,1126.43,1113.59,1120.47,709701600
2021-01-05,FPT,25.59,27.09,25.51,26.75,2332200
2021-01-05,HPG,15.7,16.07,15.66,15.9,18634100
2021-01-05,MWG,37.81,38.63,37.68,38.41,967500
2021-01-05,VNINDEX,1116.96,1133.16,1116.49,1132.55,710226500
2021-01-06,FPT,26.92,27.13,26.58,26.62,1796000
2021-01-06,HPG,15.96,16.26,15.88,16.07,17948600
2021-01-06,MWG,38.75,38.75,38.03,38.22,995500
2021-01-06,VNINDEX,1139.12,1152.85,1133.7,1143.21,725414800
2021-01-07,FPT,26.7,26.83,26.4,26.66,2150200
2021-01-07,HPG,16.2,16.22,15.86,16.07,21780700
2021-01-07,MWG,37.97,38.19,37.71,38.06,1118100
2021-01-07,VNINDEX,1147.26,1156.49,1143.44,1156.49,719527100
2021-01-08,FPT,26.87,27.17,26.7,27.0,2720400
2021-01-08,HPG,16.11,16.26,16.0,16.05,19978500
2021-01-08,MWG,38.06,38.72,38.06,38.38,1277600
2021-01-08,VNINDEX,1164.1,1176.33,1160.48,1167.69,763095900
2021-01-11,FPT,27.26,27.6,27.0,27.6,1972800
2021-01-11,HPG,16.18,16.26,16.0,16.16,16645100
2021-01-11,MWG,38.44,39.82,38.44,39.76,1504500
2021-01-11,VNINDEX,1176.47,1186.45,1175.0,1184.89,776321700
2021-01-12,FPT,27.73,28.15,27.3,28.07,2435200
2021-01-12,HPG,16.22,16.86,16.11,16.86,22738800
2021-01-12,MWG,39.76,39.82,39.35,39.76,1352600
2021-01-12,VNINDEX,1190.38,1192.28,1179.24,1192.28,683329700
2021-01-13,FPT,28.11,28.75,28.11,28.37,2612000
2021-01-13,HPG,16.97,17.07,16.67,16.78,16131800
2021-01-13,MWG,39.76,40.2,39.73,39.76,1101300
2021-01-13,VNINDEX,1197.32,1200.82,1183.18,1186.05,747161400
2021-01-14,FPT,28.37,28.58,28.03,28.32,1777500
2021-01-14,HPG,16.78,16.78,16.46,16.69,17527000
2021-01-14,MWG,39.76,40.42,39.7,40.3,1433000
2021-01-14,VNINDEX,1189.48,1190.5,1178.84,1187.4,737417900
2021-01-15,FPT,28.58,28.58,28.32,28.41,1540400
2021-01-15,HPG,16.63,16.92,16.63,16.71,14788300
2021-01-15,MWG,40.33,40.42,40.11,40.26,845000
2021-01-15,VNINDEX,1188.84,1197.74,1188.84,1194.2,746215900
2021-01-18,FPT,28.58,28.58,28.24,28.28,1209000
2021-01-18,HPG,16.71,16.84,16.61,16.75,18112900
2021-01-18,MWG,40.26,40.33,39.76,39.82,768800
2021-01-18,VNINDEX,1198.79,1200.85,1190.33,1191.94,711741000
2021-01-19,FPT,28.15,28.2,26.32,26.45,3505600
2021-01-19,HPG,16.75,16.75,15.58,15.62,25778200
2021-01-19,MWG,39.6,39.82,37.18,37.81,1659900
2021-01-19,VNINDEX,1189.91,1191.94,1117.17,1131.0,923105700
2021-01-20,FPT,26.75,27.17,25.68,27.0,3663800
2021-01-20,HPG,15.77,16.13,15.02,15.66,37915600
2021-01-20,MWG,38.12,38.69,36.55,38.69,1682900
2021-01-20,VNINDEX,1136.5,1142.48,1098.05,1134.68,802789200
2021-01-21,FPT,27.51,28.07,27.0,27.98,2313100
2021-01-21,HPG,16.09,16.6,15.7,16.6,20829700
2021-01-21,MWG,39.22,39.67,38.69,39.38,1034000
2021-01-21,VNINDEX,1146.86,1164.21,1132.66,1164.21,666008100
2021-01-22,FPT,28.03,28.79,27.9,28.54,2090300
2021-01-22,HPG,16.63,16.78,16.35,16.39,14798600
2021-01-22,MWG,39.38,40.14,39.32,40.08,1422700
2021-01-22,VNINDEX,1166.77,1175.72,1161.43,1166.78,716238000
2021-01-25,FPT,28.5,29.09,28.24,28.58,3111900
2021-01-25,HPG,16.24,17.07,16.18,16.41,33091200
2021-01-25,MWG,40.11,41.71,40.08,41.59,2134100
2021-01-25,VNINDEX,1164.2,1172.18,1162.8,1166.05,665737500
2021-01-26,FPT,28.79,28.79,27.94,28.15,2597500
2021-01-26,HPG,16.37,16.37,15.62,15.88,24099500
2021-01-26,MWG,41.87,42.06,40.99,41.59,1356200
2021-01-26,VNINDEX,1164.97,1166.05,1121.03,1136.12,743159100
2021-01-27,FPT,28.03,28.2,26.83,26.87,2226800
2021-01-27,HPG,15.54,15.92,14.83,15.13,28056100
2021-01-27,MWG,41.43,42.5,41.3,42.06,2106900
2021-01-27,VNINDEX,1122.41,1132.99,1088.86,1097.17,745071300
2021-01-28,FPT,25.59,26.58,25.0,25.0,5092400
2021-01-28,HPG,14.12,14.66,14.08,14.08,49934800
2021-01-28,MWG,39.54,41.02,39.13,39.13,1843300
2021-01-28,VNINDEX,1041.71,1052.16,1022.77,1023.94,698605600
2021-01-29,FPT,25.17,26.75,25.17,26.75,3211900
2021-01-29,HPG,13.89,15.0,13.89,14.7,40248000
2021-01-29,MWG,38.91,41.81,37.49,41.81,2812400
2021-01-29,VNINDEX,998.33,1076.11,998.33,1056.61,743995900
2021-02-01,FPT,27.47,27.9,26.58,27.09,2017400
2021-02-01,HPG,14.64,14.96,14.34,14.4,21323900
2021-02-01,MWG,40.96,41.24,38.91,38.97,2508200
2021-02-01,VNINDEX,1062.13,1074.52,1035.51,1035.51,588446500
2021-02-02,FPT,26.92,28.15,26.87,28.15,3264600
2021-02-02,HPG,14.46,15.21,14.36,15.21,28541100
2021-02-02,MWG,38.75,40.42,37.97,40.33,1400700
2021-02-02,VNINDEX,1036.95,1075.53,1029.36,1075.53,554905500
2021-02-03,FPT,28.79,30.12,28.2,29.86,4173500
2021-02-03,HPG,15.47,15.9,15.4,15.77,34839600
2021-02-03,MWG,40.33,40.74,39.1,40.17,1798800
2021-02-03,VNINDEX,1084.87,1113.24,1082.95,1111.29,635966100
2021-02-04,FPT,29.94,31.22,29.94,30.93,4398700
2021-02-04,HPG,15.77,15.85,15.6,15.7,22252900
2021-02-04,MWG,40.17,41.24,39.54,40.49,1597800
2021-02-04,VNINDEX,1112.97,1117.88,1098.85,1112.19,471356200
2021-02-05,FPT,31.14,31.31,30.63,31.1,2084900
2021-02-05,HPG,15.75,16.03,15.66,15.96,23371200
2021-02-05,MWG,40.49,41.37,40.33,41.12,1479700
2021-02-05,VNINDEX,1114.79,1126.91,1112.19,1126.91,458710000
2021-02-08,FPT,31.1,31.1,29.69,30.41,4035600
2021-02-08,HPG,15.96,16.0,15.02,15.36,32918400
2021-02-08,MWG,40.96,41.05,39.64,40.49,1952500
2021-02-08,VNINDEX,1127.06,1127.06,1075.1,1083.18,635387600
2021-02-09,FPT,30.46,31.82,29.86,31.82,4224300
2021-02-09,HPG,15.36,15.73,15.19,15.7,26164800
2021-02-09,MWG,40.33,40.96,39.7,40.8,1326800
2021-02-09,VNINDEX,1090.88,1114.93,1078.98,1114.93,490182000
2021-02-17,FPT,32.55,33.7,32.38,33.23,3139100
2021-02-17,HPG,15.94,16.32,15.88,16.32,24253200
2021-02-17,MWG,41.12,43.48,41.12,43.48,2121400
2021-02-18,FPT,33.27,33.4,32.67,33.36,2243100
2021-02-18,HPG,16.3,16.52,16.13,16.46,21343800
2021-02-18,MWG,43.48,44.08,42.88,43.95,1550600
2021-02-18,VNINDEX,1157.1,1174.38,1148.66,1174.38,585040700
2021-02-19,FPT,32.97,33.27,32.42,32.67,3722700
2021-02-19,HPG,16.26,16.48,16.18,16.32,17007500
2021-02-19,MWG,43.51,43.79,43.16,43.35,727200
2021-02-19,VNINDEX,1160.65,1178.18,1157.6,1173.5,547575400
2021-02-22,FPT,32.67,33.06,32.46,32.76,2319300
2021-02-22,HPG,16.32,16.67,16.15,16.3,21362500
2021-02-22,MWG,43.16,43.45,42.6,43.16,996100
2021-02-22,VNINDEX,1173.57,1182.67,1169.12,1175.04,571176900
2021-02-23,FPT,32.55,32.85,31.82,32.21,3369500
2021-02-23,HPG,16.22,16.43,16.13,16.26,17921700
2021-02-23,MWG,43.01,43.73,41.9,42.91,1867800
2021-02-23,VNINDEX,1174.57,1184.32,1168.32,1177.64,571704900
2021-02-24,FPT,32.42,32.63,31.95,32.16,2225200
2021-02-24,HPG,16.39,16.67,16.26,16.37,27282600
2021-02-24,MWG,43.16,43.32,42.06,42.16,1009200
2021-02-24,VNINDEX,1184.32,1185.58,1154.36,1162.01,572631700
2021-02-25,FPT,32.46,32.55,31.78,32.51,1927500
2021-02-25,HPG,16.52,16.67,16.39,16.58,21931700
2021-02-25,MWG,42.53,42.79,41.94,42.75,659600
2021-02-25,VNINDEX,1169.97,1169.97,1155.74,1165.43,493051100
2021-02-26,FPT,31.99,32.59,31.95,32.51,1936000
2021-02-26,HPG,16.41,17.16,16.37,17.12,40928500
2021-02-26,MWG,42.06,42.75,41.94,42.53,1163300
2021-02-26,VNINDEX,1148.88,1169.28,1148.88,1168.47,528150000
2021-03-01,FPT,32.76,33.27,32.76,33.23,2078100
2021-03-01,HPG,17.37,17.39,17.2,17.35,21998200
2021-03-01,MWG,43.16,43.16,42.22,42.47,1200200
2021-03-01,VNINDEX,1176.93,1186.82,1174.45,1186.17,593011800
2021-03-02,FPT,33.66,33.66,32.8,33.23,1821700
2021-03-02,HPG,17.57,17.69,17.35,17.54,23670800
2021-03-02,MWG,42.69,42.91,42.38,42.79,571000
2021-03-02,VNINDEX,1196.16,1196.16,1181.99,1186.61,533302200
2021-03-03,FPT,33.27,33.32,33.02,33.14,1599400
2021-03-03,HPG,17.48,17.67,17.46,17.57,22262900
2021-03-03,MWG,43.1,43.16,42.79,42.91,755600
2021-03-03,VNINDEX,1184.73,1189.18,1180.25,1186.95,584537200
2021-03-04,FPT,33.14,33.19,32.03,32.38,2901500
2021-03-04,HPG,17.61,17.61,16.9,17.24,27962100
2021-03-04,MWG,42.98,43.07,40.96,41.84,893000
2021-03-04,VNINDEX,1191.78,1191.9,1159.48,1168.52,629649100
2021-03-05,FPT,32.21,32.42,31.78,32.38,2507500
2021-03-05,HPG,17.14,17.31,16.93,17.27,21396800
2021-03-05,MWG,41.68,41.71,41.08,41.65,844200
2021-03-05,VNINDEX,1164.19,1169.56,1155.6,1168.69,568265900
2021-03-08,FPT,32.42,32.63,32.16,32.33,1656600
2021-03-08,HPG,17.5,17.61,17.27,17.39,17777700
2021-03-08,MWG,41.65,42.0,41.18,41.21,750000
2021-03-08,VNINDEX,1180.33,1181.25,1164.02,1168.27,627495500
2021-03-09,FPT,31.99,32.29,31.78,31.99,2182400
2021-03-09,HPG,17.27,17.35,16.92,17.22,16289800
2021-03-09,MWG,40.96,40.96,40.3,40.36,1485600
2021-03-09,VNINDEX,1160.96,1166.42,1150.94,1161.97,613096200
2021-03-10,FPT,32.38,33.06,31.99,32.55,2602400
2021-03-10,HPG,17.22,17.22,16.95,17.12,15772500
2021-03-10,MWG,40.64,41.18,40.01,41.12,724600
2021-03-10,VNINDEX,1163.86,1170.59,1154.89,1170.08,569498400
2021-03-11,FPT,32.63,32.89,32.46,32.72,1477800
2021-03-11,HPG,17.24,17.52,17.2,17.42,15569400
2021-03-11,MWG,41.65,41.87,41.43,41.75,513500
2021-03-11,VNINDEX,1180.31,1183.73,1176.49,1181.73,586252400
2021-03-12,FPT,32.85,32.89,32.55,32.63,2062800
2021-03-12,HPG,17.5,17.5,17.35,17.44,12153700
2021-03-12,MWG,41.9,41.9,41.12,41.3,414300
2021-03-12,VNINDEX,1185.21,1186.52,1178.14,1181.56,595631800
2021-03-15,FPT,32.67,33.06,32.46,32.63,1760900
2021-03-15,HPG,17.5,17.61,17.42,17.46,11905100
2021-03-15,MWG,41.3,42.19,41.15,41.81,766800
2021-03-15,VNINDEX,1183.89,1186.06,1178.8,1184.56,634609700
2021-03-16,FPT,32.85,34.76,32.67,34.55,5111000
2021-03-16,HPG,17.5,17.5,17.2,17.31,14097300
2021-03-16,MWG,41.81,42.06,41.46,41.97,605800
2021-03-16,VNINDEX,1184.91,1184.91,1171.76,1179.9,629617900
2021-03-17,FPT,34.76,34.76,34.13,34.47,1603200
2021-03-17,HPG,17.33,17.44,17.29,17.39,12191800
2021-03-17,MWG,42.06,42.06,41.84,41.84,521000
2021-03-17,VNINDEX,1178.64,1186.09,1176.26,1186.09,648766800
2021-03-18,FPT,34.55,34.55,34.13,34.55,1807500
2021-03-18,HPG,17.54,17.55,17.4,17.5,11166600
2021-03-18,MWG,42.06,42.16,39.38,42.09,914000
2021-03-18,VNINDEX,1196.6,1200.94,1191.94,1200.94,570101600
2021-03-19,FPT,34.13,34.34,33.87,34.04,2247800
2021-03-19,HPG,17.5,17.82,17.5,17.7,18392100
2021-03-19,MWG,41.9,42.06,41.59,41.9,376700
2021-03-19,VNINDEX,1195.47,1199.67,1191.96,1194.05,600925800
2021-03-22,FPT,33.91,33.96,33.4,33.57,2084800
2021-03-22,HPG,17.76,17.82,17.54,17.55,11047900
2021-03-22,MWG,41.84,41.9,41.43,41.56,377300
2021-03-22,VNINDEX,1200.05,1200.21,1189.31,1194.43,626610700
2021-03-23,FPT,33.49,34.13,33.4,33.61,2201700
2021-03-23,HPG,17.52,17.69,17.42,17.5,12487200
2021-03-23,MWG,41.27,41.59,40.96,41.27,625000
2021-03-23,VNINDEX,1190.28,1191.47,1177.1,1183.45,643583000
2021-03-24,FPT,33.23,33.66,32.63,32.85,2480100
2021-03-24,HPG,17.29,17.4,16.93,17.07,23653500
2021-03-24,MWG,40.8,41.24,40.36,40.93,528300
2021-03-24,VNINDEX,1169.42,1174.2,1154.22,1161.81,649741100
2021-03-25,FPT,33.06,33.06,32.63,32.67,2305400
2021-03-25,HPG,17.16,17.18,16.82,16.9,19929000
2021-03-25,MWG,40.8,41.21,40.55,40.58,506500
2021-03-25,VNINDEX,1164.41,1170.76,1154.44,1163.1,613916000
2021-03-26,FPT,32.51,32.76,31.78,32.46,2672600
2021-03-26,HPG,17.08,17.35,16.92,17.35,28109800
2021-03-26,MWG,40.49,40.96,39.38,40.96,585900
2021-03-26,VNINDEX,1162.71,1165.76,1137.9,1162.21,630516500
2021-03-29,FPT,32.63,33.32,32.46,33.1,1997700
2021-03-29,HPG,17.46,17.5,17.33,17.39,13251900
2021-03-29,MWG,41.08,41.56,40.71,40.99,870000
2021-03-29,VNINDEX,1169.65,1175.77,1165.78,1175.68,592790900
2021-03-30,FPT,33.23,33.27,32.85,32.89,1512500
2021-03-30,HPG,17.46,17.55,17.31,17.44,13333800
2021-03-30,MWG,40.99,41.24,40.64,40.77,318600
2021-03-30,VNINDEX,1179.64,1187.29,1172.85,1186.36,707543000
2021-03-31,FPT,32.89,33.32,32.67,33.14,1373400
2021-03-31,HPG,17.44,17.78,17.4,17.57,16323700
2021-03-31,MWG,40.77,41.12,40.52,40.86,326800
2021-03-31,VNINDEX,1187.44,1196.45,1186.4,1191.44,670504300
2021-04-01,FPT,33.23,34.0,33.23,34.0,2500900
2021-04-01,HPG,17.65,18.21,17.63,18.21,27681900
2021-04-01,MWG,40.96,42.38,40.49,42.31,1239000
2021-04-01,VNINDEX,1194.59,1217.26,1192.83,1216.1,637059200
2021-04-02,FPT,34.3,34.34,34.04,34.04,1950200
2021-04-02,HPG,18.32,18.51,18.25,18.42,16678500
2021-04-02,MWG,42.82,42.85,42.31,42.47,796700
2021-04-02,VNINDEX,1225.76,1228.29,1221.07,1224.45,608762900
2021-04-05,FPT,34.3,34.34,33.66,33.96,1487000
2021-04-05,HPG,18.59,18.62,18.38,18.51,15377800
2021-04-05,MWG,42.85,42.85,42.12,42.25,364100
2021-04-05,VNINDEX,1245.28,1245.28,1228.18,1236.05,635303500
2021-04-06,FPT,33.74,34.13,33.74,33.87,1505800
2021-04-06,HPG,18.51,18.61,18.44,18.55,14033300
2021-04-06,MWG,42.06,42.69,41.87,42.0,1035200
2021-04-06,VNINDEX,1233.37,1244.63,1231.14,1239.96,656481800
2021-04-07,FPT,33.78,34.0,33.74,33.96,1503800
2021-04-07,HPG,18.55,18.62,18.36,18.57,14407800
2021-04-07,MWG,41.78,42.38,41.62,42.38,327200
2021-04-07,VNINDEX,1237.39,1242.38,1232.52,1242.38,676166500
2021-04-08,FPT,34.21,34.38,33.91,33.96,1609800
2021-04-08,HPG,18.59,18.62,18.4,18.53,11970000
2021-04-08,MWG,42.38,42.38,42.06,42.22,310500
2021-04-08,VNINDEX,1246.4,1246.4,1232.26,1234.89,633566500
2021-04-09,FPT,34.08,35.4,34.08,35.02,3970400
2021-04-09,HPG,18.51,18.74,18.42,18.61,15623400
2021-04-09,MWG,42.22,42.22,41.84,42.0,464700
2021-04-09,VNINDEX,1231.51,1234.98,1227.6,1231.66,655839000
2021-04-12,FPT,35.15,35.15,34.76,35.02,2022500
2021-04-12,HPG,18.74,19.34,18.68,19.23,27010400
2021-04-12,MWG,42.0,42.53,41.9,42.5,852600
2021-04-12,VNINDEX,1236.79,1252.45,1232.35,1252.45,857647000
2021-04-13,FPT,34.98,35.06,34.34,34.42,2038100
2021-04-13,HPG,19.34,19.34,18.81,18.81,26956900
2021-04-13,MWG,42.6,43.35,42.28,42.5,1232700
2021-04-13,VNINDEX,1262.44,1268.02,1247.66,1248.33,977605500
2021-04-14,FPT,34.13,34.55,33.91,34.55,2530600
2021-04-14,HPG,18.81,20.01,18.74,19.9,28753300
2021-04-14,MWG,42.06,42.66,42.06,42.66,472400
2021-04-14,VNINDEX,1240.9,1255.87,1233.01,1255.87,813503500
2021-04-15,FPT,34.55,34.72,34.04,34.13,2096200
2021-04-15,HPG,20.09,20.54,19.71,20.46,32078100
2021-04-15,MWG,42.72,43.13,42.12,42.12,1036700
2021-04-15,VNINDEX,1262.25,1265.87,1247.25,1247.25,771443700
2021-04-16,FPT,34.04,34.64,33.61,34.0,2194600
2021-04-16,HPG,20.31,20.92,20.09,20.5,28433700
2021-04-16,MWG,41.59,42.6,41.59,42.22,781400
2021-04-16,VNINDEX,1245.06,1254.61,1227.14,1238.71,948989400
2021-04-19,FPT,34.13,34.76,33.91,34.76,2380800
2021-04-19,HPG,20.73,21.7,20.54,21.7,34808100
2021-04-19,MWG,42.53,43.29,41.75,43.29,1203800
2021-04-19,VNINDEX,1243.58,1260.58,1233.77,1260.58,773047000
2021-04-20,FPT,34.89,36.22,34.81,35.36,4742800
2021-04-20,HPG,21.78,22.0,21.03,21.48,37829300
2021-04-20,MWG,43.79,45.37,43.64,44.9,2184800
2021-04-20,VNINDEX,1267.74,1286.32,1261.28,1268.28,798483500
2021-04-22,FPT,34.98,35.79,34.13,34.13,2271200
2021-04-22,HPG,21.22,21.74,20.65,20.65,33049800
2021-04-22,MWG,44.9,46.63,44.14,44.9,2536100
2021-04-22,VNINDEX,1264.31,1271.98,1227.82,1227.82,732254600
2021-04-23,FPT,34.13,35.4,34.0,35.4,3166400
2021-04-23,HPG,20.84,21.18,20.58,21.18,28493500
2021-04-23,MWG,44.74,46.47,44.27,46.47,2198500
2021-04-23,VNINDEX,1227.18,1248.53,1216.15,1248.53,684222800
2021-04-26,FPT,35.19,35.32,34.34,34.55,2551300
2021-04-26,HPG,21.22,21.25,20.65,20.69,25156400
2021-04-26,MWG,46.44,46.44,44.9,44.9,1271300
2021-04-26,VNINDEX,1251.25,1251.25,1214.14,1215.77,685386500
2021-04-27,FPT,34.3,34.72,34.17,34.42,1287100
2021-04-27,HPG,20.69,21.18,20.43,21.14,21294400
2021-04-27,MWG,44.9,45.37,44.27,44.71,818300
2021-04-27,VNINDEX,1213.84,1220.96,1204.14,1219.75,544650900
2021-04-28,FPT,34.17,34.68,34.17,34.47,1366700
2021-04-28,HPG,21.14,21.22,20.84,21.03,15619100
2021-04-28,MWG,44.11,44.58,43.79,44.11,994100
2021-04-28,VNINDEX,1220.26,1230.91,1217.49,1229.55,589498400
2021-04-29,FPT,34.47,34.89,34.47,34.51,2095500
2021-04-29,HPG,21.22,22.04,21.18,21.82,27877700
2021-04-29,MWG,43.95,44.49,43.51,44.39,662300
2021-04-29,VNINDEX,1234.91,1239.39,1231.25,1239.39,614232800
2021-05-04,FPT,34.13,35.62,34.13,35.36,2362100
2021-05-04,HPG,21.52,22.68,21.4,22.45,32996000
2021-05-04,MWG,43.64,44.08,43.48,43.92,730900
2021-05-04,VNINDEX,1222.08,1242.8,1212.56,1242.2,712632600
2021-05-05,FPT,36.04,36.04,35.28,35.36,2321300
2021-05-05,HPG,22.53,22.64,22.27,22.27,24468200
2021-05-05,MWG,43.92,45.09,43.86,44.39,1124900
2021-05-05,VNINDEX,1244.69,1265.93,1242.2,1256.43,685433600
2021-05-06,FPT,35.4,35.62,35.06,35.28,1969000
2021-05-06,HPG,22.27,22.64,22.08,22.3,21609700
2021-05-06,MWG,44.39,45.05,44.24,44.74,923300
2021-05-06,VNINDEX,1255.42,1261.49,1246.64,1250.57,672398700
2021-05-07,FPT,35.28,35.83,35.11,35.4,2705900
2021-05-07,HPG,22.23,23.09,22.19,22.83,29552700
2021-05-07,MWG,44.42,44.99,44.08,44.17,923400
2021-05-07,VNINDEX,1245.48,1250.5,1231.92,1241.81,745215600
2021-05-10,FPT,35.45,36.68,35.4,36.6,4504300
2021-05-10,HPG,22.83,23.77,22.83,23.66,28160100
2021-05-10,MWG,44.11,44.11,43.32,43.51,1744900
2021-05-10,VNINDEX,1239.96,1259.58,1236.85,1259.58,732066300
2021-05-11,FPT,36.68,36.94,36.34,36.34,2078700
2021-05-11,HPG,23.77,23.77,23.28,23.28,29565200
2021-05-11,MWG,43.32,44.11,43.29,43.32,1382900
2021-05-11,VNINDEX,1265.11,1272.55,1256.04,1256.04,709535700
2021-05-12,FPT,36.26,36.43,35.96,36.43,1844500
2021-05-12,HPG,23.13,23.54,23.02,23.54,29316300
2021-05-12,MWG,43.32,43.95,43.29,43.95,830000
2021-05-12,VNINDEX,1251.97,1269.09,1249.18,1269.09,664157900
2021-05-13,FPT,36.26,36.43,35.83,35.83,2558300
2021-05-13,HPG,23.43,23.66,23.09,23.09,24654400
2021-05-13,MWG,43.64,44.27,43.64,44.11,986800
2021-05-13,VNINDEX,1262.98,1273.49,1261.99,1261.99,680368500
2021-05-14,FPT,35.96,36.77,35.88,36.17,1858700
2021-05-14,HPG,23.28,23.47,22.9,23.06,31815400
2021-05-14,MWG,44.27,45.21,44.17,44.9,818500
2021-05-14,VNINDEX,1266.43,1271.45,1259.97,1266.36,679016500
2021-05-17,FPT,36.6,36.94,36.34,36.56,1744500
2021-05-17,HPG,23.06,23.43,22.76,23.24,34004200
2021-05-17,MWG,45.21,45.37,44.39,44.58,535700
2021-05-17,VNINDEX,1272.55,1277.83,1258.5,1258.7,705839600
2021-05-18,FPT,36.86,37.28,36.77,37.11,2133500
2021-05-18,HPG,23.47,23.92,23.47,23.81,39146300
2021-05-18,MWG,44.58,44.74,44.33,44.64,594800
2021-05-18,VNINDEX,1259.57,1262.22,1249.02,1252.68,661244600
2021-05-19,FPT,37.33,38.86,37.03,38.73,2876300
2021-05-19,HPG,24.03,25.04,23.84,24.82,28407500
2021-05-19,MWG,44.42,44.74,44.27,44.64,599700
2021-05-19,VNINDEX,1254.78,1262.71,1250.58,1262.49,650916500
2021-05-20,FPT,38.73,40.74,38.56,40.74,3523900
2021-05-20,HPG,24.86,25.04,24.6,25.01,21552100
2021-05-20,MWG,44.33,47.26,44.33,47.26,1409800
2021-05-20,VNINDEX,1264.62,1278.22,1255.78,1278.22,706187900
2021-05-21,FPT,40.23,41.21,39.67,40.01,3222700
2021-05-21,HPG,24.82,24.93,24.56,24.63,22951900
2021-05-21,MWG,46.28,46.63,45.68,45.81,979600
2021-05-21,VNINDEX,1272.84,1289.03,1268.46,1283.93,654126800
2021-05-24,FPT,40.01,40.06,39.29,39.88,2669500
2021-05-24,HPG,24.63,24.82,24.41,24.56,23592200
2021-05-24,MWG,45.68,46.16,45.4,46.0,539500
2021-05-24,VNINDEX,1287.5,1299.83,1287.36,1297.98,670713100
2021-05-25,FPT,39.88,40.61,39.59,40.01,2156300
2021-05-25,HPG,24.52,25.46,24.48,25.31,22689000
2021-05-25,MWG,46.0,46.16,45.68,46.0,789800
2021-05-25,VNINDEX,1299.19,1308.58,1297.23,1308.58,639370500
2021-05-26,FPT,40.18,40.74,39.97,40.65,1992800
2021-05-26,HPG,25.31,25.46,25.23,25.46,15485000
2021-05-26,MWG,46.0,46.06,45.53,45.65,781800
2021-05-26,VNINDEX,1308.04,1317.3,1304.68,1316.7,676236800
2021-05-27,FPT,40.65,40.7,39.88,40.01,1745800
2021-05-27,HPG,25.42,25.46,24.86,25.08,19165200
2021-05-27,MWG,45.65,45.68,44.74,44.86,848200
2021-05-27,VNINDEX,1318.42,1319.67,1299.99,1303.57,685085600
2021-05-28,FPT,40.1,40.52,39.97,40.44,1874300
2021-05-28,HPG,25.2,25.27,24.86,25.2,30138100
2021-05-28,MWG,44.86,45.12,44.61,44.96,743300
2021-05-28,VNINDEX,1307.79,1323.09,1300.06,1320.46,722285600
2021-05-31,FPT,40.74,41.8,40.4,41.76,3237700
2021-05-31,HPG,26.93,26.93,26.47,26.93,60309100
2021-05-31,MWG,44.11,44.58,43.64,43.64,1269800
2021-05-31,VNINDEX,1326.65,1328.05,1307.56,1328.05,700319900
2021-06-01,FPT,43.54,43.84,43.1,43.15,3495000
2021-06-01,HPG,27.9,28.77,27.6,28.36,33413400
2021-06-01,MWG,43.32,43.48,42.53,43.01,1074000
2021-06-01,VNINDEX,1329.47,1346.34,1328.84,1337.78,600477200
2021-06-02,FPT,43.15,43.35,42.11,42.36,3053900
2021-06-02,HPG,28.11,28.36,27.09,27.6,40000100
2021-06-02,MWG,42.85,44.11,42.82,43.73,579400
2021-06-02,VNINDEX,1330.99,1344.98,1330.82,1340.78,755624100
2021-06-03,FPT,42.11,42.31,41.76,42.21,3190800
2021-06-03,HPG,27.6,27.9,27.09,27.75,36969900
2021-06-03,MWG,44.05,44.05,43.16,43.79,593700
2021-06-03,VNINDEX,1345.21,1366.0,1345.21,1364.28,856882400
2021-06-04,FPT,42.11,42.16,41.51,41.96,3820600
2021-06-04,HPG,27.85,28.26,27.75,27.85,31679400
2021-06-04,MWG,43.79,43.79,43.16,43.32,617400
2021-06-04,VNINDEX,1367.06,1374.05,1360.42,1374.05,887731100
2021-06-07,FPT,41.91,41.96,40.13,40.97,3711200
2021-06-07,HPG,27.9,28.11,26.58,26.93,34653300
2021-06-07,MWG,43.32,43.35,42.63,42.88,684700
2021-06-07,VNINDEX,1374.59,1375.74,1347.21,1358.78,840122900
2021-06-08,FPT,40.62,41.12,39.93,40.03,3486000
2021-06-08,HPG,26.73,27.04,25.55,25.55,38486300
2021-06-08,MWG,42.85,43.48,42.75,42.85,715300
2021-06-08,VNINDEX,1355.36,1364.48,1318.11,1319.88,874573200
2021-06-09,FPT,39.93,40.67,39.14,40.47,3576100
2021-06-09,HPG,25.5,26.27,25.04,25.71,40956800
2021-06-09,MWG,42.85,43.32,42.53,42.98,739900
2021-06-09,VNINDEX,1323.52,1339.14,1312.08,1332.9,769829300
2021-06-10,FPT,40.47,40.87,40.13,40.57,2214900
2021-06-10,HPG,25.66,26.88,25.55,26.37,29312900
2021-06-10,MWG,42.53,43.16,42.53,42.63,679100
2021-06-10,VNINDEX,1332.9,1336.71,1317.49,1323.58,674214800
2021-06-11,FPT,40.37,41.56,40.28,41.36,2359600
2021-06-11,HPG,26.63,27.19,26.37,27.14,29030300
2021-06-11,MWG,42.6,43.16,42.56,43.16,830800
2021-06-11,VNINDEX,1326.79,1352.47,1322.08,1351.74,705032900
2021-06-14,FPT,41.36,41.91,41.12,41.51,2547600
2021-06-14,HPG,27.34,27.75,26.98,27.39,28587500
2021-06-14,MWG,43.48,43.73,43.1,43.51,740900
2021-06-14,VNINDEX,1352.73,1368.53,1352.73,1361.72,715610800
2021-06-15,FPT,41.51,41.86,41.22,41.22,1778700
2021-06-15,HPG,27.09,27.39,26.93,27.19,21707700
2021-06-15,MWG,43.51,43.79,43.32,43.45,437500
2021-06-15,VNINDEX,1361.58,1372.72,1356.59,1367.36,706567000
2021-06-16,FPT,41.22,41.91,40.97,41.17,2462000
2021-06-16,HPG,26.98,27.09,26.32,26.47,28929200
2021-06-16,MWG,43.42,43.42,43.01,43.16,499600
2021-06-16,VNINDEX,1363.85,1370.14,1350.73,1356.52,740320300
2021-06-17,FPT,40.67,41.17,40.67,40.92,2236400
2021-06-17,HPG,26.01,26.52,26.01,26.27,20215900
2021-06-17,MWG,43.01,45.34,42.85,43.79,1284500
2021-06-17,VNINDEX,1341.06,1365.55,1337.49,1359.92,712336800
2021-06-18,FPT,41.17,41.71,40.97,41.51,1681700
2021-06-18,HPG,26.52,27.24,26.27,26.63,28992700
2021-06-18,MWG,44.27,44.58,44.11,44.42,384900
2021-06-18,VNINDEX,1366.19,1377.77,1363.52,1377.77,750587000
2021-06-21,FPT,41.41,42.75,41.22,42.4,3878300
2021-06-21,HPG,26.58,26.83,26.17,26.17,22610800
2021-06-21,MWG,44.3,45.97,44.3,45.94,1179900
2021-06-21,VNINDEX,1373.59,1381.74,1367.85,1372.63,731280000
2021-06-22,FPT,42.65,42.9,42.31,42.31,1760300
2021-06-22,HPG,26.32,26.78,26.17,26.42,18459100
2021-06-22,MWG,46.0,46.06,43.95,46.0,736900
2021-06-22,VNINDEX,1380.84,1385.98,1375.0,1379.97,694747200
2021-06-23,FPT,42.26,42.4,41.66,42.06,1599900
2021-06-23,HPG,26.37,26.52,26.12,26.27,18559200
2021-06-23,MWG,45.75,45.84,45.37,45.37,443700
2021-06-23,VNINDEX,1383.15,1388.33,1372.06,1376.87,644736300
2021-06-24,FPT,41.76,42.06,41.56,41.96,1657800
2021-06-24,HPG,26.27,26.42,25.81,25.86,19985600
2021-06-24,MWG,45.34,46.0,45.31,45.37,394400
2021-06-24,VNINDEX,1376.87,1384.71,1372.99,1379.72,538103500
2021-06-25,FPT,41.96,42.31,41.71,42.21,1503400
2021-06-25,HPG,25.91,26.17,25.45,25.91,26191200
2021-06-25,MWG,45.37,45.68,45.21,45.28,717200
2021-06-25,VNINDEX,1382.11,1390.12,1372.8,1390.12,518602200
2021-06-28,FPT,42.65,42.65,42.31,42.46,1858800
2021-06-28,HPG,26.22,26.83,25.96,26.78,39158500
2021-06-28,MWG,45.53,46.0,45.28,45.84,669700
2021-06-28,VNINDEX,1397.96,1406.02,1390.56,1405.81,654617700
2021-06-29,FPT,42.9,44.09,42.75,43.89,4897800
2021-06-29,HPG,26.83,26.88,26.42,26.47,19830300
2021-06-29,MWG,45.84,46.47,45.68,46.31,556700
2021-06-29,VNINDEX,1408.34,1416.34,1406.87,1410.04,609604200
2021-06-30,FPT,44.09,44.14,43.59,43.59,1651100
2021-06-30,HPG,26.52,26.68,26.27,26.32,18899100
2021-06-30,MWG,46.31,48.49,46.31,47.89,1221500
2021-06-30,VNINDEX,1410.83,1419.61,1408.18,1408.55,532318900
2021-07-01,FPT,43.64,44.04,43.59,44.04,1700100
2021-07-01,HPG,26.42,27.04,26.37,26.98,39670000
2021-07-01,MWG,47.89,48.05,47.42,47.61,727200
2021-07-01,VNINDEX,1412.15,1417.27,1402.18,1417.08,699282500
2021-07-02,FPT,44.24,45.82,44.04,45.53,3873500
2021-07-02,HPG,27.09,27.29,26.68,26.73,30058700
2021-07-02,MWG,47.58,49.46,47.58,49.4,964000
2021-07-02,VNINDEX,1422.89,1424.28,1415.82,1420.27,653610300
2021-07-05,FPT,47.06,47.06,45.08,45.92,2934200
2021-07-05,HPG,26.73,26.73,25.96,26.17,37065500
2021-07-05,MWG,50.72,52.62,50.72,52.46,1355400
2021-07-05,VNINDEX,1420.27,1421.52,1394.12,1411.13,743573700
2021-07-06,FPT,45.82,46.07,43.1,43.1,1967400
2021-07-06,HPG,26.12,26.68,24.53,24.53,39626500
2021-07-06,MWG,53.09,53.78,48.84,48.84,790100
2021-07-06,VNINDEX,1412.93,1418.99,1354.79,1354.79,773512600
2021-07-07,FPT,43.1,45.08,42.11,44.83,4910200
2021-07-07,HPG,25.04,25.5,24.45,25.5,40552700
2021-07-07,MWG,50.41,52.24,48.84,52.24,1457700
2021-07-07,VNINDEX,1361.76,1388.55,1334.58,1388.55,733801300
2021-07-08,FPT,44.78,44.83,44.09,44.49,2375400
2021-07-08,HPG,25.5,25.6,24.84,25.04,30632700
2021-07-08,MWG,54.19,55.2,52.77,54.35,1585700
2021-07-08,VNINDEX,1381.11,1385.75,1363.92,1374.68,528832600
2021-07-09,FPT,44.39,45.58,43.99,44.44,2947000
2021-07-09,HPG,24.79,25.09,23.51,24.17,46892600
2021-07-09,MWG,54.22,56.68,54.13,55.61,1012200
2021-07-09,VNINDEX,1365.28,1373.51,1335.9,1347.14,713991100
2021-07-12,FPT,43.99,44.44,41.41,42.65,6764400
2021-07-12,HPG,23.87,23.97,22.49,22.97,75500300
2021-07-12,MWG,55.45,56.36,51.99,55.64,1907000
2021-07-12,VNINDEX,1338.11,1340.65,1270.06,1296.3,912737200
2021-07-13,FPT,43.05,43.25,42.11,43.1,2207400
2021-07-13,HPG,23.25,23.51,22.77,23.25,25498600
2021-07-13,MWG,56.18,56.18,54.19,55.14,651400
2021-07-13,VNINDEX,1305.36,1307.73,1278.3,1297.54,500178900
2021-07-14,FPT,43.4,43.4,41.96,42.21,2433500
2021-07-14,HPG,23.46,23.51,22.67,23.0,27431000
2021-07-14,MWG,54.51,54.79,51.8,52.46,1384700
2021-07-14,VNINDEX,1297.54,1305.37,1264.68,1279.91,547973900
2021-07-15,FPT,41.96,42.9,41.96,42.31,2714600
2021-07-15,HPG,22.79,23.94,22.79,23.76,28546500
2021-07-15,MWG,51.95,53.88,51.36,52.65,1104100
2021-07-15,VNINDEX,1270.77,1299.18,1270.77,1293.92,419138600
2021-07-16,FPT,42.55,43.59,42.36,43.0,2285700
2021-07-16,HPG,23.87,24.25,23.76,23.89,22253900
2021-07-16,MWG,52.96,53.09,52.3,52.96,679400
2021-07-16,VNINDEX,1298.38,1304.37,1296.06,1299.31,415120500
2021-07-19,FPT,42.21,42.8,41.86,41.96,3288800
2021-07-19,HPG,23.33,23.46,22.49,22.64,39426100
2021-07-19,MWG,50.82,51.36,49.31,49.31,1868000
2021-07-19,VNINDEX,1270.18,1276.55,1237.79,1243.51,675617000
2021-07-20,FPT,42.01,43.0,41.56,43.0,2553700
2021-07-20,HPG,23.0,24.17,22.72,24.17,40965600
2021-07-20,MWG,49.78,51.86,49.31,51.86,1053200
2021-07-20,VNINDEX,1243.51,1273.29,1225.52,1273.29,538794200
2021-07-21,FPT,43.0,43.54,42.65,42.9,3369200
2021-07-21,HPG,24.28,24.43,23.82,23.89,21335700
2021-07-21,MWG,52.3,52.49,51.07,51.48,520200
2021-07-21,VNINDEX,1277.27,1284.33,1266.71,1270.79,395114300
2021-07-22,FPT,42.7,44.39,42.7,44.29,4445600
2021-07-22,HPG,23.87,24.38,23.66,24.12,21494600
2021-07-22,MWG,51.2,53.06,50.98,52.05,982100
2021-07-22,VNINDEX,1270.79,1294.16,1266.54,1293.67,493258000
2021-07-23,FPT,44.29,46.02,43.94,44.83,6755700
2021-07-23,HPG,23.92,24.02,23.41,23.41,28904400
2021-07-23,MWG,51.39,52.05,50.72,50.95,1223900
2021-07-23,VNINDEX,1288.83,1295.63,1268.83,1268.83,550861800
2021-07-26,FPT,44.73,46.52,44.68,46.42,5773100
2021-07-26,HPG,23.25,23.56,22.82,23.3,23485200
2021-07-26,MWG,50.54,50.72,49.75,50.5,1139800
2021-07-26,VNINDEX,1268.83,1277.33,1254.57,1272.71,461081000
2021-07-27,FPT,46.76,47.01,45.82,46.17,5007000
2021-07-27,HPG,23.51,23.92,23.36,23.61,18206300
2021-07-27,MWG,51.04,51.04,49.46,49.78,1477400
2021-07-27,VNINDEX,1283.67,1288.35,1276.53,1276.93,519931600
2021-07-28,FPT,45.97,46.42,45.43,45.58,3346700
2021-07-28,HPG,23.66,24.07,23.61,23.87,21215200
2021-07-28,MWG,49.72,50.57,49.18,49.5,455700
2021-07-28,VNINDEX,1273.48,1281.17,1271.78,1277.07,361912000
2021-07-29,FPT,45.58,46.52,45.43,46.27,3712900
2021-07-29,HPG,23.99,24.38,23.92,24.07,32783300
2021-07-29,MWG,50.35,51.29,49.15,51.29,1317800
2021-07-29,VNINDEX,1286.33,1293.6,1282.88,1293.6,445516100
2021-07-30,FPT,46.32,46.96,45.97,46.57,4525900
2021-07-30,HPG,24.07,24.33,24.07,24.17,23016300
2021-07-30,MWG,50.88,51.95,50.25,51.7,1779200
2021-07-30,VNINDEX,1298.01,1311.97,1296.95,1310.05,618748500
2021-08-02,FPT,46.57,47.85,46.57,47.36,4275900
2021-08-02,HPG,24.07,24.48,23.97,24.15,24207000
2021-08-02,MWG,51.67,54.35,51.51,53.53,1632800
2021-08-02,VNINDEX,1308.69,1322.35,1304.49,1314.22,586763000
2021-08-03,FPT,47.46,47.56,46.91,47.46,3607200
2021-08-03,HPG,24.17,24.35,23.89,24.15,28297300
2021-08-03,MWG,53.53,53.56,52.93,53.53,868900
2021-08-03,VNINDEX,1316.15,1332.44,1315.57,1332.44,617967000
2021-08-04,FPT,47.51,47.66,47.01,47.36,2818400
2021-08-04,HPG,24.3,24.53,24.15,24.28,24329100
2021-08-04,MWG,53.59,53.84,53.09,53.56,829400
2021-08-04,VNINDEX,1337.72,1340.76,1328.4,1334.74,626287700
2021-08-05,FPT,47.16,48.05,47.01,47.85,2485600
2021-08-05,HPG,24.25,25.04,24.2,24.94,29704100
2021-08-05,MWG,53.44,54.92,53.25,54.51,989800
2021-08-05,VNINDEX,1331.14,1346.62,1326.8,1345.55,590429600
2021-08-06,FPT,47.95,48.15,47.46,47.85,3413900
2021-08-06,HPG,24.84,25.09,24.68,24.74,20101800
2021-08-06,MWG,54.51,55.29,54.03,54.03,1032700
2021-08-06,VNINDEX,1348.24,1351.85,1341.45,1341.45,682081800
2021-08-09,FPT,48.05,48.4,47.51,48.3,2934500
2021-08-09,HPG,24.58,25.4,24.51,25.4,30419600
2021-08-09,MWG,53.88,54.88,53.4,54.76,638000
2021-08-09,VNINDEX,1337.78,1361.12,1334.69,1359.86,636278900
2021-08-10,FPT,48.7,48.75,48.35,48.45,2680700
2021-08-10,HPG,25.6,25.81,25.09,25.25,23318400
2021-08-10,MWG,54.82,54.88,54.06,54.79,882000
2021-08-10,VNINDEX,1367.99,1370.35,1358.12,1362.43,677981600
2021-08-11,FPT,48.4,48.45,47.61,47.61,4883200
2021-08-11,HPG,25.45,25.45,25.02,25.02,21895900
2021-08-11,MWG,54.82,56.49,54.38,55.14,1670800
2021-08-11,VNINDEX,1365.05,1374.03,1357.79,1357.79,770571200
2021-08-12,FPT,47.46,47.56,46.27,46.47,8399400
2021-08-12,HPG,24.99,25.04,24.74,24.74,21547600
2021-08-12,MWG,54.66,55.14,53.56,53.56,1172100
2021-08-12,VNINDEX,1356.27,1365.01,1353.05,1353.05,716513500
2021-08-13,FPT,46.12,47.06,46.07,47.06,3618700
2021-08-13,HPG,24.74,24.89,24.38,24.86,25809500
2021-08-13,MWG,53.4,53.88,52.74,53.88,1116800
2021-08-13,VNINDEX,1352.56,1357.41,1336.74,1357.05,718718300
2021-08-16,FPT,47.56,47.66,47.26,47.36,1906800
2021-08-16,HPG,25.04,25.3,25.02,25.27,22222700
2021-08-16,MWG,54.03,54.19,52.93,53.59,1029800
2021-08-16,VNINDEX,1364.1,1372.33,1361.75,1370.96,798944800
2021-08-17,FPT,47.11,47.36,46.81,46.96,2801700
2021-08-17,HPG,25.37,26.01,25.35,25.76,45483400
2021-08-17,MWG,53.53,53.59,52.9,53.53,1104300
2021-08-17,VNINDEX,1377.7,1379.7,1359.11,1363.09,732378200
2021-08-18,FPT,46.96,47.51,46.96,47.06,1951000
2021-08-18,HPG,25.81,26.01,25.5,25.76,20163600
2021-08-18,MWG,53.25,54.66,53.12,54.35,864600
2021-08-18,VNINDEX,1361.24,1370.5,1355.83,1360.94,641678400
2021-08-19,FPT,47.56,47.56,46.96,47.31,2721600
2021-08-19,HPG,25.86,26.22,25.76,26.01,27506300
2021-08-19,MWG,54.35,54.35,53.4,54.35,785700
2021-08-19,VNINDEX,1360.61,1374.85,1352.94,1374.85,653254900
2021-08-20,FPT,47.31,47.41,45.61,46.46,4349300
2021-08-20,HPG,25.96,26.06,24.63,25.04,49333500
2021-08-20,MWG,54.19,54.19,51.67,51.67,2037300
2021-08-20,VNINDEX,1367.86,1369.39,1317.52,1329.43,1132838900
2021-08-23,FPT,46.31,46.31,45.56,45.56,3436600
2021-08-23,HPG,25.04,25.04,24.28,24.28,32825800
2021-08-23,MWG,51.36,51.67,49.78,49.81,1619300
2021-08-23,VNINDEX,1322.62,1327.04,1298.86,1298.86,768105500
2021-08-24,FPT,45.81,46.06,45.01,46.01,3081500
2021-08-24,HPG,24.33,24.66,24.28,24.4,21929400
2021-08-24,MWG,50.03,51.17,49.81,50.57,1060900
2021-08-24,VNINDEX,1304.0,1307.56,1289.16,1298.74,648543100
2021-08-25,FPT,46.26,46.26,45.56,46.01,1344000
2021-08-25,HPG,24.51,24.79,24.22,24.74,16402800
2021-08-25,MWG,50.72,51.67,50.44,50.88,600100
2021-08-25,VNINDEX,1300.74,1310.16,1291.7,1309.55,481772400
2021-08-26,FPT,46.06,46.51,45.66,45.76,1758700
2021-08-26,HPG,24.84,24.84,24.3,24.38,13857800
2021-08-26,MWG,51.64,51.8,50.91,51.04,616200
2021-08-26,VNINDEX,1313.36,1316.26,1295.77,1301.12,497853400
2021-08-27,FPT,45.56,46.06,45.36,46.06,1896200
2021-08-27,HPG,24.28,24.45,23.89,24.33,24491000
2021-08-27,MWG,51.1,51.95,51.1,51.83,1336200
2021-08-27,VNINDEX,1293.98,1313.2,1285.16,1313.2,658578200
2021-08-30,FPT,46.56,46.56,46.11,46.16,1494800
2021-08-30,HPG,24.53,24.91,24.35,24.89,17004600
2021-08-30,MWG,52.68,53.25,52.44,52.44,1266900
2021-08-30,VNINDEX,1323.39,1329.62,1318.76,1328.14,641161300
2021-08-31,FPT,46.21,46.66,46.06,46.26,1952500
2021-08-31,HPG,25.04,25.4,24.94,25.2,25872600
2021-08-31,MWG,52.63,52.63,52.16,52.63,629100
2021-08-31,VNINDEX,1332.62,1336.14,1325.69,1331.47,712344100
2021-09-01,FPT,46.11,46.56,46.11,46.26,1353300
2021-09-01,HPG,25.04,25.32,24.99,25.14,15066500
2021-09-01,MWG,52.3,52.63,51.64,52.26,670400
2021-09-01,VNINDEX,1328.54,1338.02,1328.26,1334.65,679730000
2021-09-06,FPT,46.26,47.51,46.21,47.51,3124600
2021-09-06,HPG,25.3,26.27,25.25,26.17,48098900
2021-09-06,MWG,52.63,52.68,52.4,52.63,1121700
2021-09-06,VNINDEX,1340.71,1348.36,1339.8,1346.39,889375400
2021-09-07,FPT,47.71,47.71,46.81,46.81,2290600
2021-09-07,HPG,26.37,26.58,25.86,25.91,31246800
2021-09-07,MWG,52.82,52.87,52.16,52.3,894000
2021-09-07,VNINDEX,1349.13,1353.66,1340.32,1341.9,849578800
2021-09-08,FPT,46.81,47.16,46.46,46.61,1453800
2021-09-08,HPG,25.91,26.52,25.76,26.22,33040000
2021-09-08,MWG,52.3,52.82,52.16,52.82,684800
2021-09-08,VNINDEX,1343.92,1344.49,1328.35,1333.61,596039700
2021-09-09,FPT,46.61,47.01,46.46,46.66,1393700
2021-09-09,HPG,26.37,26.78,26.32,26.52,36718200
2021-09-09,MWG,53.01,56.38,52.82,56.38,2544800
2021-09-09,VNINDEX,1333.61,1345.59,1332.67,1343.98,593520900
2021-09-10,FPT,46.76,47.26,46.76,46.81,1440100
2021-09-10,HPG,26.58,26.68,26.27,26.32,17217900
2021-09-10,MWG,56.43,56.57,55.53,56.38,922100
2021-09-10,VNINDEX,1348.74,1350.43,1345.07,1345.31,559050700
2021-09-13,FPT,46.86,47.06,46.51,46.56,1600000
2021-09-13,HPG,26.32,26.32,25.91,25.96,27227400
2021-09-13,MWG,56.38,59.27,56.33,59.27,2267600
2021-09-13,VNINDEX,1348.07,1350.69,1340.5,1341.43,744228400
2021-09-14,FPT,46.71,47.41,46.56,46.96,2523200
2021-09-14,HPG,25.96,26.06,25.66,25.71,22432900
2021-09-14,MWG,58.8,59.18,57.9,59.04,1073100
2021-09-14,VNINDEX,1343.38,1349.13,1336.84,1339.7,692214900
2021-09-15,FPT,46.96,47.26,46.71,47.11,1690100
2021-09-15,HPG,25.6,26.58,25.5,26.37,25908900
2021-09-15,MWG,58.56,59.27,58.23,59.08,728800
2021-09-15,VNINDEX,1338.11,1347.7,1334.97,1345.83,645625800
2021-09-16,FPT,47.26,47.56,47.16,47.41,1924700
2021-09-16,HPG,26.58,26.73,26.22,26.22,17982000
2021-09-16,MWG,59.04,59.04,58.23,58.61,778300
2021-09-16,VNINDEX,1351.85,1353.12,1341.23,1345.87,570520600
2021-09-17,FPT,47.81,48.56,47.76,47.91,3325700
2021-09-17,HPG,26.27,26.58,26.22,26.47,24548600
2021-09-17,MWG,58.61,58.8,57.94,58.32,919200
2021-09-17,VNINDEX,1347.66,1356.45,1347.13,1352.64,813151300
2021-09-20,FPT,48.06,48.16,47.11,47.26,2526100
2021-09-20,HPG,26.78,26.78,26.01,26.22,32328300
2021-09-20,MWG,59.22,60.22,57.57,58.32,1370300
2021-09-20,VNINDEX,1361.12,1365.92,1349.18,1350.48,852479800
2021-09-21,FPT,46.76,47.06,46.31,46.81,2697100
2021-09-21,HPG,25.86,26.17,25.66,25.96,28847000
2021-09-21,MWG,57.42,59.51,57.42,58.7,1328400
2021-09-21,VNINDEX,1335.96,1350.48,1324.82,1339.84,816979400
2021-09-22,FPT,46.66,46.76,46.41,46.66,2027200
2021-09-22,HPG,25.96,26.12,25.86,26.01,13143800
2021-09-22,MWG,58.8,59.94,58.75,59.6,1293000
2021-09-22,VNINDEX,1343.89,1350.71,1336.63,1350.68,727734800
2021-09-23,FPT,46.66,46.96,46.56,46.61,1394200
2021-09-23,HPG,26.22,26.52,26.01,26.06,17773400
2021-09-23,MWG,59.98,63.26,59.98,62.59,2591600
2021-09-23,VNINDEX,1357.65,1361.09,1350.43,1352.76,961252500
2021-09-24,FPT,46.66,46.66,46.41,46.41,1449000
2021-09-24,HPG,26.06,26.42,25.91,25.96,15884400
2021-09-24,MWG,62.69,63.54,61.69,61.88,1318800
2021-09-24,VNINDEX,1354.84,1356.97,1348.07,1351.17,627564000
2021-09-27,FPT,46.51,46.81,46.11,46.11,1546100
2021-09-27,HPG,26.27,26.58,25.96,25.96,28469400
2021-09-27,MWG,61.17,61.17,59.75,59.75,3738200
2021-09-27,VNINDEX,1353.39,1354.38,1324.99,1324.99,720860100
2021-09-28,FPT,45.91,46.56,45.81,46.56,1393500
2021-09-28,HPG,25.86,26.93,25.86,26.88,35611100
2021-09-28,MWG,59.08,60.22,58.75,60.08,1344700
2021-09-28,VNINDEX,1319.53,1341.81,1316.41,1339.31,584057900
2021-09-29,FPT,46.56,46.76,46.21,46.66,1177400
2021-09-29,HPG,26.93,27.39,26.88,27.24,34898800
2021-09-29,MWG,60.13,60.93,60.13,60.6,1208800
2021-09-29,VNINDEX,1338.8,1340.9,1328.17,1339.21,559164300
2021-09-30,FPT,46.81,47.01,46.56,46.56,996900
2021-09-30,HPG,27.44,27.44,26.98,27.04,23148500
2021-09-30,MWG,60.6,61.17,60.08,60.6,1044400
2021-09-30,VNINDEX,1341.83,1348.89,1341.15,1342.06,438294600
2021-10-01,FPT,46.51,46.61,46.31,46.51,1055400
2021-10-01,HPG,27.04,27.44,26.93,27.29,30478300
2021-10-01,MWG,60.22,60.6,59.75,59.84,1086600
2021-10-01,VNINDEX,1339.68,1344.06,1332.97,1334.89,601963900
2021-10-04,FPT,46.56,47.66,46.26,47.36,2277800
2021-10-04,HPG,27.55,28.57,27.55,28.36,45357500
2021-10-04,MWG,59.27,59.84,58.47,59.84,2190000
2021-10-04,VNINDEX,1337.74,1347.49,1334.4,1339.54,700605800
2021-10-05,FPT,47.56,48.06,47.26,47.26,1392800
2021-10-05,HPG,28.36,28.57,28.16,28.26,26571500
2021-10-05,MWG,59.75,60.13,59.32,60.13,939300
2021-10-05,VNINDEX,1345.43,1354.63,1343.48,1354.63,576701100
2021-10-06,FPT,47.31,47.41,46.91,47.26,1571300
2021-10-06,HPG,28.52,28.77,28.31,28.67,26766100
2021-10-06,MWG,60.08,61.64,59.94,60.84,1692400
2021-10-06,VNINDEX,1359.63,1362.82,1354.63,1362.82,594012900
2021-10-07,FPT,47.51,47.56,47.11,47.21,1497000
2021-10-07,HPG,28.82,28.98,28.36,28.42,26772300
2021-10-07,MWG,60.36,60.84,60.36,60.7,966000
2021-10-07,VNINDEX,1365.54,1367.64,1360.57,1365.99,658670400
2021-10-08,FPT,47.56,49.82,47.26,49.52,8305600
2021-10-08,HPG,28.52,28.72,28.21,28.47,21693600
2021-10-08,MWG,60.46,61.41,60.36,61.08,1503700
2021-10-08,VNINDEX,1365.99,1373.18,1365.93,1372.73,603842600
2021-10-11,FPT,49.56,49.72,49.22,49.66,2295500
2021-10-11,HPG,28.67,29.28,28.47,29.23,25548600
2021-10-11,MWG,61.12,61.5,60.46,61.41,1749700
2021-10-11,VNINDEX,1377.53,1394.64,1377.3,1394.09,721458300
2021-10-12,FPT,49.66,49.66,49.32,49.56,1125300
2021-10-12,HPG,29.28,29.44,29.03,29.13,18107600
2021-10-12,MWG,61.41,62.97,61.41,62.64,2282000
2021-10-12,VNINDEX,1398.03,1400.78,1389.43,1394.8,707870000
2021-10-13,FPT,49.56,50.82,49.32,49.76,3232500
2021-10-13,HPG,29.13,29.34,28.88,29.03,15582700
2021-10-13,MWG,62.73,63.64,62.64,63.49,1892600
2021-10-13,VNINDEX,1398.21,1400.67,1389.61,1391.91,608348500
2021-10-14,FPT,49.76,50.07,49.26,49.46,1824200
2021-10-14,HPG,29.03,29.34,28.98,29.03,19279700
2021-10-14,MWG,63.54,63.92,62.59,63.3,1925700
2021-10-14,VNINDEX,1392.88,1398.67,1388.89,1391.85,690243000
2021-10-15,FPT,49.76,50.12,49.26,49.52,1702500
2021-10-15,HPG,29.28,29.49,29.13,29.28,18520000
2021-10-15,MWG,63.3,63.4,62.59,62.78,827400
2021-10-15,VNINDEX,1395.81,1399.03,1388.0,1392.7,743666800
2021-10-18,FPT,49.56,50.07,49.36,49.56,2264100
2021-10-18,HPG,29.44,29.85,29.39,29.59,20737100
2021-10-18,MWG,62.69,63.02,61.98,61.98,1467200
2021-10-18,VNINDEX,1395.57,1402.63,1390.88,1395.53,764032400
2021-10-19,FPT,49.56,49.82,49.36,49.36,1534300
2021-10-19,HPG,29.44,29.64,29.18,29.23,23720900
2021-10-19,MWG,61.6,62.12,61.22,61.5,1151000
2021-10-19,VNINDEX,1395.53,1399.66,1388.95,1395.33,605953600
2021-10-20,FPT,49.42,49.82,48.36,48.86,2248600
2021-10-20,HPG,29.34,29.39,28.52,29.08,34660900
2021-10-20,MWG,61.6,62.12,60.7,61.26,1333900
2021-10-20,VNINDEX,1398.45,1401.76,1376.15,1393.8,804215000
2021-10-21,FPT,49.26,49.32,48.41,48.41,2283600
2021-10-21,HPG,29.23,29.74,28.93,29.23,39192300
2021-10-21,MWG,61.26,61.64,60.22,60.22,1471700
2021-10-21,VNINDEX,1397.59,1398.45,1384.77,1384.77,681412600
2021-10-22,FPT,48.56,48.76,48.11,48.16,2023400
2021-10-22,HPG,29.34,29.54,28.98,28.98,19849100
2021-10-22,MWG,60.84,60.88,60.27,60.5,925700
2021-10-22,VNINDEX,1388.66,1393.7,1384.77,1389.24,746799700
2021-10-25,FPT,48.16,48.16,47.51,47.51,2938500
2021-10-25,HPG,28.88,28.98,28.16,28.16,41605900
2021-10-25,MWG,60.7,61.55,60.7,60.88,926200
2021-10-25,VNINDEX,1395.45,1395.72,1385.4,1385.4,868073700
2021-10-26,FPT,47.56,48.51,47.21,48.51,1855700
2021-10-26,HPG,28.01,28.77,27.7,28.77,27910500
2021-10-26,MWG,60.7,60.7,60.17,60.7,992900
2021-10-26,VNINDEX,1384.12,1393.03,1377.56,1391.63,703571700
2021-10-27,FPT,48.46,49.16,48.31,49.16,2326700
2021-10-27,HPG,28.77,29.59,28.77,29.59,28938100
2021-10-27,MWG,60.7,63.02,60.7,62.59,2063400
2021-10-27,VNINDEX,1397.51,1423.02,1395.83,1423.02,800311500
2021-10-28,FPT,49.16,49.26,48.66,49.06,1644700
2021-10-28,HPG,29.59,29.74,29.28,29.64,21923800
2021-10-28,MWG,62.26,62.83,60.93,62.59,1189400
2021-10-28,VNINDEX,1427.89,1440.64,1420.42,1438.01,826726500
2021-10-29,FPT,49.06,49.06,48.51,48.51,2382700
2021-10-29,HPG,29.64,29.69,29.18,29.18,23878000
2021-10-29,MWG,62.36,62.54,62.07,62.31,1344400
2021-10-29,VNINDEX,1439.27,1447.62,1432.19,1444.27,946189100
2021-11-01,FPT,48.76,48.76,47.86,47.96,2855800
2021-11-01,HPG,29.18,29.18,28.47,28.47,45218500
2021-11-01,MWG,62.36,62.5,61.17,61.64,1140200
2021-11-01,VNINDEX,1449.32,1451.81,1435.57,1438.97,1092936400
2021-11-02,FPT,47.81,48.56,47.81,48.11,2109100
2021-11-02,HPG,28.36,28.82,28.21,28.36,25669500
2021-11-02,MWG,60.93,61.6,60.93,61.12,866800
2021-11-02,VNINDEX,1439.61,1452.46,1438.83,1452.46,972155400
2021-11-03,FPT,48.16,48.41,47.66,48.11,2680100
2021-11-03,HPG,28.72,28.77,28.26,28.42,29867100
2021-11-03,MWG,61.12,61.64,60.46,61.08,1405000
2021-11-03,VNINDEX,1460.44,1463.63,1444.3,1444.3,1455441700
2021-11-04,FPT,48.11,48.46,47.91,48.06,1761300
2021-11-04,HPG,28.42,29.08,28.42,28.77,14849100
2021-11-04,MWG,60.93,61.93,60.7,61.6,950100
2021-11-04,VNINDEX,1442.89,1451.98,1435.84,1448.34,890357900
2021-11-05,FPT,48.16,48.96,48.06,48.86,2169900
2021-11-05,HPG,28.77,29.13,28.47,28.93,19377600
2021-11-05,MWG,63.07,63.07,62.12,62.59,1635800
2021-11-05,VNINDEX,1450.71,1459.49,1444.51,1456.51,844497200
2021-11-08,FPT,48.86,49.32,48.71,48.76,1687900
2021-11-08,HPG,29.08,29.13,28.72,29.03,21255400
2021-11-08,MWG,62.59,63.07,62.4,62.4,1126300
2021-11-08,VNINDEX,1461.61,1470.49,1456.51,1467.57,1006323900
2021-11-09,FPT,48.81,48.86,48.06,48.26,1845900
2021-11-09,HPG,29.03,29.44,28.82,28.88,24717300
2021-11-09,MWG,62.5,62.59,61.64,61.64,1048900
2021-11-09,VNINDEX,1469.94,1474.2,1457.57,1461.5,1003649300
2021-11-10,FPT,48.26,48.56,48.01,48.56,1592400
2021-11-10,HPG,28.88,28.93,28.21,28.26,43376600
2021-11-10,MWG,61.64,62.36,61.41,62.36,765400
2021-11-10,VNINDEX,1465.1,1470.19,1457.98,1465.02,955160600
2021-11-11,FPT,48.56,49.06,47.96,48.06,2122200
2021-11-11,HPG,28.11,28.26,27.39,27.6,54292800
2021-11-11,MWG,62.36,64.49,61.88,64.01,4441400
2021-11-11,VNINDEX,1469.22,1472.89,1449.18,1462.35,1206136500
2021-11-12,FPT,48.16,49.16,48.01,49.06,2240300
2021-11-12,HPG,27.55,28.01,27.5,27.9,20846900
2021-11-12,MWG,64.49,64.49,63.49,64.49,1184800
2021-11-12,VNINDEX,1462.35,1474.57,1453.22,1473.37,909366000
2021-11-15,FPT,49.32,49.32,48.71,48.71,1908900
2021-11-15,HPG,27.85,27.9,27.24,27.39,30647000
2021-11-15,MWG,64.63,66.34,64.63,66.1,2631500
2021-11-15,VNINDEX,1481.75,1481.96,1466.01,1476.57,1146225600
2021-11-16,FPT,48.71,49.82,48.46,49.22,3506200
2021-11-16,HPG,27.24,27.39,26.58,26.58,39777000
2021-11-16,MWG,65.44,65.91,64.49,65.39,1490600
2021-11-16,VNINDEX,1472.82,1476.97,1459.08,1466.45,1157402400
2021-11-17,FPT,49.22,49.26,49.06,49.22,1186200
2021-11-17,HPG,26.58,26.88,26.27,26.27,30002700
2021-11-17,MWG,65.3,65.44,64.58,65.39,862200
2021-11-17,VNINDEX,1467.08,1477.04,1464.78,1475.85,828629100
2021-11-18,FPT,49.22,49.42,48.31,48.31,2005000
2021-11-18,HPG,26.27,26.27,25.35,25.53,58606300
2021-11-18,MWG,65.58,67.1,64.87,65.91,2132400
2021-11-18,VNINDEX,1479.39,1482.87,1469.83,1469.83,1052200900
2021-11-19,FPT,48.81,48.96,47.61,47.71,2481300
2021-11-19,HPG,25.35,25.4,24.48,24.53,48471400
2021-11-19,MWG,66.39,66.86,64.49,65.91,1378000
2021-11-19,VNINDEX,1474.11,1481.53,1436.81,1452.35,1488280938
2021-11-22,FPT,47.81,48.06,47.56,47.56,1670100
2021-11-22,HPG,24.63,25.14,24.53,24.86,22630400
2021-11-22,MWG,66.39,66.58,65.44,65.72,1115100
2021-11-22,VNINDEX,1453.35,1466.46,1442.85,1447.25,1209419000
2021-11-23,FPT,47.56,48.36,47.51,48.36,1150800
2021-11-23,HPG,24.99,25.45,24.84,25.32,15649600
2021-11-23,MWG,65.72,68.28,65.48,67.81,1926200
2021-11-23,VNINDEX,1442.66,1463.63,1438.41,1463.63,839875300
2021-11-24,FPT,48.41,49.26,48.26,49.01,2445600
2021-11-24,HPG,25.3,25.4,24.79,24.86,27126800
2021-11-24,MWG,67.81,68.28,67.0,68.28,1487500
2021-11-24,VNINDEX,1470.66,1491.05,1467.29,1488.87,1073235900
2021-11-25,FPT,49.32,50.97,49.22,50.07,5487400
2021-11-25,HPG,24.89,25.22,24.89,25.17,21763400
2021-11-25,MWG,68.33,68.76,67.57,68.76,845700
2021-11-25,VNINDEX,1496.41,1505.36,1490.32,1500.81,953098400
2021-11-26,FPT,50.12,50.47,49.46,49.52,1996200
2021-11-26,HPG,25.2,25.53,25.04,25.07,26729700
2021-11-26,MWG,68.66,68.99,67.1,67.1,1262400
2021-11-26,VNINDEX,1506.69,1511.68,1488.83,1493.03,971244600
2021-11-29,FPT,48.81,49.52,48.81,49.12,1993000
2021-11-29,HPG,24.63,24.99,24.63,24.74,21801500
2021-11-29,MWG,65.86,66.72,65.15,65.2,2370000
2021-11-29,VNINDEX,1467.48,1488.93,1467.35,1484.84,983072000
2021-11-30,FPT,49.12,49.32,48.56,48.61,2563100
2021-11-30,HPG,25.02,25.53,24.79,25.02,22176200
2021-11-30,MWG,65.67,66.34,64.92,65.86,1089100
2021-11-30,VNINDEX,1500.24,1503.09,1471.57,1478.44,956469900
2021-12-01,FPT,48.81,49.36,48.41,49.16,1254900
2021-12-01,HPG,25.3,25.3,24.99,25.04,13823900
2021-12-01,MWG,64.73,66.39,64.54,65.86,1496400
2021-12-01,VNINDEX,1477.85,1487.68,1471.3,1485.19,837551800
2021-12-02,FPT,48.86,49.22,48.66,48.66,952900
2021-12-02,HPG,25.14,25.17,24.84,24.84,12832300
2021-12-02,MWG,65.82,65.82,64.87,64.96,615900
2021-12-02,VNINDEX,1489.12,1493.84,1482.05,1482.05,745629400
2021-12-03,FPT,48.96,48.96,47.81,47.81,2009700
2021-12-03,HPG,24.94,25.12,24.38,24.38,21682500
2021-12-03,MWG,64.63,64.96,63.3,63.3,1052100
2021-12-03,VNINDEX,1489.54,1491.2,1443.32,1443.32,925225200
2021-12-06,FPT,47.81,48.31,47.16,47.31,2393800
2021-12-06,HPG,24.28,24.51,23.25,23.38,34633900
2021-12-06,MWG,63.3,63.3,60.17,62.31,1673200
2021-12-06,VNINDEX,1446.28,1452.55,1400.87,1413.58,951815100
2021-12-07,FPT,47.56,48.06,47.31,48.06,1451000
2021-12-07,HPG,23.74,24.33,23.51,24.33,21935200
2021-12-07,MWG,62.31,63.3,62.31,63.3,663600
2021-12-07,VNINDEX,1426.88,1446.77,1421.6,1446.77,691695900
2021-12-08,FPT,48.31,48.31,47.56,47.86,1064800
2021-12-08,HPG,24.48,24.48,24.05,24.12,11108800
2021-12-08,MWG,63.35,64.01,63.07,63.49,688700
2021-12-08,VNINDEX,1446.77,1460.28,1446.77,1452.87,732009400
2021-12-09,FPT,47.61,48.56,47.61,48.56,993100
2021-12-09,HPG,23.97,24.17,23.92,24.07,10320400
2021-12-09,MWG,63.49,64.01,63.3,63.54,692300
2021-12-09,VNINDEX,1447.59,1467.98,1446.88,1467.98,631261500
2021-12-10,FPT,48.26,48.56,47.76,47.96,1160000
2021-12-10,HPG,24.05,24.12,23.71,23.76,19427400
2021-12-10,MWG,63.11,63.97,63.07,63.59,707100
2021-12-13,FPT,48.31,48.31,47.86,48.06,900200
2021-12-13,HPG,23.79,24.1,23.66,23.79,14309600
2021-12-13,MWG,63.73,63.97,63.54,63.97,645900
2021-12-13,VNINDEX,1471.96,1481.7,1470.08,1476.21,815155200
2021-12-14,FPT,48.06,48.26,47.76,47.91,1144500
2021-12-14,HPG,23.79,25.09,23.61,24.38,35676800
2021-12-14,MWG,63.87,64.49,63.3,64.2,664800
2021-12-14,VNINDEX,1476.82,1485.14,1469.21,1476.02,914795700
2021-12-15,FPT,47.91,48.21,47.86,48.01,808400
2021-12-15,HPG,24.53,24.84,24.38,24.43,9045500
2021-12-15,MWG,64.2,64.49,63.54,64.44,601100
2021-12-15,VNINDEX,1476.43,1481.67,1468.21,1475.5,861484300
2021-12-16,FPT,48.81,48.81,47.81,47.81,1245000
2021-12-16,HPG,24.58,24.58,24.17,24.28,11030000
2021-12-16,MWG,64.49,64.49,63.35,63.35,809500
2021-12-16,VNINDEX,1481.85,1482.32,1468.95,1476.61,889612700
2021-12-17,FPT,47.86,48.56,47.81,48.26,1152100
2021-12-17,HPG,24.2,24.3,23.82,23.87,22015600
2021-12-17,MWG,63.35,64.01,63.11,63.78,735100
2021-12-17,VNINDEX,1481.76,1487.73,1479.79,1479.79,1065320100
2021-12-20,FPT,48.31,48.31,47.81,47.96,1019800
2021-12-20,HPG,23.87,24.2,23.76,23.97,9986400
2021-12-20,MWG,63.3,63.82,62.83,63.07,792900
2021-12-20,VNINDEX,1483.85,1483.85,1468.88,1477.33,906869900
2021-12-21,FPT,47.91,48.01,47.61,47.66,1112300
2021-12-21,HPG,23.97,23.99,23.56,23.56,17094400
2021-12-21,MWG,63.07,63.07,62.64,63.07,473600
2021-12-21,VNINDEX,1474.87,1486.09,1472.43,1478.74,866421100
2021-12-22,FPT,47.56,47.76,47.36,47.56,1670500
2021-12-22,HPG,23.66,23.76,23.05,23.05,24665900
2021-12-22,MWG,63.35,64.96,63.26,63.92,1300200
2021-12-22,VNINDEX,1484.9,1489.24,1471.84,1477.67,1031093800
2021-12-23,FPT,47.56,47.56,46.56,46.66,1930300
2021-12-23,HPG,23.05,23.05,22.54,22.97,26674000
2021-12-23,MWG,63.92,64.39,62.5,63.35,933200
2021-12-23,VNINDEX,1479.46,1481.21,1447.14,1456.96,1213160700
2021-12-24,FPT,46.81,47.31,46.46,46.96,1186700
2021-12-24,HPG,23.15,23.84,23.13,23.53,19168600
2021-12-24,MWG,63.35,63.82,62.83,63.82,560900
2021-12-24,VNINDEX,1463.1,1478.8,1456.32,1477.03,855008900
2021-12-27,FPT,47.16,47.56,46.71,47.31,793700
2021-12-27,HPG,23.79,23.82,23.28,23.46,10675000
2021-12-27,MWG,63.87,64.2,63.07,63.97,723100
2021-12-27,VNINDEX,1483.64,1490.12,1469.91,1488.88,715824500
2021-12-28,FPT,47.31,47.51,47.11,47.31,567300
2021-12-28,HPG,23.46,23.87,23.3,23.41,12356700
2021-12-28,MWG,64.25,64.39,63.11,64.39,745000
2021-12-28,VNINDEX,1494.9,1499.77,1483.97,1494.39,933584700
2021-12-29,FPT,47.46,47.46,46.86,46.86,912200
2021-12-29,HPG,23.41,23.66,23.25,23.41,15118200
2021-12-29,MWG,63.82,64.49,63.59,63.73,637000
2021-12-29,VNINDEX,1497.86,1498.91,1485.82,1485.82,793769800
2021-12-30,FPT,46.91,47.21,46.81,46.86,810800
2021-12-30,HPG,23.66,23.66,23.36,23.36,10285000
2021-12-30,MWG,63.78,64.2,63.54,63.68,832700
2021-12-30,VNINDEX,1490.96,1493.38,1484.82,1485.97,724365200
2021-12-31,FPT,46.96,47.26,46.56,46.56,1607400
2021-12-31,HPG,23.51,23.84,23.43,23.71,13781200
2021-12-31,MWG,63.68,64.44,63.26,64.44,1128900
2021-12-31,VNINDEX,1490.17,1499.07,1489.71,1498.28,846534300
2022-01-04,FPT,46.76,47.16,46.71,46.81,1935000
2022-01-04,HPG,23.92,24.12,23.82,23.89,20100700
2022-01-04,MWG,64.44,66.01,63.97,65.34,1327900
2022-01-04,VNINDEX,1508.55,1526.69,1507.19,1525.58,839676500
2022-01-05,FPT,46.91,47.16,46.81,46.86,1193800
2022-01-05,HPG,23.97,24.2,23.92,23.92,18760700
2022-01-05,MWG,65.34,66.05,65.01,65.01,1178700
2022-01-05,VNINDEX,1529.06,1535.82,1522.5,1522.5,987023800
2022-01-06,FPT,46.86,47.06,46.81,46.81,1192400
2022-01-06,HPG,23.76,23.87,23.56,23.56,17172700
2022-01-06,MWG,65.01,65.82,64.73,65.2,771100
2022-01-06,VNINDEX,1519.72,1536.24,1518.18,1528.57,1087239800
2022-01-07,FPT,46.61,46.91,46.61,46.76,1016800
2022-01-07,HPG,23.56,23.61,23.33,23.41,16335300
2022-01-07,MWG,65.2,65.2,64.25,64.25,921200
2022-01-07,VNINDEX,1534.1,1534.52,1524.96,1528.48,951525400
2022-01-10,FPT,46.66,46.81,46.01,46.06,1882400
2022-01-10,HPG,23.43,23.84,23.25,23.33,17477500
2022-01-10,MWG,64.25,64.25,63.07,63.07,927000
2022-01-10,VNINDEX,1528.74,1536.45,1503.71,1503.71,1210539300
2022-01-11,FPT,46.06,46.16,44.61,44.81,2509300
2022-01-11,HPG,23.53,23.53,23.05,23.05,12758500
2022-01-11,MWG,63.07,63.78,62.45,62.5,773400
2022-01-11,VNINDEX,1505.04,1512.05,1488.4,1492.31,1157618000
2022-01-12,FPT,44.61,45.36,44.31,44.86,1740700
2022-01-12,HPG,23.1,23.64,23.08,23.61,14686700
2022-01-12,MWG,62.5,64.49,61.64,64.49,928600
2022-01-12,VNINDEX,1489.11,1510.51,1464.49,1510.51,1104610300
2022-01-13,FPT,45.51,46.41,44.96,46.11,1811800
2022-01-13,HPG,23.66,24.17,23.61,23.87,24990100
2022-01-13,MWG,64.73,64.73,62.59,64.25,925000
2022-01-13,VNINDEX,1518.44,1522.6,1495.13,1496.05,977115800
2022-01-14,FPT,45.91,46.11,45.51,45.71,686700
2022-01-14,HPG,23.76,23.94,23.61,23.64,7902000
2022-01-14,MWG,64.01,64.01,63.16,63.54,468400
2022-01-14,VNINDEX,1486.91,1503.25,1476.68,1496.02,734088500
2022-01-17,FPT,45.31,45.71,44.56,44.56,1568400
2022-01-17,HPG,23.64,23.76,22.84,22.84,21661200
2022-01-17,MWG,63.07,63.49,61.64,61.64,817400
2022-01-17,VNINDEX,1498.83,1503.86,1452.84,1452.84,926487900
2022-01-18,FPT,44.21,44.86,44.06,44.11,1209900
2022-01-18,HPG,22.74,23.13,21.98,22.49,21441900
2022-01-18,MWG,61.17,62.59,60.98,61.69,816200
2022-01-18,VNINDEX,1439.29,1452.14,1424.65,1438.94,691087800
2022-01-19,FPT,44.11,44.66,44.06,44.21,744900
2022-01-19,HPG,22.69,22.77,22.21,22.23,17705400
2022-01-19,MWG,61.74,63.54,61.64,63.3,954800
2022-01-19,VNINDEX,1438.95,1449.11,1434.46,1442.79,557995700
2022-01-20,FPT,44.26,45.56,44.21,44.46,1334600
2022-01-20,HPG,22.38,22.59,22.13,22.49,14665400
2022-01-20,MWG,63.07,63.54,62.64,63.54,896900
2022-01-20,VNINDEX,1438.98,1469.08,1432.58,1465.3,762449400
2022-01-21,FPT,44.56,44.96,44.16,44.16,841200
2022-01-21,HPG,22.49,22.72,22.03,22.13,16277300
2022-01-21,MWG,63.54,63.54,62.26,63.16,655100
2022-01-21,VNINDEX,1471.9,1477.23,1463.06,1472.89,784569900
2022-01-24,FPT,44.16,44.31,42.56,42.71,2024200
2022-01-24,HPG,22.03,22.08,20.8,20.8,29425200
2022-01-24,MWG,62.69,63.16,61.6,61.6,867600
2022-01-24,VNINDEX,1465.94,1467.99,1432.18,1439.71,796675500
2022-01-25,FPT,42.66,43.81,42.06,43.31,1192600
2022-01-25,HPG,20.7,22.13,20.54,22.1,17887600
2022-01-25,MWG,61.55,62.12,60.5,62.12,802500
2022-01-25,VNINDEX,1431.51,1479.58,1424.36,1479.58,706092300
2022-01-26,FPT,43.56,43.56,42.81,43.06,913600
2022-01-26,HPG,22.23,22.72,22.21,22.21,15205400
2022-01-26,MWG,62.12,62.54,61.17,62.54,954300
2022-01-26,VNINDEX,1484.73,1490.45,1478.41,1481.58,767576600
2022-01-27,FPT,43.06,43.41,42.76,43.01,719600
2022-01-27,HPG,22.08,22.23,21.46,21.54,14700800
2022-01-27,MWG,62.07,62.73,61.26,62.36,530600
2022-01-27,VNINDEX,1477.15,1486.39,1464.06,1470.76,419526600
2022-01-28,FPT,43.06,44.81,43.01,44.81,1552300
2022-01-28,HPG,21.59,21.87,21.31,21.57,14941600
2022-01-28,MWG,62.26,62.83,61.5,62.83,716300
2022-01-28,VNINDEX,1469.54,1484.48,1465.22,1478.96,663924300
2022-02-07,FPT,45.06,45.11,44.56,44.81,518400
2022-02-07,HPG,21.87,22.33,21.36,22.0,16609600
2022-02-07,MWG,63.07,64.35,63.07,63.49,932400
2022-02-07,VNINDEX,1499.27,1505.69,1493.89,1497.66,551698200
2022-02-08,FPT,44.81,45.96,44.81,45.36,845100
2022-02-08,HPG,21.98,23.28,21.98,23.28,26528800
2022-02-08,MWG,63.49,64.87,63.49,64.63,1450000
2022-02-08,VNINDEX,1496.53,1503.33,1491.78,1500.99,697228100
2022-02-09,FPT,45.91,45.91,45.36,45.41,1142700
2022-02-09,HPG,23.41,24.68,23.36,24.17,40297200
2022-02-09,MWG,64.63,65.2,64.49,64.96,1207000
2022-02-09,VNINDEX,1500.78,1511.72,1499.53,1505.38,754188100
2022-02-10,FPT,45.76,46.06,45.16,46.06,974900
2022-02-10,HPG,24.22,24.48,23.87,24.02,23598200
2022-02-10,MWG,64.96,65.06,63.78,64.63,902700
2022-02-10,VNINDEX,1510.66,1512.88,1495.7,1506.79,628938000
2022-02-11,FPT,45.96,46.26,45.76,45.86,641600
2022-02-11,HPG,23.82,24.28,23.66,24.1,17343300
2022-02-11,MWG,64.01,64.49,64.01,64.16,541500
2022-02-11,VNINDEX,1503.37,1508.54,1499.06,1501.71,577407200
2022-02-14,FPT,45.56,45.86,45.26,45.56,774100
2022-02-14,HPG,23.76,24.28,23.59,23.61,18246700
2022-02-14,MWG,63.49,64.01,62.59,62.59,957300
2022-02-14,VNINDEX,1485.75,1495.99,1471.96,1471.96,751563900
2022-02-15,FPT,45.56,45.91,45.31,45.61,655400
2022-02-15,HPG,23.61,23.79,23.2,23.51,15564400
2022-02-15,MWG,62.92,63.49,62.36,63.21,572400
2022-02-15,VNINDEX,1473.92,1495.56,1470.06,1492.75,572156100
2022-02-16,FPT,45.91,46.31,45.71,45.71,614200
2022-02-16,HPG,23.56,23.76,23.3,23.51,9350300
2022-02-16,MWG,63.64,63.64,62.4,63.02,562000
2022-02-16,VNINDEX,1499.03,1499.5,1486.68,1492.1,617187300
2022-02-17,FPT,46.01,46.46,45.56,46.46,853700
2022-02-17,HPG,23.51,23.89,23.51,23.76,11353300
2022-02-17,MWG,62.59,63.78,62.54,63.78,1031400
2022-02-17,VNINDEX,1492.56,1507.99,1492.49,1507.99,588111300
2022-02-18,FPT,46.21,46.31,45.91,46.16,618800
2022-02-18,HPG,23.61,24.35,23.53,24.05,21375700
2022-02-18,MWG,62.64,63.54,62.64,63.54,467800
2022-02-18,VNINDEX,1494.3,1507.29,1492.38,1504.84,672537800
2022-02-21,FPT,46.16,47.06,46.06,46.81,1386000
2022-02-21,HPG,24.07,24.28,23.79,23.84,12177300
2022-02-21,MWG,62.83,63.97,62.83,63.49,612100
2022-02-21,VNINDEX,1504.96,1516.63,1500.97,1510.84,737693400
2022-02-22,FPT,46.56,46.71,46.06,46.51,1158200
2022-02-22,HPG,23.66,23.82,23.36,23.71,17669600
2022-02-22,MWG,63.07,66.01,62.78,65.3,3272600
2022-02-22,VNINDEX,1497.46,1506.38,1484.81,1503.47,875383700
2022-02-23,FPT,46.36,47.01,46.36,46.56,973800
2022-02-23,HPG,23.84,24.12,23.64,23.87,12981100
2022-02-23,MWG,65.3,66.67,64.92,65.34,1609600
2022-02-23,VNINDEX,1509.42,1520.78,1507.37,1512.3,660165300
2022-02-24,FPT,46.56,46.81,45.06,46.06,1349600
2022-02-24,HPG,23.89,23.94,23.05,23.51,22445800
2022-02-24,MWG,64.96,65.3,64.25,64.87,1174200
2022-02-24,VNINDEX,1511.84,1513.25,1473.76,1494.85,976540200
2022-02-25,FPT,46.26,46.76,46.11,46.21,1059900
2022-02-25,HPG,23.56,23.69,23.46,23.46,12775700
2022-02-25,MWG,64.92,66.29,64.49,65.25,2690300
2022-02-25,VNINDEX,1504.37,1512.05,1498.89,1498.89,736050400
2022-02-28,FPT,46.21,46.81,46.21,46.71,1504600
2022-02-28,HPG,23.53,24.43,23.53,24.12,35200100
2022-02-28,MWG,64.73,65.44,64.25,64.49,1802000
2022-02-28,VNINDEX,1499.31,1502.36,1487.57,1490.13,693212400
2022-03-01,FPT,47.06,47.06,46.31,46.76,1101900
2022-03-01,HPG,24.38,24.58,23.94,23.97,23374000
2022-03-01,MWG,64.92,64.96,64.06,64.49,1210200
2022-03-01,VNINDEX,1493.41,1501.73,1491.48,1498.78,796368600
2022-03-02,FPT,46.56,46.76,46.41,46.61,1088900
2022-03-02,HPG,24.02,24.2,23.82,23.97,19896100
2022-03-02,MWG,64.39,64.39,63.54,63.78,1670200
2022-03-02,VNINDEX,1499.37,1500.41,1479.55,1485.52,914957200
2022-03-03,FPT,46.66,47.06,46.66,46.76,957600
2022-03-03,HPG,24.33,25.6,24.17,25.6,76236800
2022-03-03,MWG,64.01,64.73,63.35,64.73,1057800
2022-03-03,VNINDEX,1492.42,1505.0,1487.69,1505.0,902783400
2022-03-04,FPT,46.71,46.96,46.56,46.81,1343800
2022-03-04,HPG,26.06,26.22,25.45,25.45,33378900
2022-03-04,MWG,64.73,64.77,63.82,64.39,1073200
2022-03-04,VNINDEX,1506.79,1509.19,1501.39,1505.33,873323700
2022-03-07,FPT,46.61,47.01,46.16,46.96,1698000
2022-03-07,HPG,25.66,26.83,25.55,26.12,38456100
2022-03-07,MWG,63.78,64.01,63.54,63.64,1144500
2022-03-07,VNINDEX,1500.65,1505.32,1493.87,1499.05,941752700
2022-03-08,FPT,46.96,47.76,46.36,47.46,2227500
2022-03-08,HPG,25.86,26.17,25.27,25.27,40509400
2022-03-08,MWG,63.54,63.78,62.78,63.64,1996900
2022-03-08,VNINDEX,1487.37,1499.05,1473.71,1473.71,910692600
2022-03-09,FPT,47.36,48.31,47.36,47.81,2204000
2022-03-09,HPG,25.55,25.71,24.96,25.48,34775200
2022-03-09,MWG,63.59,63.59,62.83,63.44,1148900
2022-03-09,VNINDEX,1478.16,1482.86,1462.8,1473.74,888352600
2022-03-10,FPT,48.21,48.21,47.36,47.36,778700
2022-03-10,HPG,25.55,25.6,25.09,25.12,26828300
2022-03-10,MWG,63.54,63.54,62.88,63.3,883000
2022-03-10,VNINDEX,1476.76,1488.59,1476.76,1479.08,629092200
2022-03-11,FPT,47.31,47.36,46.41,46.66,1139000
2022-03-11,HPG,25.14,25.2,23.94,24.33,44340200
2022-03-11,MWG,63.26,63.26,62.59,63.07,653000
2022-03-11,VNINDEX,1478.23,1480.29,1458.88,1466.54,855643700
2022-03-14,FPT,46.56,46.56,45.31,45.96,1943000
2022-03-14,HPG,24.17,24.63,23.41,23.41,33845300
2022-03-14,MWG,62.64,62.97,61.41,62.45,1226700
2022-03-14,VNINDEX,1459.28,1466.54,1439.19,1446.25,815892100
2022-03-15,FPT,45.96,45.96,44.96,45.56,1872000
2022-03-15,HPG,23.48,23.87,23.23,23.59,20864200
2022-03-15,MWG,61.98,62.31,61.17,62.31,1005300
2022-03-15,VNINDEX,1445.05,1453.07,1437.27,1452.74,641644500
2022-03-16,FPT,45.61,46.21,45.31,45.86,1139600
2022-03-16,HPG,23.97,24.1,23.61,23.61,11418800
2022-03-16,MWG,62.21,62.59,61.64,62.31,1054600
2022-03-16,VNINDEX,1459.97,1462.98,1453.91,1459.33,544662700
2022-03-17,FPT,45.96,46.41,45.81,46.06,1180600
2022-03-17,HPG,23.82,23.87,23.46,23.48,14957700
2022-03-17,MWG,62.5,62.59,62.02,62.02,691400
2022-03-17,VNINDEX,1466.56,1467.74,1459.14,1461.34,683175800
2022-03-18,FPT,46.56,48.36,46.56,47.61,2815100
2022-03-18,HPG,23.61,23.94,23.53,23.76,17727600
2022-03-18,MWG,62.02,62.5,62.02,62.4,791100
2022-03-18,VNINDEX,1466.14,1474.86,1465.57,1469.1,745610800
2022-03-21,FPT,47.66,48.06,47.56,47.71,1560700
2022-03-21,HPG,23.87,24.12,23.71,23.94,19313200
2022-03-21,MWG,62.59,63.97,62.36,63.97,921700
2022-03-21,VNINDEX,1474.78,1494.95,1469.1,1494.95,727377200
2022-03-22,FPT,48.06,48.56,47.76,48.26,2079200
2022-03-22,HPG,23.97,23.99,23.66,23.97,22965400
2022-03-22,MWG,64.01,64.49,63.35,64.11,1046000
2022-03-22,VNINDEX,1500.08,1507.71,1498.48,1503.78,905037000
2022-03-23,FPT,48.31,48.81,48.06,48.31,1975800
2022-03-23,HPG,24.12,24.25,23.92,23.92,17291200
2022-03-23,MWG,63.87,64.68,63.82,64.01,794300
2022-03-23,VNINDEX,1505.76,1513.9,1501.67,1502.34,788727300
2022-03-24,FPT,48.06,48.66,47.71,48.06,1823700
2022-03-24,HPG,24.02,24.02,23.69,23.71,14927500
2022-03-24,MWG,64.01,64.01,63.07,63.54,913200
2022-03-24,VNINDEX,1504.3,1505.39,1495.18,1498.26,753772900
2022-03-25,FPT,48.11,48.31,47.86,47.91,1228100
2022-03-25,HPG,23.79,23.99,23.61,23.71,13444600
2022-03-25,MWG,63.87,66.58,63.4,65.86,3782700
2022-03-25,VNINDEX,1500.17,1503.29,1494.55,1498.5,724086800
2022-03-28,FPT,47.81,49.42,47.66,49.12,3501600
2022-03-28,HPG,23.56,23.94,23.41,23.46,19505200
2022-03-28,MWG,66.01,68.33,65.86,68.28,3833100
2022-03-28,VNINDEX,1490.44,1496.79,1473.8,1483.18,988930700
2022-03-29,FPT,49.36,52.52,49.36,52.52,8224300
2022-03-29,HPG,23.61,23.64,23.41,23.43,12986000
2022-03-29,MWG,68.99,70.8,68.28,69.47,2341100
2022-03-29,VNINDEX,1485.22,1498.45,1485.22,1497.76,687922600
2022-03-30,FPT,52.97,53.72,52.32,53.07,2830700
2022-03-30,HPG,23.41,23.71,23.2,23.25,15726700
2022-03-30,MWG,68.99,69.66,66.43,68.47,1692600
2022-03-30,VNINDEX,1492.15,1503.89,1483.9,1490.51,880911900
2022-03-31,FPT,52.82,55.37,52.37,53.57,3472300
2022-03-31,HPG,23.33,23.48,22.9,23.05,18892300
2022-03-31,MWG,68.28,70.42,67.57,69.14,1798700
2022-03-31,VNINDEX,1492.5,1498.41,1488.27,1492.15,633286300
2022-04-01,FPT,53.52,55.57,53.12,55.57,4317300
2022-04-01,HPG,23.0,23.51,22.74,23.36,19701900
2022-04-01,MWG,69.94,73.97,69.75,73.97,4130400
2022-04-01,VNINDEX,1489.47,1516.87,1484.13,1516.44,881661100
2022-04-04,FPT,56.82,56.82,54.72,54.72,2687800
2022-04-04,HPG,23.51,23.66,23.38,23.43,12156300
2022-04-04,MWG,75.16,75.25,73.5,73.5,1401900
2022-04-04,VNINDEX,1530.02,1530.95,1522.82,1524.7,734587100
2022-04-05,FPT,54.62,55.87,54.57,54.57,1863900
2022-04-05,HPG,23.51,23.71,23.48,23.56,12124200
2022-04-05,MWG,72.79,74.26,72.55,73.59,1260100
2022-04-05,VNINDEX,1521.37,1527.57,1519.28,1520.03,663110500
2022-04-06,FPT,54.27,57.08,54.27,56.57,4179000
2022-04-06,HPG,23.51,24.51,23.51,24.15,29707400
2022-04-06,MWG,73.02,76.82,72.74,75.3,2980900
2022-04-06,VNINDEX,1513.17,1523.75,1507.62,1522.9,912695000
2022-04-07,FPT,56.92,58.53,56.12,56.72,3915200
2022-04-07,HPG,24.28,24.33,23.79,23.79,14512900
2022-04-07,MWG,75.77,75.92,72.83,73.5,3100900
2022-04-07,VNINDEX,1524.12,1524.92,1502.35,1502.35,763664700
2022-04-08,FPT,56.72,57.02,54.32,54.32,4069700
2022-04-08,HPG,23.89,24.05,23.69,23.71,13738800
2022-04-08,MWG,73.5,73.5,71.13,71.13,2207100
2022-04-08,VNINDEX,1501.61,1507.73,1482.0,1482.0,741103600
2022-04-12,FPT,54.57,55.82,53.37,54.97,3162100
2022-04-12,HPG,23.76,23.76,23.02,23.05,18233500
2022-04-12,MWG,71.13,72.41,69.23,72.41,2644500
2022-04-12,VNINDEX,1487.86,1490.58,1455.25,1455.25,656188800
2022-04-13,FPT,55.07,57.63,54.97,57.63,3322800
2022-04-13,HPG,23.15,23.23,22.84,23.1,12712600
2022-04-13,MWG,71.6,74.45,71.36,74.07,3406000
2022-04-13,VNINDEX,1459.48,1477.2,1448.52,1477.2,636344500
2022-04-14,FPT,57.68,59.53,57.68,58.38,3529400
2022-04-14,HPG,23.15,23.28,22.95,22.95,12038800
2022-04-14,MWG,74.07,77.2,73.5,75.63,2925900
2022-04-14,VNINDEX,1481.5,1484.34,1471.75,1472.12,498914000
2022-04-15,FPT,57.63,59.03,57.08,57.58,3121400
2022-04-15,HPG,23.0,23.0,22.56,22.59,18378500
2022-04-15,MWG,74.68,76.77,74.54,75.96,2339800
2022-04-15,VNINDEX,1470.53,1478.95,1456.39,1458.56,639722900
2022-04-18,FPT,57.58,59.38,57.08,57.83,3356100
2022-04-18,HPG,22.51,22.77,21.8,21.8,23186000
2022-04-18,MWG,76.34,76.82,75.44,75.96,2616900
2022-04-18,VNINDEX,1456.47,1456.47,1425.07,1432.6,790646000
2022-04-19,FPT,58.33,58.58,56.07,56.07,4731000
2022-04-19,HPG,21.98,22.44,21.92,22.13,19054800
2022-04-19,MWG,75.73,76.39,73.5,73.97,3285000
2022-04-19,VNINDEX,1435.78,1442.04,1406.45,1406.45,666337000
2022-04-20,FPT,56.07,56.57,54.87,56.07,3295000
2022-04-20,HPG,22.23,22.49,22.03,22.08,13236800
2022-04-20,MWG,73.54,75.58,72.93,73.97,1900700
2022-04-20,VNINDEX,1401.63,1410.64,1384.72,1384.72,652803300
2022-04-21,FPT,55.67,58.03,55.67,56.07,4068500
2022-04-21,HPG,21.98,22.54,21.52,22.16,17812100
2022-04-21,MWG,73.12,74.68,72.88,73.74,2304500
2022-04-21,VNINDEX,1369.8,1392.33,1356.58,1370.21,741348500
2022-04-22,FPT,56.32,57.02,53.07,55.62,5708900
2022-04-22,HPG,22.49,22.51,21.64,22.38,12698000
2022-04-22,MWG,74.26,74.45,68.8,73.88,4049300
2022-04-22,VNINDEX,1378.28,1392.89,1352.43,1379.23,799750600
2022-04-25,FPT,55.12,55.52,51.77,51.77,4605900
2022-04-25,HPG,22.38,22.38,20.83,20.83,29055100
2022-04-25,MWG,73.02,73.64,68.71,68.71,3711100
2022-04-25,VNINDEX,1377.75,1382.13,1298.38,1310.92,696873600
2022-04-26,FPT,50.17,52.57,48.56,52.22,5431400
2022-04-26,HPG,20.52,21.16,20.24,21.06,23280100
2022-04-26,MWG,66.86,71.55,65.91,70.56,2718900
2022-04-26,VNINDEX,1285.4,1341.34,1261.4,1341.34,673169600
2022-04-27,FPT,51.32,52.07,50.32,51.57,2529700
2022-04-27,HPG,21.06,21.92,21.0,21.72,18780400
2022-04-27,MWG,69.23,69.94,67.81,69.8,1718600
2022-04-27,VNINDEX,1340.07,1355.92,1314.81,1353.77,485406800
2022-04-28,FPT,51.52,53.47,51.32,52.82,2530400
2022-04-28,HPG,21.72,22.21,21.72,22.03,13611800
2022-04-28,MWG,69.94,70.65,68.66,68.76,1526100
2022-04-28,VNINDEX,1353.71,1358.07,1344.17,1350.99,458334600
2022-04-29,FPT,52.57,53.62,52.17,52.57,3991500
2022-04-29,HPG,21.92,22.18,21.9,22.13,12347800
2022-04-29,MWG,68.85,71.13,68.85,70.75,1739800
2022-04-29,VNINDEX,1350.77,1369.31,1343.24,1366.8,532838100
2022-05-04,FPT,52.52,53.02,52.12,52.32,1598400
2022-05-04,HPG,22.13,22.13,21.46,21.46,14901300
2022-05-04,MWG,71.13,71.84,70.42,70.89,1151100
2022-05-04,VNINDEX,1366.11,1366.39,1348.68,1348.68,498884800
2022-05-05,FPT,52.37,52.82,51.02,52.42,2194900
2022-05-05,HPG,21.77,21.77,21.21,21.49,13817300
2022-05-05,MWG,71.36,71.36,68.8,70.84,1168700
2022-05-05,VNINDEX,1361.62,1362.18,1331.41,1360.68,510234300
2022-05-06,FPT,51.22,52.07,50.17,50.17,2430900
2022-05-06,HPG,21.16,21.98,21.16,21.36,15010600
2022-05-06,MWG,69.47,70.61,69.28,69.52,1085500
2022-05-06,VNINDEX,1336.05,1350.09,1328.13,1329.26,510678900
2022-05-09,FPT,49.22,49.56,47.06,47.06,4499100
2022-05-09,HPG,21.21,21.41,20.42,20.42,26283600
2022-05-09,MWG,68.38,68.42,64.68,64.68,2693800
2022-05-09,VNINDEX,1312.5,1314.52,1265.54,1269.62,627609200
2022-05-10,FPT,47.06,49.46,46.06,49.26,2816700
2022-05-10,HPG,20.19,21.0,19.78,21.0,19440000
2022-05-10,MWG,64.01,66.43,63.07,66.43,1818800
2022-05-10,VNINDEX,1262.03,1293.56,1232.57,1293.56,600766800
2022-05-11,FPT,49.06,51.02,48.46,51.02,1667700
2022-05-11,HPG,20.95,21.11,20.72,20.78,9559800
2022-05-11,MWG,66.48,66.86,65.06,66.86,1167000
2022-05-11,VNINDEX,1293.56,1305.17,1277.91,1301.53,380880400
2022-05-12,FPT,49.72,51.02,47.56,47.86,2591500
2022-05-12,HPG,20.75,20.78,19.55,19.55,25252600
2022-05-12,MWG,66.34,66.34,63.73,63.73,1705600
2022-05-12,VNINDEX,1290.04,1291.65,1238.05,1238.84,516642600
2022-05-13,FPT,48.11,49.56,46.61,46.86,4103700
2022-05-13,HPG,19.5,19.7,18.27,18.35,42997700
2022-05-13,MWG,63.73,64.06,59.32,59.32,2746800
2022-05-13,VNINDEX,1234.82,1237.8,1180.6,1182.77,736096200
2022-05-16,FPT,48.81,48.81,46.66,46.66,1740900
2022-05-16,HPG,18.93,19.16,18.55,18.55,29389700
2022-05-16,MWG,62.83,62.83,57.47,58.32,1334500
2022-05-16,VNINDEX,1208.29,1215.96,1170.59,1171.95,551353400
2022-05-17,FPT,46.56,49.92,46.31,49.92,2045800
2022-05-17,HPG,18.5,19.52,18.4,19.52,23415100
2022-05-17,MWG,59.22,62.4,57.85,62.4,1055800
2022-05-17,VNINDEX,1163.43,1228.37,1156.54,1228.37,542868100
2022-05-18,FPT,49.92,50.12,48.81,48.91,1934400
2022-05-18,HPG,19.62,19.78,19.34,19.52,16073200
2022-05-18,MWG,62.45,63.4,61.55,63.3,805600
2022-05-18,VNINDEX,1240.06,1249.84,1222.92,1240.76,514538800
2022-05-19,FPT,47.61,48.91,47.61,48.56,1228600
2022-05-19,HPG,19.06,19.47,18.83,19.37,16040000
2022-05-19,MWG,61.64,63.3,61.31,63.07,839200
2022-05-19,VNINDEX,1210.43,1246.66,1210.43,1241.64,459858400
2022-05-20,FPT,48.91,49.52,48.56,48.81,1410400
2022-05-20,HPG,19.27,19.32,19.04,19.24,13929400
2022-05-20,MWG,62.83,64.39,62.59,63.54,869200
2022-05-20,VNINDEX,1240.72,1252.96,1232.33,1240.71,465793600
2022-05-23,FPT,49.16,49.16,48.11,48.31,1136900
2022-05-23,HPG,19.4,19.52,18.55,18.78,10178900
2022-05-23,MWG,64.01,64.01,61.64,62.02,542100
2022-05-23,VNINDEX,1246.56,1246.58,1207.99,1218.81,488979100
2022-05-24,FPT,48.31,49.16,48.06,49.16,1384700
2022-05-24,HPG,18.78,18.91,17.48,17.84,42201300
2022-05-24,MWG,62.07,63.07,61.55,63.07,577700
2022-05-24,VNINDEX,1218.79,1233.38,1203.28,1233.38,479498700
2022-05-25,FPT,49.82,52.57,49.42,52.57,3770800
2022-05-25,HPG,17.63,17.86,16.89,17.61,39418000
2022-05-25,MWG,63.73,67.1,63.54,65.91,1558000
2022-05-25,VNINDEX,1238.52,1268.43,1234.17,1268.43,616951500
2022-05-26,FPT,52.67,53.62,52.37,52.87,1426400
2022-05-26,HPG,17.89,18.19,17.66,17.89,16225800
2022-05-26,MWG,66.39,66.62,64.49,65.91,716100
2022-05-26,VNINDEX,1271.01,1278.11,1261.55,1268.57,514352700
2022-05-27,FPT,52.87,56.07,52.82,55.97,3878400
2022-05-27,HPG,17.89,18.35,17.78,18.12,17591900
2022-05-27,MWG,66.01,69.66,66.01,69.56,2550700
2022-05-27,VNINDEX,1270.56,1286.99,1269.29,1285.45,578174500
2022-05-30,FPT,55.62,56.27,54.67,55.72,2496900
2022-05-30,HPG,18.14,18.32,18.04,18.12,15054500
2022-05-30,MWG,69.56,69.94,68.0,68.85,1262200
2022-05-30,VNINDEX,1287.21,1296.22,1281.27,1293.92,499452600
2022-05-31,FPT,55.72,55.72,53.82,55.02,2157000
2022-05-31,HPG,18.07,18.07,17.63,17.73,18840200
2022-05-31,MWG,68.85,68.85,67.81,68.71,739500
2022-05-31,VNINDEX,1293.26,1297.64,1280.44,1292.68,543596100
2022-06-01,FPT,55.02,56.52,54.97,55.97,2036500
2022-06-01,HPG,17.63,17.78,17.27,17.56,21644600
2022-06-01,MWG,68.71,69.7,68.28,68.99,1058700
2022-06-01,VNINDEX,1289.56,1302.25,1286.01,1299.52,505619500
2022-06-02,FPT,56.47,57.48,55.62,55.82,2292800
2022-06-02,HPG,17.38,17.53,16.89,16.94,25380600
2022-06-02,MWG,69.47,71.36,68.99,70.04,1806000
2022-06-02,VNINDEX,1300.66,1302.66,1283.32,1288.62,527933000
2022-06-03,FPT,55.82,57.08,55.52,57.08,1755900
2022-06-03,HPG,17.02,17.38,16.99,17.07,14709900
2022-06-03,MWG,70.04,73.17,70.04,72.64,1668100
2022-06-03,VNINDEX,1288.15,1292.78,1276.37,1287.98,393832200
2022-06-06,FPT,57.08,58.08,56.07,56.57,2558200
2022-06-06,HPG,17.45,17.5,16.92,17.02,17769400
2022-06-06,MWG,73.02,74.21,73.02,73.36,1887900
2022-06-06,VNINDEX,1289.44,1302.14,1281.95,1290.01,541562900
2022-06-07,FPT,56.42,57.88,54.37,57.88,3908000
2022-06-07,HPG,17.02,17.15,16.69,16.97,19376400
2022-06-07,MWG,73.5,73.5,71.11,73.02,1845100
2022-06-07,VNINDEX,1285.07,1291.35,1260.92,1291.35,625987600
2022-06-08,FPT,58.23,58.88,57.32,57.58,2660400
2022-06-08,HPG,17.02,17.1,16.74,16.81,24841800
2022-06-08,MWG,73.64,75.36,73.21,73.21,2076800
2022-06-08,VNINDEX,1297.56,1316.78,1294.27,1307.91,543305900
2022-06-09,FPT,57.83,58.03,56.72,57.73,1706300
2022-06-09,HPG,16.81,17.66,16.74,17.27,26979900
2022-06-09,MWG,73.21,73.98,72.21,72.93,1131100
2022-06-09,VNINDEX,1310.11,1312.44,1300.85,1307.8,436340700
2022-06-10,FPT,56.78,57.42,55.07,55.07,2972500
2022-06-10,HPG,17.27,17.5,17.17,17.17,15182300
2022-06-10,MWG,73.5,73.98,71.59,71.59,1940500
2022-06-10,VNINDEX,1298.78,1309.59,1284.08,1284.08,561068400
2022-06-13,FPT,53.37,55.07,52.16,52.28,3393300
2022-06-13,HPG,16.86,17.12,16.2,16.25,21236000
2022-06-13,MWG,69.2,70.4,66.82,66.82,3229000
2022-06-13,VNINDEX,1251.08,1261.54,1226.01,1227.04,709415500
2022-06-14,FPT,52.16,54.53,51.86,54.04,2308300
2022-06-14,HPG,16.1,16.12,15.43,15.48,28438400
2022-06-14,MWG,66.1,68.87,65.86,68.49,1606100
2022-06-14,VNINDEX,1213.44,1239.36,1211.13,1230.31,519177100
2022-06-15,FPT,54.95,54.95,53.37,54.89,1762600
2022-06-15,HPG,15.38,15.79,14.74,15.02,28702400
2022-06-15,MWG,69.2,70.49,68.73,70.49,2560200
2022-06-15,VNINDEX,1231.35,1235.56,1195.19,1213.93,626914600
2022-06-16,FPT,55.19,56.89,54.71,55.8,2517500
2022-06-16,HPG,15.41,16.02,15.28,15.84,33385900
2022-06-16,MWG,75.36,75.36,74.02,75.36,6038900
2022-06-16,VNINDEX,1226.96,1246.32,1223.0,1236.63,522295400
2022-06-17,FPT,54.77,56.16,53.98,55.8,2321400
2022-06-17,HPG,15.84,15.88,14.83,15.67,30237200
2022-06-17,MWG,75.36,75.36,72.78,74.12,3500500
2022-06-17,VNINDEX,1209.74,1220.41,1191.92,1217.3,684022500
2022-06-20,FPT,56.71,57.32,55.38,55.8,2483900
2022-06-20,HPG,15.37,15.54,14.59,14.59,37272900
2022-06-20,MWG,74.4,74.4,70.21,70.49,4483400
2022-06-20,VNINDEX,1218.37,1221.6,1180.4,1180.4,620002900
2022-06-21,FPT,56.04,56.71,53.98,54.04,2460200
2022-06-21,HPG,14.42,14.53,13.85,14.05,39935100
2022-06-21,MWG,71.54,72.31,67.73,70.11,3368300
2022-06-21,VNINDEX,1172.74,1189.97,1162.94,1172.47,607711900
2022-06-22,FPT,54.47,54.83,51.19,51.25,2971400
2022-06-22,HPG,14.09,14.86,14.09,14.53,21442500
2022-06-22,MWG,72.11,72.11,66.01,66.58,3815800
2022-06-22,VNINDEX,1180.11,1185.86,1162.98,1169.27,529135300
2022-06-23,FPT,50.95,52.65,50.77,51.86,2022500
2022-06-23,HPG,14.53,14.76,14.53,14.73,6926200
2022-06-23,MWG,66.77,70.11,66.58,69.16,4908000
2022-06-23,VNINDEX,1162.06,1188.88,1162.06,1188.88,380442900
2022-06-24,FPT,52.22,53.25,51.86,51.86,902400
2022-06-24,HPG,14.76,15.2,14.66,14.73,12828800
2022-06-24,MWG,70.11,70.11,68.11,68.58,2716400
2022-06-24,VNINDEX,1190.69,1196.85,1185.48,1185.48,410876800
2022-06-27,FPT,52.4,53.31,52.1,52.46,1254800
2022-06-27,HPG,14.86,15.47,14.42,15.47,20739600
2022-06-27,MWG,68.39,69.16,67.82,68.2,3160200
2022-06-27,VNINDEX,1185.48,1203.51,1185.48,1202.82,429735700
2022-06-28,FPT,54.28,54.71,52.89,54.4,2296600
2022-06-28,HPG,15.44,15.44,15.03,15.2,17838300
2022-06-28,MWG,67.73,69.54,67.73,69.44,4121400
2022-06-28,VNINDEX,1202.41,1221.74,1198.99,1218.1,534186600
2022-06-29,FPT,53.92,54.59,53.5,54.59,1182600
2022-06-29,HPG,15.07,15.64,14.93,15.37,20190300
2022-06-29,MWG,69.44,70.59,67.82,69.63,3154200
2022-06-29,VNINDEX,1208.22,1219.58,1207.38,1218.09,519299900
2022-06-30,FPT,54.28,54.53,52.28,52.28,1506500
2022-06-30,HPG,15.47,15.81,15.07,15.07,19950600
2022-06-30,MWG,69.73,69.73,67.92,68.2,2401100
2022-06-30,VNINDEX,1218.85,1220.51,1197.6,1197.6,471576000
2022-07-01,FPT,52.77,53.86,51.43,53.37,1696500
2022-07-01,HPG,15.07,15.27,14.56,15.13,15200000
2022-07-01,MWG,68.3,68.3,65.63,67.06,3285200
2022-07-01,VNINDEX,1193.09,1202.41,1170.95,1198.9,498479000
2022-07-04,FPT,53.68,53.68,52.16,52.59,1005500
2022-07-04,HPG,15.3,15.3,14.86,14.86,12443200
2022-07-04,MWG,66.77,66.87,63.53,64.67,5181500
2022-07-04,VNINDEX,1206.47,1208.96,1192.63,1195.53,403314600
2022-07-05,FPT,53.25,53.25,51.8,51.8,1395600
2022-07-05,HPG,14.93,15.1,14.69,14.8,15093400
2022-07-05,MWG,64.67,64.67,61.05,62.48,3983400
2022-07-05,VNINDEX,1198.59,1200.99,1181.29,1181.29,559493000
2022-07-06,FPT,51.01,52.1,50.64,50.64,2232400
2022-07-06,HPG,14.66,15.03,14.39,14.49,18233600
2022-07-06,MWG,62.48,63.24,61.05,61.05,2398000
2022-07-06,VNINDEX,1167.25,1175.26,1147.63,1149.61,511773800
2022-07-07,FPT,50.89,51.31,50.4,50.4,1286300
2022-07-07,HPG,14.49,14.69,14.46,14.69,10828000
2022-07-07,MWG,61.14,62.0,60.95,61.05,1590000
2022-07-07,VNINDEX,1148.33,1166.48,1142.8,1166.48,362816600
2022-07-08,FPT,50.89,50.95,50.4,50.7,910400
2022-07-08,HPG,14.86,15.24,14.86,15.17,19504900
2022-07-08,MWG,61.72,63.43,61.43,62.0,2586800
2022-07-08,VNINDEX,1174.53,1177.18,1164.23,1171.31,437189300
2022-07-11,FPT,51.31,51.31,50.22,50.22,998100
2022-07-11,HPG,15.13,15.3,14.83,14.9,12476400
2022-07-11,MWG,61.81,61.91,61.05,61.53,1370100
2022-07-11,VNINDEX,1165.6,1165.6,1144.55,1155.29,488732000
2022-07-12,FPT,50.22,50.64,50.16,50.64,602800
2022-07-12,HPG,14.9,15.2,14.83,15.07,12146500
2022-07-12,MWG,61.81,61.81,61.05,61.43,1606300
2022-07-12,VNINDEX,1154.4,1174.82,1153.55,1174.82,475429100
2022-07-13,FPT,50.95,50.95,50.04,50.04,1140700
2022-07-13,HPG,15.0,15.4,14.96,15.07,17855700
2022-07-13,MWG,61.05,61.24,59.05,60.67,3099000
2022-07-13,VNINDEX,1173.46,1182.21,1170.92,1173.92,522379700
2022-07-14,FPT,50.22,50.64,49.86,50.22,891300
2022-07-14,HPG,15.0,15.13,14.93,15.0,12520300
2022-07-14,MWG,60.0,61.05,59.43,59.71,2134700
2022-07-14,VNINDEX,1170.7,1182.17,1170.04,1182.17,490512400
2022-07-15,FPT,50.95,50.95,49.86,49.86,1382300
2022-07-15,HPG,15.1,15.88,15.1,15.67,47697200
2022-07-15,MWG,59.9,60.29,58.66,58.66,3080300
2022-07-15,VNINDEX,1183.43,1189.66,1178.12,1179.25,543854200
2022-07-18,FPT,50.22,51.25,49.92,50.34,1264900
2022-07-18,HPG,15.67,15.74,15.2,15.27,19929000
2022-07-18,MWG,58.66,60.0,57.42,58.19,2540800
2022-07-18,VNINDEX,1184.74,1184.93,1174.7,1176.49,480514500
2022-07-19,FPT,50.28,50.34,49.86,50.34,1185400
2022-07-19,HPG,15.2,15.27,14.93,14.96,16276900
2022-07-19,MWG,58.38,58.38,56.76,57.23,2118000
2022-07-19,VNINDEX,1176.48,1180.46,1168.99,1178.33,479006800
2022-07-20,FPT,51.56,52.1,50.95,51.49,2848900
2022-07-20,HPG,15.1,15.37,15.07,15.1,16893100
2022-07-20,MWG,56.47,60.1,55.52,58.38,7377800
2022-07-20,VNINDEX,1188.51,1198.63,1185.82,1194.14,601098600
2022-07-21,FPT,52.1,52.1,51.25,51.56,1804200
2022-07-21,HPG,15.1,15.54,15.07,15.34,23043400
2022-07-21,MWG,58.38,61.53,58.38,61.14,5004300
2022-07-21,VNINDEX,1194.89,1201.91,1194.89,1198.47,500949000
2022-07-22,FPT,52.4,52.46,51.62,51.62,1307200
2022-07-22,HPG,15.34,15.4,15.0,15.0,16642200
2022-07-22,MWG,61.91,63.72,61.24,61.53,5454700
2022-07-22,VNINDEX,1199.65,1202.69,1194.76,1194.76,448428100
2022-07-25,FPT,52.77,52.77,51.62,51.8,2245900
2022-07-25,HPG,15.0,15.07,14.73,14.8,20722100
2022-07-25,MWG,61.81,62.77,59.81,60.38,4019200
2022-07-25,VNINDEX,1191.43,1198.16,1184.32,1188.5,410066000
2022-07-26,FPT,52.16,52.16,51.43,51.43,1128800
2022-07-26,HPG,14.73,14.86,14.59,14.63,26378200
2022-07-26,MWG,60.95,60.95,59.9,60.1,1808800
2022-07-26,VNINDEX,1189.42,1194.15,1184.44,1185.07,388328300
2022-07-27,FPT,51.31,51.68,51.19,51.68,771100
2022-07-27,HPG,14.49,14.53,14.22,14.36,28601000
2022-07-27,MWG,57.33,60.1,57.33,59.24,1866300
2022-07-27,VNINDEX,1184.74,1191.04,1178.58,1191.04,387799200
2022-07-28,FPT,51.68,52.04,50.4,51.49,1664800
2022-07-28,HPG,14.53,14.66,14.36,14.46,23510500
2022-07-28,MWG,60.1,60.1,59.14,59.14,1950500
2022-07-28,VNINDEX,1191.19,1214.03,1191.19,1208.12,620546700
2022-07-29,FPT,51.62,51.68,50.64,50.64,1941800
2022-07-29,HPG,14.59,14.83,14.53,14.53,20587600
2022-07-29,MWG,59.52,59.52,58.19,58.19,3375000
2022-07-29,VNINDEX,1214.48,1217.84,1206.33,1206.33,537058300
2022-08-01,FPT,50.95,51.07,50.4,50.95,1815100
2022-08-01,HPG,14.66,15.44,14.59,15.4,38143900
2022-08-01,MWG,58.19,59.05,57.23,58.47,3256100
2022-08-01,VNINDEX,1206.46,1231.35,1206.46,1231.35,681871300
2022-08-02,FPT,50.95,51.62,50.64,51.56,1879700
2022-08-02,HPG,15.47,15.64,15.34,15.47,27729900
2022-08-02,MWG,58.95,59.62,58.47,59.14,2121500
2022-08-02,VNINDEX,1230.34,1241.91,1224.11,1241.62,734388200
2022-08-03,FPT,51.56,51.68,51.07,51.43,2249500
2022-08-03,HPG,15.34,16.11,15.27,16.05,58846000
2022-08-03,MWG,59.14,59.33,58.47,58.95,2660300
2022-08-03,VNINDEX,1233.86,1250.2,1232.41,1249.76,702358600
2022-08-04,FPT,51.62,52.52,51.49,52.22,3046800
2022-08-04,HPG,16.15,16.18,15.88,15.98,30031900
2022-08-04,MWG,59.33,60.1,59.24,59.81,4344000
2022-08-04,VNINDEX,1252.49,1257.38,1247.38,1254.15,655935800
2022-08-05,FPT,52.22,52.89,51.92,52.04,1773100
2022-08-05,HPG,15.81,15.98,15.64,15.74,42516600
2022-08-05,MWG,60.0,60.57,59.71,59.81,2712000
2022-08-05,VNINDEX,1250.25,1253.75,1245.05,1252.74,604391400
2022-08-08,FPT,52.1,52.4,51.74,52.16,1586800
2022-08-08,HPG,15.81,16.15,15.74,15.94,30365700
2022-08-08,MWG,59.81,60.0,59.43,60.0,2490100
2022-08-08,VNINDEX,1252.36,1258.84,1252.04,1256.75,634015600
2022-08-09,FPT,52.16,53.07,51.98,52.28,2320800
2022-08-09,HPG,16.15,16.42,15.98,16.28,48222600
2022-08-09,MWG,60.19,60.67,60.0,60.38,2806100
2022-08-09,VNINDEX,1256.75,1263.14,1252.84,1258.85,655262300
2022-08-10,FPT,52.34,52.59,52.16,52.16,1121400
2022-08-10,HPG,16.22,16.48,16.08,16.08,30124400
2022-08-10,MWG,60.38,61.34,60.1,60.67,1974900
2022-08-10,VNINDEX,1255.69,1260.36,1253.89,1256.5,584384800
2022-08-11,FPT,52.28,52.65,51.98,52.16,1852800
2022-08-11,HPG,16.25,16.32,15.74,15.81,34352700
2022-08-11,MWG,61.05,61.24,59.62,60.1,2719100
2022-08-11,VNINDEX,1261.91,1268.03,1245.85,1252.07,765336500
2022-08-12,FPT,51.98,52.46,51.98,52.46,1243100
2022-08-12,HPG,15.74,16.25,15.71,16.18,33797300
2022-08-12,MWG,60.0,60.76,59.33,60.1,2419300
2022-08-12,VNINDEX,1250.76,1262.33,1248.65,1262.33,508817800
2022-08-15,FPT,52.52,54.04,52.52,53.92,3085000
2022-08-15,HPG,16.28,16.35,16.08,16.22,31513400
2022-08-15,MWG,60.38,62.0,60.1,62.0,4433600
2022-08-15,VNINDEX,1268.56,1274.24,1268.02,1274.2,585580500
2022-08-16,FPT,53.92,54.22,53.44,53.8,1382800
2022-08-16,HPG,16.22,16.69,16.22,16.59,65490300
2022-08-16,MWG,62.0,63.91,62.0,62.96,3910700
2022-08-16,VNINDEX,1274.18,1275.93,1271.11,1274.69,572322300
2022-08-17,FPT,53.98,54.04,53.37,53.56,1506200
2022-08-17,HPG,16.62,16.65,16.32,16.42,27443900
2022-08-17,MWG,62.96,63.34,62.0,62.0,2518800
2022-08-17,VNINDEX,1276.76,1280.61,1271.97,1275.28,644581600
2022-08-18,FPT,53.31,54.4,53.31,53.56,2552900
2022-08-18,HPG,16.28,16.45,16.25,16.32,23215100
2022-08-18,MWG,62.0,62.77,60.95,61.53,4073800
2022-08-18,VNINDEX,1273.45,1283.15,1268.64,1273.66,558424300
2022-08-19,FPT,53.37,53.68,52.28,52.71,1957600
2022-08-19,HPG,16.28,16.38,15.98,16.05,31457200
2022-08-19,MWG,61.53,62.38,60.19,61.14,2276400
2022-08-19,VNINDEX,1272.04,1280.0,1263.45,1269.18,568209800
2022-08-22,FPT,52.52,52.95,52.1,52.65,1634000
2022-08-22,HPG,15.98,16.05,15.64,15.78,23798700
2022-08-22,MWG,61.62,63.82,61.53,63.43,5855600
2022-08-22,VNINDEX,1268.52,1270.57,1255.83,1260.43,566785900
2022-08-23,FPT,52.22,52.77,52.22,52.77,1085700
2022-08-23,HPG,15.61,15.98,15.61,15.98,16687400
2022-08-23,MWG,62.86,64.67,62.86,63.82,4014500
2022-08-23,VNINDEX,1253.45,1270.81,1253.45,1270.81,520796300
2022-08-24,FPT,53.07,53.26,52.83,52.89,1008000
2022-08-24,HPG,15.98,16.05,15.88,15.88,12125400
2022-08-24,MWG,63.82,64.1,63.24,63.72,2219300
2022-08-24,VNINDEX,1275.57,1280.36,1272.33,1277.16,519810800
2022-08-25,FPT,52.89,53.2,52.77,52.95,1143900
2022-08-25,HPG,16.05,16.25,15.94,16.11,18259100
2022-08-25,MWG,64.58,65.53,64.2,65.25,5153200
2022-08-25,VNINDEX,1279.45,1289.18,1279.45,1288.88,562124700
2022-08-26,FPT,53.01,53.87,52.95,53.5,1936600
2022-08-26,HPG,16.22,16.22,15.88,15.88,16469800
2022-08-26,MWG,65.53,69.73,65.53,68.87,10847500
2022-08-26,VNINDEX,1291.29,1295.12,1280.05,1282.57,614354500
2022-08-29,FPT,53.38,53.38,51.97,53.07,2228000
2022-08-29,HPG,15.57,15.71,15.3,15.54,32468000
2022-08-29,MWG,68.49,70.59,67.44,70.59,7689600
2022-08-29,VNINDEX,1271.56,1271.56,1249.17,1270.8,793997300
2022-08-30,FPT,53.07,53.38,52.77,53.01,1153200
2022-08-30,HPG,15.61,15.74,15.5,15.57,15309700
2022-08-30,MWG,71.06,71.54,69.54,69.92,4227200
2022-08-30,VNINDEX,1271.01,1287.65,1271.01,1279.39,473770000
2022-08-31,FPT,52.64,53.38,52.64,53.14,1173700
2022-08-31,HPG,15.54,15.64,15.37,15.54,14977400
2022-08-31,MWG,69.16,70.59,69.16,70.59,4620000
2022-08-31,VNINDEX,1276.65,1285.29,1274.99,1280.51,462420100
2022-09-05,FPT,53.07,53.2,52.71,52.89,1020900
2022-09-05,HPG,15.57,16.28,15.57,16.15,26282100
2022-09-05,MWG,70.49,70.49,69.16,69.16,2694200
2022-09-05,VNINDEX,1280.34,1285.7,1275.35,1277.35,466166300
2022-09-06,FPT,52.77,53.01,52.64,52.64,1171600
2022-09-06,HPG,16.22,16.35,15.91,15.91,15332900
2022-09-06,MWG,69.25,69.92,69.06,69.54,2599300
2022-09-06,VNINDEX,1279.58,1286.92,1277.4,1277.4,537987600
2022-09-07,FPT,52.46,52.71,51.54,51.54,2236400
2022-09-07,HPG,15.91,16.08,15.54,15.54,25025500
2022-09-07,MWG,69.25,69.44,67.34,67.44,5672100
2022-09-07,VNINDEX,1274.68,1275.07,1243.17,1243.17,796593600
2022-09-08,FPT,51.6,52.15,51.42,51.72,1135600
2022-09-08,HPG,15.67,15.84,15.47,15.61,20365500
2022-09-08,MWG,68.2,68.97,67.25,68.2,3748300
2022-09-08,VNINDEX,1251.22,1251.36,1234.6,1234.6,557779800
2022-09-09,FPT,51.91,52.15,51.72,51.72,1145400
2022-09-09,HPG,15.78,16.08,15.61,16.08,26048100
2022-09-09,MWG,68.68,69.06,67.54,68.68,2784800
2022-09-09,VNINDEX,1241.26,1248.78,1228.54,1248.78,542039800
2022-09-12,FPT,52.22,52.28,51.72,51.91,716000
2022-09-12,HPG,16.15,16.42,16.08,16.08,26170900
2022-09-12,MWG,68.87,71.92,68.78,70.59,7347100
2022-09-12,VNINDEX,1255.16,1257.8,1248.97,1249.62,390724400
2022-09-13,FPT,52.15,52.34,51.72,51.91,1046400
2022-09-13,HPG,16.05,16.22,15.88,16.01,14681300
2022-09-13,MWG,70.59,70.97,69.92,70.68,1957900
2022-09-13,VNINDEX,1251.1,1252.35,1243.87,1248.4,410707400
2022-09-14,FPT,51.23,51.85,51.23,51.54,1309200
2022-09-14,HPG,15.71,16.08,15.71,16.01,27029100
2022-09-14,MWG,69.35,70.49,69.25,70.3,3704500
2022-09-14,VNINDEX,1229.76,1242.17,1228.51,1240.77,574337900
2022-09-15,FPT,51.85,51.85,51.36,51.36,780500
2022-09-15,HPG,16.15,16.15,15.84,15.94,13730400
2022-09-15,MWG,70.3,71.35,70.02,70.49,3182500
2022-09-15,VNINDEX,1246.92,1250.93,1243.45,1245.66,385727500
2022-09-16,FPT,51.36,51.48,50.62,50.62,1360100
2022-09-16,HPG,15.81,15.94,15.54,15.54,27510700
2022-09-16,MWG,70.02,70.3,68.11,68.68,4279700
2022-09-16,VNINDEX,1243.15,1246.17,1230.37,1234.03,594453000
2022-09-19,FPT,50.62,51.3,50.25,50.99,1783700
2022-09-19,HPG,15.61,15.71,15.17,15.3,27479100
2022-09-19,MWG,68.68,69.44,65.91,67.25,4171600
2022-09-19,VNINDEX,1231.8,1233.46,1202.07,1205.43,641804000
2022-09-20,FPT,50.99,51.42,50.5,51.17,575000
2022-09-20,HPG,15.4,15.54,15.27,15.54,11511000
2022-09-20,MWG,67.63,68.68,66.01,68.39,3380900
2022-09-20,VNINDEX,1212.08,1218.93,1199.71,1218.93,412723400
2022-09-21,FPT,51.11,51.11,50.5,50.5,775400
2022-09-21,HPG,15.47,15.5,15.34,15.47,9916300
2022-09-21,MWG,67.73,67.73,66.77,66.77,3106200
2022-09-21,VNINDEX,1213.2,1217.28,1204.68,1210.55,325527500
2022-09-22,FPT,50.31,50.93,50.25,50.87,1172400
2022-09-22,HPG,15.34,15.61,15.3,15.54,11594200
2022-09-22,MWG,65.91,67.54,65.15,66.87,4254200
2022-09-22,VNINDEX,1200.34,1214.7,1196.64,1214.7,435982100
2022-09-23,FPT,50.99,50.99,50.38,50.56,840600
2022-09-23,HPG,15.57,15.67,15.34,15.34,14593100
2022-09-23,MWG,66.87,66.87,65.44,66.2,2717600
2022-09-23,VNINDEX,1214.81,1216.59,1201.45,1203.28,443208000
2022-09-26,FPT,50.01,50.31,49.27,50.01,1863600
2022-09-26,HPG,15.17,15.27,14.76,15.13,25875600
2022-09-26,MWG,64.67,65.06,62.58,64.86,5240200
2022-09-26,VNINDEX,1186.41,1190.27,1159.12,1174.35,701894100
2022-09-27,FPT,50.31,50.31,49.39,49.39,932900
2022-09-27,HPG,15.17,15.2,14.93,15.13,9010600
2022-09-27,MWG,64.29,64.86,63.72,64.01,1536300
2022-09-27,VNINDEX,1177.66,1180.75,1166.44,1166.54,415135800
2022-09-28,FPT,49.15,49.33,47.86,47.86,2048400
2022-09-28,HPG,15.0,15.17,14.59,14.73,14067800
2022-09-28,MWG,63.05,63.91,62.0,62.0,2724500
2022-09-28,VNINDEX,1158.6,1162.6,1142.79,1143.62,496730000
2022-09-29,FPT,48.96,49.15,47.24,47.24,1303900
2022-09-29,HPG,14.96,15.07,14.63,14.63,10331300
2022-09-29,MWG,63.43,63.43,60.76,61.05,2545200
2022-09-29,VNINDEX,1149.78,1159.49,1126.07,1126.07,415993300
2022-09-30,FPT,47.24,49.58,47.18,49.39,2109900
2022-09-30,HPG,14.53,14.63,13.98,14.32,23369500
2022-09-30,MWG,60.76,61.24,58.86,61.05,4371100
2022-09-30,VNINDEX,1116.11,1135.47,1099.44,1132.11,612447100
2022-10-03,FPT,48.84,49.27,46.88,47.24,1245600
2022-10-03,HPG,14.32,14.32,13.34,13.34,33572400
2022-10-03,MWG,60.0,60.0,56.85,56.85,4026100
2022-10-03,VNINDEX,1124.46,1126.46,1079.86,1086.44,501911900
2022-10-04,FPT,47.86,48.47,47.37,47.55,2040000
2022-10-04,HPG,13.58,13.68,12.6,12.74,30510400
2022-10-04,MWG,58.38,58.47,57.33,58.19,4024500
2022-10-04,VNINDEX,1095.73,1100.42,1069.74,1078.14,513862500
2022-10-05,FPT,48.47,48.78,48.1,48.1,971900
2022-10-05,HPG,12.97,13.07,12.74,12.97,25316500
2022-10-05,MWG,58.19,60.19,58.19,59.33,2124200
2022-10-05,VNINDEX,1092.08,1110.21,1092.08,1104.26,396842100
2022-10-06,FPT,48.41,48.41,46.94,46.94,1266700
2022-10-06,HPG,13.04,13.04,12.16,12.16,37464800
2022-10-06,MWG,59.33,59.43,55.32,55.32,3170300
2022-10-06,VNINDEX,1105.31,1106.97,1072.57,1074.52,499954800
2022-10-07,FPT,46.76,46.76,45.4,45.4,2061000
2022-10-07,HPG,11.92,12.03,11.52,11.89,36474800
2022-10-07,MWG,53.9,55.23,51.51,51.51,5573700
2022-10-07,VNINDEX,1060.58,1062.23,1022.38,1035.91,788668100
2022-10-10,FPT,45.1,46.32,44.24,45.4,1625600
2022-10-10,HPG,11.69,12.57,11.62,12.4,25059200
2022-10-10,MWG,50.65,54.66,50.56,54.47,3911600
2022-10-10,VNINDEX,1022.22,1051.02,1012.94,1042.48,541876100
2022-10-11,FPT,45.4,45.4,43.56,43.56,1593600
2022-10-11,HPG,12.43,12.43,11.72,11.82,26448700
2022-10-11,MWG,54.47,54.94,51.6,52.84,2333500
2022-10-11,VNINDEX,1036.48,1036.48,998.64,1006.2,580908400
2022-10-12,FPT,43.56,44.98,43.56,44.42,1463100
2022-10-12,HPG,12.03,12.63,11.82,12.63,28996700
2022-10-12,MWG,52.94,56.09,52.94,54.85,2886100
2022-10-12,VNINDEX,1006.74,1039.44,1002.89,1034.81,532825500
2022-10-13,FPT,44.3,44.79,43.87,44.79,829200
2022-10-13,HPG,12.7,13.24,12.53,13.17,24198100
2022-10-13,MWG,54.37,55.52,53.9,54.94,1531100
2022-10-13,VNINDEX,1034.48,1050.99,1025.04,1050.99,402643700
2022-10-14,FPT,45.65,45.71,45.16,45.4,844200
2022-10-14,HPG,13.34,13.44,13.04,13.14,22588600
2022-10-14,MWG,55.32,57.52,55.32,57.14,2989900
2022-10-14,VNINDEX,1063.07,1068.12,1055.29,1061.85,506303900
2022-10-17,FPT,45.1,45.34,44.55,45.28,707400
2022-10-17,HPG,13.0,13.07,12.77,13.0,17061300
2022-10-17,MWG,56.85,56.85,55.14,56.18,2674800
2022-10-17,VNINDEX,1053.64,1054.05,1033.59,1051.58,435723100
2022-10-18,FPT,45.4,46.2,45.4,45.96,879000
2022-10-18,HPG,13.17,13.31,12.63,12.74,24387600
2022-10-18,MWG,57.14,57.71,55.9,56.28,2054300
2022-10-18,VNINDEX,1065.6,1071.74,1057.71,1063.66,466433900
2022-10-19,FPT,45.96,46.76,45.83,46.32,1023700
2022-10-19,HPG,12.74,12.74,12.4,12.43,20235600
2022-10-19,MWG,56.47,56.76,55.61,56.28,1407400
2022-10-19,VNINDEX,1065.24,1065.99,1052.29,1060.07,345418600
2022-10-20,FPT,46.51,48.17,46.2,47.74,1730300
2022-10-20,HPG,12.4,12.57,12.2,12.23,26033000
2022-10-20,MWG,55.52,56.28,55.23,55.71,1811200
2022-10-20,VNINDEX,1056.14,1065.28,1048.21,1058.45,352502000
2022-10-21,FPT,47.68,47.68,45.34,45.34,1564900
2022-10-21,HPG,12.36,12.36,11.42,11.42,45155900
2022-10-21,MWG,55.61,55.61,51.89,51.89,4238200
2022-10-21,VNINDEX,1059.09,1059.09,1013.69,1019.82,642204900
2022-10-24,FPT,45.34,45.71,43.56,43.62,1426100
2022-10-24,HPG,11.48,11.52,10.94,11.08,27973100
2022-10-24,MWG,51.99,52.46,48.27,48.27,4828000
2022-10-24,VNINDEX,1019.84,1023.51,977.41,986.15,547149700
2022-10-25,FPT,43.81,45.71,43.62,44.91,1564600
2022-10-25,HPG,11.08,11.82,10.84,11.55,31109500
2022-10-25,MWG,48.36,51.51,46.74,49.6,4400700
2022-10-25,VNINDEX,980.47,1011.39,962.45,997.7,670274300
2022-10-26,FPT,45.71,45.71,44.61,45.28,625100
2022-10-26,HPG,11.48,11.76,11.38,11.42,11243700
2022-10-26,MWG,49.7,50.08,48.27,49.51,1528200
2022-10-26,VNINDEX,1000.74,1004.55,984.71,993.36,352376800
2022-10-27,FPT,45.47,46.76,45.22,46.51,935900
2022-10-27,HPG,11.45,11.89,11.42,11.76,21366800
2022-10-27,MWG,48.93,51.41,48.93,50.84,2990400
2022-10-27,VNINDEX,994.82,1028.01,990.48,1028.01,572328800
2022-10-28,FPT,46.82,46.82,45.83,46.02,875800
2022-10-28,HPG,11.76,11.92,11.35,11.35,31204100
2022-10-28,MWG,51.03,51.89,50.36,50.75,1802000
2022-10-28,VNINDEX,1036.27,1044.57,1026.53,1027.36,515678600
2022-10-31,FPT,46.02,46.63,45.22,46.39,1084700
2022-10-31,HPG,10.57,10.81,10.57,10.57,66298200
2022-10-31,MWG,49.98,50.46,47.22,49.22,3903900
2022-10-31,VNINDEX,1028.24,1030.32,1005.0,1027.94,581502900
2022-11-01,FPT,46.82,47.12,46.02,46.32,561500
2022-11-01,HPG,10.64,10.81,10.0,10.13,81552300
2022-11-01,MWG,49.6,50.08,47.79,47.79,1999200
2022-11-01,VNINDEX,1029.05,1043.53,1027.39,1033.75,575844000
2022-11-02,FPT,46.14,46.63,45.4,45.4,978200
2022-11-02,HPG,10.13,10.61,10.13,10.37,40121700
2022-11-02,MWG,47.69,47.98,44.64,45.79,4317000
2022-11-02,VNINDEX,1033.04,1034.73,1018.64,1023.19,488346900
2022-11-03,FPT,45.71,46.45,45.22,45.47,622400
2022-11-03,HPG,10.3,10.44,10.2,10.27,20629700
2022-11-03,MWG,46.74,47.98,45.88,47.22,2600000
2022-11-03,VNINDEX,1011.41,1023.95,1010.65,1019.81,404442900
2022-11-04,FPT,45.4,45.4,43.87,44.73,1646800
2022-11-04,HPG,10.13,10.24,9.8,9.9,43889600
2022-11-04,MWG,45.36,45.79,43.93,43.93,5742900
2022-11-04,VNINDEX,1008.23,1009.96,974.61,997.15,694725300
2022-11-07,FPT,44.55,45.4,44.55,44.55,1572400
2022-11-07,HPG,9.83,10.0,9.26,9.26,38263100
2022-11-07,MWG,43.88,44.4,40.87,40.87,5344200
2022-11-07,VNINDEX,991.01,996.18,969.61,975.19,534028100
2022-11-08,FPT,43.87,45.34,43.81,44.98,945000
2022-11-08,HPG,8.85,9.26,8.78,8.88,46273800
2022-11-08,MWG,40.87,43.5,39.4,42.54,4117000
2022-11-08,VNINDEX,960.93,981.86,956.97,981.65,542477500
2022-11-09,FPT,44.98,45.59,44.98,45.4,697700
2022-11-09,HPG,8.92,9.19,8.75,8.78,32786100
2022-11-09,MWG,42.92,44.31,42.5,43.4,2156900
2022-11-09,VNINDEX,983.36,994.79,977.93,985.59,466326400
2022-11-10,FPT,45.1,45.22,42.4,44.79,1595200
2022-11-10,HPG,8.58,8.65,8.18,8.18,79749500
2022-11-10,MWG,42.88,42.88,40.4,40.4,3670600
2022-11-10,VNINDEX,975.97,976.31,935.78,947.24,637622500
2022-11-11,FPT,44.85,45.16,44.18,44.67,1002900
2022-11-11,HPG,8.31,8.55,8.11,8.31,60716100
2022-11-11,MWG,41.4,42.35,41.02,41.02,3565100
2022-11-11,VNINDEX,954.95,966.7,949.49,954.53,646268900
2022-11-14,FPT,44.18,44.42,42.95,43.44,1639000
2022-11-14,HPG,8.21,8.41,8.01,8.24,60270100
2022-11-14,MWG,40.06,40.78,38.54,38.78,3514300
2022-11-14,VNINDEX,939.94,945.29,923.53,941.04,599309300
2022-11-15,FPT,42.95,42.95,40.44,40.44,3114900
2022-11-15,HPG,8.11,8.48,8.11,8.44,40416800
2022-11-15,MWG,36.44,37.68,36.1,36.1,2983600
2022-11-15,VNINDEX,925.86,929.06,900.17,911.9,589099000
2022-11-16,FPT,37.61,42.95,37.61,42.52,3050400
2022-11-16,HPG,8.31,9.02,7.97,9.02,34902600
2022-11-16,MWG,33.62,38.58,33.62,38.58,8555200
2022-11-16,VNINDEX,883.65,945.42,873.78,942.9,934066100
2022-11-17,FPT,42.52,44.18,39.58,43.56,1546300
2022-11-17,HPG,9.39,9.63,9.32,9.63,21514200
2022-11-17,MWG,39.83,40.92,38.92,39.87,2857700
2022-11-17,VNINDEX,952.91,972.88,950.9,969.26,589567300
2022-11-18,FPT,43.01,44.18,42.46,43.87,1261700
2022-11-18,HPG,9.86,10.27,9.63,10.2,99658800
2022-11-18,MWG,39.11,40.3,38.06,40.21,4367700
2022-11-18,VNINDEX,968.05,971.77,939.73,969.33,833798300
2022-11-21,FPT,42.64,44.06,42.64,43.01,840500
2022-11-21,HPG,10.27,10.3,9.96,10.1,31604900
2022-11-21,MWG,40.02,40.02,38.78,38.78,1762800
2022-11-21,VNINDEX,972.17,973.19,956.77,960.65,522726700
2022-11-22,FPT,42.95,44.18,42.4,43.26,1176300
2022-11-22,HPG,9.9,10.44,9.76,10.0,43246700
2022-11-22,MWG,38.35,39.68,38.01,38.35,3707900
2022-11-22,VNINDEX,953.78,985.28,948.52,952.12,978732600
2022-11-23,FPT,42.95,43.56,42.77,43.26,465900
2022-11-23,HPG,9.93,10.03,9.32,9.32,30303500
2022-11-23,MWG,38.44,39.01,38.25,38.63,1510200
2022-11-23,VNINDEX,947.44,958.61,942.02,946.0,488928200
2022-11-24,FPT,42.83,43.56,42.58,43.26,788400
2022-11-24,HPG,9.26,9.73,9.19,9.7,31115600
2022-11-24,MWG,37.39,37.39,35.96,35.96,7862600
2022-11-24,VNINDEX,942.86,950.03,934.31,947.71,482211800
2022-11-25,FPT,43.32,44.18,43.26,44.18,1267400
2022-11-25,HPG,9.86,10.34,9.7,10.34,26533900
2022-11-25,MWG,35.82,36.53,34.82,36.06,2595300
2022-11-25,VNINDEX,955.58,971.46,955.53,971.46,554366400
2022-11-28,FPT,44.42,45.71,44.36,45.59,1146800
2022-11-28,HPG,10.54,11.05,10.54,11.05,58844900
2022-11-28,MWG,36.53,38.54,36.53,38.3,4322000
2022-11-28,VNINDEX,979.68,1006.22,979.48,1005.69,872397100
2022-11-29,FPT,45.96,45.96,44.79,45.59,1143800
2022-11-29,HPG,11.22,11.79,11.05,11.76,64305500
2022-11-29,MWG,38.63,40.83,38.63,40.83,5268600
2022-11-29,VNINDEX,1008.85,1032.16,998.56,1032.16,1101690200
2022-11-30,FPT,45.71,45.96,45.1,45.77,911500
2022-11-30,HPG,11.86,12.43,11.62,12.43,57721500
2022-11-30,MWG,41.59,42.92,41.02,42.07,3777700
2022-11-30,VNINDEX,1037.44,1048.42,1021.54,1048.42,956511200
2022-12-01,FPT,46.08,46.51,45.47,45.83,1776500
2022-12-01,HPG,12.67,13.28,12.16,12.3,66587500
2022-12-01,MWG,42.92,43.5,40.78,42.02,5855800
2022-12-01,VNINDEX,1057.72,1066.28,1035.62,1036.28,1263330500
2022-12-02,FPT,45.83,47.68,45.4,47.49,2901400
2022-12-02,HPG,12.16,13.14,12.03,13.14,45683100
2022-12-02,MWG,41.4,44.83,41.4,44.83,6464800
2022-12-02,VNINDEX,1032.75,1080.01,1030.81,1080.01,1014241900
2022-12-05,FPT,47.86,48.47,47.49,48.04,1216400
2022-12-05,HPG,13.38,13.78,13.17,13.51,46513800
2022-12-05,MWG,44.88,46.6,44.88,45.4,4146000
2022-12-05,VNINDEX,1090.97,1099.45,1082.59,1093.67,1112166800
2022-12-06,FPT,48.04,48.41,46.63,46.63,1537700
2022-12-06,HPG,13.44,13.48,12.57,12.57,62775400
2022-12-06,MWG,45.02,45.02,42.3,42.3,4093900
2022-12-06,VNINDEX,1090.64,1090.64,1048.69,1048.69,1356936200
2022-12-07,FPT,46.57,47.0,45.9,46.94,1029400
2022-12-07,HPG,12.16,12.94,11.96,12.33,34619700
2022-12-07,MWG,42.3,42.92,41.49,42.78,2930100
2022-12-07,VNINDEX,1046.72,1059.79,1034.92,1041.02,827948300
2022-12-08,FPT,47.18,48.35,46.39,47.24,1267300
2022-12-08,HPG,12.77,13.07,12.5,12.77,29943600
2022-12-08,MWG,43.69,44.83,43.12,43.88,2626500
2022-12-08,VNINDEX,1051.58,1078.09,1045.98,1050.53,873712400
2022-12-09,FPT,46.82,47.86,46.76,47.86,987500
2022-12-09,HPG,12.77,13.14,12.5,12.97,34549800
2022-12-09,MWG,43.88,44.45,43.26,44.07,1675300
2022-12-09,VNINDEX,1056.69,1061.21,1041.39,1051.81,725636400
2022-12-12,FPT,47.61,47.98,46.88,47.24,1213500
2022-12-12,HPG,12.97,13.21,12.57,12.57,35832500
2022-12-12,MWG,44.07,45.12,42.92,43.78,3474400
2022-12-12,VNINDEX,1059.43,1065.16,1032.07,1032.07,808782100
2022-12-13,FPT,46.76,47.43,46.14,47.37,899700
2022-12-13,HPG,12.57,12.84,12.33,12.84,24343000
2022-12-13,MWG,43.64,44.26,42.35,44.26,1956200
2022-12-13,VNINDEX,1035.28,1047.45,1026.3,1047.45,735828900
2022-12-14,FPT,47.37,47.55,46.69,46.82,1158000
2022-12-14,HPG,13.07,13.24,12.84,12.97,34285300
2022-12-14,MWG,45.12,45.12,43.69,44.31,2187800
2022-12-14,VNINDEX,1062.18,1062.18,1046.43,1050.43,667860400
2022-12-15,FPT,46.88,47.92,46.88,47.68,1170500
2022-12-15,HPG,12.9,13.28,12.9,13.07,20983100
2022-12-15,MWG,44.31,45.31,44.02,44.83,2539400
2022-12-15,VNINDEX,1049.16,1062.61,1049.06,1055.32,665769400
2022-12-16,FPT,47.24,47.86,46.88,47.8,910900
2022-12-16,HPG,12.97,13.82,12.8,13.78,55383800
2022-12-16,MWG,44.59,45.74,43.78,45.64,3003400
2022-12-16,VNINDEX,1048.62,1064.79,1047.16,1052.48,790237300
2022-12-19,FPT,48.04,48.04,47.0,47.0,1026200
2022-12-19,HPG,13.92,14.36,13.51,13.51,48039600
2022-12-19,MWG,45.4,46.55,44.98,44.98,3782800
2022-12-19,VNINDEX,1052.13,1065.59,1038.4,1038.4,852324700
2022-12-20,FPT,47.37,47.37,46.26,47.0,785800
2022-12-20,HPG,13.38,13.58,12.67,12.84,45551800
2022-12-20,MWG,44.45,44.69,42.16,44.36,3352500
2022-12-20,VNINDEX,1036.01,1038.74,1010.08,1023.13,954038800
2022-12-21,FPT,47.37,47.49,46.45,47.37,544100
2022-12-21,HPG,13.11,13.14,12.23,12.77,27702200
2022-12-21,MWG,44.36,44.59,42.3,44.26,2052300
2022-12-21,VNINDEX,1033.34,1033.84,1005.43,1018.88,703570400
2022-12-22,FPT,47.37,47.55,46.63,47.37,657800
2022-12-22,HPG,12.9,13.24,12.63,12.77,18965200
2022-12-22,MWG,44.21,44.55,43.21,44.36,1519800
2022-12-22,VNINDEX,1026.49,1033.18,1016.54,1022.61,531712600
2022-12-23,FPT,46.88,47.86,46.76,47.86,1221000
2022-12-23,HPG,12.74,12.77,12.23,12.4,24810700
2022-12-23,MWG,44.36,44.36,43.45,43.69,1584400
2022-12-23,VNINDEX,1023.92,1027.34,1013.2,1020.34,423823400
2022-12-26,FPT,47.68,47.92,46.88,46.88,832500
2022-12-26,HPG,12.36,12.36,11.55,11.55,31370000
2022-12-26,MWG,43.4,43.64,40.64,40.64,2559500
2022-12-26,VNINDEX,1020.34,1021.89,985.21,985.21,566850100
2022-12-27,FPT,46.88,47.55,46.63,46.94,805200
2022-12-27,HPG,11.55,12.33,11.55,12.33,23655000
2022-12-27,MWG,39.59,41.78,39.59,41.78,2324700
2022-12-27,VNINDEX,986.07,1007.88,984.39,1004.57,507205800
2022-12-28,FPT,47.24,47.24,46.63,47.06,589200
2022-12-28,HPG,12.43,12.5,12.13,12.3,14311200
2022-12-28,MWG,41.02,41.21,39.97,41.02,1389600
2022-12-28,VNINDEX,1008.81,1020.52,998.97,1015.66,392271900
2022-12-29,FPT,46.94,47.24,46.76,46.76,655300
2022-12-29,HPG,12.36,12.5,12.06,12.16,17422800
2022-12-29,MWG,40.54,40.92,40.16,40.92,1212100
2022-12-29,VNINDEX,1015.39,1021.96,1009.29,1009.29,371300500
2022-12-30,FPT,46.76,47.18,46.63,47.18,628600
2022-12-30,HPG,12.23,12.46,12.09,12.16,14452800
2022-12-30,MWG,40.83,41.02,40.11,40.92,1652400
2022-12-30,VNINDEX,1017.25,1017.99,1007.09,1007.09,344378600
2023-01-03,FPT,47.18,49.09,47.12,49.09,1535200
2023-01-03,HPG,12.36,13.0,12.3,13.0,27990600
2023-01-03,MWG,40.83,41.97,40.54,41.92,1998900
2023-01-03,VNINDEX,1011.54,1043.9,1011.38,1043.9,518145400
2023-01-04,FPT,49.58,49.7,48.66,49.09,794300
2023-01-04,HPG,13.14,13.38,13.04,13.11,20230000
2023-01-04,MWG,41.11,42.26,41.11,41.49,1872700
2023-01-04,VNINDEX,1047.91,1052.6,1041.56,1046.35,566957000
2023-01-05,FPT,49.21,50.01,49.21,49.45,1012600
2023-01-05,HPG,13.11,13.51,12.94,13.38,21502200
2023-01-05,MWG,41.88,41.97,41.3,41.59,1102800
2023-01-05,VNINDEX,1048.17,1058.14,1046.64,1055.82,496500700
2023-01-06,FPT,49.33,49.76,49.21,49.27,719400
2023-01-06,HPG,13.31,13.58,12.97,13.11,19630100
2023-01-06,MWG,41.59,41.83,41.16,41.16,1507500
2023-01-06,VNINDEX,1055.46,1065.58,1047.26,1051.44,614634000
2023-01-09,FPT,49.39,49.64,49.02,49.27,518900
2023-01-09,HPG,13.38,13.58,13.17,13.24,16185000
2023-01-09,MWG,41.16,41.3,40.06,40.06,2663500
2023-01-09,VNINDEX,1058.28,1062.12,1050.95,1054.21,386345500
2023-01-10,FPT,49.52,49.88,49.21,49.33,752700
2023-01-10,HPG,13.24,13.58,12.97,13.38,26852100
2023-01-10,MWG,40.06,40.64,39.97,40.25,1424300
2023-01-10,VNINDEX,1054.84,1057.44,1045.75,1053.35,423409900
2023-01-11,FPT,49.33,50.07,49.33,49.64,1076900
2023-01-11,HPG,13.51,13.88,13.44,13.65,25709300
2023-01-11,MWG,40.35,41.21,40.35,40.59,1461200
2023-01-11,VNINDEX,1058.25,1065.69,1054.53,1055.76,508219700
2023-01-12,FPT,49.7,50.01,49.21,49.52,542500
2023-01-12,HPG,13.58,13.68,13.44,13.55,20172900
2023-01-12,MWG,40.59,41.02,40.11,40.16,986100
2023-01-12,VNINDEX,1058.51,1060.97,1050.27,1056.39,384586100
2023-01-13,FPT,49.39,49.82,49.09,49.09,628300
2023-01-13,HPG,13.68,13.75,13.44,13.48,19174700
2023-01-13,MWG,40.44,40.68,40.11,40.11,1087500
2023-01-13,VNINDEX,1060.96,1066.39,1055.23,1060.17,475699700
2023-01-16,FPT,49.15,49.7,48.9,49.58,574500
2023-01-16,HPG,13.51,13.95,13.48,13.68,22319700
2023-01-16,MWG,40.11,40.35,39.78,39.97,1408900
2023-01-16,VNINDEX,1062.27,1067.74,1057.87,1066.68,408111100
2023-01-17,FPT,49.82,50.31,49.7,50.31,978200
2023-01-17,HPG,13.82,14.63,13.82,14.63,41584700
2023-01-17,MWG,40.44,41.4,40.25,41.06,2760600
2023-01-17,VNINDEX,1067.6,1088.29,1067.6,1088.29,592759400
2023-01-18,FPT,50.38,51.17,50.19,51.17,954600
2023-01-18,HPG,14.86,14.9,14.56,14.66,25850200
2023-01-18,MWG,41.49,43.12,41.26,42.88,3686900
2023-01-18,VNINDEX,1092.5,1100.39,1089.56,1098.28,553782600
2023-01-19,FPT,50.93,51.66,50.87,51.48,1327200
2023-01-19,HPG,14.59,14.76,14.09,14.29,43940400
2023-01-19,MWG,42.88,43.97,42.69,43.5,3493900
2023-01-19,VNINDEX,1098.28,1111.72,1094.46,1108.08,578271400
2023-01-27,FPT,51.6,52.46,51.54,51.54,1140700
2023-01-27,HPG,14.19,14.56,14.09,14.53,26524400
2023-01-27,MWG,44.26,44.74,43.78,43.78,2479800
2023-01-27,VNINDEX,1114.58,1124.3,1111.41,1117.1,571615000
2023-01-30,FPT,51.66,51.79,51.36,51.36,891000
2023-01-30,HPG,14.66,15.0,14.42,14.69,42341300
2023-01-30,MWG,43.78,44.64,43.31,44.07,3206700
2023-01-30,VNINDEX,1117.31,1118.46,1102.57,1102.57,751461500
2023-01-31,FPT,51.23,51.36,50.13,51.23,1529100
2023-01-31,HPG,14.8,14.93,14.66,14.93,28105900
2023-01-31,MWG,43.78,44.36,43.26,44.36,2723800
2023-01-31,VNINDEX,1100.87,1111.18,1088.25,1111.18,653586100
2023-02-01,FPT,51.54,51.54,50.19,50.31,1048300
2023-02-01,HPG,15.0,15.3,14.19,14.26,51905400
2023-02-01,MWG,44.07,44.98,43.59,44.93,7835500
2023-02-01,VNINDEX,1114.26,1116.96,1075.97,1075.97,974095400
2023-02-02,FPT,50.38,50.56,49.88,50.25,1325200
2023-02-02,HPG,14.32,14.66,14.26,14.39,25388600
2023-02-02,MWG,44.78,47.6,44.16,47.6,4860800
2023-02-02,VNINDEX,1079.64,1083.36,1070.81,1077.59,592697500
2023-02-03,FPT,50.31,50.31,49.15,49.15,1729000
2023-02-03,HPG,14.49,14.56,14.19,14.26,20956300
2023-02-03,MWG,45.83,46.36,45.6,45.6,6219600
2023-02-03,VNINDEX,1078.8,1081.89,1070.46,1077.15,506090100
2023-02-06,FPT,49.09,50.07,48.9,49.39,944400
2023-02-06,HPG,14.26,14.29,13.88,14.29,22282300
2023-02-06,MWG,44.83,45.02,43.59,44.98,2653000
2023-02-06,VNINDEX,1077.14,1089.29,1067.24,1089.29,415388100
2023-02-07,FPT,49.39,50.25,49.39,49.52,750800
2023-02-07,HPG,14.29,14.32,13.31,13.34,43379400
2023-02-07,MWG,44.5,45.79,43.59,43.59,2018900
2023-02-07,VNINDEX,1089.43,1092.12,1065.18,1065.84,594951800
2023-02-08,FPT,49.58,50.13,49.45,49.82,669700
2023-02-08,HPG,13.34,14.26,13.34,14.09,33812500
2023-02-08,MWG,43.59,43.88,42.45,42.45,1647000
2023-02-08,VNINDEX,1067.58,1079.51,1063.5,1072.22,480268400
2023-02-09,FPT,49.7,50.07,49.52,49.52,743000
2023-02-09,HPG,14.19,14.36,13.92,13.92,16343900
2023-02-09,MWG,42.35,43.35,41.97,41.97,1472800
2023-02-09,VNINDEX,1070.07,1075.2,1064.03,1064.03,383279200
2023-02-10,FPT,49.76,49.82,49.39,49.52,725000
2023-02-10,HPG,13.98,14.05,13.61,13.85,15828700
2023-02-10,MWG,41.97,42.4,40.16,40.16,2032500
2023-02-10,VNINDEX,1066.11,1066.28,1054.08,1055.3,405865100
2023-02-13,FPT,49.52,49.82,49.09,49.52,613200
2023-02-13,HPG,13.78,13.78,13.34,13.65,18741800
2023-02-13,MWG,40.16,40.54,39.59,40.54,1726000
2023-02-13,VNINDEX,1050.7,1054.05,1031.7,1043.7,603924900
2023-02-14,FPT,49.52,49.7,49.21,49.58,619700
2023-02-14,HPG,13.72,14.12,13.68,13.92,17294600
2023-02-14,MWG,40.83,41.02,40.44,40.54,803200
2023-02-14,VNINDEX,1045.14,1046.64,1032.76,1038.64,338496800
2023-02-15,FPT,49.39,50.25,49.27,50.07,645200
2023-02-15,HPG,13.92,14.22,13.68,14.05,20076200
2023-02-15,MWG,40.54,41.49,40.54,40.78,1084700
2023-02-15,VNINDEX,1037.11,1051.89,1034.39,1048.2,494079200
2023-02-16,FPT,50.07,50.31,49.52,50.07,424200
2023-02-16,HPG,14.15,14.46,13.92,14.39,23914900
2023-02-16,MWG,41.21,41.49,40.83,41.3,944200
2023-02-16,VNINDEX,1051.16,1058.29,1047.45,1058.29,410294000
2023-02-17,FPT,49.82,50.07,49.7,50.07,467600
2023-02-17,HPG,14.39,14.42,14.19,14.19,12287900
2023-02-17,MWG,41.3,41.3,40.87,41.26,959100
2023-02-17,VNINDEX,1058.99,1062.25,1053.26,1059.31,429221700
2023-02-20,FPT,50.07,50.93,49.94,50.8,1275100
2023-02-20,HPG,14.19,14.8,14.19,14.8,24741700
2023-02-20,MWG,41.21,42.26,40.78,42.26,1874700
2023-02-20,VNINDEX,1059.74,1088.01,1059.56,1086.69,632141800
2023-02-21,FPT,50.8,51.36,50.68,50.8,840000
2023-02-21,HPG,14.9,15.07,14.59,14.59,20643100
2023-02-21,MWG,42.35,43.16,42.35,42.45,1405600
2023-02-21,VNINDEX,1089.61,1095.1,1081.8,1082.23,654784700
2023-02-22,FPT,50.5,50.62,50.19,50.19,747200
2023-02-22,HPG,14.46,14.93,14.32,14.32,32634400
2023-02-22,MWG,41.97,42.45,41.02,41.02,1644500
2023-02-22,VNINDEX,1079.72,1079.72,1054.28,1054.28,766700800
2023-02-23,FPT,50.13,50.13,49.45,49.94,1160500
2023-02-23,HPG,14.29,14.53,13.78,14.53,33590000
2023-02-23,MWG,40.83,41.02,40.06,41.02,1313900
2023-02-23,VNINDEX,1053.89,1054.48,1030.58,1053.66,635726600
2023-02-24,FPT,49.76,49.88,49.33,49.58,559200
2023-02-24,HPG,14.53,14.53,13.95,14.05,14597600
2023-02-24,MWG,40.54,40.97,39.68,40.16,1625600
2023-02-24,VNINDEX,1051.59,1052.49,1034.66,1039.56,397316800
2023-02-27,FPT,49.09,49.39,49.02,49.27,1015400
2023-02-27,HPG,13.78,13.88,13.48,13.58,31316100
2023-02-27,MWG,39.11,39.97,38.63,38.63,1974700
2023-02-27,VNINDEX,1029.55,1031.59,1017.55,1021.25,513919000
2023-02-28,FPT,49.09,49.52,48.78,49.39,524300
2023-02-28,HPG,13.82,13.85,13.44,13.51,15217600
2023-02-28,MWG,38.63,39.3,38.01,38.16,1567900
2023-02-28,VNINDEX,1027.74,1034.36,1018.72,1024.68,361724100
2023-03-01,FPT,48.78,49.39,48.29,49.39,1376400
2023-03-01,HPG,13.51,14.12,13.38,14.12,18619900
2023-03-01,MWG,38.16,39.11,37.44,38.92,1520500
2023-03-01,VNINDEX,1023.29,1040.55,1013.37,1040.55,468712200
2023-03-02,FPT,49.09,49.39,48.96,49.09,430800
2023-03-02,HPG,14.19,14.26,13.92,13.92,8867400
2023-03-02,MWG,38.92,39.11,38.16,38.44,868900
2023-03-02,VNINDEX,1039.0,1043.8,1033.07,1037.61,323479600
2023-03-03,FPT,48.66,49.09,48.17,48.17,740800
2023-03-03,HPG,14.05,14.26,13.75,13.75,13608400
2023-03-03,MWG,38.44,38.73,37.58,37.58,1857500
2023-03-03,VNINDEX,1038.1,1041.82,1022.78,1024.77,384762000
2023-03-06,FPT,47.92,48.96,47.92,47.98,817200
2023-03-06,HPG,13.95,14.09,13.78,13.78,11366800
2023-03-06,MWG,38.11,38.63,37.58,37.58,1474200
2023-03-06,VNINDEX,1032.68,1042.43,1026.73,1027.18,390065700
2023-03-07,FPT,48.53,49.02,48.35,48.35,792000
2023-03-07,HPG,13.92,14.42,13.88,14.26,29323900
2023-03-07,MWG,38.16,38.35,37.39,37.87,1585700
2023-03-07,VNINDEX,1034.62,1043.92,1033.32,1037.84,424641600
2023-03-08,FPT,48.17,48.78,48.17,48.78,510600
2023-03-08,HPG,14.12,14.32,14.05,14.32,16159600
2023-03-08,MWG,37.2,37.73,36.87,37.58,2029100
2023-03-08,VNINDEX,1028.62,1049.18,1027.8,1049.18,480649600
2023-03-09,FPT,48.78,49.52,48.6,49.45,640300
2023-03-09,HPG,14.32,14.56,14.32,14.32,23274800
2023-03-09,MWG,37.77,38.68,37.73,38.16,2116000
2023-03-09,VNINDEX,1050.65,1060.56,1049.45,1055.95,557648200
2023-03-10,FPT,49.21,49.33,48.47,48.78,640900
2023-03-10,HPG,14.29,14.49,14.19,14.39,22458300
2023-03-10,MWG,38.06,38.25,37.58,37.92,1573000
2023-03-10,VNINDEX,1051.68,1053.86,1046.31,1053.0,456782100
2023-03-13,FPT,47.92,48.72,47.92,48.41,886500
2023-03-13,HPG,14.22,14.46,14.12,14.26,20930300
2023-03-13,MWG,37.92,38.16,37.58,37.58,1349100
2023-03-13,VNINDEX,1046.95,1055.58,1045.46,1052.8,524575300
2023-03-14,FPT,48.47,48.53,48.17,48.29,427400
2023-03-14,HPG,14.22,14.26,13.65,13.72,30865700
2023-03-14,MWG,37.49,37.77,36.53,36.82,1611600
2023-03-14,VNINDEX,1049.44,1051.56,1034.72,1040.13,559130000
2023-03-15,FPT,48.53,49.39,48.53,49.39,691800
2023-03-15,HPG,14.05,14.39,13.92,14.39,26779400
2023-03-15,MWG,37.77,38.25,37.58,38.16,1899200
2023-03-15,VNINDEX,1043.82,1062.55,1043.82,1062.19,549186800
2023-03-16,FPT,49.09,49.09,48.1,48.6,850000
2023-03-16,HPG,14.19,14.26,13.85,14.09,30247400
2023-03-16,MWG,38.16,38.16,37.01,37.58,1665000
2023-03-16,VNINDEX,1056.15,1058.73,1043.65,1047.4,464145200
2023-03-17,FPT,48.84,49.09,48.23,48.47,429400
2023-03-17,HPG,14.22,14.22,13.78,13.78,33958600
2023-03-17,MWG,38.06,38.06,37.06,37.58,953800
2023-03-17,VNINDEX,1053.47,1055.42,1043.54,1045.14,491829800
2023-03-20,FPT,48.53,48.66,47.61,47.61,769800
2023-03-20,HPG,13.78,13.92,13.51,13.51,22988900
2023-03-20,MWG,37.2,37.58,36.3,36.34,2298600
2023-03-20,VNINDEX,1041.91,1042.6,1022.71,1023.1,476089300
2023-03-21,FPT,48.23,48.29,47.31,47.92,536200
2023-03-21,HPG,13.65,13.88,13.41,13.82,19060600
2023-03-21,MWG,37.01,37.01,35.77,36.72,1411300
2023-03-21,VNINDEX,1027.56,1036.15,1017.05,1032.43,381502100
2023-03-22,FPT,47.98,48.23,47.61,48.17,610400
2023-03-22,HPG,13.88,13.92,13.61,13.72,12857700
2023-03-22,MWG,36.87,36.87,36.2,36.2,1507000
2023-03-22,VNINDEX,1032.6,1042.84,1032.6,1040.54,382708900
2023-03-23,FPT,48.1,48.17,47.61,47.86,356600
2023-03-23,HPG,13.65,13.78,13.55,13.78,10743900
2023-03-23,MWG,35.87,36.2,35.77,36.06,1238600
2023-03-23,VNINDEX,1035.44,1045.1,1030.93,1045.1,369605000
2023-03-24,FPT,48.04,48.35,47.86,48.23,366700
2023-03-24,HPG,13.82,13.85,13.72,13.78,13689600
2023-03-24,MWG,35.87,36.44,35.87,36.2,1729500
2023-03-24,VNINDEX,1047.1,1052.29,1044.02,1046.79,506946000
2023-03-27,FPT,48.41,48.6,48.17,48.53,767200
2023-03-27,HPG,13.78,14.12,13.75,14.05,20268000
2023-03-27,MWG,36.25,36.68,36.1,36.34,2465100
2023-03-27,VNINDEX,1047.78,1053.78,1041.99,1052.25,510473100
2023-03-28,FPT,48.6,48.6,47.55,48.6,1000400
2023-03-28,HPG,14.12,14.19,13.98,13.98,12329100
2023-03-28,MWG,36.44,37.49,36.34,37.3,4198400
2023-03-28,VNINDEX,1055.82,1059.83,1051.75,1054.29,583110300
2023-03-29,FPT,48.6,48.66,48.23,48.47,404500
2023-03-29,HPG,13.98,14.26,13.98,14.05,17942900
2023-03-29,MWG,37.44,37.53,36.92,36.92,1830200
2023-03-29,VNINDEX,1055.75,1056.33,1048.26,1056.33,415123800
2023-03-30,FPT,48.47,48.66,48.35,48.53,408400
2023-03-30,HPG,14.19,14.29,14.02,14.05,20958100
2023-03-30,MWG,37.01,37.39,36.39,36.82,2665800
2023-03-30,VNINDEX,1061.32,1066.23,1056.33,1059.44,555220700
2023-03-31,FPT,48.53,48.78,48.47,48.53,671600
2023-03-31,HPG,14.05,14.12,13.75,14.05,23770300
2023-03-31,MWG,36.77,37.15,36.49,36.77,1815500
2023-03-31,VNINDEX,1059.79,1067.55,1059.79,1064.64,574243800
2023-04-03,FPT,48.72,49.64,48.53,49.64,1170200
2023-04-03,HPG,14.22,14.26,14.09,14.19,21370500
2023-04-03,MWG,37.2,37.39,36.92,37.2,2112100
2023-04-03,VNINDEX,1071.6,1079.28,1071.6,1079.28,778917800
2023-04-04,FPT,49.64,49.7,49.09,49.39,584600
2023-04-04,HPG,14.29,14.32,14.15,14.26,19864400
2023-04-04,MWG,37.3,38.11,37.25,37.97,3133300
2023-04-04,VNINDEX,1081.43,1082.21,1075.1,1078.45,746158000
2023-04-05,FPT,49.39,49.45,48.9,49.45,422000
2023-04-05,HPG,14.26,14.53,14.15,14.53,25522700
2023-04-05,MWG,37.97,38.01,37.68,37.92,1735900
2023-04-05,VNINDEX,1079.06,1080.86,1074.1,1080.86,706897700
2023-04-06,FPT,49.52,50.01,49.27,49.27,612900
2023-04-06,HPG,14.56,14.8,14.46,14.53,27838900
2023-04-06,MWG,38.16,38.16,37.25,37.3,1971300
2023-04-06,VNINDEX,1083.07,1084.52,1070.91,1070.91,955351800
2023-04-07,FPT,49.21,49.52,49.09,49.39,359800
2023-04-07,HPG,14.53,14.59,14.26,14.32,18563000
2023-04-07,MWG,37.06,37.25,36.72,37.2,2032200
2023-04-07,VNINDEX,1071.22,1072.94,1063.7,1069.71,600601100
2023-04-10,FPT,49.7,49.7,49.15,49.27,769800
2023-04-10,HPG,14.36,14.42,13.92,13.98,26545700
2023-04-10,MWG,37.39,39.25,37.39,39.11,5829400
2023-04-10,VNINDEX,1073.86,1075.54,1063.45,1065.35,789212200
2023-04-11,FPT,49.21,49.39,49.15,49.27,534000
2023-04-11,HPG,13.98,14.09,13.92,14.05,14416200
2023-04-11,MWG,39.11,39.11,38.35,38.82,2852300
2023-04-11,VNINDEX,1063.78,1070.56,1056.9,1069.46,642643100
2023-04-12,FPT,49.27,49.39,49.02,49.27,574700
2023-04-12,HPG,14.12,14.12,13.95,14.02,10638200
2023-04-12,MWG,38.63,39.78,38.63,38.87,3970800
2023-04-12,VNINDEX,1071.61,1072.7,1066.43,1069.45,660883000
2023-04-13,FPT,49.27,49.33,48.66,48.84,540500
2023-04-13,HPG,14.05,14.05,13.75,13.82,14712400
2023-04-13,MWG,39.11,39.4,38.78,39.16,3135000
2023-04-13,VNINDEX,1070.48,1070.96,1062.26,1064.3,595747700
2023-04-14,FPT,49.02,49.15,48.66,48.84,398800
2023-04-14,HPG,13.88,14.09,13.85,13.95,13607900
2023-04-14,MWG,39.35,39.49,38.16,38.16,2679300
2023-04-14,VNINDEX,1067.21,1068.79,1052.89,1052.89,724480200
2023-04-17,FPT,48.84,48.9,48.47,48.84,449900
2023-04-17,HPG,13.92,14.12,13.92,14.09,9275500
2023-04-17,MWG,38.01,38.16,37.73,38.01,1406900
2023-04-17,VNINDEX,1052.78,1054.72,1049.11,1053.81,406570600
2023-04-18,FPT,48.84,49.09,48.6,48.72,301600
2023-04-18,HPG,14.12,14.19,14.05,14.15,11571700
2023-04-18,MWG,38.68,38.87,38.11,38.11,2755700
2023-04-18,VNINDEX,1055.65,1057.15,1050.89,1055.02,494431200
2023-04-19,FPT,48.96,48.96,48.66,48.66,419800
2023-04-19,HPG,14.22,14.22,14.05,14.05,10479100
2023-04-19,MWG,38.2,39.4,38.16,38.63,2949400
2023-04-19,VNINDEX,1058.03,1058.14,1047.47,1048.98,496274700
2023-04-20,FPT,48.96,48.96,48.6,48.72,364400
2023-04-20,HPG,14.05,14.12,14.02,14.05,6549700
2023-04-20,MWG,38.63,38.63,38.06,38.54,1416200
2023-04-20,VNINDEX,1049.87,1051.86,1045.85,1049.25,332580000
2023-04-21,FPT,49.09,49.09,48.66,48.66,324000
2023-04-21,HPG,14.05,14.09,13.98,13.98,11143900
2023-04-21,MWG,38.54,38.54,37.49,37.49,2811100
2023-04-21,VNINDEX,1050.1,1050.4,1041.26,1042.91,512429100
2023-04-24,FPT,48.78,49.45,48.47,48.53,794500
2023-04-24,HPG,13.98,14.05,13.88,13.95,10575100
2023-04-24,MWG,37.39,37.49,36.49,36.63,3211100
2023-04-24,VNINDEX,1045.28,1047.18,1038.36,1041.36,451137200
2023-04-25,FPT,48.53,48.66,48.04,48.1,540000
2023-04-25,HPG,14.05,14.36,13.98,14.22,18462200
2023-04-25,MWG,36.82,37.01,35.77,35.96,2735300
2023-04-25,VNINDEX,1045.87,1045.87,1032.49,1034.85,485690900
2023-04-26,FPT,47.92,48.1,47.61,48.04,772000
2023-04-26,HPG,14.22,14.86,14.12,14.86,26818700
2023-04-26,MWG,35.96,36.63,35.91,36.63,1835600
2023-04-26,VNINDEX,1034.18,1040.8,1029.19,1040.8,431573300
2023-04-27,FPT,47.92,48.35,47.92,48.04,221000
2023-04-27,HPG,14.86,14.86,14.59,14.66,17137300
2023-04-27,MWG,36.72,36.87,36.39,36.87,1286400
2023-04-27,VNINDEX,1041.39,1044.25,1037.62,1039.63,466451200
2023-04-28,FPT,48.35,48.35,47.55,47.55,945600
2023-04-28,HPG,14.66,14.73,14.46,14.63,15751900
2023-04-28,MWG,36.87,37.39,36.82,37.39,2517300
2023-04-28,VNINDEX,1043.17,1049.12,1039.63,1049.12,571699400
2023-05-04,FPT,47.74,48.29,47.61,48.17,497200
2023-05-04,HPG,14.49,14.59,14.32,14.39,16542400
2023-05-04,MWG,36.34,37.11,36.15,36.15,2462500
2023-05-04,VNINDEX,1046.05,1048.13,1038.18,1040.61,571590000
2023-05-05,FPT,48.23,48.23,47.98,48.1,319200
2023-05-05,HPG,14.39,14.66,14.32,14.49,10786600
2023-05-05,MWG,36.15,36.34,35.91,36.06,1173200
2023-05-05,VNINDEX,1040.12,1043.22,1036.69,1040.31,439888400
2023-05-08,FPT,48.17,48.41,48.1,48.17,362900
2023-05-08,HPG,14.56,14.69,14.49,14.59,10451200
2023-05-08,MWG,36.06,36.49,36.06,36.1,1273100
2023-05-08,VNINDEX,1043.48,1053.44,1043.44,1053.44,591247600
2023-05-09,FPT,48.23,48.96,48.23,48.41,605900
2023-05-09,HPG,14.59,14.96,14.59,14.73,22413800
2023-05-09,MWG,36.1,36.58,36.1,36.2,931100
2023-05-09,VNINDEX,1055.42,1058.71,1052.68,1053.77,502515300
2023-05-10,FPT,48.47,48.84,48.47,48.47,632500
2023-05-10,HPG,14.73,14.8,14.63,14.66,8739000
2023-05-10,MWG,36.3,37.2,36.15,37.2,2354900
2023-05-10,VNINDEX,1055.62,1058.67,1053.34,1058.26,650680600
2023-05-11,FPT,48.53,48.84,48.47,48.53,475900
2023-05-11,HPG,14.73,14.83,14.59,14.69,13640100
2023-05-11,MWG,37.34,37.53,36.77,36.92,1659900
2023-05-11,VNINDEX,1061.07,1063.69,1056.72,1057.12,681482900
2023-05-12,FPT,48.66,49.45,48.35,49.39,1083100
2023-05-12,HPG,14.69,15.2,14.59,15.1,45105300
2023-05-12,MWG,36.96,37.3,36.44,37.2,2033800
2023-05-12,VNINDEX,1057.58,1066.9,1053.97,1066.9,688543800
2023-05-15,FPT,49.94,50.19,49.58,49.7,934700
2023-05-15,HPG,15.17,15.27,14.93,14.93,17693100
2023-05-15,MWG,37.34,37.58,37.06,37.11,2782400
2023-05-16,FPT,49.7,50.13,49.58,50.01,766500
2023-05-16,HPG,14.93,15.07,14.8,14.86,17805000
2023-05-16,MWG,37.11,37.15,36.44,36.68,2129700
2023-05-16,VNINDEX,1068.51,1069.27,1063.65,1065.91,592131700
2023-05-17,FPT,50.25,50.74,49.76,50.01,976200
2023-05-17,HPG,14.86,14.93,14.69,14.73,25998700
2023-05-17,MWG,36.68,36.87,36.2,36.39,1326900
2023-05-17,VNINDEX,1066.13,1069.95,1060.44,1060.44,762187700
2023-05-18,FPT,50.19,50.93,49.94,50.87,1549800
2023-05-18,HPG,14.8,15.0,14.73,14.83,18610700
2023-05-18,MWG,36.77,36.92,36.34,36.34,1747600
2023-05-18,VNINDEX,1063.66,1073.41,1060.44,1068.31,590882500
2023-05-19,FPT,50.93,51.11,50.19,50.8,1073600
2023-05-19,HPG,14.86,14.93,14.63,14.73,11513300
2023-05-19,MWG,36.34,36.53,36.06,36.53,1643100
2023-05-19,VNINDEX,1070.13,1070.15,1058.56,1067.07,661637200
2023-05-22,FPT,50.8,50.8,50.31,50.62,561000
2023-05-22,HPG,14.73,14.93,14.69,14.8,14869400
2023-05-22,MWG,36.58,36.87,36.3,36.77,1523200
2023-05-22,VNINDEX,1068.25,1070.64,1065.88,1070.64,634063400
2023-05-23,FPT,50.62,50.62,49.94,50.31,656500
2023-05-23,HPG,14.83,14.9,14.59,14.66,13620100
2023-05-23,MWG,36.87,37.01,36.44,36.49,1467700
2023-05-23,VNINDEX,1073.12,1073.96,1062.15,1065.85,668600300
2023-05-24,FPT,50.31,50.38,49.76,49.88,464300
2023-05-24,HPG,14.8,14.8,14.39,14.39,20272100
2023-05-24,MWG,36.63,36.68,36.15,36.2,1246300
2023-05-24,VNINDEX,1069.49,1069.61,1060.6,1061.79,682648400
2023-05-25,FPT,49.82,51.17,49.7,51.05,1341300
2023-05-25,HPG,14.39,14.49,14.32,14.32,13258500
2023-05-25,MWG,36.2,36.63,36.06,36.25,1477500
2023-05-25,VNINDEX,1062.03,1065.5,1057.91,1064.63,614115100
2023-05-26,FPT,50.99,51.17,50.5,50.99,864400
2023-05-26,HPG,14.39,14.46,14.09,14.26,16088200
2023-05-26,MWG,36.3,36.63,36.25,36.44,882500
2023-05-26,VNINDEX,1066.72,1067.28,1063.76,1063.76,595849900
2023-05-29,FPT,51.23,51.36,50.87,50.99,879600
2023-05-29,HPG,14.39,14.49,14.32,14.49,11091800
2023-05-29,MWG,36.68,36.92,36.39,36.92,2263500
2023-05-29,VNINDEX,1066.34,1077.18,1066.34,1074.98,738474500
2023-05-30,FPT,50.93,52.09,50.87,51.54,1659100
2023-05-30,HPG,14.53,14.59,14.36,14.42,13457900
2023-05-30,MWG,37.06,37.97,37.06,37.58,4818400
2023-05-30,VNINDEX,1078.82,1079.31,1071.01,1078.05,816002500
2023-05-31,FPT,51.66,51.66,50.99,51.6,839400
2023-05-31,HPG,14.46,14.49,14.29,14.32,13085700
2023-05-31,MWG,37.49,37.63,37.15,37.39,1975100
2023-05-31,VNINDEX,1078.16,1079.11,1071.38,1075.17,861773100
2023-06-01,FPT,51.54,51.54,50.99,51.23,537300
2023-06-01,HPG,14.29,14.46,14.22,14.46,10836200
2023-06-01,MWG,37.53,37.68,36.92,37.49,2907500
2023-06-01,VNINDEX,1076.5,1078.39,1071.61,1078.39,820193400
2023-06-02,FPT,51.23,51.72,50.99,51.42,735900
2023-06-02,HPG,14.53,14.73,14.49,14.59,18866500
2023-06-02,MWG,37.63,38.97,37.39,38.92,5707900
2023-06-02,VNINDEX,1084.19,1092.24,1083.36,1090.84,973372400
2023-06-05,FPT,51.48,52.28,51.42,52.15,1425500
2023-06-05,HPG,14.73,14.9,14.59,14.63,20044300
2023-06-05,MWG,39.11,39.68,38.92,39.3,6617800
2023-06-05,VNINDEX,1099.66,1103.81,1096.76,1097.82,893972900
2023-06-06,FPT,52.34,52.34,51.97,52.34,514000
2023-06-06,HPG,14.66,14.76,14.56,14.69,11799900
2023-06-06,MWG,39.3,40.11,39.16,39.87,4665200
2023-06-06,VNINDEX,1098.8,1108.31,1098.28,1108.31,782675900
2023-06-07,FPT,52.15,52.4,51.72,52.15,705800
2023-06-07,HPG,14.86,15.4,14.86,15.27,55514600
2023-06-07,MWG,39.87,40.02,39.16,39.87,4745100
2023-06-07,VNINDEX,1110.79,1112.28,1104.26,1109.54,930395400
2023-06-08,FPT,51.97,52.09,51.23,51.3,1244500
2023-06-08,HPG,15.34,15.64,15.34,15.4,42521400
2023-06-08,MWG,40.06,40.06,38.73,38.78,4513900
2023-06-08,VNINDEX,1111.73,1115.14,1101.32,1101.32,1211637500
2023-06-09,FPT,51.72,51.97,51.36,51.91,680200
2023-06-09,HPG,15.4,15.47,15.2,15.47,23873600
2023-06-09,MWG,39.11,39.49,38.63,39.49,4124000
2023-06-09,VNINDEX,1103.01,1107.53,1097.23,1107.53,839731400
2023-06-12,FPT,51.85,52.09,51.3,52.09,519700
2023-06-12,HPG,15.61,15.64,15.2,15.5,22219200
2023-06-12,MWG,39.73,41.02,39.59,41.02,7248100
2023-06-12,VNINDEX,1110.26,1116.02,1100.08,1116.02,726269400
2023-06-13,FPT,51.79,52.09,51.72,51.79,466800
2023-06-13,HPG,15.54,15.84,15.47,15.81,36944400
2023-06-13,MWG,41.4,41.4,40.64,41.02,3399100
2023-06-13,VNINDEX,1117.33,1122.46,1116.1,1122.46,870411600
2023-06-14,FPT,51.72,52.03,51.6,51.66,658600
2023-06-14,HPG,15.84,15.84,15.61,15.61,23475800
2023-06-14,MWG,41.02,41.02,40.11,40.11,3321400
2023-06-14,VNINDEX,1124.56,1129.49,1117.42,1117.42,845985500
2023-06-15,FPT,51.66,51.79,51.3,51.6,798600
2023-06-15,HPG,15.54,15.71,15.54,15.64,17473300
2023-06-15,MWG,40.11,40.44,39.54,39.78,2810300
2023-06-15,VNINDEX,1116.99,1120.13,1112.11,1116.97,675615200
2023-06-16,FPT,51.6,52.89,51.17,51.85,2231500
2023-06-16,HPG,15.71,16.08,15.64,15.84,33010000
2023-06-16,MWG,40.02,40.35,39.25,39.44,4410000
2023-06-16,VNINDEX,1117.08,1128.92,1112.51,1115.22,1075388700
2023-06-19,FPT,51.97,52.46,51.85,51.97,663200
2023-06-19,HPG,15.84,15.88,15.74,15.78,13180900
2023-06-19,MWG,39.44,39.78,39.2,39.59,2063100
2023-06-19,VNINDEX,1115.59,1117.23,1104.73,1105.4,723615800
2023-06-20,FPT,52.15,52.64,51.97,52.46,944500
2023-06-20,HPG,15.78,15.98,15.74,15.98,14608300
2023-06-20,MWG,39.68,40.54,39.68,40.54,2476500
2023-06-20,VNINDEX,1105.75,1111.72,1102.58,1111.72,593021300
2023-06-21,FPT,52.46,53.01,52.4,52.64,705800
2023-06-21,HPG,16.01,16.65,15.88,16.62,35605900
2023-06-21,MWG,40.54,40.73,40.25,40.73,2565900
2023-06-21,VNINDEX,1112.73,1118.46,1110.65,1118.46,800466000
2023-06-22,FPT,52.83,53.07,51.97,52.46,1019700
2023-06-22,HPG,16.69,16.86,16.45,16.79,23036300
2023-06-22,MWG,40.87,41.64,40.4,41.06,4105500
2023-06-22,VNINDEX,1126.21,1127.54,1122.27,1125.3,828954300
2023-06-23,FPT,52.52,52.52,52.03,52.22,822000
2023-06-23,HPG,16.79,17.26,16.72,17.16,29157300
2023-06-23,MWG,41.06,41.21,40.73,40.92,2158100
2023-06-23,VNINDEX,1126.4,1130.61,1122.62,1129.38,857067500
2023-06-26,FPT,52.22,52.64,51.91,52.64,859400
2023-06-26,HPG,17.16,17.23,16.69,17.02,20399200
2023-06-26,MWG,41.54,42.45,40.64,42.3,5457500
2023-06-26,VNINDEX,1130.08,1134.0,1119.95,1132.03,955006800
2023-06-27,FPT,52.77,53.56,52.77,53.56,1540400
2023-06-27,HPG,17.13,17.43,16.96,17.43,19943100
2023-06-27,MWG,42.3,42.83,41.73,42.16,2478000
2023-06-27,VNINDEX,1134.36,1136.49,1128.82,1134.33,641633700
2023-06-28,FPT,53.63,53.87,53.38,53.38,964900
2023-06-28,HPG,17.57,18.04,17.5,17.97,30313300
2023-06-28,MWG,42.16,42.4,41.21,41.88,3989700
2023-06-28,VNINDEX,1135.78,1140.56,1131.86,1138.35,772870700
2023-06-29,FPT,53.38,53.44,53.07,53.07,562400
2023-06-29,HPG,18.0,18.04,17.43,17.43,36803700
2023-06-29,MWG,41.49,41.88,40.73,40.73,3289500
2023-06-29,VNINDEX,1139.42,1140.43,1125.39,1125.39,839096000
2023-06-30,FPT,53.07,53.14,52.77,52.77,733500
2023-06-30,HPG,17.36,17.7,17.33,17.67,23068600
2023-06-30,MWG,40.73,41.88,40.54,41.3,3505400
2023-06-30,VNINDEX,1125.32,1126.33,1120.01,1120.18,543467000
2023-07-03,FPT,53.07,53.26,52.77,53.01,1039600
2023-07-03,HPG,17.7,17.87,17.5,17.7,17057100
2023-07-03,MWG,41.45,41.64,40.83,41.02,1799500
2023-07-03,VNINDEX,1124.96,1128.35,1121.17,1125.5,502324200
2023-07-04,FPT,53.01,53.38,52.89,53.38,1328100
2023-07-04,HPG,17.67,17.74,17.5,17.74,19728200
2023-07-04,MWG,40.92,41.64,40.68,41.26,4437300
2023-07-04,VNINDEX,1127.15,1132.12,1123.49,1132.0,638567700
2023-07-05,FPT,53.6,54.59,53.38,53.38,1787300
2023-07-05,HPG,17.84,18.38,17.74,18.21,31804000
2023-07-05,MWG,41.45,42.4,41.35,41.35,7263000
2023-07-05,VNINDEX,1136.64,1138.67,1133.45,1134.62,744832500
2023-07-06,FPT,53.38,53.67,52.81,53.24,1517000
2023-07-06,HPG,18.17,18.34,17.9,18.24,27611200
2023-07-06,MWG,41.4,41.73,40.87,41.21,4541700
2023-07-06,VNINDEX,1134.49,1135.81,1122.35,1126.22,870574400
2023-07-07,FPT,52.95,53.88,52.95,53.74,896300
2023-07-07,HPG,18.17,18.55,17.9,18.55,22614600
2023-07-07,MWG,41.06,43.4,41.06,43.4,7401500
2023-07-07,VNINDEX,1124.98,1138.07,1122.94,1138.07,713850500
2023-07-10,FPT,53.74,54.17,53.45,53.74,1154300
2023-07-10,HPG,18.55,18.88,18.48,18.71,24267700
2023-07-10,MWG,43.93,45.55,43.69,45.55,10232900
2023-07-10,VNINDEX,1142.76,1149.02,1140.03,1149.02,814696500
2023-07-11,FPT,53.74,53.81,53.52,53.52,1091300
2023-07-11,HPG,18.78,18.95,18.41,18.44,24014300
2023-07-11,MWG,45.4,46.55,45.17,46.55,8177100
2023-07-11,VNINDEX,1149.38,1157.01,1149.38,1151.77,851005600
2023-07-12,FPT,53.52,54.02,53.45,53.74,904900
2023-07-12,HPG,18.44,18.55,18.0,18.24,27758200
2023-07-12,MWG,46.12,47.03,45.98,46.88,4791400
2023-07-12,VNINDEX,1153.72,1157.43,1149.28,1154.2,696536100
2023-07-13,FPT,54.1,54.1,53.81,54.1,1252400
2023-07-13,HPG,18.58,18.58,18.17,18.27,14006900
2023-07-13,MWG,46.93,47.6,46.88,47.07,4813500
2023-07-13,VNINDEX,1159.75,1165.42,1158.15,1165.42,760650800
2023-07-14,FPT,54.88,55.88,54.31,55.88,2822800
2023-07-14,HPG,18.34,18.58,18.27,18.58,17078400
2023-07-14,MWG,47.07,47.17,46.26,47.17,5904700
2023-07-14,VNINDEX,1169.2,1169.84,1156.28,1168.4,973749100
2023-07-17,FPT,56.38,56.52,56.02,56.38,1153300
2023-07-17,HPG,18.71,18.75,18.38,18.44,12534900
2023-07-17,MWG,47.22,47.55,46.41,46.41,2785300
2023-07-17,VNINDEX,1171.75,1174.89,1168.4,1173.13,851144600
2023-07-18,FPT,56.38,56.38,55.74,56.16,718300
2023-07-18,HPG,18.44,18.48,18.27,18.38,12402500
2023-07-18,MWG,46.17,46.36,45.55,45.83,4613000
2023-07-18,VNINDEX,1173.15,1175.7,1170.04,1174.09,755379600
2023-07-19,FPT,56.02,56.31,55.88,56.02,708600
2023-07-19,HPG,18.31,18.71,18.27,18.51,15378300
2023-07-19,MWG,46.17,46.69,45.74,46.26,3483900
2023-07-19,VNINDEX,1177.5,1178.55,1172.98,1172.98,798154200
2023-07-20,FPT,56.09,58.02,56.02,57.31,2294300
2023-07-20,HPG,18.44,19.05,18.44,19.05,30865300
2023-07-20,MWG,46.17,47.22,46.17,46.84,5454300
2023-07-20,VNINDEX,1171.83,1174.39,1166.62,1172.81,739529900
2023-07-21,FPT,56.88,57.81,56.81,57.81,1273600
2023-07-21,HPG,19.15,19.19,18.98,19.19,18455900
2023-07-21,MWG,46.84,50.08,46.69,50.08,11731700
2023-07-21,VNINDEX,1173.21,1185.9,1172.07,1185.9,896244200
2023-07-24,FPT,57.81,58.02,57.52,57.81,1172700
2023-07-24,HPG,19.22,19.32,18.92,19.09,17164400
2023-07-24,MWG,50.56,51.99,49.6,51.99,4072400
2023-07-24,VNINDEX,1190.77,1193.22,1183.39,1190.72,988720500
2023-07-25,FPT,57.81,58.66,57.81,58.02,1056900
2023-07-25,HPG,19.09,19.15,18.92,19.09,20225200
2023-07-25,MWG,51.99,51.99,50.46,51.13,4429400
2023-07-25,VNINDEX,1194.45,1199.27,1193.34,1195.9,918186800
2023-07-26,FPT,57.95,59.02,57.88,59.02,1270800
2023-07-26,HPG,19.09,19.22,19.02,19.19,22868600
2023-07-26,MWG,51.13,51.7,49.6,50.17,5446900
2023-07-26,VNINDEX,1196.33,1200.84,1195.44,1200.84,848117200
2023-07-27,FPT,59.09,60.23,59.09,59.73,1417700
2023-07-27,HPG,19.19,19.39,18.98,19.19,21315900
2023-07-27,MWG,50.46,52.49,50.27,52.1,5823100
2023-07-27,VNINDEX,1201.69,1203.69,1191.08,1197.33,1078942000
2023-07-28,FPT,59.59,60.23,59.3,60.23,898400
2023-07-28,HPG,19.19,19.32,19.02,19.12,22702200
2023-07-28,MWG,51.91,52.87,51.23,52.49,3871700
2023-07-28,VNINDEX,1197.58,1207.67,1195.86,1207.67,1045384000
2023-07-31,FPT,60.45,61.23,60.23,61.09,1471500
2023-07-31,HPG,19.05,19.09,18.48,19.05,45529400
2023-07-31,MWG,52.0,52.2,50.66,51.72,7864600
2023-07-31,VNINDEX,1219.66,1224.81,1212.81,1222.9,1122987500
2023-08-01,FPT,61.09,61.59,60.3,60.3,1287300
2023-08-01,HPG,18.98,18.98,18.58,18.58,28011400
2023-08-01,MWG,52.1,52.1,49.79,49.79,7531800
2023-08-01,VNINDEX,1230.32,1234.5,1217.56,1217.56,1206705300
2023-08-02,FPT,60.3,60.52,59.59,59.59,996300
2023-08-02,HPG,18.51,18.82,18.41,18.58,18524000
2023-08-02,MWG,49.79,50.56,49.69,49.79,5318300
2023-08-02,VNINDEX,1216.68,1223.04,1213.18,1220.43,849434300
2023-08-03,FPT,59.8,60.09,59.16,59.73,907900
2023-08-03,HPG,18.48,18.58,17.9,18.14,58029600
2023-08-03,MWG,49.88,51.72,49.5,50.75,7997000
2023-08-03,VNINDEX,1219.73,1222.35,1209.06,1210.95,978923300
2023-08-04,FPT,59.95,60.3,59.45,59.45,1618900
2023-08-04,HPG,18.11,18.58,18.11,18.48,22170700
2023-08-04,MWG,51.04,51.23,50.37,51.04,7529400
2023-08-04,VNINDEX,1211.9,1228.12,1211.9,1225.98,1086883100
2023-08-07,FPT,59.66,60.3,59.45,60.3,752500
2023-08-07,HPG,18.61,18.75,18.44,18.61,23091900
2023-08-07,MWG,51.72,52.87,51.33,51.81,6494400
2023-08-07,VNINDEX,1233.1,1241.42,1225.98,1241.42,1114331800
2023-08-08,FPT,59.95,60.38,59.8,60.09,636000
2023-08-08,HPG,18.65,18.85,18.34,18.38,25568400
2023-08-08,MWG,52.0,52.29,51.43,51.62,5735000
2023-08-08,VNINDEX,1243.38,1246.22,1239.01,1242.23,1115494500
2023-08-09,FPT,59.95,60.45,59.23,59.3,982700
2023-08-09,HPG,18.38,18.82,18.27,18.78,42662800
2023-08-09,MWG,51.43,51.43,50.08,50.66,8966000
2023-08-09,VNINDEX,1240.71,1241.96,1231.28,1233.99,1011321100
2023-08-10,FPT,59.3,59.45,58.66,58.66,1343300
2023-08-10,HPG,18.85,18.85,18.44,18.48,17064700
2023-08-10,MWG,51.04,51.04,49.79,50.08,4979900
2023-08-10,VNINDEX,1236.51,1238.19,1220.61,1220.61,982441100
2023-08-11,FPT,58.52,59.23,58.16,58.52,1142900
2023-08-11,HPG,18.51,18.75,18.34,18.71,23382000
2023-08-11,MWG,50.27,51.33,49.12,51.33,6318800
2023-08-11,VNINDEX,1228.78,1232.21,1213.37,1232.21,983635900
2023-08-14,FPT,58.59,59.38,58.52,58.95,1014100
2023-08-14,HPG,18.78,19.15,18.68,19.02,44946400
2023-08-14,MWG,51.91,52.29,50.66,52.2,9615900
2023-08-14,VNINDEX,1237.14,1239.61,1229.34,1236.84,1032952400
2023-08-15,FPT,58.95,60.16,58.16,59.95,1675600
2023-08-15,HPG,19.02,19.09,18.82,18.88,17938500
2023-08-15,MWG,52.58,53.83,52.0,52.0,8379700
2023-08-15,VNINDEX,1239.42,1239.42,1230.58,1234.05,850306500
2023-08-16,FPT,59.38,60.8,59.38,60.73,2595400
2023-08-16,HPG,18.88,18.92,18.68,18.88,14994500
2023-08-16,MWG,52.0,52.29,51.04,51.81,5141100
2023-08-16,VNINDEX,1239.95,1243.48,1235.27,1243.26,865531300
2023-08-17,FPT,60.66,62.23,60.66,61.37,3693800
2023-08-17,HPG,18.92,19.39,18.92,18.98,46604700
2023-08-17,MWG,52.1,53.16,51.43,51.91,7226900
2023-08-17,VNINDEX,1242.58,1243.98,1233.48,1233.48,1050181000
2023-08-18,FPT,61.09,62.73,60.16,61.02,4243700
2023-08-18,HPG,18.85,18.92,17.7,17.9,46358400
2023-08-18,MWG,51.91,51.91,48.34,48.34,14262600
2023-08-18,VNINDEX,1227.18,1228.98,1177.74,1177.99,1583022900
2023-08-21,FPT,61.3,61.87,61.02,61.3,2452800
2023-08-21,HPG,17.87,17.94,17.5,17.7,31441300
2023-08-21,MWG,48.15,48.63,46.95,47.19,7064800
2023-08-21,VNINDEX,1178.39,1188.16,1164.63,1179.76,1000968600
2023-08-22,FPT,61.59,61.73,59.23,61.73,2330300
2023-08-22,HPG,17.7,17.8,16.96,17.67,35171700
2023-08-22,MWG,47.28,48.34,45.6,48.15,10145800
2023-08-22,VNINDEX,1183.92,1184.43,1149.13,1180.49,979999200
2023-08-23,FPT,61.66,61.94,60.45,61.73,1418500
2023-08-23,HPG,17.8,17.87,17.33,17.33,21774300
2023-08-23,MWG,48.83,48.83,47.38,47.86,4957900
2023-08-23,VNINDEX,1193.32,1193.79,1168.89,1172.56,653730100
2023-08-24,FPT,61.73,65.05,61.44,64.98,5251600
2023-08-24,HPG,17.33,17.77,17.3,17.77,16596900
2023-08-24,MWG,47.86,48.92,47.86,48.44,5727600
2023-08-24,VNINDEX,1175.2,1189.99,1171.33,1189.39,790038300
2023-08-25,FPT,64.62,65.7,64.33,65.41,2791400
2023-08-25,HPG,17.7,17.84,17.53,17.53,21847700
2023-08-25,MWG,48.44,49.5,48.15,48.63,7139000
2023-08-25,VNINDEX,1189.37,1192.59,1181.6,1183.37,812317900
2023-08-28,FPT,66.42,68.08,65.7,67.87,2950700
2023-08-28,HPG,17.57,18.14,17.57,18.14,22819800
2023-08-28,MWG,49.02,49.98,48.54,49.79,8495500
2023-08-28,VNINDEX,1189.87,1202.02,1189.43,1201.72,763534500
2023-08-29,FPT,67.87,67.87,67.0,67.58,1547400
2023-08-29,HPG,18.17,18.34,18.04,18.24,17969600
2023-08-29,MWG,49.88,51.23,49.6,50.94,8303900
2023-08-29,VNINDEX,1204.76,1208.78,1197.57,1204.43,904324000
2023-08-30,FPT,67.29,70.9,67.22,69.74,2360700
2023-08-30,HPG,18.24,18.41,18.07,18.38,20143600
2023-08-30,MWG,51.04,52.49,50.94,51.81,7312500
2023-08-30,VNINDEX,1206.1,1213.52,1203.51,1213.16,864559000
2023-08-31,FPT,69.74,70.4,69.38,69.82,1403700
2023-08-31,HPG,18.51,18.85,18.44,18.65,25934100
2023-08-31,MWG,52.0,52.39,51.52,51.81,5206100
2023-08-31,VNINDEX,1214.32,1224.84,1214.32,1224.05,887111900
2023-09-05,FPT,70.11,71.26,69.89,69.89,1439600
2023-09-05,HPG,18.78,18.88,18.41,18.78,24501600
2023-09-05,MWG,51.81,53.45,51.43,52.29,8353500
2023-09-05,VNINDEX,1231.65,1236.21,1228.7,1234.98,983260400
2023-09-06,FPT,70.11,71.48,69.53,71.48,2491000
2023-09-06,HPG,18.75,19.59,18.51,19.59,52574600
2023-09-06,MWG,52.29,53.54,51.81,52.97,5121300
2023-09-06,VNINDEX,1237.42,1245.5,1229.89,1245.5,1067480700
2023-09-07,FPT,71.48,72.78,70.47,70.68,3249600
2023-09-07,HPG,19.59,19.8,19.26,19.36,33671800
2023-09-07,MWG,53.16,53.74,52.29,52.97,5993300
2023-09-07,VNINDEX,1247.07,1255.11,1240.82,1243.14,1099761600
2023-09-08,FPT,70.4,71.12,70.03,70.47,2115600
2023-09-08,HPG,19.26,19.69,19.19,19.42,33793700
2023-09-08,MWG,52.49,54.41,52.49,53.45,7805800
2023-09-08,VNINDEX,1241.93,1248.1,1240.15,1241.48,973560500
2023-09-11,FPT,71.26,71.84,68.81,70.32,5149800
2023-09-11,HPG,19.59,19.63,18.75,18.92,47697500
2023-09-11,MWG,53.74,54.12,51.81,52.49,8457600
2023-09-11,VNINDEX,1245.58,1251.37,1223.33,1223.63,1222447000
2023-09-12,FPT,70.32,71.41,70.32,71.41,2680700
2023-09-12,HPG,18.92,19.42,18.71,19.42,22615400
2023-09-12,MWG,52.49,53.74,52.0,53.74,4794300
2023-09-12,VNINDEX,1223.55,1245.44,1220.85,1245.44,880808100
2023-09-13,FPT,71.41,71.48,70.32,70.76,2889300
2023-09-13,HPG,19.46,19.86,19.09,19.19,49193400
2023-09-13,MWG,54.03,57.11,53.45,55.38,16051000
2023-09-13,VNINDEX,1249.06,1250.61,1232.84,1238.39,1136967200
2023-09-14,FPT,70.76,70.76,68.95,69.24,2319700
2023-09-14,HPG,19.19,19.29,18.75,18.78,34684000
2023-09-14,MWG,55.57,56.34,54.99,55.18,8439000
2023-09-14,VNINDEX,1238.21,1244.21,1223.03,1223.81,1159894000
2023-09-15,FPT,69.31,70.61,68.81,70.4,2134800
2023-09-15,HPG,18.85,18.98,18.65,18.65,24750600
2023-09-15,MWG,55.38,55.38,53.35,53.83,7838900
2023-09-15,VNINDEX,1225.9,1233.87,1220.27,1227.36,868066900
2023-09-18,FPT,69.96,69.96,69.1,69.96,2026900
2023-09-18,HPG,18.65,18.98,18.38,18.65,20891200
2023-09-18,MWG,53.54,53.54,52.1,52.97,6610200
2023-09-18,VNINDEX,1225.6,1227.36,1203.88,1211.81,762110800
2023-09-19,FPT,69.89,71.04,69.24,71.04,3583600
2023-09-19,HPG,18.92,19.02,18.58,19.02,21032900
2023-09-19,MWG,53.06,53.45,51.04,53.45,8835900
2023-09-19,VNINDEX,1215.96,1219.57,1199.85,1211.5,880971700
2023-09-20,FPT,71.33,71.98,71.12,71.12,2444800
2023-09-20,HPG,19.02,19.29,18.95,19.19,26600700
2023-09-20,MWG,53.06,54.12,52.58,53.74,6834800
2023-09-20,VNINDEX,1212.76,1226.11,1209.46,1226.11,763034400
2023-09-21,FPT,71.12,71.41,69.53,69.89,3419000
2023-09-21,HPG,19.19,19.66,19.02,19.19,42921200
2023-09-21,MWG,53.74,53.74,52.2,52.2,9500900
2023-09-21,VNINDEX,1227.28,1227.88,1211.65,1212.74,923870000
2023-09-22,FPT,68.66,70.03,66.86,69.82,6861000
2023-09-22,HPG,18.75,18.88,18.07,18.44,50583500
2023-09-22,MWG,51.14,51.43,49.4,50.17,11804800
2023-09-22,VNINDEX,1197.49,1205.41,1174.57,1193.05,1317432800
2023-09-25,FPT,70.03,70.47,68.08,68.08,2097100
2023-09-25,HPG,18.24,18.58,17.36,17.57,36873300
2023-09-25,MWG,49.69,51.04,48.06,49.12,7693400
2023-09-25,VNINDEX,1190.58,1195.62,1153.2,1153.2,916538500
2023-09-26,FPT,68.01,68.95,67.22,67.51,2154100
2023-09-26,HPG,17.46,18.11,17.46,17.7,30838600
2023-09-26,MWG,49.21,49.79,48.63,49.6,8271400
2023-09-26,VNINDEX,1150.94,1163.52,1137.96,1137.96,957913900
2023-09-27,FPT,67.8,68.08,65.27,68.08,4510400
2023-09-27,HPG,17.67,18.04,17.67,17.9,20325300
2023-09-27,MWG,49.21,50.08,48.34,50.08,4904400
2023-09-27,VNINDEX,1139.65,1153.85,1126.36,1153.85,777264400
2023-09-28,FPT,67.94,68.08,65.99,67.87,1764400
2023-09-28,HPG,17.97,18.14,17.7,17.97,16562600
2023-09-28,MWG,50.94,52.68,50.56,51.04,8909300
2023-09-28,VNINDEX,1153.78,1155.39,1136.99,1152.43,649062500
2023-09-29,FPT,67.87,68.52,67.0,67.0,1635300
2023-09-29,HPG,18.11,18.14,17.74,17.77,15019100
2023-09-29,MWG,51.81,51.81,50.66,50.66,4945900
2023-09-29,VNINDEX,1157.76,1163.88,1152.43,1154.15,535931100
2023-10-02,FPT,67.44,67.72,66.42,67.29,1137500
2023-10-02,HPG,17.77,17.87,17.57,17.7,11412300
2023-10-02,MWG,50.66,51.04,49.88,49.98,4207600
2023-10-02,VNINDEX,1155.36,1161.48,1149.63,1155.25,465546100
2023-10-03,FPT,66.57,67.51,66.06,66.57,2006900
2023-10-03,HPG,17.63,17.63,16.69,16.76,40638000
2023-10-03,MWG,49.6,49.6,46.52,47.19,8976200
2023-10-03,VNINDEX,1145.94,1146.59,1117.28,1118.1,940147700
2023-10-04,FPT,65.92,67.44,65.92,66.78,1591700
2023-10-04,HPG,16.55,17.23,16.22,17.06,21095200
2023-10-04,MWG,46.23,48.15,46.23,47.38,4826800
2023-10-04,VNINDEX,1113.25,1133.79,1106.4,1128.67,646114500
2023-10-05,FPT,67.0,67.36,66.14,66.14,1369100
2023-10-05,HPG,17.16,17.23,16.79,16.82,10424100
2023-10-05,MWG,48.06,48.06,45.26,45.26,6348200
2023-10-05,VNINDEX,1131.29,1133.12,1113.89,1113.89,556516000
2023-10-06,FPT,66.06,67.0,65.7,66.93,1147700
2023-10-06,HPG,16.79,17.09,16.65,16.86,15250000
2023-10-06,MWG,45.17,46.71,44.59,46.52,5188100
2023-10-06,VNINDEX,1115.13,1129.13,1107.4,1128.54,586082400
2023-10-09,FPT,66.71,69.02,66.57,69.02,3657000
2023-10-09,HPG,16.86,17.3,16.86,17.23,11432000
2023-10-09,MWG,46.56,47.09,45.89,46.18,6457800
2023-10-09,VNINDEX,1130.38,1137.36,1127.03,1137.36,545012000
2023-10-10,FPT,69.67,70.18,68.88,69.53,3255500
2023-10-10,HPG,17.36,17.74,17.3,17.57,20004700
2023-10-10,MWG,46.61,47.62,46.61,47.04,4821300
2023-10-10,VNINDEX,1140.83,1150.34,1140.83,1143.69,627950000
2023-10-11,FPT,69.24,70.76,69.24,70.03,2358200
2023-10-11,HPG,17.67,17.74,17.43,17.7,13502200
2023-10-11,MWG,47.19,47.48,46.8,47.48,3478300
2023-10-11,VNINDEX,1146.08,1150.81,1138.22,1150.81,496702300
2023-10-12,FPT,70.03,70.61,69.31,69.6,1881200
2023-10-12,HPG,17.77,17.77,17.3,17.43,22054300
2023-10-12,MWG,47.48,47.67,46.42,46.61,13700700
2023-10-12,VNINDEX,1151.81,1156.73,1148.11,1151.61,619607000
2023-10-13,FPT,69.31,69.53,68.81,69.38,2362100
2023-10-13,HPG,17.3,17.4,16.92,17.4,19572000
2023-10-13,MWG,46.71,47.67,46.66,47.67,9845400
2023-10-13,VNINDEX,1144.5,1155.1,1138.99,1154.73,593801400
2023-10-16,FPT,69.89,71.41,69.53,69.89,4974600
2023-10-16,HPG,17.4,17.43,16.89,16.89,16205000
2023-10-16,MWG,47.67,48.83,46.8,46.8,8502700
2023-10-16,VNINDEX,1154.87,1157.46,1140.64,1141.42,622999800
2023-10-17,FPT,70.61,70.61,67.22,67.22,2420100
2023-10-17,HPG,17.02,17.19,16.76,16.76,14705500
2023-10-17,MWG,47.09,47.09,44.59,44.59,7887900
2023-10-17,VNINDEX,1145.34,1147.89,1121.65,1121.65,566555000
2023-10-18,FPT,68.52,68.52,65.7,67.15,6142800
2023-10-18,HPG,16.76,16.86,15.67,16.22,30930100
2023-10-18,MWG,45.07,45.26,42.04,43.05,11414600
2023-10-18,VNINDEX,1123.58,1125.27,1088.87,1103.4,913483700
2023-10-19,FPT,67.87,68.08,66.42,66.42,3029400
2023-10-19,HPG,16.28,16.35,15.84,16.01,20808100
2023-10-19,MWG,42.57,43.05,41.41,41.41,8072300
2023-10-19,VNINDEX,1104.03,1104.03,1087.85,1087.85,615746700
2023-10-20,FPT,66.78,67.15,65.05,67.07,2863200
2023-10-20,HPG,16.01,16.45,15.78,16.45,16369100
2023-10-20,MWG,41.41,43.34,41.41,43.05,7022500
2023-10-20,VNINDEX,1087.73,1108.16,1073.73,1108.03,592527800
2023-10-23,FPT,67.72,67.72,65.56,65.7,1971700
2023-10-23,HPG,16.45,16.45,16.01,16.22,11948700
2023-10-23,MWG,43.05,43.19,41.03,41.41,8575600
2023-10-23,VNINDEX,1106.38,1106.8,1086.54,1093.53,500482000
2023-10-24,FPT,66.71,66.71,65.56,66.42,1612400
2023-10-24,HPG,16.25,16.48,15.98,16.22,9713100
2023-10-24,MWG,41.51,41.99,40.21,41.41,8218500
2023-10-24,VNINDEX,1094.77,1107.3,1088.17,1105.9,443128900
2023-10-25,FPT,66.28,66.93,65.63,65.63,1836500
2023-10-25,HPG,16.25,16.62,16.25,16.25,12062100
2023-10-25,MWG,41.41,42.57,41.41,41.89,4769400
2023-10-25,VNINDEX,1106.1,1111.39,1100.64,1101.66,482997000
2023-10-26,FPT,63.75,64.91,62.09,62.67,5909500
2023-10-26,HPG,16.08,16.11,15.27,15.4,31030600
2023-10-26,MWG,40.64,40.83,39.0,40.45,15050000
2023-10-26,VNINDEX,1081.21,1083.22,1049.71,1055.45,1129481400
2023-10-27,FPT,63.18,63.54,62.31,62.81,2034800
2023-10-27,HPG,15.71,15.88,15.44,15.78,15016200
2023-10-27,MWG,40.74,40.93,39.87,40.45,4691100
2023-10-27,VNINDEX,1059.57,1061.87,1037.46,1060.62,638920300
2023-10-30,FPT,62.81,62.89,61.37,61.37,1869500
2023-10-30,HPG,15.78,16.05,15.54,15.54,16173500
2023-10-30,MWG,39.58,40.21,39.0,39.0,4251000
2023-10-30,VNINDEX,1054.03,1060.62,1042.4,1042.4,465837000
2023-10-31,FPT,61.44,61.59,59.93,59.93,3087200
2023-10-31,HPG,15.88,15.88,15.47,15.54,20792000
2023-10-31,MWG,38.91,39.2,36.31,36.31,13210100
2023-10-31,VNINDEX,1043.83,1046.17,1025.03,1028.19,705940300
2023-11-01,FPT,60.86,61.66,59.64,61.66,2175200
2023-11-01,HPG,15.54,16.18,15.5,16.18,19143800
2023-11-01,MWG,35.63,36.31,33.8,33.8,21092800
2023-11-01,VNINDEX,1029.43,1039.66,1020.01,1039.66,603502200
2023-11-02,FPT,62.38,64.26,62.02,64.26,2204000
2023-11-02,HPG,16.35,17.3,16.28,17.06,26641800
2023-11-02,MWG,34.57,36.02,32.36,35.63,21181700
2023-11-02,VNINDEX,1039.86,1075.47,1039.86,1075.47,735677500
2023-11-03,FPT,64.26,64.4,62.81,62.81,4842300
2023-11-03,HPG,17.16,17.23,16.72,16.96,20498300
2023-11-03,MWG,36.11,37.75,35.63,37.51,12409700
2023-11-03,VNINDEX,1077.64,1082.23,1071.11,1076.78,703784300
2023-11-06,FPT,63.68,64.19,63.39,63.9,1210100
2023-11-06,HPG,17.13,17.5,17.02,17.4,20380200
2023-11-06,MWG,37.56,37.56,36.21,36.64,12639800
2023-11-06,VNINDEX,1082.21,1089.66,1076.78,1089.66,571437300
2023-11-07,FPT,63.9,64.11,63.46,63.75,1340200
2023-11-07,HPG,17.43,17.7,17.19,17.43,19861700
2023-11-07,MWG,36.5,37.99,36.11,36.79,10423200
2023-11-07,VNINDEX,1086.68,1089.89,1079.42,1080.29,535907500
2023-11-08,FPT,63.68,66.86,63.54,66.86,2943200
2023-11-08,HPG,17.43,18.21,17.3,18.21,34851200
2023-11-08,MWG,36.5,38.14,35.34,38.14,19608000
2023-11-08,VNINDEX,1079.65,1113.43,1075.8,1113.43,886220500
2023-11-09,FPT,66.42,67.36,66.28,66.78,2110200
2023-11-09,HPG,18.21,18.51,17.97,18.04,31361600
2023-11-09,MWG,39.0,39.82,38.42,38.81,12143300
2023-11-09,VNINDEX,1117.06,1124.78,1112.13,1113.89,996860000
2023-11-10,FPT,66.06,66.93,65.92,66.06,2406500
2023-11-10,HPG,17.84,18.31,17.8,17.9,28030400
2023-11-10,MWG,38.28,38.81,37.56,37.94,11053600
2023-11-10,VNINDEX,1104.62,1116.02,1101.23,1101.68,945389300
2023-11-13,FPT,66.14,66.42,65.34,65.99,1532100
2023-11-13,HPG,17.9,18.65,17.9,18.38,44000700
2023-11-13,MWG,38.09,38.81,37.61,38.52,9192300
2023-11-13,VNINDEX,1103.66,1107.91,1093.19,1100.07,730190300
2023-11-14,FPT,66.42,67.44,65.92,66.86,1997800
2023-11-14,HPG,18.51,18.58,18.04,18.24,23257200
2023-11-14,MWG,39.48,40.54,39.29,39.97,15235500
2023-11-14,VNINDEX,1106.44,1115.6,1101.67,1109.73,766022100
2023-11-15,FPT,67.65,67.72,66.42,66.71,2417600
2023-11-15,HPG,18.61,18.78,18.24,18.24,34617300
2023-11-15,MWG,40.83,40.93,39.82,40.35,10338300
2023-11-15,VNINDEX,1120.35,1132.75,1118.74,1122.5,882296600
2023-11-16,FPT,66.57,67.15,66.14,67.15,1906300
2023-11-16,HPG,18.14,18.38,18.11,18.38,16261000
2023-11-16,MWG,39.97,40.06,39.2,39.97,10534200
2023-11-16,VNINDEX,1119.81,1125.53,1114.97,1125.53,605124900
2023-11-17,FPT,67.44,67.51,65.41,65.7,3567900
2023-11-17,HPG,18.38,18.51,17.77,17.9,38532000
2023-11-17,MWG,39.97,40.93,39.15,39.87,10996900
2023-11-17,VNINDEX,1127.92,1129.84,1096.16,1101.19,1175535600
2023-11-20,FPT,65.05,66.86,64.33,65.48,1656500
2023-11-20,HPG,17.63,18.17,17.63,18.0,18250000
2023-11-20,MWG,38.67,40.11,38.67,39.05,7558500
2023-11-20,VNINDEX,1089.99,1111.26,1085.32,1103.66,750883200
2023-11-21,FPT,66.42,66.42,65.48,66.35,1460700
2023-11-21,HPG,18.24,18.58,18.21,18.27,26703200
2023-11-21,MWG,39.97,39.97,39.1,39.39,5778700
2023-11-21,VNINDEX,1104.52,1112.77,1103.79,1110.46,601828500
2023-11-22,FPT,66.35,67.22,66.35,67.15,3271700
2023-11-22,HPG,18.24,18.38,18.17,18.38,17015100
2023-11-22,MWG,39.29,39.34,37.85,38.33,14503500
2023-11-22,VNINDEX,1111.35,1115.47,1103.26,1113.82,812231500
2023-11-23,FPT,67.36,67.65,65.56,65.56,2165700
2023-11-23,HPG,18.44,18.48,17.46,17.46,21684500
2023-11-23,MWG,38.52,38.81,35.92,35.92,8073600
2023-11-23,VNINDEX,1116.32,1118.54,1088.49,1088.49,952327300
2023-11-24,FPT,65.56,66.42,65.12,65.85,2248500
2023-11-24,HPG,17.57,17.84,17.26,17.84,26228500
2023-11-24,MWG,36.5,37.12,35.78,37.12,11181000
2023-11-24,VNINDEX,1090.72,1095.61,1073.31,1095.61,900833700
2023-11-27,FPT,65.99,65.99,65.05,65.48,1659500
2023-11-27,HPG,17.9,18.07,17.7,17.77,16724600
2023-11-27,MWG,37.08,37.12,36.6,36.6,5269900
2023-11-27,VNINDEX,1095.59,1096.84,1085.69,1088.06,507177400
2023-11-28,FPT,65.56,66.35,64.91,65.77,1090700
2023-11-28,HPG,17.84,18.04,17.6,18.04,18863600
2023-11-28,MWG,36.64,36.74,35.97,36.6,6131600
2023-11-28,VNINDEX,1088.54,1095.43,1076.45,1095.43,593255200
2023-11-29,FPT,66.14,66.42,65.77,66.21,801500
2023-11-29,HPG,18.04,18.31,18.0,18.24,22503000
2023-11-29,MWG,36.74,37.99,36.74,37.37,8518200
2023-11-29,VNINDEX,1097.28,1105.28,1095.43,1102.8,562813100
2023-11-30,FPT,65.99,67.65,65.92,66.35,1982400
2023-11-30,HPG,18.31,18.38,17.94,17.94,21208100
2023-11-30,MWG,37.41,37.66,37.08,37.08,4030900
2023-11-30,VNINDEX,1101.75,1107.45,1094.13,1094.13,659979600
2023-12-01,FPT,66.57,67.07,65.92,66.71,1190800
2023-12-01,HPG,18.11,18.31,17.87,18.17,15400100
2023-12-01,MWG,37.32,37.56,36.64,37.32,4161100
2023-12-01,VNINDEX,1099.18,1102.2,1090.08,1102.16,569333300
2023-12-04,FPT,66.86,67.87,66.86,67.58,3462300
2023-12-04,HPG,18.38,18.75,18.27,18.58,42341900
2023-12-04,MWG,37.46,38.96,37.37,38.47,10597400
2023-12-04,VNINDEX,1107.74,1123.96,1102.16,1120.49,1038038200
2023-12-05,FPT,67.72,69.17,67.65,68.45,3590200
2023-12-05,HPG,18.58,18.61,18.34,18.41,22511100
2023-12-05,MWG,38.47,38.62,38.23,38.52,6197600
2023-12-05,VNINDEX,1122.28,1124.11,1113.55,1115.97,753445900
2023-12-06,FPT,68.59,68.88,67.94,68.59,1220700
2023-12-06,HPG,18.41,18.65,18.38,18.65,18648100
2023-12-06,MWG,38.52,39.53,38.47,39.44,9053800
2023-12-06,VNINDEX,1118.06,1126.43,1115.97,1126.43,776768800
2023-12-07,FPT,68.66,68.81,67.0,68.08,3761200
2023-12-07,HPG,18.68,18.85,18.21,18.65,49430900
2023-12-07,MWG,39.53,39.58,38.04,39.34,10595000
2023-12-07,VNINDEX,1127.52,1129.83,1109.51,1121.49,1298392700
2023-12-08,FPT,68.08,68.66,67.51,68.01,1745800
2023-12-08,HPG,18.78,19.09,18.58,18.71,52783700
2023-12-08,MWG,39.29,41.41,38.91,41.03,16804000
2023-12-08,VNINDEX,1121.78,1127.46,1119.43,1124.44,737605100
2023-12-11,FPT,68.95,69.1,68.3,68.59,1564500
2023-12-11,HPG,18.71,18.78,18.44,18.58,17845400
2023-12-11,MWG,41.03,41.07,40.35,40.93,6207500
2023-12-11,VNINDEX,1127.92,1129.15,1120.32,1125.5,618307400
2023-12-12,FPT,68.88,69.89,68.81,69.89,4084900
2023-12-12,HPG,18.58,19.05,18.58,18.88,31681800
2023-12-12,MWG,40.93,41.03,40.54,40.93,5956500
2023-12-12,VNINDEX,1127.85,1129.77,1123.35,1127.63,539184200
2023-12-13,FPT,70.32,70.32,68.73,68.73,2148100
2023-12-13,HPG,18.98,19.05,18.44,18.48,33347700
2023-12-13,MWG,41.22,41.99,40.01,40.16,10863600
2023-12-13,VNINDEX,1130.19,1131.21,1112.08,1114.2,763977100
2023-12-14,FPT,69.17,69.6,68.73,69.46,1712300
2023-12-14,HPG,18.61,18.61,18.27,18.27,31777500
2023-12-14,MWG,40.54,40.74,39.87,40.06,6544400
2023-12-14,VNINDEX,1118.14,1120.36,1107.86,1110.13,603922700
2023-12-15,FPT,69.46,69.53,68.59,69.46,1474300
2023-12-15,HPG,18.31,18.38,18.07,18.11,34686700
2023-12-15,MWG,40.06,40.06,39.0,39.24,9350200
2023-12-15,VNINDEX,1109.36,1112.79,1102.3,1102.3,684449900
2023-12-18,FPT,69.24,69.46,67.65,67.87,2266500
2023-12-18,HPG,18.17,18.24,17.97,17.97,14875800
2023-12-18,MWG,39.44,39.44,38.04,38.14,8699600
2023-12-18,VNINDEX,1103.36,1103.74,1091.45,1091.88,544297600
2023-12-19,FPT,67.8,68.3,67.58,68.3,1250400
2023-12-19,HPG,17.97,18.38,17.94,18.38,20496200
2023-12-19,MWG,38.04,39.39,37.75,39.15,5738900
2023-12-19,VNINDEX,1091.9,1096.3,1082.29,1096.3,561157600
2023-12-20,FPT,68.08,68.59,67.94,68.37,1349500
2023-12-20,HPG,18.38,18.48,18.31,18.38,17661600
2023-12-20,MWG,39.15,40.83,39.0,40.83,12451800
2023-12-20,VNINDEX,1097.62,1102.27,1093.38,1100.76,470483400
2023-12-21,FPT,68.3,68.66,67.87,68.66,1756800
2023-12-21,HPG,18.31,18.44,18.21,18.38,14307400
2023-12-21,MWG,40.64,41.12,40.3,41.07,7205700
2023-12-21,VNINDEX,1096.22,1102.43,1094.47,1102.43,451416900
2023-12-22,FPT,68.59,68.66,68.16,68.3,1275400
2023-12-22,HPG,18.38,18.48,18.27,18.27,17429100
2023-12-22,MWG,40.88,41.07,40.45,40.78,6074600
2023-12-22,VNINDEX,1102.23,1104.65,1099.32,1103.06,496287600
2023-12-25,FPT,68.52,69.46,68.45,69.31,2017000
2023-12-25,HPG,18.34,18.65,18.34,18.55,20407300
2023-12-25,MWG,40.78,42.08,40.78,41.07,8477900
2023-12-25,VNINDEX,1104.46,1118.31,1104.27,1117.66,550839600
2023-12-26,FPT,69.67,71.19,69.6,70.18,3359900
2023-12-26,HPG,18.51,18.85,18.51,18.78,33743700
2023-12-26,MWG,40.98,41.56,40.78,41.12,6768400
2023-12-26,VNINDEX,1118.3,1123.11,1117.93,1122.25,575288900
2023-12-27,FPT,70.32,70.61,69.96,69.96,1355900
2023-12-27,HPG,18.82,18.92,18.75,18.75,19852100
2023-12-27,MWG,41.12,41.46,40.98,41.27,5243000
2023-12-27,VNINDEX,1123.49,1126.47,1121.99,1121.99,570737700
2023-12-28,FPT,70.03,70.03,69.53,69.74,1196600
2023-12-28,HPG,18.75,19.05,18.68,18.88,31308200
2023-12-28,MWG,41.27,41.65,41.22,41.46,6371500
2023-12-28,VNINDEX,1122.77,1130.58,1120.5,1128.93,608466000
2023-12-29,FPT,69.74,70.03,69.38,69.38,1866600
2023-12-29,HPG,18.88,18.98,18.78,18.88,20467100
2023-12-29,MWG,41.6,41.7,41.07,41.22,4181100
2023-12-29,VNINDEX,1131.68,1135.05,1129.93,1129.93,616484900
2024-01-02,FPT,69.96,69.96,69.1,69.24,1714500
2024-01-02,HPG,18.98,19.02,18.55,18.55,22187200
2024-01-02,MWG,41.51,41.7,40.59,40.88,7140400
2024-01-02,VNINDEX,1138.01,1139.71,1128.69,1131.72,777337200
2024-01-03,FPT,69.02,69.67,68.88,69.53,1436900
2024-01-03,HPG,18.51,18.78,18.51,18.78,18575400
2024-01-03,MWG,40.83,41.84,40.45,41.6,6083900
2024-01-03,VNINDEX,1131.97,1144.17,1128.32,1144.17,657568100
2024-01-04,FPT,69.53,71.04,69.46,70.18,2973900
2024-01-04,HPG,18.78,18.98,18.71,18.75,38538700
2024-01-04,MWG,41.6,42.18,41.41,41.6,8516100
2024-01-04,VNINDEX,1145.49,1160.08,1144.17,1150.72,1141608900
2024-01-05,FPT,70.25,70.4,69.67,70.32,1138600
2024-01-05,HPG,18.75,18.85,18.61,18.78,17333400
2024-01-05,MWG,41.6,42.47,41.41,42.23,9042100
2024-01-05,VNINDEX,1151.43,1155.84,1149.08,1154.68,760282600
2024-01-08,FPT,70.32,70.97,70.11,70.25,1443000
2024-01-08,HPG,18.88,19.09,18.82,18.82,31243900
2024-01-08,MWG,42.66,42.66,41.6,41.6,6213200
2024-01-08,VNINDEX,1157.54,1162.56,1155.48,1160.19,814410600
2024-01-09,FPT,70.25,70.25,69.74,69.74,1211700
2024-01-09,HPG,18.85,18.88,18.58,18.71,28623900
2024-01-09,MWG,41.56,41.6,40.83,41.12,9017100
2024-01-09,VNINDEX,1161.45,1162.83,1155.46,1158.59,799457700
2024-01-10,FPT,69.82,69.96,68.23,68.37,3302500
2024-01-10,HPG,18.71,18.75,18.41,18.48,32642500
2024-01-10,MWG,41.12,41.31,40.35,40.69,6770700
2024-01-10,VNINDEX,1158.82,1166.1,1155.94,1161.54,935719400
2024-01-11,FPT,68.37,68.88,68.37,68.59,1370900
2024-01-11,HPG,18.55,18.68,18.51,18.58,15264900
2024-01-11,MWG,40.69,41.56,40.64,40.88,4992900
2024-01-11,VNINDEX,1162.49,1169.1,1157.43,1162.22,782237200
2024-01-12,FPT,68.45,69.02,67.94,68.37,2597000
2024-01-12,HPG,18.48,18.55,18.27,18.34,28626500
2024-01-12,MWG,40.3,41.03,40.26,40.35,7139700
2024-01-12,VNINDEX,1159.25,1161.91,1146.75,1154.7,1037940400
2024-01-15,FPT,68.59,69.24,68.52,68.88,1312200
2024-01-15,HPG,18.38,18.55,18.31,18.31,12497100
2024-01-15,MWG,40.98,41.7,40.69,41.31,8986100
2024-01-15,VNINDEX,1158.33,1163.75,1154.12,1154.12,559640600
2024-01-16,FPT,68.37,69.1,68.37,69.1,810000
2024-01-16,HPG,18.31,18.78,18.27,18.78,19767200
2024-01-16,MWG,41.31,42.76,41.22,42.66,17419100
2024-01-16,VNINDEX,1149.93,1163.12,1147.71,1163.12,570974600
2024-01-17,FPT,69.02,69.31,68.59,69.1,1414000
2024-01-17,HPG,18.82,18.88,18.68,18.68,23410200
2024-01-17,MWG,42.66,43.92,42.66,43.24,12486000
2024-01-17,VNINDEX,1161.95,1168.46,1160.45,1162.53,694094400
2024-01-18,FPT,69.1,69.31,68.73,69.02,1136900
2024-01-18,HPG,18.71,18.82,18.65,18.68,12639000
2024-01-18,MWG,43.24,44.16,42.95,44.16,8902000
2024-01-18,VNINDEX,1164.35,1169.73,1162.62,1169.06,569563600
2024-01-19,FPT,69.31,69.96,69.1,69.53,1493200
2024-01-19,HPG,18.75,18.85,18.65,18.78,14859900
2024-01-19,MWG,44.3,44.97,43.63,44.35,10717800
2024-01-19,VNINDEX,1171.5,1181.5,1169.06,1181.5,630781700
2024-01-22,FPT,69.89,69.89,69.17,69.6,1108000
2024-01-22,HPG,18.92,19.36,18.82,19.12,66067900
2024-01-22,MWG,44.4,44.59,43.48,44.44,7235900
2024-01-22,VNINDEX,1185.6,1186.96,1175.54,1182.86,770796000
2024-01-23,FPT,69.38,69.6,68.88,69.02,1480400
2024-01-23,HPG,19.22,19.26,19.09,19.15,21678300
2024-01-23,MWG,44.44,44.44,43.58,43.72,6100600
2024-01-23,VNINDEX,1184.13,1184.74,1173.78,1177.5,600595700
2024-01-24,FPT,69.17,69.17,68.52,68.59,1722100
2024-01-24,HPG,19.12,19.26,19.09,19.09,16136900
2024-01-24,MWG,43.53,43.77,42.71,42.76,9683400
2024-01-24,VNINDEX,1175.58,1180.3,1172.0,1172.97,644055900
2024-01-25,FPT,68.66,69.1,68.45,68.66,845100
2024-01-25,HPG,19.09,19.19,18.92,19.09,15227000
2024-01-25,MWG,42.62,43.53,42.47,43.53,7530100
2024-01-25,VNINDEX,1173.7,1173.83,1168.5,1170.37,480699500
2024-01-26,FPT,68.95,69.46,68.81,69.24,925400
2024-01-26,HPG,19.19,19.26,19.09,19.15,14372300
2024-01-26,MWG,43.34,43.82,43.1,43.24,3781900
2024-01-26,VNINDEX,1173.26,1176.76,1173.26,1175.67,498217000
2024-01-29,FPT,69.24,69.38,68.81,69.24,1060700
2024-01-29,HPG,19.15,19.19,18.92,18.92,21575000
2024-01-29,MWG,43.29,43.48,42.86,42.95,4128300
2024-01-29,VNINDEX,1177.23,1180.46,1174.88,1175.69,552811300
2024-01-30,FPT,69.24,69.24,68.88,69.02,949000
2024-01-30,HPG,18.92,18.98,18.82,18.92,17529200
2024-01-30,MWG,42.95,43.77,42.86,43.72,7138200
2024-01-30,VNINDEX,1175.97,1179.92,1174.13,1179.65,564656400
2024-01-31,FPT,69.02,69.31,68.95,69.1,1381500
2024-01-31,HPG,18.88,18.98,18.75,18.75,24456900
2024-01-31,MWG,44.01,44.2,43.0,43.34,8743600
2024-01-31,VNINDEX,1181.81,1182.53,1163.13,1164.31,1022547900
2024-02-01,FPT,69.24,72.13,69.1,72.13,7793700
2024-02-01,HPG,18.75,18.98,18.71,18.82,10636100
2024-02-01,MWG,43.34,44.97,43.34,44.49,11303100
2024-02-01,VNINDEX,1162.6,1174.5,1162.45,1173.02,578639500
2024-02-02,FPT,72.34,73.79,72.27,73.64,2876100
2024-02-02,HPG,18.71,18.98,18.71,18.85,14162200
2024-02-02,MWG,44.78,45.65,44.4,45.65,11946800
2024-02-02,VNINDEX,1174.25,1178.27,1169.7,1172.55,790756000
2024-02-05,FPT,73.64,75.16,73.57,74.73,2694400
2024-02-05,HPG,18.85,19.12,18.85,18.92,16231200
2024-02-05,MWG,45.74,45.84,45.07,45.65,7536900
2024-02-05,VNINDEX,1174.41,1188.45,1173.54,1186.06,769953100
2024-02-06,FPT,74.8,75.81,74.29,75.16,1884300
2024-02-06,HPG,19.02,19.09,18.92,18.95,14660300
2024-02-06,MWG,45.74,45.74,45.07,45.26,5404000
2024-02-06,VNINDEX,1188.22,1190.92,1185.68,1188.48,566198900
2024-02-07,FPT,75.59,75.81,75.02,75.74,2125400
2024-02-07,HPG,18.95,19.12,18.95,19.02,13808300
2024-02-07,MWG,45.22,45.31,44.73,44.88,5707100
2024-02-07,VNINDEX,1190.68,1199.52,1190.5,1198.53,664714300
2024-02-15,FPT,75.95,76.17,74.94,75.09,2248400
2024-02-15,HPG,19.12,19.52,19.09,19.39,36985800
2024-02-15,MWG,45.22,45.26,44.16,44.16,9340100
2024-02-15,VNINDEX,1203.08,1207.56,1198.53,1202.5,843733100
2024-02-16,FPT,75.09,75.88,74.94,75.88,2066000
2024-02-16,HPG,19.42,19.46,19.32,19.32,16718800
2024-02-16,MWG,44.68,44.88,44.11,44.59,5001500
2024-02-16,VNINDEX,1205.3,1210.25,1204.29,1209.7,783875500
2024-02-19,FPT,76.17,77.25,75.81,75.81,2031800
2024-02-19,HPG,19.36,19.86,19.22,19.73,42276100
2024-02-19,MWG,44.78,45.46,44.44,45.07,7504700
2024-02-19,VNINDEX,1213.38,1225.48,1212.58,1224.97,975154800
2024-02-20,FPT,75.95,75.95,75.09,75.3,1844300
2024-02-20,HPG,19.73,19.83,19.63,19.73,21391700
2024-02-20,MWG,45.22,45.22,44.3,45.07,7870400
2024-02-20,VNINDEX,1228.08,1230.47,1222.66,1230.06,843779800
2024-02-21,FPT,75.09,77.18,74.73,76.46,3137500
2024-02-21,HPG,19.66,19.69,19.39,19.46,31579600
2024-02-21,MWG,44.97,44.97,44.3,44.4,6479800
2024-02-21,VNINDEX,1231.5,1234.22,1222.92,1230.04,886110400
2024-02-22,FPT,76.46,76.53,75.52,75.52,1718700
2024-02-22,HPG,19.39,19.46,19.29,19.29,22413300
2024-02-22,MWG,44.59,44.59,43.53,43.63,11202700
2024-02-22,VNINDEX,1230.65,1232.09,1226.15,1227.31,795021800
2024-02-23,FPT,76.17,77.04,74.58,75.02,4103500
2024-02-23,HPG,19.29,19.49,19.19,19.19,27300800
2024-02-23,MWG,43.63,43.87,42.33,42.37,17637600
2024-02-23,VNINDEX,1228.21,1240.81,1211.55,1212.0,1245742100
2024-02-26,FPT,75.02,77.98,74.73,77.98,4466700
2024-02-26,HPG,19.19,19.46,19.12,19.46,19221700
2024-02-26,MWG,42.37,42.86,41.46,42.71,13530900
2024-02-26,VNINDEX,1213.65,1225.21,1210.52,1224.17,834749900
2024-02-27,FPT,78.34,79.06,77.54,77.9,2800800
2024-02-27,HPG,19.52,20.57,19.46,20.5,86841500
2024-02-27,MWG,43.05,43.53,42.76,43.1,9636200
2024-02-27,VNINDEX,1228.98,1237.6,1226.49,1237.46,916784900
2024-02-28,FPT,77.98,78.34,76.75,78.34,3461700
2024-02-28,HPG,20.54,20.91,20.37,20.67,35201800
2024-02-28,MWG,43.34,44.16,43.1,43.63,13790900
2024-02-28,VNINDEX,1242.06,1254.55,1236.32,1254.55,899523200
2024-02-29,FPT,78.12,78.99,77.76,78.7,2824800
2024-02-29,HPG,20.78,21.04,20.61,20.94,33580500
2024-02-29,MWG,44.68,45.26,44.3,44.49,13891900
2024-02-29,VNINDEX,1257.56,1264.39,1247.7,1252.73,1012951600
2024-03-01,FPT,78.84,80.43,78.77,80.0,4019400
2024-03-01,HPG,21.08,21.08,20.71,20.84,26958700
2024-03-01,MWG,44.83,45.55,44.4,44.88,15362500
2024-03-01,VNINDEX,1256.72,1258.76,1247.87,1258.28,890614800
2024-03-04,FPT,80.14,80.72,80.0,80.43,3087100
2024-03-04,HPG,20.94,21.21,20.74,20.81,28579500
2024-03-04,MWG,44.88,46.18,44.88,45.65,16593900
2024-03-04,VNINDEX,1264.07,1268.25,1256.54,1261.41,1060738400
2024-03-05,FPT,80.43,80.43,79.35,79.92,3383000
2024-03-05,HPG,20.81,21.15,20.74,21.04,29917200
2024-03-05,MWG,45.84,48.15,45.74,48.15,22380300
2024-03-05,VNINDEX,1262.89,1269.98,1257.81,1269.98,927988200
2024-03-06,FPT,79.42,79.71,78.26,78.77,3702600
2024-03-06,HPG,21.01,21.04,20.61,20.81,28059400
2024-03-06,MWG,48.15,48.44,46.52,46.9,15082600
2024-03-06,VNINDEX,1270.05,1277.51,1256.3,1262.73,1001224394
2024-03-07,FPT,78.77,82.24,78.12,80.36,4037600
2024-03-07,HPG,20.74,21.18,20.67,20.94,32262200
2024-03-07,MWG,46.9,47.43,46.32,47.19,9439900
2024-03-07,VNINDEX,1263.51,1269.88,1260.24,1268.46,948074000
2024-03-08,FPT,80.36,81.3,79.06,79.42,3115600
2024-03-08,HPG,20.94,20.98,20.44,20.47,47322200
2024-03-08,MWG,47.43,47.43,45.26,45.98,20599700
2024-03-08,VNINDEX,1270.14,1274.3,1247.35,1247.35,1308498300
2024-03-11,FPT,79.42,81.95,79.42,79.42,3381500
2024-03-11,HPG,20.47,20.67,20.13,20.2,30415100
2024-03-11,MWG,45.74,46.52,44.54,44.68,13804500
2024-03-11,VNINDEX,1248.54,1254.01,1233.49,1235.49,922753300
2024-03-12,FPT,79.42,81.95,79.42,80.79,2907800
2024-03-12,HPG,20.17,20.54,20.13,20.4,30135400
2024-03-12,MWG,44.44,46.13,44.35,45.02,16650100
2024-03-12,VNINDEX,1234.87,1248.33,1233.14,1245.0,792213500
2024-03-13,FPT,81.44,84.47,80.86,84.47,5114200
2024-03-13,HPG,20.4,20.84,20.34,20.81,29367000
2024-03-13,MWG,45.07,46.9,45.07,46.76,8934000
2024-03-13,VNINDEX,1245.25,1270.51,1245.25,1270.51,890291900
2024-03-14,FPT,85.56,85.56,83.54,84.47,3463000
2024-03-14,HPG,20.88,20.88,20.44,20.5,30774000
2024-03-14,MWG,47.0,47.19,45.36,45.5,13304100
2024-03-14,VNINDEX,1272.16,1276.41,1258.67,1264.26,1021281000
2024-03-15,FPT,84.33,84.33,82.67,83.75,3838400
2024-03-15,HPG,20.5,20.74,20.27,20.34,35823700
2024-03-15,MWG,45.5,45.94,44.83,45.6,8865700
2024-03-15,VNINDEX,1263.46,1271.63,1252.36,1263.78,1008834600
2024-03-18,FPT,83.61,83.61,80.21,81.59,5884600
2024-03-18,HPG,20.37,20.4,19.59,20.0,50100700
2024-03-18,MWG,45.46,46.18,43.96,44.2,12153200
2024-03-18,VNINDEX,1264.17,1269.9,1221.67,1243.56,1616423600
2024-03-19,FPT,81.59,81.59,80.21,80.86,3315400
2024-03-19,HPG,19.93,20.67,19.86,20.13,26973500
2024-03-19,MWG,44.3,44.68,43.67,43.82,8063800
2024-03-19,VNINDEX,1246.54,1249.75,1238.92,1242.46,782479600
2024-03-20,FPT,81.08,83.03,80.21,82.67,3475700
2024-03-20,HPG,20.17,20.34,20.1,20.27,12971200
2024-03-20,MWG,43.92,46.85,43.92,46.23,20639900
2024-03-20,VNINDEX,1243.78,1261.55,1235.46,1260.08,859094600
2024-03-21,FPT,83.17,83.9,82.74,83.9,3757800
2024-03-21,HPG,20.5,20.64,20.34,20.44,19972600
2024-03-21,MWG,46.71,47.14,46.23,46.71,9096600
2024-03-21,VNINDEX,1268.02,1276.42,1264.2,1276.42,1135242300
2024-03-22,FPT,83.97,83.97,82.67,82.96,2414800
2024-03-22,HPG,20.5,20.74,20.4,20.64,37384100
2024-03-22,MWG,46.9,47.57,46.23,47.28,12080800
2024-03-22,VNINDEX,1281.56,1291.27,1276.38,1281.8,1180774200
2024-03-25,FPT,82.38,83.1,82.16,82.31,2794400
2024-03-25,HPG,20.64,20.91,20.3,20.4,21350200
2024-03-25,MWG,47.19,48.44,46.52,46.52,10366400
2024-03-25,VNINDEX,1281.63,1286.84,1264.51,1267.86,1165944800
2024-03-26,FPT,82.31,83.39,82.02,83.03,1693300
2024-03-26,HPG,20.4,20.64,20.34,20.64,11976300
2024-03-26,MWG,46.52,47.09,46.03,46.85,7523200
2024-03-26,VNINDEX,1267.95,1282.5,1264.42,1282.21,858426100
2024-03-27,FPT,82.81,83.25,82.38,83.17,1320200
2024-03-27,HPG,20.88,21.01,20.67,20.67,24329500
2024-03-27,MWG,47.0,49.5,46.76,48.83,12737300
2024-03-27,VNINDEX,1284.59,1286.72,1276.95,1283.09,803249600
2024-03-28,FPT,83.68,84.76,83.25,84.55,2803200
2024-03-28,HPG,20.84,20.84,20.57,20.64,19113700
2024-03-28,MWG,48.92,50.27,48.54,49.12,11651700
2024-03-28,VNINDEX,1293.9,1293.9,1285.52,1290.18,888388100
2024-03-29,FPT,84.04,84.62,83.75,84.11,1343500
2024-03-29,HPG,20.67,20.67,20.44,20.44,14821800
2024-03-29,MWG,49.12,50.08,48.92,49.21,11812000
2024-03-29,VNINDEX,1292.7,1293.04,1282.44,1284.09,790542600
2024-04-01,FPT,83.75,84.91,83.17,84.33,1974600
2024-04-01,HPG,20.4,20.5,20.23,20.34,20759400
2024-04-01,MWG,48.92,50.66,48.83,49.5,13699100
2024-04-01,VNINDEX,1282.37,1286.8,1274.09,1281.52,899388500
2024-04-02,FPT,83.32,84.47,83.32,84.47,2285800
2024-04-02,HPG,20.2,20.54,20.13,20.54,26298400
2024-04-02,MWG,49.12,49.69,48.1,49.69,12311500
2024-04-02,VNINDEX,1275.83,1287.04,1268.48,1287.04,1031022100
2024-04-03,FPT,83.82,84.47,83.1,83.1,2549000
2024-04-03,HPG,20.5,20.57,20.23,20.23,21489800
2024-04-03,MWG,49.12,49.31,48.06,48.34,14384300
2024-04-03,VNINDEX,1285.26,1288.99,1271.47,1271.47,995560400
2024-04-04,FPT,83.03,83.61,82.31,82.31,2359500
2024-04-04,HPG,20.23,20.3,19.96,20.0,26371300
2024-04-04,MWG,48.15,48.83,47.19,48.83,13048500
2024-04-04,VNINDEX,1272.91,1277.62,1265.12,1268.25,921606500
2024-04-05,FPT,81.66,82.81,81.3,82.09,2759000
2024-04-05,HPG,19.9,20.1,19.76,19.9,24018800
2024-04-05,MWG,48.15,49.6,47.62,49.12,8145300
2024-04-05,VNINDEX,1258.58,1265.14,1253.56,1255.11,1034849200
2024-04-08,FPT,82.09,82.09,81.3,81.3,1952000
2024-04-08,HPG,19.9,20.13,19.8,20.0,16708800
2024-04-08,MWG,49.12,49.12,47.96,48.15,6085000
2024-04-08,VNINDEX,1255.51,1258.4,1246.87,1250.35,790344900
2024-04-09,FPT,81.3,81.73,81.22,81.59,1432500
2024-04-09,HPG,20.0,20.2,19.96,20.2,9838000
2024-04-09,MWG,48.15,51.14,47.96,50.85,19487100
2024-04-09,VNINDEX,1252.4,1262.82,1247.7,1262.82,648177200
2024-04-10,FPT,81.95,83.46,81.8,82.16,1791100
2024-04-10,HPG,20.23,20.34,20.03,20.03,11134400
2024-04-10,MWG,50.94,51.23,49.79,50.08,10159900
2024-04-10,VNINDEX,1266.52,1268.72,1258.56,1258.56,633149400
2024-04-11,FPT,81.95,83.32,81.8,82.96,1549400
2024-04-11,HPG,19.9,20.37,19.9,20.2,19246200
2024-04-11,MWG,49.31,50.85,49.31,50.37,6968900
2024-04-11,VNINDEX,1255.46,1262.03,1248.11,1258.2,642873900
2024-04-12,FPT,83.68,83.68,82.52,83.39,1367300
2024-04-12,HPG,20.27,20.34,20.17,20.23,13916900
2024-04-12,MWG,50.37,50.66,49.69,50.08,6665600
2024-04-12,VNINDEX,1259.02,1278.39,1259.02,1276.6,696705300
2024-04-15,FPT,83.39,83.46,80.5,80.58,3701900
2024-04-15,HPG,20.17,20.23,18.98,19.26,31107300
2024-04-15,MWG,49.79,50.08,47.67,48.06,16505200
2024-04-15,VNINDEX,1276.16,1281.81,1216.61,1216.61,1056598900
2024-04-16,FPT,80.86,81.73,80.5,81.59,3642700
2024-04-16,HPG,19.26,19.29,18.82,19.15,33424200
2024-04-16,MWG,47.67,48.15,46.9,48.06,11616300
2024-04-16,VNINDEX,1216.65,1222.45,1191.73,1215.68,1214696500
2024-04-17,FPT,81.66,81.66,80.58,80.72,1943300
2024-04-17,HPG,19.26,19.29,18.85,18.92,15575000
2024-04-17,MWG,48.54,48.54,47.14,47.57,6951200
2024-04-17,VNINDEX,1215.98,1221.47,1193.01,1193.01,766171800
2024-04-19,FPT,79.78,80.29,78.7,78.7,5361100
2024-04-19,HPG,18.78,19.15,18.58,18.78,26138500
2024-04-19,MWG,47.43,47.48,46.27,46.42,9473100
2024-04-19,VNINDEX,1188.47,1190.96,1165.99,1174.85,1024630300
2024-04-22,FPT,79.42,80.43,78.63,79.64,2397300
2024-04-22,HPG,19.05,19.05,18.82,18.92,12390900
2024-04-22,MWG,47.38,47.57,46.37,46.8,12292300
2024-04-22,VNINDEX,1183.77,1193.88,1181.13,1190.22,615914300
2024-04-23,FPT,80.07,81.8,79.35,81.08,4037600
2024-04-23,HPG,18.92,18.95,18.55,18.65,18359900
2024-04-23,MWG,47.28,48.44,46.85,47.96,18043000
2024-04-23,VNINDEX,1189.98,1192.8,1169.61,1177.4,672945800
2024-04-24,FPT,82.02,86.71,81.73,86.71,10158700
2024-04-24,HPG,18.85,19.56,18.75,19.46,23052000
2024-04-24,MWG,48.34,50.37,48.01,50.37,11530800
2024-04-24,VNINDEX,1186.47,1207.61,1177.4,1205.61,691475300
2024-04-25,FPT,88.44,92.42,88.01,88.95,5707700
2024-04-25,HPG,19.39,19.39,19.12,19.29,11236400
2024-04-25,MWG,50.17,51.81,49.5,51.81,19317400
2024-04-25,VNINDEX,1206.52,1208.41,1200.21,1204.97,489174900
2024-04-26,FPT,88.81,90.54,88.23,88.95,3396500
2024-04-26,HPG,19.12,19.29,18.95,19.19,18304000
2024-04-26,MWG,51.52,52.97,51.04,52.87,11864700
2024-04-26,VNINDEX,1199.6,1216.6,1198.73,1209.52,574409200
2024-05-02,FPT,89.38,93.14,89.17,91.91,3469300
2024-05-02,HPG,19.19,19.19,18.95,19.15,7322100
2024-05-02,MWG,53.93,54.7,52.68,53.54,21954900
2024-05-02,VNINDEX,1212.13,1216.36,1206.28,1216.36,513763800
2024-05-03,FPT,92.49,92.7,90.68,90.9,3191200
2024-05-03,HPG,19.15,19.66,19.15,19.36,16714800
2024-05-03,MWG,53.64,55.09,52.97,53.64,29616700
2024-05-03,VNINDEX,1219.75,1225.75,1218.33,1221.03,567269900
2024-05-06,FPT,91.33,92.13,89.89,92.13,2704600
2024-05-06,HPG,19.49,19.83,19.46,19.8,27108200
2024-05-06,MWG,54.03,56.63,53.74,56.14,11257200
2024-05-06,VNINDEX,1227.25,1241.58,1224.22,1241.58,666198300
2024-05-07,FPT,92.42,95.02,91.84,94.8,3122800
2024-05-07,HPG,19.86,20.4,19.76,20.37,30139200
2024-05-07,MWG,56.63,57.3,55.38,57.11,9460000
2024-05-07,VNINDEX,1246.25,1250.63,1240.09,1248.63,592485900
2024-05-08,FPT,93.93,94.58,93.35,94.58,3017800
2024-05-08,HPG,20.37,20.94,20.1,20.74,34289800
2024-05-08,MWG,56.43,57.11,56.05,56.92,8126500
2024-05-08,VNINDEX,1243.61,1251.62,1234.76,1250.46,819607600
2024-05-09,FPT,94.29,95.88,93.86,94.08,2203300
2024-05-09,HPG,20.88,20.88,20.3,20.57,19422700
2024-05-09,MWG,56.82,57.01,56.24,56.72,10475400
2024-05-09,VNINDEX,1254.12,1256.8,1243.29,1248.64,638850100
2024-05-10,FPT,94.8,95.45,93.28,94.58,3789700
2024-05-10,HPG,20.67,20.71,20.23,20.57,18981900
2024-05-10,MWG,56.63,56.82,55.28,56.72,9750700
2024-05-10,VNINDEX,1252.04,1252.5,1237.46,1244.7,593429800
2024-05-13,FPT,94.8,94.94,92.99,93.64,1852200
2024-05-13,HPG,20.64,20.71,20.34,20.4,13171500
2024-05-13,MWG,56.72,56.72,55.86,56.14,7241900
2024-05-13,VNINDEX,1248.19,1249.2,1233.56,1240.18,636191500
2024-05-14,FPT,93.86,95.09,93.57,94.22,2304600
2024-05-14,HPG,20.54,20.74,20.34,20.4,15664000
2024-05-14,MWG,56.34,58.74,55.86,57.88,16222000
2024-05-14,VNINDEX,1247.49,1252.52,1240.88,1243.28,529153100
2024-05-15,FPT,94.94,97.11,94.8,96.82,3653100
2024-05-15,HPG,20.44,21.18,20.44,21.08,45110300
2024-05-15,MWG,58.36,59.8,57.78,58.55,13069600
2024-05-15,VNINDEX,1248.61,1257.92,1243.28,1254.39,759159700
2024-05-16,FPT,97.9,99.13,96.89,97.76,3119000
2024-05-16,HPG,21.35,21.52,21.25,21.35,27403900
2024-05-16,MWG,58.65,58.84,57.49,57.69,12942100
2024-05-16,VNINDEX,1264.69,1271.66,1261.19,1268.78,808769400
2024-05-17,FPT,97.76,98.19,96.53,97.11,2306400
2024-05-17,HPG,21.35,21.35,21.04,21.35,28640900
2024-05-17,MWG,57.59,58.07,56.82,57.4,8962800
2024-05-17,VNINDEX,1270.49,1274.27,1266.32,1273.11,830841100
2024-05-20,FPT,97.61,98.26,96.03,96.03,2013500
2024-05-20,HPG,21.38,21.72,21.35,21.62,46490000
2024-05-20,MWG,57.78,59.32,57.3,57.78,9202200
2024-05-20,VNINDEX,1281.52,1285.19,1277.36,1277.58,957652300
2024-05-21,FPT,96.75,98.19,96.39,98.19,3471900
2024-05-21,HPG,21.62,21.62,21.25,21.52,20863500
2024-05-21,MWG,58.36,59.03,57.78,58.26,4730800
2024-05-21,VNINDEX,1278.44,1281.29,1267.29,1277.14,840139100
2024-05-22,FPT,99.56,100.86,98.26,99.64,4511800
2024-05-22,HPG,21.52,21.59,21.04,21.15,39782700
2024-05-22,MWG,58.36,59.32,57.4,58.74,8945300
2024-05-22,VNINDEX,1280.47,1283.06,1263.87,1266.91,987232400
2024-05-23,FPT,99.28,99.49,97.47,99.28,3621500
2024-05-23,HPG,21.44,21.93,21.26,21.93,37870200
2024-05-23,MWG,58.46,59.71,57.78,59.71,8859900
2024-05-23,VNINDEX,1266.02,1281.03,1262.29,1281.03,833709000
2024-05-24,FPT,99.64,99.64,94.29,95.23,13375600
2024-05-24,HPG,21.78,21.93,21.18,21.48,30151700
2024-05-24,MWG,58.94,59.42,56.72,58.26,13646200
2024-05-24,VNINDEX,1280.77,1285.07,1250.28,1261.93,1179910300
2024-05-27,FPT,96.03,96.39,94.29,95.88,5157800
2024-05-27,HPG,21.48,21.78,21.3,21.48,15759100
2024-05-27,MWG,57.88,58.26,57.01,57.78,6367800
2024-05-27,VNINDEX,1263.46,1267.68,1257.27,1267.68,598637500
2024-05-28,FPT,96.75,98.91,96.1,98.91,4625300
2024-05-28,HPG,21.56,21.7,21.41,21.67,17564600
2024-05-28,MWG,58.17,60.48,57.88,59.23,9931000
2024-05-28,VNINDEX,1272.85,1281.73,1269.37,1281.73,744100500
2024-05-29,FPT,98.99,99.78,97.32,97.98,5837600
2024-05-29,HPG,21.63,21.74,21.26,21.26,21599400
2024-05-29,MWG,59.32,59.71,58.26,58.26,6883200
2024-05-29,VNINDEX,1284.74,1285.63,1271.6,1272.64,967116000
2024-05-30,FPT,96.6,97.47,95.23,97.47,7261300
2024-05-30,HPG,21.18,21.22,20.81,21.0,27257700
2024-05-30,MWG,57.69,60.48,57.01,60.48,14761100
2024-05-30,VNINDEX,1267.62,1269.07,1251.8,1266.32,958531600
2024-05-31,FPT,97.47,98.77,96.6,97.18,2633500
2024-05-31,HPG,21.11,21.41,20.85,21.26,17736800
2024-05-31,MWG,60.48,62.02,60.09,61.25,10260200
2024-05-31,VNINDEX,1268.86,1271.07,1261.43,1261.72,617748900
2024-06-03,FPT,97.47,99.35,97.25,98.84,7773600
2024-06-03,HPG,21.41,21.63,21.41,21.56,20634500
2024-06-03,MWG,61.54,61.73,60.86,61.64,8257800
2024-06-03,VNINDEX,1272.37,1284.48,1271.65,1280.0,930997200
2024-06-04,FPT,100.36,100.57,99.49,100.43,7009800
2024-06-04,HPG,21.56,22.15,21.56,21.78,39654300
2024-06-04,MWG,61.64,61.83,60.77,61.44,6569500
2024-06-04,VNINDEX,1286.14,1289.31,1281.98,1283.52,785860800
2024-06-05,FPT,101.08,104.62,100.86,101.15,6321600
2024-06-05,HPG,21.78,21.93,21.63,21.74,19195800
2024-06-05,MWG,60.67,60.96,59.32,59.71,13778200
2024-06-05,VNINDEX,1284.36,1293.93,1284.35,1284.35,810156400
2024-06-06,FPT,101.3,102.31,100.21,100.79,5211800
2024-06-06,HPG,21.74,22.04,21.48,21.78,20822600
2024-06-06,MWG,59.71,60.19,59.32,59.61,7071800
2024-06-06,VNINDEX,1288.79,1292.02,1278.4,1283.56,797941200
2024-06-07,FPT,101.8,102.52,101.44,102.52,3756900
2024-06-07,HPG,21.82,21.85,21.63,21.78,14882900
2024-06-07,MWG,60.0,60.48,59.52,59.8,4298200
2024-06-07,VNINDEX,1284.99,1293.03,1283.13,1287.58,604686400
2024-06-10,FPT,103.61,104.69,103.25,103.97,3775400
2024-06-10,HPG,21.85,21.89,21.67,21.78,20259700
2024-06-10,MWG,59.9,60.96,59.71,60.67,4849000
2024-06-10,VNINDEX,1292.89,1297.39,1287.44,1290.67,778972900
2024-06-11,FPT,104.18,105.77,103.32,105.77,6327300
2024-06-11,HPG,21.85,22.04,21.59,21.63,26986400
2024-06-11,MWG,60.96,61.06,59.52,60.0,6438600
2024-06-11,VNINDEX,1295.04,1296.41,1279.47,1284.41,859304400
2024-06-12,FPT,106.94,110.96,106.86,110.37,11215500
2024-06-12,HPG,21.56,22.0,21.56,22.0,19284400
2024-06-12,MWG,60.29,61.54,59.71,61.06,5024800
2024-06-12,VNINDEX,1285.2,1301.35,1281.71,1300.19,769901500
2024-06-13,FPT,111.79,111.88,108.7,108.7,8136200
2024-06-13,HPG,22.04,22.08,21.78,21.93,20548700
2024-06-13,MWG,61.35,62.02,60.77,61.64,7862300
2024-06-13,VNINDEX,1305.69,1306.01,1297.6,1301.51,829312700
2024-06-14,FPT,108.78,110.87,107.86,109.54,6406200
2024-06-14,HPG,21.93,22.26,21.63,21.63,34292400
2024-06-14,MWG,61.64,61.83,60.67,60.67,8119800
2024-06-14,VNINDEX,1303.37,1305.02,1279.91,1279.91,1009525700
2024-06-17,FPT,109.54,109.87,107.44,107.7,4867600
2024-06-17,HPG,21.63,22.26,21.56,21.89,34373100
2024-06-17,MWG,60.48,60.48,58.74,59.71,9503600
2024-06-17,VNINDEX,1281.85,1283.1,1272.54,1274.77,779686100
2024-06-18,FPT,107.7,108.45,107.03,107.03,6680000
2024-06-18,HPG,21.93,22.08,21.85,21.85,16534100
2024-06-18,MWG,59.8,60.19,58.84,59.9,7174700
2024-06-18,VNINDEX,1280.29,1286.52,1278.38,1279.5,633180900
2024-06-19,FPT,107.03,111.04,105.86,109.95,9669200
2024-06-19,HPG,21.93,21.96,21.74,21.82,19178300
2024-06-19,MWG,59.61,61.35,59.32,60.96,7686100
2024-06-19,VNINDEX,1283.0,1284.14,1270.66,1279.79,767825600
2024-06-20,FPT,111.21,113.46,110.2,111.46,10465700
2024-06-20,HPG,21.74,21.85,21.52,21.82,27774000
2024-06-20,MWG,60.86,61.15,60.19,61.15,5638200
2024-06-20,VNINDEX,1280.98,1286.54,1273.54,1282.3,818094800
2024-06-21,FPT,111.96,113.8,111.46,113.8,7653300
2024-06-21,HPG,21.82,21.82,21.56,21.59,14287400
2024-06-21,MWG,60.67,62.31,60.09,61.15,7135200
2024-06-21,VNINDEX,1284.99,1288.06,1279.44,1282.02,702735900
2024-06-24,FPT,112.88,113.3,110.37,110.46,13186900
2024-06-24,HPG,21.56,21.63,21.0,21.33,37846100
2024-06-24,MWG,61.15,61.15,59.23,59.71,11379200
2024-06-24,VNINDEX,1281.19,1284.84,1252.66,1254.12,1098142200
2024-06-25,FPT,109.54,109.62,107.53,108.7,13706800
2024-06-25,HPG,21.26,21.59,21.18,21.33,16655000
2024-06-25,MWG,59.71,60.38,59.32,59.71,6381000
2024-06-25,VNINDEX,1256.11,1260.07,1250.25,1256.56,547152400
2024-06-26,FPT,109.54,110.2,108.2,110.2,7147400
2024-06-26,HPG,21.37,21.7,21.26,21.48,19746800
2024-06-26,MWG,60.19,60.86,59.03,60.29,8185600
2024-06-26,VNINDEX,1258.42,1262.67,1247.55,1261.24,589079700
2024-06-27,FPT,109.79,112.13,109.37,111.04,6403700
2024-06-27,HPG,21.56,21.59,21.33,21.44,10080500
2024-06-27,MWG,59.71,61.25,59.71,61.06,8297600
2024-06-27,VNINDEX,1260.71,1262.49,1255.12,1259.09,469667500
2024-06-28,FPT,111.04,111.04,109.03,109.12,6633000
2024-06-28,HPG,21.37,21.48,21.04,21.04,22182300
2024-06-28,MWG,61.25,61.25,59.8,60.57,6187200
2024-06-28,VNINDEX,1260.77,1262.61,1240.15,1245.32,671599000
2024-07-01,FPT,109.03,109.03,107.44,107.53,6376000
2024-07-01,HPG,21.04,21.18,20.85,21.07,13557400
2024-07-01,MWG,60.77,63.87,60.18,63.87,21785800
2024-07-01,VNINDEX,1245.22,1254.56,1240.07,1254.56,432927800
2024-07-02,FPT,107.53,110.46,106.61,107.03,6720600
2024-07-02,HPG,21.07,21.44,21.0,21.33,21258400
2024-07-02,MWG,63.87,64.07,62.8,64.07,9245500
2024-07-02,VNINDEX,1258.96,1270.47,1257.93,1269.79,470400200
2024-07-03,FPT,109.12,111.04,108.78,109.54,7634100
2024-07-03,HPG,21.56,21.63,21.33,21.37,17252800
2024-07-03,MWG,63.97,64.45,63.19,63.58,7436000
2024-07-03,VNINDEX,1269.96,1278.14,1268.23,1276.85,501951100
2024-07-04,FPT,110.46,113.55,110.46,113.55,8117900
2024-07-04,HPG,21.44,21.59,21.26,21.33,9353000
2024-07-04,MWG,63.78,64.36,63.0,63.19,5861500
2024-07-04,VNINDEX,1279.12,1283.13,1274.58,1279.89,475717900
2024-07-05,FPT,113.8,116.81,113.8,115.97,7789400
2024-07-05,HPG,21.33,21.52,21.26,21.3,12362300
2024-07-05,MWG,63.29,63.87,63.1,63.68,7939400
2024-07-05,VNINDEX,1281.21,1284.98,1276.93,1283.04,589226400
2024-07-08,FPT,115.81,116.73,114.97,116.73,5865700
2024-07-08,HPG,21.33,21.59,21.3,21.41,18430100
2024-07-08,MWG,63.68,65.42,63.68,65.04,10448700
2024-07-08,VNINDEX,1285.79,1287.14,1277.68,1283.56,664000500
2024-07-09,FPT,116.31,116.48,113.72,114.97,9676100
2024-07-09,HPG,21.41,21.7,21.37,21.56,22548200
2024-07-09,MWG,65.23,65.23,64.36,64.84,7977800
2024-07-09,VNINDEX,1286.7,1294.15,1283.62,1293.71,757408500
2024-07-10,FPT,113.72,114.55,112.04,112.04,6294700
2024-07-10,HPG,21.63,21.93,21.52,21.52,30969800
2024-07-10,MWG,64.74,64.84,63.29,63.29,10907100
2024-07-10,VNINDEX,1295.78,1297.96,1285.94,1285.94,678093600
2024-07-11,FPT,112.13,113.22,110.79,111.21,6842100
2024-07-11,HPG,21.67,21.74,21.44,21.44,14512000
2024-07-11,MWG,63.48,63.78,62.71,62.9,8302000
2024-07-11,VNINDEX,1291.17,1293.32,1283.8,1283.8,636332300
2024-07-12,FPT,110.54,113.72,110.54,111.88,3553400
2024-07-12,HPG,21.48,21.52,21.15,21.18,18050400
2024-07-12,MWG,62.9,63.48,62.22,62.9,8736600
2024-07-12,VNINDEX,1284.57,1288.67,1277.16,1280.75,546830500
2024-07-15,FPT,111.63,112.71,110.62,110.96,3067200
2024-07-15,HPG,21.22,21.37,20.96,21.15,16287600
2024-07-15,MWG,63.0,63.1,62.22,62.42,3694800
2024-07-15,VNINDEX,1281.0,1286.37,1276.27,1279.82,474359200
2024-07-16,FPT,111.71,112.46,110.62,112.04,4002300
2024-07-16,HPG,21.18,21.3,21.11,21.15,12327400
2024-07-16,MWG,62.71,63.39,62.22,62.22,7680700
2024-07-16,VNINDEX,1280.64,1291.47,1279.37,1281.18,637199000
2024-07-17,FPT,112.04,112.13,108.62,110.29,6970100
2024-07-17,HPG,21.22,21.26,20.52,20.96,25546900
2024-07-17,MWG,62.8,62.8,60.38,61.64,16982000
2024-07-17,VNINDEX,1287.48,1290.76,1256.42,1268.66,1082362800
2024-07-18,FPT,109.87,109.87,106.86,106.94,10800200
2024-07-18,HPG,20.96,21.15,20.85,21.11,20477300
2024-07-18,MWG,61.64,63.1,61.54,63.1,7938100
2024-07-18,VNINDEX,1271.15,1274.67,1256.21,1274.44,652389000
2024-07-19,FPT,107.53,108.11,105.36,105.36,6551700
2024-07-19,HPG,21.11,21.11,20.96,20.96,11865200
2024-07-19,MWG,63.1,64.36,62.8,63.68,12007200
2024-07-19,VNINDEX,1275.28,1279.94,1260.68,1264.78,726065300
2024-07-22,FPT,105.36,105.36,103.01,103.77,6216900
2024-07-22,HPG,20.89,20.96,20.63,20.85,18399400
2024-07-22,MWG,63.29,63.48,61.93,63.39,5883400
2024-07-22,VNINDEX,1261.42,1267.43,1245.02,1254.64,834239700
2024-07-23,FPT,104.44,106.61,104.35,104.94,5311600
2024-07-23,HPG,20.85,20.96,20.66,20.66,15056900
2024-07-23,MWG,63.1,63.1,60.18,60.67,9198000
2024-07-23,VNINDEX,1256.36,1258.74,1231.81,1231.81,662804800
2024-07-24,FPT,104.94,105.86,103.68,105.36,4151700
2024-07-24,HPG,20.63,20.78,20.14,20.59,19233100
2024-07-24,MWG,59.8,60.18,56.88,59.6,15062500
2024-07-24,VNINDEX,1226.06,1242.4,1218.65,1238.47,658299500
2024-07-25,FPT,103.85,104.94,103.77,104.52,2563400
2024-07-25,HPG,20.52,20.55,20.29,20.33,13319700
2024-07-25,MWG,58.24,59.21,57.95,59.21,4903300
2024-07-25,VNINDEX,1232.92,1235.67,1226.2,1233.19,421019600
2024-07-26,FPT,105.27,107.03,104.02,107.03,3951100
2024-07-26,HPG,20.33,20.55,20.33,20.4,8806900
2024-07-26,MWG,58.73,59.21,58.63,59.21,4384000
2024-07-26,VNINDEX,1235.08,1242.11,1234.05,1242.11,417284900
2024-07-29,FPT,108.7,109.2,107.86,107.86,4859800
2024-07-29,HPG,20.55,20.89,20.52,20.74,15443700
2024-07-29,MWG,59.6,60.57,59.31,60.18,5340200
2024-07-29,VNINDEX,1245.91,1249.68,1243.08,1246.6,464637300
2024-07-30,FPT,107.86,108.28,106.19,107.03,2373800
2024-07-30,HPG,20.81,20.96,20.74,20.74,15542800
2024-07-30,MWG,60.18,61.35,60.09,61.15,5470300
2024-07-30,VNINDEX,1247.23,1248.73,1236.97,1245.06,602301200
2024-07-31,FPT,106.44,107.53,105.86,107.53,2869200
2024-07-31,HPG,20.74,20.74,20.14,20.22,24285900
2024-07-31,MWG,62.03,62.61,61.64,61.93,10333100
2024-07-31,VNINDEX,1246.7,1255.77,1246.3,1251.51,685428100
2024-08-01,FPT,108.36,108.45,103.77,104.35,6870300
2024-08-01,HPG,20.44,20.55,19.77,19.85,30480400
2024-08-01,MWG,61.93,61.93,59.7,60.28,10605900
2024-08-01,VNINDEX,1254.59,1257.85,1222.51,1226.96,852237400
2024-08-02,FPT,102.09,104.35,101.17,103.01,9944700
2024-08-02,HPG,19.81,20.29,19.7,20.26,17545800
2024-08-02,MWG,59.21,61.06,58.92,61.06,7605200
2024-08-02,VNINDEX,1222.35,1236.6,1209.77,1236.6,657669700
2024-08-05,FPT,101.26,102.76,98.16,99.17,10415200
2024-08-05,HPG,19.92,19.96,19.18,19.29,45610000
2024-08-05,MWG,59.7,60.47,58.53,59.8,11577700
2024-08-05,VNINDEX,1219.23,1236.6,1184.53,1188.07,942540200
2024-08-06,FPT,100.34,101.93,100.17,101.01,6728100
2024-08-06,HPG,19.36,19.66,19.21,19.55,19759200
2024-08-06,MWG,59.99,60.47,58.82,60.47,6419700
2024-08-06,VNINDEX,1198.53,1213.35,1186.74,1210.28,612793000
2024-08-07,FPT,101.17,102.01,100.5,102.01,2822800
2024-08-07,HPG,19.66,19.66,19.29,19.36,15411700
2024-08-07,MWG,60.47,60.67,59.7,60.47,4794900
2024-08-07,VNINDEX,1216.96,1217.79,1205.11,1215.88,510188600
2024-08-08,FPT,101.68,102.34,101.09,101.51,2654900
2024-08-08,HPG,19.29,19.4,18.99,19.03,21915800
2024-08-08,MWG,60.18,61.06,60.09,60.57,5791600
2024-08-08,VNINDEX,1211.83,1219.97,1202.58,1208.32,639434200
2024-08-09,FPT,102.34,106.11,102.01,106.11,5496400
2024-08-09,HPG,19.25,19.4,19.1,19.36,12123200
2024-08-09,MWG,60.86,63.87,60.67,63.68,17518100
2024-08-09,VNINDEX,1215.3,1225.02,1208.32,1223.64,544377600
2024-08-12,FPT,106.11,108.87,105.52,108.7,6183500
2024-08-12,HPG,19.36,19.4,19.1,19.21,12576000
2024-08-12,MWG,63.97,64.84,63.68,64.65,11011200
2024-08-12,VNINDEX,1225.95,1231.46,1221.16,1230.28,494612600
2024-08-13,FPT,108.45,108.87,107.03,108.45,4097900
2024-08-13,HPG,19.25,19.29,18.73,18.88,26244600
2024-08-13,MWG,64.84,65.23,63.58,64.74,9391000
2024-08-13,VNINDEX,1229.81,1231.55,1223.01,1230.42,488354400
2024-08-14,FPT,109.28,109.95,108.28,108.28,2862200
2024-08-14,HPG,18.95,19.1,18.8,18.92,13691400
2024-08-14,MWG,64.84,65.04,63.87,64.65,6293000
2024-08-14,VNINDEX,1233.7,1236.51,1228.93,1230.36,443207500
2024-08-15,FPT,107.95,108.28,107.19,107.61,2257600
2024-08-15,HPG,18.92,18.92,18.73,18.73,16229400
2024-08-15,MWG,64.36,64.45,63.39,63.97,7146900
2024-08-15,VNINDEX,1230.2,1231.69,1222.28,1223.56,432238900
2024-08-16,FPT,107.95,109.54,107.95,109.2,5093600
2024-08-16,HPG,18.73,19.1,18.58,19.03,36326600
2024-08-16,MWG,64.07,67.46,63.97,66.98,18518500
2024-08-16,VNINDEX,1225.73,1253.24,1225.73,1252.23,917109200
2024-08-19,FPT,109.62,109.87,108.7,109.12,2498400
2024-08-19,HPG,19.18,19.59,19.1,19.21,24427500
2024-08-19,MWG,66.98,67.66,66.59,66.98,6418900
2024-08-19,VNINDEX,1258.48,1263.84,1252.23,1261.62,609857600
2024-08-20,FPT,109.28,110.79,109.28,109.95,3741400
2024-08-20,HPG,19.32,19.47,19.18,19.18,20447900
2024-08-20,MWG,66.98,67.46,66.3,67.46,8137200
2024-08-20,VNINDEX,1263.65,1275.95,1261.62,1272.55,772116400
2024-08-21,FPT,109.2,111.88,109.2,111.63,6119700
2024-08-21,HPG,19.21,19.51,19.18,19.44,24811600
2024-08-21,MWG,67.37,68.14,66.88,67.76,8947700
2024-08-21,VNINDEX,1272.05,1284.05,1268.91,1284.05,715821800
2024-08-22,FPT,112.04,112.46,111.63,111.88,3020500
2024-08-22,HPG,19.47,19.51,19.1,19.14,24029400
2024-08-22,MWG,67.66,68.14,67.08,67.95,5281400
2024-08-22,VNINDEX,1287.34,1288.42,1280.42,1282.78,612390700
2024-08-23,FPT,111.79,111.79,110.71,111.29,3055000
2024-08-23,HPG,19.14,19.36,18.88,19.36,22408300
2024-08-23,MWG,67.95,68.14,67.27,67.95,4425700
2024-08-23,VNINDEX,1283.22,1287.43,1276.43,1285.32,635715300
2024-08-26,FPT,111.46,111.63,109.95,109.95,2590300
2024-08-26,HPG,19.44,19.62,19.29,19.32,21643500
2024-08-26,MWG,67.95,68.72,67.56,67.76,5961000
2024-08-26,VNINDEX,1287.89,1290.45,1278.72,1280.02,692148600
2024-08-27,FPT,109.95,110.87,109.03,110.79,2338500
2024-08-27,HPG,19.32,19.36,19.1,19.14,12450500
2024-08-27,MWG,67.37,67.76,65.81,67.76,14475100
2024-08-27,VNINDEX,1279.55,1282.92,1274.7,1280.56,589971400
2024-08-28,FPT,111.21,112.46,111.12,111.46,2711500
2024-08-28,HPG,19.21,19.29,19.07,19.1,18656100
2024-08-28,MWG,67.66,67.66,66.69,67.37,6602000
2024-08-28,VNINDEX,1283.6,1285.72,1276.9,1281.44,658164100
2024-08-29,FPT,111.04,111.88,110.54,111.79,2092700
2024-08-29,HPG,19.18,19.29,19.03,19.03,16163400
2024-08-29,MWG,66.88,67.37,66.59,67.08,4226000
2024-08-29,VNINDEX,1281.05,1288.2,1280.24,1281.47,581218200
2024-08-30,FPT,111.63,112.8,111.21,112.71,3315800
2024-08-30,HPG,19.1,19.14,18.95,18.95,17965500
2024-08-30,MWG,67.08,67.76,66.69,67.76,5295100
2024-08-30,VNINDEX,1283.16,1286.84,1282.58,1283.87,510781800
2024-09-04,FPT,111.21,111.21,109.95,111.21,4535200
2024-09-04,HPG,18.8,18.92,18.66,18.77,19062500
2024-09-04,MWG,66.69,67.66,66.2,67.08,4462400
2024-09-04,VNINDEX,1273.86,1277.27,1268.43,1275.8,588167700
2024-09-05,FPT,111.21,111.21,108.45,109.2,8055600
2024-09-05,HPG,18.84,18.84,18.58,18.62,22563500
2024-09-05,MWG,66.78,66.88,65.62,65.91,8478300
2024-09-05,VNINDEX,1276.46,1282.21,1266.05,1268.21,594459100
2024-09-06,FPT,109.12,111.12,108.95,110.46,3821400
2024-09-06,HPG,18.62,18.88,18.4,18.88,22851500
2024-09-06,MWG,65.62,66.01,64.84,66.01,8345500
2024-09-06,VNINDEX,1268.22,1274.44,1262.94,1273.96,514945000
2024-09-09,FPT,109.37,110.29,108.78,109.79,2885200
2024-09-09,HPG,18.88,19.47,18.8,19.03,32645800
2024-09-09,MWG,65.72,66.01,65.23,65.52,3677000
2024-09-09,VNINDEX,1269.83,1273.96,1262.97,1267.73,433866000
2024-09-10,FPT,109.54,109.54,108.36,108.7,4195100
2024-09-10,HPG,19.14,19.21,18.69,18.69,15019200
2024-09-10,MWG,65.52,66.69,65.52,65.81,6456200
2024-09-10,VNINDEX,1270.31,1271.83,1252.22,1255.23,601503900
2024-09-11,FPT,108.7,109.79,108.53,109.2,3190400
2024-09-11,HPG,18.69,18.99,18.62,18.84,14212700
2024-09-11,MWG,65.81,65.91,65.13,65.81,6804000
2024-09-11,VNINDEX,1253.07,1256.86,1244.79,1253.27,517736700
2024-09-12,FPT,109.54,110.79,109.54,110.62,4118000
2024-09-12,HPG,18.88,18.99,18.66,18.66,9035800
2024-09-12,MWG,66.01,66.01,65.23,65.52,3872500
2024-09-12,VNINDEX,1258.42,1260.93,1253.27,1256.35,381113000
2024-09-13,FPT,110.54,111.54,110.37,111.21,3186800
2024-09-13,HPG,18.69,18.8,18.58,18.58,12428200
2024-09-13,MWG,65.23,65.52,64.55,65.23,7126500
2024-09-13,VNINDEX,1253.69,1254.24,1248.78,1251.71,383574300
2024-09-16,FPT,110.2,111.21,109.62,109.62,1915700
2024-09-16,HPG,18.58,18.77,18.47,18.47,14573600
2024-09-16,MWG,64.94,65.04,64.07,64.16,5295500
2024-09-16,VNINDEX,1251.0,1255.42,1239.26,1239.26,453594700
2024-09-17,FPT,109.7,111.12,109.7,111.12,2651400
2024-09-17,HPG,18.51,18.77,18.43,18.77,13173400
2024-09-17,MWG,64.26,64.84,63.58,64.84,8761200
2024-09-17,VNINDEX,1239.99,1258.95,1238.69,1258.95,460745200
2024-09-18,FPT,111.54,113.05,111.12,112.55,5379600
2024-09-18,HPG,18.77,18.84,18.66,18.66,13234500
2024-09-18,MWG,64.94,66.59,64.84,66.2,10676700
2024-09-18,VNINDEX,1261.23,1271.77,1257.93,1264.9,598425800
2024-09-19,FPT,112.88,113.55,112.3,113.05,5154300
2024-09-19,HPG,18.8,18.95,18.73,18.77,13677300
2024-09-19,MWG,66.49,66.49,65.72,66.2,5280600
2024-09-19,VNINDEX,1268.28,1271.27,1264.82,1271.27,477857400
2024-09-20,FPT,113.97,114.55,112.88,113.13,3719700
2024-09-20,HPG,18.95,19.36,18.92,19.07,44588800
2024-09-20,MWG,66.59,66.69,66.01,66.01,5016600
2024-09-20,VNINDEX,1277.73,1283.3,1271.27,1272.04,840427500
2024-09-23,FPT,113.63,113.63,111.54,112.04,2441200
2024-09-23,HPG,19.18,19.4,19.1,19.1,15513400
2024-09-23,MWG,66.01,66.01,64.84,65.33,5047700
2024-09-23,VNINDEX,1275.15,1276.99,1267.87,1268.48,455722900
2024-09-24,FPT,112.04,112.63,111.79,112.46,2011400
2024-09-24,HPG,19.1,19.21,19.07,19.21,10647000
2024-09-24,MWG,65.52,66.78,65.52,66.1,6640500
2024-09-24,VNINDEX,1268.25,1276.99,1266.68,1276.99,493764800
2024-09-25,FPT,112.3,112.71,111.71,112.71,4479900
2024-09-25,HPG,19.4,19.62,19.36,19.47,41009200
2024-09-25,MWG,66.49,66.69,66.01,66.69,5446300
2024-09-25,VNINDEX,1283.04,1288.44,1280.47,1287.48,904058400
2024-09-26,FPT,112.88,112.88,111.96,112.3,2815600
2024-09-26,HPG,19.55,19.66,19.36,19.36,21745200
2024-09-26,MWG,66.78,67.46,66.3,66.3,7182600
2024-09-26,VNINDEX,1290.03,1298.71,1289.15,1291.49,889834500
2024-09-27,FPT,112.3,112.38,111.63,112.21,3352800
2024-09-27,HPG,19.44,19.55,19.25,19.36,30540100
2024-09-27,MWG,66.59,66.59,64.84,65.52,13131500
2024-09-27,VNINDEX,1295.03,1300.31,1287.21,1290.92,874903600
2024-09-30,FPT,112.21,112.46,111.21,112.46,3030500
2024-09-30,HPG,19.47,19.77,19.44,19.59,37425200
2024-09-30,MWG,65.52,66.1,64.94,66.1,5927100
2024-09-30,VNINDEX,1290.94,1292.03,1283.92,1287.94,693267200
2024-10-01,FPT,112.63,113.88,112.63,113.63,4725900
2024-10-01,HPG,19.92,20.07,19.81,19.88,37852700
2024-10-01,MWG,66.3,66.69,65.81,65.81,9995700
2024-10-01,VNINDEX,1290.68,1302.22,1290.68,1292.2,922549900
2024-10-02,FPT,112.55,113.63,112.55,113.22,1719800
2024-10-02,HPG,19.85,19.85,19.55,19.55,21285700
2024-10-02,MWG,65.52,65.91,65.04,65.42,7157400
2024-10-02,VNINDEX,1289.5,1293.69,1285.14,1287.84,677770900
2024-10-03,FPT,113.22,113.8,112.04,112.04,2300800
2024-10-03,HPG,19.66,19.81,19.4,19.47,26798500
2024-10-03,MWG,65.42,65.42,63.87,64.36,14743000
2024-10-03,VNINDEX,1288.64,1299.36,1276.51,1278.1,1009745900
2024-10-04,FPT,112.3,112.71,111.63,112.13,1468400
2024-10-04,HPG,19.47,19.7,19.4,19.47,17555300
2024-10-04,MWG,64.55,64.84,64.26,64.45,5272300
2024-10-04,VNINDEX,1278.9,1279.33,1270.6,1270.6,568802900
2024-10-07,FPT,112.21,112.8,111.71,112.13,1330500
2024-10-07,HPG,19.62,19.7,19.47,19.62,12466400
2024-10-07,MWG,64.74,65.13,63.97,64.36,5548200
2024-10-07,VNINDEX,1275.82,1278.61,1264.65,1269.93,497177600
2024-10-08,FPT,112.13,112.96,111.71,111.88,2108600
2024-10-08,HPG,19.62,20.14,19.59,20.03,38169900
2024-10-08,MWG,64.74,64.74,63.1,63.29,11008100
2024-10-08,VNINDEX,1271.82,1275.82,1266.94,1271.98,650356800
2024-10-09,FPT,112.3,113.55,112.3,113.22,2619900
2024-10-09,HPG,20.18,20.44,20.11,20.44,41613700
2024-10-09,MWG,63.1,63.39,61.74,62.32,20847000
2024-10-09,VNINDEX,1273.96,1283.01,1271.98,1281.85,643356300
2024-10-10,FPT,113.55,118.73,113.55,118.48,9952200
2024-10-10,HPG,20.52,20.59,20.26,20.26,23823900
2024-10-10,MWG,62.61,63.48,62.22,63.1,8668600
2024-10-10,VNINDEX,1286.73,1294.33,1284.97,1286.36,665300300
2024-10-11,FPT,118.73,119.4,116.73,116.73,3813600
2024-10-11,HPG,20.33,20.4,20.07,20.29,15761800
2024-10-11,MWG,63.1,63.39,61.64,62.61,10009100
2024-10-11,VNINDEX,1288.11,1289.37,1283.56,1288.39,479873200
2024-10-14,FPT,117.98,118.15,114.64,115.05,5605300
2024-10-14,HPG,20.33,20.4,20.11,20.11,17974700
2024-10-14,MWG,63.0,63.1,61.74,61.74,8405400
2024-10-14,VNINDEX,1289.21,1297.67,1286.13,1286.34,670466100
2024-10-15,FPT,115.05,115.89,114.22,114.55,2860800
2024-10-15,HPG,20.37,20.4,20.18,20.18,20160900
2024-10-15,MWG,62.03,62.9,61.83,62.51,12469800
2024-10-15,VNINDEX,1287.81,1294.05,1279.81,1281.08,675124700
2024-10-16,FPT,114.05,114.64,113.72,113.97,2756000
2024-10-16,HPG,20.18,20.29,20.14,20.14,11628300
2024-10-16,MWG,62.51,63.78,62.42,63.58,13710200
2024-10-16,VNINDEX,1279.86,1283.33,1276.4,1279.48,482243100
2024-10-17,FPT,114.13,114.64,113.3,114.55,2579200
2024-10-17,HPG,20.18,20.26,19.88,20.26,20560900
2024-10-17,MWG,63.87,63.87,63.29,63.87,6628300
2024-10-17,VNINDEX,1282.65,1286.52,1271.82,1286.52,617839000
2024-10-18,FPT,114.89,115.22,114.22,114.55,2169400
2024-10-18,HPG,20.26,20.29,20.03,20.03,16242400
2024-10-18,MWG,63.97,64.16,63.29,63.78,6162200
2024-10-18,VNINDEX,1291.16,1294.1,1285.46,1285.46,607857500
2024-10-21,FPT,114.55,115.14,113.3,113.3,2681300
2024-10-21,HPG,20.03,20.11,19.85,19.88,13894500
2024-10-21,MWG,63.39,64.07,63.0,63.87,4333000
2024-10-21,VNINDEX,1284.17,1287.71,1279.77,1279.77,580256800
2024-10-22,FPT,113.46,113.46,111.21,111.29,6009200
2024-10-22,HPG,19.81,19.96,19.7,19.81,18315000
2024-10-22,MWG,64.36,64.84,63.58,64.36,9781100
2024-10-22,VNINDEX,1280.21,1280.21,1265.44,1269.89,728503100
2024-10-23,FPT,111.12,112.71,110.87,112.21,3015100
2024-10-23,HPG,19.81,19.85,19.59,19.66,13607700
2024-10-23,MWG,64.16,64.36,63.19,63.78,6100300
2024-10-23,VNINDEX,1270.58,1273.21,1263.26,1270.9,535847500
2024-10-24,FPT,112.21,112.3,111.88,112.3,2277200
2024-10-24,HPG,19.7,19.85,19.59,19.66,15898900
2024-10-24,MWG,63.48,64.07,63.0,63.48,4641700
2024-10-24,VNINDEX,1271.17,1274.11,1257.41,1257.41,592565400
2024-10-25,FPT,112.3,112.55,111.71,112.04,1839000
2024-10-25,HPG,19.77,19.81,19.66,19.66,9445600
2024-10-25,MWG,63.48,64.07,63.1,63.58,4951300
2024-10-25,VNINDEX,1260.94,1261.72,1251.75,1252.72,525132900
2024-10-28,FPT,112.13,112.88,111.71,112.8,1506000
2024-10-28,HPG,19.7,20.03,19.7,19.88,11933000
2024-10-28,MWG,63.58,63.68,63.0,63.58,3958700
2024-10-28,VNINDEX,1252.76,1255.18,1250.94,1254.77,400523500
2024-10-29,FPT,113.22,113.3,112.71,113.22,2459200
2024-10-29,HPG,19.92,20.18,19.85,20.11,15733100
2024-10-29,MWG,63.68,64.55,63.48,64.55,9538500
2024-10-29,VNINDEX,1258.03,1262.38,1257.43,1261.78,490901600
2024-10-30,FPT,113.22,113.63,113.05,113.63,1709800
2024-10-30,HPG,20.11,20.14,19.92,20.07,11066500
2024-10-30,MWG,64.55,64.55,63.78,64.07,8927400
2024-10-30,VNINDEX,1263.57,1264.84,1255.07,1258.63,475263400
2024-10-31,FPT,113.63,113.72,113.13,113.63,1241700
2024-10-31,HPG,20.11,20.11,19.92,19.99,13325100
2024-10-31,MWG,64.07,64.55,63.68,64.55,6146200
2024-10-31,VNINDEX,1260.23,1267.88,1255.55,1264.48,469095100
2024-11-01,FPT,112.88,112.88,111.71,112.55,2667500
2024-11-01,HPG,19.92,19.96,19.66,19.73,13201400
2024-11-01,MWG,63.97,64.16,63.58,64.07,21332900
2024-11-01,VNINDEX,1262.39,1264.67,1254.33,1254.89,537480700
2024-11-04,FPT,112.55,112.55,110.96,111.04,3182900
2024-11-04,HPG,19.73,19.73,19.44,19.55,18309700
2024-11-04,MWG,63.97,63.97,62.8,63.19,9363400
2024-11-04,VNINDEX,1255.06,1256.96,1242.36,1244.71,588219400
2024-11-05,FPT,111.21,112.04,110.62,110.87,1657100
2024-11-05,HPG,19.55,19.73,19.47,19.7,8094800
2024-11-05,MWG,63.0,63.68,62.9,63.68,5272300
2024-11-05,VNINDEX,1244.85,1248.97,1243.55,1245.76,332629000
2024-11-06,FPT,111.29,112.55,111.21,112.55,1801500
2024-11-06,HPG,19.81,20.18,19.73,20.03,20992000
2024-11-06,MWG,63.78,63.78,63.1,63.68,5415900
2024-11-06,VNINDEX,1251.22,1262.44,1250.57,1261.28,502638900
2024-11-07,FPT,113.13,115.05,112.21,112.96,3570500
2024-11-07,HPG,20.14,20.29,20.03,20.03,15984800
2024-11-07,MWG,63.87,63.87,62.9,63.48,5244200
2024-11-07,VNINDEX,1266.61,1267.09,1259.75,1259.75,470366800
2024-11-08,FPT,113.8,114.38,112.96,113.55,2106300
2024-11-08,HPG,20.22,20.44,20.07,20.07,24762900
2024-11-08,MWG,63.48,63.48,62.61,63.1,4698600
2024-11-08,VNINDEX,1262.97,1264.09,1250.77,1252.56,503245100
2024-11-11,FPT,114.13,116.64,113.72,115.64,5292000
2024-11-11,HPG,20.11,20.59,20.03,20.59,40877500
2024-11-11,MWG,62.61,63.1,61.06,61.15,9390500
2024-11-11,VNINDEX,1253.81,1253.87,1241.29,1250.32,712083900
2024-11-12,FPT,115.89,116.14,113.63,114.38,2914700
2024-11-12,HPG,20.63,20.74,20.29,20.44,23963200
2024-11-12,MWG,61.25,61.35,59.02,59.02,10600700
2024-11-12,VNINDEX,1251.79,1257.02,1242.91,1244.82,516346200
2024-11-13,FPT,114.3,115.47,113.8,115.22,3455400
2024-11-13,HPG,20.22,20.37,19.96,20.11,22287600
2024-11-13,MWG,59.02,60.47,58.53,60.09,7232500
2024-11-13,VNINDEX,1243.19,1247.04,1234.62,1246.04,587703600
2024-11-14,FPT,115.3,116.98,113.72,113.72,4736300
2024-11-14,HPG,20.11,20.14,19.55,19.55,26564300
2024-11-14,MWG,59.7,59.8,58.92,59.5,4481400
2024-11-14,VNINDEX,1243.85,1247.07,1231.69,1231.89,555483300
2024-11-15,FPT,113.13,113.46,110.87,111.96,6563600
2024-11-15,HPG,19.55,19.59,19.25,19.25,27604300
2024-11-15,MWG,59.02,59.31,58.05,58.14,6648600
2024-11-15,VNINDEX,1229.36,1231.89,1217.03,1218.57,668031300
2024-11-18,FPT,112.04,112.55,110.79,112.04,3903400
2024-11-18,HPG,19.32,19.36,18.95,19.18,20599400
2024-11-18,MWG,58.14,58.14,55.43,57.17,12080100
2024-11-18,VNINDEX,1218.3,1225.38,1204.6,1217.12,555960200
2024-11-19,FPT,111.63,111.71,108.62,108.7,7642800
2024-11-19,HPG,19.21,19.32,18.92,18.92,15842800
2024-11-19,MWG,57.27,57.27,55.82,55.82,5338500
2024-11-19,VNINDEX,1217.21,1221.4,1205.15,1205.15,437479200
2024-11-20,FPT,108.7,110.71,105.94,110.71,8460300
2024-11-20,HPG,18.88,19.32,18.77,19.03,22750500
2024-11-20,MWG,55.52,56.4,54.36,55.14,9752900
2024-11-20,VNINDEX,1204.44,1222.73,1197.99,1216.54,649274200
2024-11-21,FPT,110.71,111.21,109.54,111.21,3176700
2024-11-21,HPG,19.07,19.29,18.99,19.21,12777100
2024-11-21,MWG,55.33,57.17,54.84,56.98,8166800
2024-11-21,VNINDEX,1217.3,1228.55,1214.06,1228.33,427350400
2024-11-22,FPT,111.12,112.38,110.79,111.96,2915900
2024-11-22,HPG,19.25,19.51,19.21,19.4,17266400
2024-11-22,MWG,56.98,57.66,56.69,57.27,5804700
2024-11-22,VNINDEX,1229.63,1233.42,1226.33,1228.1,453742400
2024-11-25,FPT,112.04,112.04,111.38,111.96,1849700
2024-11-25,HPG,19.4,19.55,19.36,19.55,12830400
2024-11-25,MWG,57.08,57.56,56.88,57.27,4568500
2024-11-25,VNINDEX,1229.0,1236.57,1229.0,1234.7,409112200
2024-11-26,FPT,111.54,113.63,111.46,113.05,4176100
2024-11-26,HPG,19.55,19.7,19.47,19.59,13180700
2024-11-26,MWG,57.56,58.34,57.27,58.24,4370400
2024-11-26,VNINDEX,1235.63,1246.83,1235.22,1242.13,503889900
2024-11-27,FPT,113.05,116.81,113.05,116.14,9814300
2024-11-27,HPG,19.59,19.66,19.4,19.55,7966600
2024-11-27,MWG,58.14,59.12,57.76,58.44,4937400
2024-11-27,VNINDEX,1241.36,1245.34,1239.23,1241.97,366063100
2024-11-28,FPT,116.56,117.06,115.64,116.56,4742700
2024-11-28,HPG,19.66,19.88,19.55,19.62,14131000
2024-11-28,MWG,58.53,58.82,57.95,58.24,3774500
2024-11-28,VNINDEX,1246.37,1250.46,1240.91,1242.11,414791400
2024-11-29,FPT,116.56,121.58,116.22,120.66,11586700
2024-11-29,HPG,19.66,19.88,19.55,19.88,13877300
2024-11-29,MWG,58.24,58.73,57.17,58.73,5587400
2024-11-29,VNINDEX,1242.51,1250.92,1241.0,1250.46,427963100
2024-12-02,FPT,121.5,122.93,119.22,119.73,6616800
2024-12-02,HPG,20.03,20.18,19.88,19.99,18575600
2024-12-02,MWG,58.92,58.92,58.14,58.63,2789900
2024-12-02,VNINDEX,1255.73,1258.05,1247.74,1251.21,388759600
2024-12-03,FPT,119.31,122.84,119.31,122.09,5103700
2024-12-03,HPG,19.96,20.07,19.77,20.07,15812100
2024-12-03,MWG,58.34,58.53,57.85,58.05,4019600
2024-12-03,VNINDEX,1251.08,1253.83,1244.91,1249.83,477509700
2024-12-04,FPT,122.09,123.18,120.24,120.82,5609100
2024-12-04,HPG,19.96,19.96,19.81,19.85,12508500
2024-12-04,MWG,57.66,58.05,56.3,56.4,8857200
2024-12-04,VNINDEX,1247.51,1247.78,1239.82,1240.41,505245200
2024-12-05,FPT,121.25,125.04,120.91,125.04,4849200
2024-12-05,HPG,19.85,20.7,19.62,20.7,44746700
2024-12-05,MWG,56.69,59.41,56.4,59.21,8615300
2024-12-05,VNINDEX,1241.81,1269.18,1238.49,1267.53,839974300
2024-12-06,FPT,127.9,127.9,124.61,125.88,4541200
2024-12-06,HPG,20.7,20.74,20.44,20.52,23751300
2024-12-06,MWG,59.02,60.09,58.73,59.31,7825300
2024-12-06,VNINDEX,1270.96,1276.1,1268.58,1270.14,599525400
2024-12-09,FPT,125.62,125.88,123.01,123.77,4539000
2024-12-09,HPG,20.55,20.74,20.44,20.55,15948700
2024-12-09,MWG,59.8,59.8,59.02,59.31,4410300
2024-12-09,VNINDEX,1271.21,1277.69,1268.69,1273.84,584652400
2024-12-10,FPT,123.86,125.88,123.77,125.88,3597200
2024-12-10,HPG,20.59,20.96,20.52,20.74,32689300
2024-12-10,MWG,59.31,59.41,58.73,59.02,4226800
2024-12-10,VNINDEX,1274.37,1277.32,1270.32,1272.07,499630100
2024-12-11,FPT,126.3,127.73,126.04,126.72,4816600
2024-12-11,HPG,20.74,20.92,20.52,20.63,17031500
2024-12-11,MWG,58.92,59.02,58.14,58.24,4821400
2024-12-11,VNINDEX,1273.23,1276.67,1264.15,1268.86,501800700
2024-12-12,FPT,127.9,127.9,125.62,126.47,4147900
2024-12-12,HPG,20.63,20.74,20.33,20.44,20965100
2024-12-12,MWG,58.53,58.73,58.14,58.24,3772900
2024-12-12,VNINDEX,1269.35,1275.64,1265.99,1267.35,487930700
2024-12-13,FPT,125.88,127.06,125.79,125.88,3379800
2024-12-13,HPG,20.29,20.37,20.14,20.22,17265900
2024-12-13,MWG,58.05,59.5,57.85,59.21,5596800
2024-12-13,VNINDEX,1265.62,1266.55,1260.48,1262.57,395230700
2024-12-16,FPT,125.96,126.8,125.88,126.21,3291100
2024-12-16,HPG,20.22,20.33,19.96,20.07,16652700
2024-12-16,MWG,59.21,59.6,58.44,59.21,3621300
2024-12-16,VNINDEX,1263.61,1267.1,1258.65,1263.79,385861700
2024-12-17,FPT,126.38,126.72,124.36,124.61,5947500
2024-12-17,HPG,20.07,20.14,19.96,20.07,10809400
2024-12-17,MWG,59.21,59.21,58.44,58.53,3676200
2024-12-17,VNINDEX,1264.95,1265.45,1260.6,1261.72,358215800
2024-12-18,FPT,124.61,126.13,124.61,125.2,2923400
2024-12-18,HPG,20.07,20.33,20.03,20.33,12794200
2024-12-18,MWG,58.44,58.73,58.14,58.44,4076200
2024-12-18,VNINDEX,1262.57,1266.53,1261.49,1266.0,391898500
2024-12-19,FPT,124.02,125.46,123.94,124.7,4805200
2024-12-19,HPG,20.07,20.18,19.92,19.96,30331800
2024-12-19,MWG,58.05,58.14,57.66,58.05,7103100
2024-12-19,VNINDEX,1256.9,1259.76,1249.39,1254.67,662711300
2024-12-20,FPT,125.04,126.8,124.87,125.88,3538900
2024-12-20,HPG,19.96,20.03,19.85,19.85,13746900
2024-12-20,MWG,58.24,59.02,57.85,58.82,3751400
2024-12-20,VNINDEX,1255.6,1259.0,1253.9,1257.5,447065000
2024-12-23,FPT,125.88,126.21,125.2,126.13,2514800
2024-12-23,HPG,19.88,20.11,19.88,20.07,12898800
2024-12-23,MWG,58.82,59.31,58.73,59.21,5538600
2024-12-23,VNINDEX,1262.45,1265.2,1261.62,1262.76,384666600
2024-12-24,FPT,126.3,126.97,125.79,126.63,2300900
2024-12-24,HPG,19.99,19.99,19.77,19.85,13462400
2024-12-24,MWG,59.41,59.5,58.92,59.5,3062600
2024-12-24,VNINDEX,1263.17,1263.17,1253.78,1260.36,520744700
2024-12-25,FPT,126.8,127.31,126.63,126.97,2513100
2024-12-25,HPG,19.88,20.18,19.88,20.18,17144300
2024-12-25,MWG,59.5,60.47,59.5,60.38,6300500
2024-12-25,VNINDEX,1260.81,1283.09,1260.81,1274.04,724345800
2024-12-26,FPT,127.14,127.48,125.54,126.13,2233300
2024-12-26,HPG,20.18,20.22,19.96,20.07,9975100
2024-12-26,MWG,60.57,60.57,58.73,59.7,6554700
2024-12-26,VNINDEX,1275.68,1277.17,1271.99,1272.87,502090700
2024-12-27,FPT,125.88,126.21,125.2,125.96,2561700
2024-12-27,HPG,20.07,20.07,19.92,19.96,11389200
2024-12-27,MWG,58.82,59.8,58.63,59.6,6947200
2024-12-27,VNINDEX,1273.67,1277.89,1272.23,1275.14,590030100
2024-12-30,FPT,125.79,126.97,125.04,126.72,1982400
2024-12-30,HPG,19.92,19.96,19.81,19.88,12168200
2024-12-30,MWG,58.73,59.41,58.73,59.21,4178100
2024-12-30,VNINDEX,1273.75,1274.15,1268.77,1272.02,452947700
2024-12-31,FPT,126.89,129.58,126.55,128.4,3603200
2024-12-31,HPG,19.88,19.88,19.77,19.81,10247400
2024-12-31,MWG,59.12,59.21,58.73,59.21,4520300
2024-12-31,VNINDEX,1272.25,1272.46,1266.78,1266.78,407172200
2025-01-02,FPT,128.4,128.57,126.38,127.98,3172800
2025-01-02,HPG,19.85,20.11,19.85,20.07,14961200
2025-01-02,MWG,59.12,59.41,58.53,58.82,3969400
2025-01-02,VNINDEX,1268.96,1271.13,1263.25,1269.71,371662600
2025-01-03,FPT,127.39,127.39,125.46,125.46,4336100
2025-01-03,HPG,19.99,20.07,19.77,19.77,13200100
2025-01-03,MWG,58.82,58.92,56.88,56.88,6604400
2025-01-03,VNINDEX,1268.74,1269.71,1254.59,1254.59,504666900
2025-01-06,FPT,125.54,126.47,124.95,125.71,3467100
2025-01-06,HPG,19.77,19.85,19.36,19.36,15250500
2025-01-06,MWG,56.69,57.56,55.33,55.33,5409900
2025-01-06,VNINDEX,1254.79,1260.37,1244.87,1246.35,515113100
2025-01-07,FPT,125.88,127.39,125.88,126.38,3453300
2025-01-07,HPG,19.44,19.62,19.36,19.36,14399600
2025-01-07,MWG,55.62,56.11,54.75,55.43,5532900
2025-01-07,VNINDEX,1249.19,1254.09,1243.06,1246.95,506059500
2025-01-08,FPT,126.3,126.3,124.7,124.87,3879900
2025-01-08,HPG,19.36,19.51,19.29,19.51,12957600
2025-01-08,MWG,55.43,56.4,54.84,56.4,3068200
2025-01-08,VNINDEX,1246.16,1251.02,1239.67,1251.02,367537100
2025-01-09,FPT,124.87,125.62,124.61,125.29,1714400
2025-01-09,HPG,19.55,19.55,19.25,19.32,9236900
2025-01-09,MWG,56.3,56.3,55.82,56.01,1738300
2025-01-09,VNINDEX,1250.56,1253.26,1242.9,1245.77,290493600
2025-01-10,FPT,125.29,125.54,123.94,124.02,2524700
2025-01-10,HPG,19.32,19.4,18.99,18.99,14273600
2025-01-10,MWG,55.82,56.3,55.23,55.82,3594100
2025-01-10,VNINDEX,1245.6,1247.8,1230.48,1230.48,474211100
2025-01-13,FPT,123.01,125.04,121.84,124.28,3488800
2025-01-13,HPG,18.99,19.36,18.92,19.25,13576000
2025-01-13,MWG,54.94,56.01,54.84,55.62,3791900
2025-01-13,VNINDEX,1226.66,1235.65,1220.87,1235.65,434027000
2025-01-14,FPT,124.28,124.61,122.17,122.17,2897200
2025-01-14,HPG,19.29,19.32,19.18,19.21,7660700
2025-01-14,MWG,55.62,55.82,54.94,55.52,2917600
2025-01-14,VNINDEX,1234.77,1235.65,1226.7,1229.07,322278200
2025-01-15,FPT,122.93,123.35,121.92,122.51,2840900
2025-01-15,HPG,19.32,19.51,19.25,19.47,11221600
2025-01-15,MWG,55.72,56.2,55.14,55.62,3242300
2025-01-15,VNINDEX,1233.7,1237.46,1231.13,1236.18,392613400
2025-01-16,FPT,123.1,123.77,122.26,123.35,3568000
2025-01-16,HPG,19.55,19.66,19.36,19.55,11206800
2025-01-16,MWG,55.52,56.3,55.33,56.11,3794300
2025-01-16,VNINDEX,1241.49,1245.4,1235.56,1242.36,401866600
2025-01-17,FPT,123.44,126.38,122.93,125.46,3537000
2025-01-17,HPG,19.55,19.7,19.4,19.7,13950100
2025-01-17,MWG,55.62,56.11,55.52,56.01,2697800
2025-01-17,VNINDEX,1242.38,1249.11,1239.63,1249.11,356902800
2025-01-20,FPT,125.46,126.63,124.78,126.3,2217700
2025-01-20,HPG,19.7,19.88,19.66,19.66,9654200
2025-01-20,MWG,56.01,56.2,55.62,55.82,2216200
2025-01-20,VNINDEX,1250.03,1253.02,1247.5,1249.55,356673500
2025-01-21,FPT,126.72,127.48,125.46,126.21,2480300
2025-01-21,HPG,19.77,19.77,19.47,19.55,10421500
2025-01-21,MWG,56.01,56.5,55.52,56.01,3419600
2025-01-21,VNINDEX,1252.75,1254.17,1243.08,1246.09,379222600
2025-01-22,FPT,125.96,126.8,125.62,126.04,2785600
2025-01-22,HPG,19.62,19.62,19.44,19.44,10280000
2025-01-22,MWG,56.2,56.3,55.72,55.72,3103000
2025-01-22,VNINDEX,1248.26,1249.14,1242.53,1242.53,400259000
2025-01-23,FPT,126.38,131.35,126.3,129.92,7057800
2025-01-23,HPG,19.47,19.88,19.44,19.81,15792000
2025-01-23,MWG,55.62,57.76,55.62,57.46,5657500
2025-01-23,VNINDEX,1245.59,1263.59,1242.53,1259.63,495626300
2025-01-24,FPT,129.75,130.09,129.16,129.16,3655700
2025-01-24,HPG,19.81,19.81,19.66,19.73,10401300
2025-01-24,MWG,57.46,58.34,56.88,58.34,6757300
2025-01-24,VNINDEX,1259.26,1265.38,1258.46,1265.05,495593500
2025-02-03,FPT,124.61,125.62,122.34,122.51,12747700
2025-02-03,HPG,19.7,19.77,19.51,19.62,16971700
2025-02-03,MWG,57.27,57.85,56.79,57.85,5157500
2025-02-03,VNINDEX,1259.09,1259.09,1249.78,1253.03,505566400
2025-02-04,FPT,122.93,123.77,122.34,123.1,5467700
2025-02-04,HPG,19.7,20.07,19.66,19.96,17358200
2025-02-04,MWG,58.14,58.14,57.27,57.85,3638100
2025-02-04,VNINDEX,1256.91,1264.68,1255.44,1264.68,584557300
2025-02-05,FPT,123.69,124.19,122.76,123.18,5204100
2025-02-05,HPG,19.96,20.07,19.88,19.92,14466500
2025-02-05,MWG,57.85,58.05,57.37,57.66,2780100
2025-02-05,VNINDEX,1268.43,1271.8,1266.18,1269.61,533635600
2025-02-06,FPT,123.77,124.02,122.59,123.35,3426600
2025-02-06,HPG,19.92,20.03,19.88,19.92,13535000
2025-02-06,MWG,57.76,57.85,56.98,57.37,4148800
2025-02-06,VNINDEX,1273.58,1275.47,1268.28,1271.48,537101800
2025-02-07,FPT,123.35,123.52,122.76,123.01,3865900
2025-02-07,HPG,19.92,19.92,19.77,19.81,12547400
2025-02-07,MWG,57.17,57.27,56.11,57.17,6955900
2025-02-07,VNINDEX,1272.12,1279.35,1269.11,1275.2,549313500
2025-02-10,FPT,122.51,122.51,119.56,119.56,7749600
2025-02-10,HPG,19.7,19.7,18.88,18.88,61096500
2025-02-10,MWG,56.59,56.59,55.72,55.72,5927400
2025-02-10,VNINDEX,1272.27,1274.47,1263.26,1263.26,722097700
2025-02-11,FPT,119.73,122.42,117.96,122.42,5361400
2025-02-11,HPG,18.92,19.4,18.92,19.4,28896000
2025-02-11,MWG,55.72,55.72,54.75,54.75,5986000
2025-02-11,VNINDEX,1265.44,1268.45,1263.11,1268.45,571767200
2025-02-12,FPT,122.59,122.68,121.5,122.09,1887400
2025-02-12,HPG,19.47,19.47,19.21,19.21,13651300
2025-02-12,MWG,55.14,55.62,54.75,54.75,4848400
2025-02-12,VNINDEX,1270.83,1272.86,1266.59,1266.91,461579300
2025-02-13,FPT,122.09,122.09,120.15,120.49,2850800
2025-02-13,HPG,19.29,19.32,19.21,19.25,9499100
2025-02-13,MWG,54.36,54.36,53.19,53.19,11353700
2025-02-13,VNINDEX,1267.25,1270.67,1263.85,1270.35,471455600
2025-02-14,FPT,121.25,122.09,120.91,122.0,3251700
2025-02-14,HPG,19.4,19.55,19.32,19.4,18580600
2025-02-14,MWG,53.48,53.68,52.22,53.58,11169000
2025-02-14,VNINDEX,1272.15,1280.6,1272.15,1276.08,612731000
2025-02-17,FPT,122.09,122.09,120.74,120.91,2466300
2025-02-17,HPG,19.44,19.51,19.36,19.44,14369400
2025-02-17,MWG,53.58,53.58,52.52,52.52,5933200
2025-02-17,VNINDEX,1277.12,1278.49,1272.72,1272.72,739384500
2025-02-18,FPT,121.08,121.58,120.49,121.16,1664400
2025-02-18,HPG,19.59,19.77,19.55,19.73,24939500
2025-02-18,MWG,52.42,53.39,52.22,52.9,4497600
2025-02-18,VNINDEX,1274.05,1283.34,1272.19,1278.14,630728100
2025-02-19,FPT,121.16,122.0,120.49,121.25,3029800
2025-02-19,HPG,19.77,19.77,19.62,19.7,13653000
2025-02-19,MWG,53.1,54.46,52.81,54.16,7547500
2025-02-19,VNINDEX,1279.62,1288.56,1278.92,1288.56,736575500
2025-02-20,FPT,121.41,121.75,120.4,120.4,3385400
2025-02-20,HPG,19.73,19.77,19.7,19.73,11910400
2025-02-20,MWG,54.26,55.04,54.07,55.04,6194500
2025-02-20,VNINDEX,1292.94,1295.82,1288.56,1292.98,713812400
2025-02-21,FPT,120.24,120.32,119.14,119.56,5312600
2025-02-21,HPG,19.73,19.77,19.62,19.66,11063800
2025-02-21,MWG,55.14,56.59,54.94,56.4,10123600
2025-02-21,VNINDEX,1293.63,1296.75,1290.98,1296.75,667595300
2025-02-24,FPT,119.56,119.56,117.46,118.3,7497900
2025-02-24,HPG,21.04,21.04,20.48,20.59,73891100
2025-02-24,MWG,56.4,56.79,55.62,56.69,6243200
2025-02-24,VNINDEX,1298.29,1304.56,1294.69,1304.56,807663000
2025-02-25,FPT,118.22,118.22,116.36,117.04,6810400
2025-02-25,HPG,20.52,20.59,20.22,20.44,31575300
2025-02-25,MWG,56.4,56.69,55.72,56.59,7929200
2025-02-25,VNINDEX,1306.86,1309.97,1298.54,1303.16,827899600
2025-02-26,FPT,117.12,119.39,116.95,119.39,3323400
2025-02-26,HPG,20.52,20.78,20.48,20.63,31819600
2025-02-26,MWG,56.59,57.37,56.11,56.98,4977600
2025-02-26,VNINDEX,1304.5,1306.49,1301.2,1302.96,710467500
2025-02-27,FPT,119.56,119.73,118.47,118.97,3421700
2025-02-27,HPG,20.66,21.15,20.52,21.15,51120800
2025-02-27,MWG,56.98,57.08,56.5,56.88,3222900
2025-02-27,VNINDEX,1307.31,1307.87,1296.43,1307.8,846430300
2025-02-28,FPT,117.96,118.8,117.04,118.13,4694400
2025-02-28,HPG,21.11,21.11,20.78,20.81,24214400
2025-02-28,MWG,56.3,56.98,56.11,56.59,5283200
2025-02-28,VNINDEX,1307.14,1308.77,1300.66,1305.36,752261600
2025-03-03,FPT,118.3,119.06,118.13,118.3,2533900
2025-03-03,HPG,20.85,21.0,20.81,20.85,20663700
2025-03-03,MWG,56.5,57.37,56.11,57.08,5938000
2025-03-03,VNINDEX,1305.3,1309.77,1304.3,1309.37,801877900
2025-03-04,FPT,117.46,118.38,117.29,117.88,3471300
2025-03-04,HPG,20.85,20.85,20.55,20.7,27424100
2025-03-04,MWG,56.98,58.14,56.69,57.76,6414100
2025-03-04,VNINDEX,1306.82,1313.21,1298.28,1311.91,935915000
2025-03-05,FPT,117.88,117.96,117.12,117.12,2851100
2025-03-05,HPG,20.7,20.74,20.48,20.48,30385500
2025-03-05,MWG,58.05,58.44,57.56,57.85,7188800
2025-03-05,VNINDEX,1312.96,1319.52,1304.71,1304.71,770489000
2025-03-06,FPT,117.46,120.82,117.46,119.22,6417100
2025-03-06,HPG,20.52,20.78,20.52,20.78,36975600
2025-03-06,MWG,58.05,60.09,57.85,60.09,13451900
2025-03-06,VNINDEX,1308.39,1318.22,1307.91,1318.22,983991300
2025-03-07,FPT,119.31,120.15,118.8,119.06,2954500
2025-03-07,HPG,20.81,20.89,20.63,20.85,33131200
2025-03-07,MWG,59.99,60.18,59.5,60.09,5404100
2025-03-07,VNINDEX,1320.08,1327.07,1318.71,1326.05,892234400
2025-03-10,FPT,119.14,119.14,117.2,117.29,5323000
2025-03-10,HPG,20.89,20.96,20.78,20.78,23580500
2025-03-10,MWG,60.18,60.47,59.6,60.38,8125200
2025-03-10,VNINDEX,1332.03,1335.87,1326.51,1330.28,856954000
2025-03-11,FPT,116.19,116.62,115.35,115.77,5784400
2025-03-11,HPG,20.52,20.92,20.52,20.92,26088500
2025-03-11,MWG,59.6,61.35,59.6,61.15,9576900
2025-03-11,VNINDEX,1320.81,1332.54,1320.59,1332.54,847458500
2025-03-12,FPT,115.94,116.78,114.43,114.43,6185000
2025-03-12,HPG,20.96,20.96,20.66,20.66,20641600
2025-03-12,MWG,61.15,61.15,60.09,60.86,8817600
2025-03-12,VNINDEX,1337.63,1342.91,1331.75,1334.41,851270200
2025-03-13,FPT,114.59,116.19,114.59,114.93,3610200
2025-03-13,HPG,20.7,20.85,20.59,20.59,24809400
2025-03-13,MWG,60.86,60.96,59.41,59.7,7327800
2025-03-13,VNINDEX,1336.41,1340.91,1324.87,1326.27,997593300
2025-03-14,FPT,114.17,114.76,110.13,110.64,16094000
2025-03-14,HPG,20.59,20.7,20.48,20.48,18279900
2025-03-14,MWG,59.7,60.47,59.41,59.7,8759800
2025-03-14,VNINDEX,1325.84,1333.32,1324.3,1326.15,940130200
2025-03-17,FPT,110.8,111.23,109.12,109.46,6707000
2025-03-17,HPG,20.74,20.92,20.63,20.7,19719700
2025-03-17,MWG,59.89,60.18,59.6,60.18,3541900
2025-03-17,VNINDEX,1330.62,1336.26,1326.15,1336.26,837533300
2025-03-18,FPT,109.54,111.31,109.46,109.46,5508500
2025-03-18,HPG,20.74,20.85,20.52,20.52,18741700
2025-03-18,MWG,60.38,60.67,59.6,59.99,5349100
2025-03-18,VNINDEX,1340.59,1341.65,1330.97,1330.97,810147700
2025-03-19,FPT,109.54,109.96,103.98,104.91,18128400
2025-03-19,HPG,20.52,20.52,20.14,20.26,37925600
2025-03-19,MWG,59.41,59.6,57.27,57.76,13416400
2025-03-19,VNINDEX,1330.46,1330.7,1320.85,1324.63,835603500
2025-03-20,FPT,104.91,106.76,104.83,105.25,8203400
2025-03-20,HPG,20.29,20.4,20.11,20.18,25022500
2025-03-20,MWG,58.05,58.24,57.27,58.24,4063500
2025-03-20,VNINDEX,1327.2,1332.41,1316.11,1323.93,821245400
2025-03-21,FPT,105.25,108.62,105.25,107.77,6424800
2025-03-21,HPG,20.14,20.26,20.11,20.18,18912200
2025-03-21,MWG,58.24,58.53,57.66,58.53,3129500
2025-03-21,VNINDEX,1323.94,1325.22,1320.67,1321.88,714332100
2025-03-24,FPT,108.2,108.87,107.18,108.62,5090200
2025-03-24,HPG,20.18,20.26,19.99,20.18,16229800
2025-03-24,MWG,58.05,58.53,57.76,58.53,2855200
2025-03-24,VNINDEX,1322.9,1330.32,1316.73,1330.32,794985200
2025-03-25,FPT,109.29,109.37,106.51,106.51,5629200
2025-03-25,HPG,20.26,20.37,20.14,20.22,20101000
2025-03-25,MWG,58.63,59.5,58.14,58.73,5513700
2025-03-25,VNINDEX,1330.99,1337.6,1329.81,1331.92,825911400
2025-03-26,FPT,106.51,106.51,103.31,103.56,9734600
2025-03-26,HPG,20.22,20.78,20.18,20.48,43980000
2025-03-26,MWG,58.82,59.41,58.73,59.02,2416100
2025-03-26,VNINDEX,1333.61,1338.55,1323.69,1326.09,734831200
2025-03-27,FPT,102.72,106.51,101.96,106.26,6464400
2025-03-27,HPG,20.59,20.59,20.4,20.44,12009700
2025-03-27,MWG,59.02,59.02,58.24,58.63,3190000
2025-03-27,VNINDEX,1326.21,1328.82,1323.01,1323.81,564278800
2025-03-28,FPT,106.17,106.43,104.41,104.41,2944800
2025-03-28,HPG,20.4,20.44,20.14,20.18,17070200
2025-03-28,MWG,58.34,58.92,57.17,58.05,7228900
2025-03-28,VNINDEX,1324.42,1325.34,1315.72,1317.46,636613400
2025-03-31,FPT,103.9,103.9,101.88,101.88,5406300
2025-03-31,HPG,20.11,20.14,19.88,19.88,26536400
2025-03-31,MWG,57.27,57.46,56.4,57.27,6534800
2025-03-31,VNINDEX,1313.34,1314.09,1304.1,1306.86,753148300
2025-04-01,FPT,102.72,102.89,100.03,101.46,7824300
2025-04-01,HPG,19.92,20.11,19.88,20.07,14018400
2025-04-01,MWG,56.88,57.17,56.01,56.88,5640900
2025-04-01,VNINDEX,1313.03,1317.46,1306.86,1317.33,550212000
2025-04-02,FPT,102.05,102.98,101.71,102.72,3920200
2025-04-02,HPG,20.18,20.37,20.14,20.26,16785400
2025-04-02,MWG,56.88,57.95,56.3,57.08,7441200
2025-04-02,VNINDEX,1321.81,1324.46,1317.68,1317.83,709130200
2025-04-03,FPT,96.58,99.02,95.56,95.56,11484900
2025-04-03,HPG,19.18,19.66,18.84,18.84,80695800
2025-04-03,MWG,53.48,54.65,53.1,53.1,14956500
2025-04-03,VNINDEX,1272.87,1317.83,1229.41,1229.84,1716858800
2025-04-04,FPT,88.91,95.9,88.91,95.14,21574500
2025-04-04,HPG,17.54,18.47,17.54,18.28,73181200
2025-04-04,MWG,49.41,51.93,49.41,51.25,28985900
2025-04-04,VNINDEX,1205.64,1210.67,1158.17,1210.67,1873634000
2025-04-08,FPT,89.25,90.93,88.49,88.49,16276400
2025-04-08,HPG,17.47,17.84,17.02,17.02,35443300
2025-04-08,MWG,47.76,48.54,47.71,47.71,11930200
2025-04-08,VNINDEX,1173.14,1210.67,1130.98,1132.79,1055799900
2025-04-09,FPT,82.35,90.93,82.35,88.66,16893300
2025-04-09,HPG,15.83,16.58,15.83,15.83,77156800
2025-04-09,MWG,44.41,47.76,44.41,44.9,20206600
2025-04-09,VNINDEX,1112.27,1141.35,1073.61,1094.3,1518649100
2025-04-10,FPT,94.81,94.81,94.81,94.81,1005400
2025-04-10,HPG,16.91,16.91,16.91,16.91,3062400
2025-04-10,MWG,48.0,48.0,48.0,48.0,411300
2025-04-10,VNINDEX,1166.09,1168.4,1165.86,1168.34,280341400
2025-04-11,FPT,98.51,99.78,96.24,99.78,19224000
2025-04-11,HPG,17.99,18.06,17.47,18.06,76273700
2025-04-11,MWG,49.5,51.35,49.12,51.35,12779000
2025-04-11,VNINDEX,1185.86,1222.46,1180.59,1222.46,1697947900
2025-04-14,FPT,101.04,101.04,95.99,99.78,9217400
2025-04-14,HPG,18.43,19.14,18.4,18.84,51203900
2025-04-14,MWG,53.39,54.94,52.71,54.94,15361600
2025-04-14,VNINDEX,1235.01,1242.94,1222.46,1241.44,983147400
2025-04-15,FPT,97.75,98.51,95.73,97.67,7762400
2025-04-15,HPG,18.69,19.44,18.62,19.21,50570600
2025-04-15,MWG,54.36,55.91,53.48,55.43,12059800
2025-04-15,VNINDEX,1233.2,1246.21,1221.75,1227.79,1004326400
2025-04-16,FPT,96.41,97.59,90.85,90.85,18032200
2025-04-16,HPG,19.25,19.32,18.62,18.95,25705300
2025-04-16,MWG,54.94,56.01,53.97,55.14,9252400
2025-04-16,VNINDEX,1225.29,1233.84,1205.93,1210.3,762327900
2025-04-17,FPT,88.41,93.71,88.32,92.11,8580100
2025-04-17,HPG,18.73,19.03,18.43,18.95,24441000
2025-04-17,MWG,54.26,55.14,53.97,55.14,5398300
2025-04-17,VNINDEX,1201.63,1217.25,1197.5,1217.25,697596200
2025-04-18,FPT,93.04,96.83,93.04,93.96,7485500
2025-04-18,HPG,19.07,19.14,18.92,18.92,20765500
2025-04-18,MWG,55.23,55.91,54.55,54.55,6353500
2025-04-18,VNINDEX,1228.37,1234.67,1217.25,1219.12,1039406300
2025-04-21,FPT,94.3,94.72,92.62,94.05,4332300
2025-04-21,HPG,18.92,18.92,18.55,18.55,17306200
2025-04-21,MWG,54.65,54.94,53.68,53.97,4632900
2025-04-21,VNINDEX,1219.38,1222.77,1201.63,1207.07,819133100
2025-04-22,FPT,93.46,93.63,87.57,92.96,9127300
2025-04-22,HPG,18.43,18.66,17.39,18.62,47447000
2025-04-22,MWG,53.78,55.62,50.48,55.62,16304400
2025-04-22,VNINDEX,1201.38,1203.82,1136.98,1197.13,1343776600
2025-04-23,FPT,94.05,94.05,90.68,92.96,5710800
2025-04-23,HPG,18.95,19.1,18.84,18.99,22232700
2025-04-23,MWG,56.79,57.56,56.5,57.08,8393400
2025-04-23,VNINDEX,1207.1,1216.28,1202.27,1211.0,786549800
2025-04-24,FPT,93.88,95.73,93.12,94.3,7740100
2025-04-24,HPG,19.1,19.1,18.73,19.03,17212000
2025-04-24,MWG,57.08,58.14,56.69,57.95,7681300
2025-04-24,VNINDEX,1214.78,1224.66,1210.37,1223.35,741456000
2025-04-25,FPT,94.3,94.64,92.79,94.64,5384100
2025-04-25,HPG,18.92,19.1,18.77,19.1,24849000
2025-04-25,MWG,57.76,58.73,57.66,58.73,10315100
2025-04-25,VNINDEX,1223.65,1230.72,1220.67,1229.23,787290000
2025-04-28,FPT,94.3,94.64,91.94,92.2,3853700
2025-04-28,HPG,19.1,19.1,18.84,19.07,9757000
2025-04-28,MWG,59.12,60.18,57.85,59.12,7707900
2025-04-28,VNINDEX,1234.3,1234.3,1222.56,1226.8,576313200
2025-04-29,FPT,92.28,93.04,91.86,92.11,2945500
2025-04-29,HPG,19.07,19.1,18.88,18.95,14467400
2025-04-29,MWG,59.02,59.31,58.73,59.02,5701400
2025-04-29,VNINDEX,1226.99,1229.1,1222.3,1226.3,561661100
2025-05-05,FPT,92.2,92.37,90.01,91.44,7167600
2025-05-05,HPG,19.07,19.14,18.84,19.1,12548300
2025-05-05,MWG,59.02,59.6,58.24,59.21,5099700
2025-05-05,VNINDEX,1226.3,1241.51,1226.3,1240.05,562287398
2025-05-06,FPT,91.44,93.46,91.44,92.37,5686200
2025-05-06,HPG,19.14,19.36,18.92,18.92,20937300
2025-05-06,MWG,59.21,59.41,58.34,58.73,4110300
2025-05-06,VNINDEX,1240.05,1251.02,1240.05,1241.95,723040799
2025-05-07,FPT,92.28,93.63,91.69,92.37,3926800
2025-05-07,HPG,18.84,18.95,18.84,18.88,11501800
2025-05-07,MWG,58.14,58.73,57.37,58.34,7742800
2025-05-07,VNINDEX,1241.95,1250.79,1240.2,1250.37,696102300
2025-05-08,FPT,92.96,96.49,91.78,96.24,12644900
2025-05-08,HPG,18.88,19.21,18.8,19.1,19892200
2025-05-08,MWG,58.34,58.53,57.17,58.53,9463100
2025-05-08,VNINDEX,1250.37,1271.44,1250.37,1269.8,780069567
2025-05-09,FPT,96.24,98.01,95.56,97.67,8496900
2025-05-09,HPG,19.1,19.14,18.95,19.07,11008000
2025-05-09,MWG,58.53,59.21,58.34,58.63,4780000
2025-05-09,VNINDEX,1269.8,1279.61,1264.87,1267.3,693909959
2025-05-12,FPT,98.51,99.94,98.26,99.61,8715200
2025-05-12,HPG,18.99,19.14,18.4,18.88,64734900
2025-05-12,MWG,58.92,59.12,58.34,59.02,6434100
2025-05-12,VNINDEX,1267.3,1283.86,1267.3,1283.26,831857112
2025-05-13,FPT,101.04,101.29,99.86,100.62,8565900
2025-05-13,HPG,19.03,19.32,19.03,19.18,20304600
2025-05-13,MWG,59.41,61.83,59.21,61.64,17084400
2025-05-13,VNINDEX,1283.26,1293.7,1283.26,1293.43,883805575
2025-05-14,FPT,101.04,106.34,101.04,106.34,12080300
2025-05-14,HPG,19.25,19.73,19.21,19.44,34073700
2025-05-14,MWG,61.93,62.42,61.74,62.12,9926500
2025-05-14,VNINDEX,1293.43,1310.57,1292.34,1309.73,915939876
2025-05-15,FPT,106.51,106.85,104.07,105.25,7806300
2025-05-15,HPG,19.47,19.47,19.21,19.44,22616700
2025-05-15,MWG,62.12,62.71,61.15,62.42,9777600
2025-05-15,VNINDEX,1309.73,1316.16,1301.61,1313.2,1046611026
2025-05-16,FPT,104.83,105.0,101.8,101.88,8012200
2025-05-16,HPG,19.44,19.47,19.18,19.18,16810600
2025-05-16,MWG,61.93,62.61,61.64,61.93,5354600
2025-05-16,VNINDEX,1313.2,1318.03,1299.55,1301.39,849810205
2025-05-19,FPT,100.03,101.46,98.18,99.52,9916700
2025-05-19,HPG,19.14,19.29,18.99,19.07,14995700
2025-05-19,MWG,61.64,62.51,61.25,61.83,6532900
2025-05-19,VNINDEX,1301.39,1306.2,1291.66,1296.29,829016708
2025-05-20,FPT,98.34,100.45,98.34,100.36,7911300
2025-05-20,HPG,19.03,19.18,19.03,19.07,17449000
2025-05-20,MWG,61.64,63.29,61.44,62.8,11898400
2025-05-20,VNINDEX,1296.29,1316.67,1296.29,1315.15,856903527
2025-05-21,FPT,101.04,101.04,98.51,99.61,6024400
2025-05-21,HPG,19.14,19.4,19.07,19.14,20150500
2025-05-21,MWG,63.0,63.0,61.74,62.42,6780600
2025-05-21,VNINDEX,1315.15,1331.6,1313.13,1323.05,989954494
2025-05-22,FPT,98.6,99.02,97.33,98.34,6350700
2025-05-22,HPG,19.14,19.29,18.99,19.07,24363700
2025-05-22,MWG,62.03,62.9,61.74,62.42,8712800
2025-05-22,VNINDEX,1323.05,1331.93,1312.8,1313.84,1118092439
2025-05-23,FPT,98.26,99.19,97.67,98.6,4440500
2025-05-23,HPG,19.14,19.21,18.99,19.03,11096000
2025-05-23,MWG,62.32,62.42,61.44,62.32,7274000
2025-05-23,VNINDEX,1313.84,1320.07,1308.62,1314.46,641199057
2025-05-26,FPT,98.26,99.19,96.83,98.76,4023400
2025-05-26,HPG,19.07,19.07,18.62,18.99,27433800
2025-05-26,MWG,62.32,63.1,60.57,62.61,7017400
2025-05-26,VNINDEX,1314.46,1332.51,1288.86,1332.51,959629532
2025-05-27,FPT,98.85,100.53,98.85,100.2,5498200
2025-05-27,HPG,18.99,19.44,18.99,18.99,26892800
2025-05-27,MWG,62.9,63.0,61.64,62.42,8162000
2025-05-27,VNINDEX,1332.51,1339.81,1329.6,1339.81,1052148659
2025-05-28,FPT,100.36,100.53,98.93,99.69,3933600
2025-05-28,HPG,19.14,19.25,18.99,19.03,15604800
2025-05-28,MWG,62.42,63.58,62.12,62.51,10272900
2025-05-28,VNINDEX,1339.81,1348.05,1337.18,1341.87,898547998
2025-05-29,FPT,100.2,100.2,98.6,98.6,2933000
2025-05-29,HPG,19.1,19.18,18.95,18.99,16434100
2025-05-29,MWG,62.61,62.71,61.54,62.42,7333000
2025-05-29,VNINDEX,1341.87,1348.31,1335.62,1341.86,894918607
2025-05-30,FPT,99.35,99.52,98.09,98.09,4038000
2025-05-30,HPG,19.07,19.81,19.07,19.14,64975400
2025-05-30,MWG,61.93,62.03,60.28,60.28,12817900
2025-05-30,VNINDEX,1341.86,1345.78,1328.69,1332.6,910315797
2025-06-02,FPT,98.09,98.6,97.33,97.75,2916400
2025-06-02,HPG,19.03,19.07,18.84,18.99,21933200
2025-06-02,MWG,60.18,60.18,58.24,59.21,14330200
2025-06-02,VNINDEX,1332.6,1336.33,1322.95,1336.3,860225663
2025-06-03,FPT,98.26,99.35,97.92,98.85,3398600
2025-06-03,HPG,19.18,19.47,19.14,19.32,31038500
2025-06-03,MWG,59.21,60.96,59.21,60.57,6563500
2025-06-03,VNINDEX,1336.3,1350.89,1336.3,1347.25,1034655094
2025-06-04,FPT,99.35,99.52,98.09,98.6,2873300
2025-06-04,HPG,19.4,19.62,19.29,19.29,25685700
2025-06-04,MWG,60.96,60.96,59.31,59.5,6679500
2025-06-04,VNINDEX,1347.25,1351.14,1341.53,1345.74,952312254
2025-06-05,FPT,98.6,98.76,98.09,98.34,2302800
2025-06-05,HPG,19.32,19.36,19.1,19.14,18786300
2025-06-05,MWG,59.21,60.38,59.21,59.89,5366600
2025-06-05,VNINDEX,1345.74,1347.49,1336.11,1342.09,756606282
2025-06-06,FPT,98.34,98.34,96.83,96.83,5383000
2025-06-06,HPG,19.36,19.7,19.25,19.36,42244000
2025-06-06,MWG,59.41,59.5,58.63,58.73,6292000
2025-06-06,VNINDEX,1342.09,1344.92,1325.45,1329.89,900453514
2025-06-09,FPT,97.25,98.43,96.83,97.84,3054700
2025-06-09,HPG,19.4,19.62,19.29,19.55,24987900
2025-06-09,MWG,58.73,58.92,58.14,58.73,7249100
2025-06-09,VNINDEX,1329.89,1331.56,1309.05,1310.57,718350414
2025-06-10,FPT,98.51,98.85,97.42,97.42,3359000
2025-06-10,HPG,19.7,19.96,19.47,19.47,29410900
2025-06-10,MWG,59.21,61.06,58.82,59.7,10555000
2025-06-10,VNINDEX,1310.57,1323.61,1299.94,1316.23,702729250
2025-06-11,FPT,97.75,99.52,97.75,99.27,5744300
2025-06-11,HPG,19.55,19.59,19.32,19.4,16548100
2025-06-11,MWG,59.7,60.38,59.7,60.09,4240600
2025-06-11,VNINDEX,1316.23,1322.07,1306.25,1315.2,539559282
2025-06-12,FPT,99.86,99.95,98.93,99.36,4153100
2025-06-12,HPG,19.44,20.14,19.44,19.92,52217900
2025-06-12,MWG,60.67,61.64,60.28,61.64,10592900
2025-06-12,VNINDEX,1315.2,1326.03,1308.63,1322.99,810972360
2025-06-13,FPT,98.51,98.93,97.57,98.0,6161700
2025-06-13,HPG,19.77,19.88,19.55,19.62,38769800
2025-06-13,MWG,60.86,61.54,59.99,61.35,8830700
2025-06-13,VNINDEX,1322.99,1326.62,1304.12,1315.49,1163417530
2025-06-16,FPT,97.74,101.73,97.66,101.05,8069100
2025-06-16,HPG,19.59,20.07,19.59,19.88,29735100
2025-06-16,MWG,61.15,62.42,60.77,62.42,8355900
2025-06-16,VNINDEX,1315.49,1338.66,1307.37,1338.11,778082690
2025-06-17,FPT,101.05,101.31,100.37,100.88,4600300
2025-06-17,HPG,19.99,20.14,19.88,19.96,26625600
2025-06-17,MWG,62.51,62.61,61.93,62.51,5183800
2025-06-17,VNINDEX,1338.11,1353.01,1338.11,1347.69,762355364
2025-06-18,FPT,100.88,101.48,98.84,99.36,6556700
2025-06-18,HPG,19.99,20.22,19.92,20.18,31468200
2025-06-18,MWG,62.42,63.39,61.74,61.83,7677600
2025-06-18,VNINDEX,1347.69,1353.99,1341.64,1346.83,766359975
2025-06-19,FPT,99.36,99.44,98.25,98.51,5404900
2025-06-19,HPG,20.18,20.22,19.92,19.99,23408200
2025-06-19,MWG,61.74,62.42,61.25,62.12,7897700
2025-06-19,VNINDEX,1346.83,1353.96,1342.08,1352.04,650852162
2025-06-20,FPT,98.59,99.27,98.34,98.59,4339400
2025-06-20,HPG,20.07,20.14,19.96,20.07,23416400
2025-06-20,MWG,62.12,62.71,61.83,62.22,4814200
2025-06-20,VNINDEX,1352.04,1356.78,1342.31,1349.35,778282664
2025-06-23,FPT,98.08,98.76,97.23,98.42,4587300
2025-06-23,HPG,19.96,20.07,19.77,19.96,22192800
2025-06-23,MWG,62.03,63.1,61.35,63.1,7778400
2025-06-23,VNINDEX,1349.35,1358.26,1338.49,1358.18,734132370
2025-06-24,FPT,98.76,99.36,98.76,98.93,4271900
2025-06-24,HPG,20.11,20.22,20.03,20.07,27870000
2025-06-24,MWG,63.87,63.97,63.0,63.0,8021100
2025-06-24,VNINDEX,1358.18,1371.24,1355.53,1366.77,881509880
2025-06-25,FPT,99.36,101.39,99.36,99.44,6000700
2025-06-25,HPG,20.14,20.4,20.03,20.22,38638800
2025-06-25,MWG,62.9,63.29,62.61,63.1,6367900
2025-06-25,VNINDEX,1366.77,1371.57,1364.09,1366.75,733106140
2025-06-26,FPT,100.2,100.46,99.02,99.36,4132300
2025-06-26,HPG,20.57,20.66,20.31,20.35,38371000
2025-06-26,MWG,63.1,63.39,62.32,62.61,5205000
2025-06-26,VNINDEX,1366.75,1372.74,1360.78,1365.67,598738983
2025-06-27,FPT,99.36,100.46,99.27,99.61,5263200
2025-06-27,HPG,20.48,20.48,20.31,20.4,16481800
2025-06-27,MWG,62.8,64.36,62.71,63.87,11065400
2025-06-27,VNINDEX,1365.67,1373.28,1362.09,1371.44,677782586
2025-06-30,FPT,100.12,101.48,99.86,100.37,6859100
2025-06-30,HPG,20.44,20.48,20.26,20.26,19885300
2025-06-30,MWG,64.26,64.36,63.48,63.58,5031900
2025-06-30,VNINDEX,1371.44,1377.3,1371.44,1376.07,636408174
2025-07-01,FPT,101.05,101.48,100.37,100.88,4609400
2025-07-01,HPG,20.31,20.44,20.17,20.22,19766000
2025-07-01,MWG,63.58,63.87,62.42,62.61,7109600
2025-07-01,VNINDEX,1376.07,1382.16,1369.74,1377.84,725237758
2025-07-02,FPT,100.63,100.8,99.86,100.71,3661700
2025-07-02,HPG,20.22,20.44,20.13,20.44,18902100
2025-07-02,MWG,62.61,63.19,62.42,62.9,5786300
2025-07-02,VNINDEX,1377.84,1384.72,1372.27,1384.59,848885603
2025-07-03,FPT,100.63,101.73,100.03,100.2,6304300
2025-07-03,HPG,20.53,21.11,20.53,20.62,42514500
2025-07-03,MWG,62.8,64.65,62.8,63.48,12680700
2025-07-03,VNINDEX,1384.9,1392.39,1377.06,1381.96,1315032525
2025-07-04,FPT,100.63,104.79,100.54,104.02,12825000
2025-07-04,HPG,20.66,20.75,20.62,20.75,19401100
2025-07-04,MWG,63.97,64.55,63.58,64.36,6182500
2025-07-04,VNINDEX,1385.19,1388.04,1379.4,1386.97,834917440
2025-07-07,FPT,104.7,105.89,104.45,105.13,6382800
2025-07-07,HPG,21.16,21.16,20.89,21.06,35999600
2025-07-07,MWG,64.65,64.84,63.87,64.55,6683300
2025-07-07,VNINDEX,1393.34,1402.32,1386.97,1402.06,1230455872
2025-07-08,FPT,105.38,106.74,105.3,105.72,8064200
2025-07-08,HPG,21.11,22.14,21.02,22.05,77477100
2025-07-08,MWG,64.65,65.33,64.07,65.23,8520700
2025-07-08,VNINDEX,1407.07,1415.65,1400.79,1415.46,1174871653
2025-07-09,FPT,105.98,106.06,103.86,104.28,12198400
2025-07-09,HPG,22.14,22.4,21.96,22.09,43462900
2025-07-09,MWG,65.52,65.72,64.84,65.72,7522700
2025-07-09,VNINDEX,1421.12,1432.29,1415.46,1431.32,1430949638
2025-07-10,FPT,105.13,106.4,104.87,105.21,5180200
2025-07-10,HPG,22.18,22.49,21.91,22.45,85282300
2025-07-10,MWG,66.01,66.4,65.33,66.01,6943600
2025-07-10,VNINDEX,1437.13,1446.16,1431.32,1445.64,1073701407
2025-07-11,FPT,106.15,108.7,105.81,107.51,10736000
2025-07-11,HPG,22.54,23.43,22.36,23.21,65285300
2025-07-11,MWG,66.01,66.1,65.33,65.91,5780200
2025-07-11,VNINDEX,1451.12,1463.91,1445.64,1457.76,1232260482
2025-07-14,FPT,108.02,108.61,106.15,107.93,5978400
2025-07-14,HPG,23.39,23.61,22.81,22.98,49438500
2025-07-14,MWG,65.91,66.98,64.45,66.98,8671000
2025-07-14,VNINDEX,1471.4,1473.93,1447.72,1470.42,1256774726
2025-07-15,FPT,107.51,108.53,107.0,107.0,5600000
2025-07-15,HPG,23.03,23.21,22.76,22.76,46507000
2025-07-15,MWG,67.37,69.31,67.27,67.27,10076100
2025-07-15,VNINDEX,1473.8,1476.32,1460.49,1460.65,1332298301
2025-07-16,FPT,107.59,107.85,106.23,107.25,5063000
2025-07-16,HPG,22.72,23.39,22.67,23.3,45893600
2025-07-16,MWG,67.17,67.95,66.49,67.95,6383800
2025-07-16,VNINDEX,1459.87,1475.47,1457.31,1475.47,1218566877
2025-07-17,FPT,107.59,109.63,107.0,107.85,8334200
2025-07-17,HPG,23.39,23.52,23.12,23.21,56229600
2025-07-17,MWG,67.76,68.72,67.56,68.43,6844300
2025-07-17,VNINDEX,1481.85,1494.46,1475.47,1490.01,1405002217
2025-07-18,FPT,108.7,108.7,107.0,107.0,6494600
2025-07-18,HPG,23.21,23.3,22.98,23.12,40723400
2025-07-18,MWG,68.43,69.89,67.66,68.63,7740900
2025-07-18,VNINDEX,1497.53,1501.2,1484.29,1497.28,1459740870
2025-07-21,FPT,109.73,109.73,107.68,107.68,7563700
2025-07-21,HPG,23.56,24.1,23.3,23.39,55773600
2025-07-21,MWG,68.92,68.92,67.17,67.95,7601100
2025-07-21,VNINDEX,1508.6,1511.96,1485.05,1485.05,1388969063
2025-07-22,FPT,107.68,109.54,106.12,109.44,6889600
2025-07-22,HPG,23.34,23.61,23.21,23.61,31504400
2025-07-22,MWG,67.95,68.34,66.98,68.34,7908200
2025-07-22,VNINDEX,1485.26,1509.54,1476.61,1509.54,1226974741
2025-07-23,FPT,109.63,110.12,108.66,109.14,4795100
2025-07-23,HPG,23.7,24.06,23.56,23.56,43124000
2025-07-23,MWG,68.72,68.92,67.95,68.43,7547700
2025-07-23,VNINDEX,1519.58,1523.37,1507.14,1512.31,1439115085
2025-07-24,FPT,109.34,109.44,108.17,108.46,6420800
2025-07-24,HPG,23.56,23.61,23.12,23.21,51907400
2025-07-24,MWG,68.93,68.93,67.74,68.43,6607100
2025-07-24,VNINDEX,1520.25,1525.32,1502.82,1521.02,1390154530
2025-07-25,FPT,108.46,108.85,107.88,108.07,5137000
2025-07-25,HPG,23.21,23.48,23.12,23.25,51078400
2025-07-25,MWG,68.43,70.01,68.14,69.03,6469000
2025-07-25,VNINDEX,1521.56,1534.51,1521.02,1531.13,1405568881
2025-07-28,FPT,108.17,108.95,107.88,108.66,7611000
2025-07-28,HPG,23.3,23.97,23.21,23.52,99592800
2025-07-28,MWG,69.52,69.91,68.53,69.12,9571200
2025-07-28,VNINDEX,1541.82,1558.12,1531.13,1557.42,1788192102
2025-07-29,FPT,108.66,108.95,103.48,103.48,16059500
2025-07-29,HPG,23.61,23.74,22.63,22.63,82604800
2025-07-29,MWG,69.12,69.12,65.38,65.58,18358200
2025-07-29,VNINDEX,1562.6,1564.92,1493.41,1493.41,2642722700
2025-07-30,FPT,104.46,105.44,102.8,103.58,7488200
2025-07-30,HPG,22.85,22.98,22.4,22.67,50186000
2025-07-30,MWG,66.46,66.86,65.09,66.07,13161600
2025-07-30,VNINDEX,1502.26,1512.15,1482.45,1507.63,1620038736
2025-07-31,FPT,103.58,104.36,101.34,101.53,8944200
2025-07-31,HPG,22.72,22.85,22.09,22.27,85332500
2025-07-31,MWG,66.17,66.76,64.2,64.3,14552200
2025-07-31,VNINDEX,1521.96,1522.39,1488.3,1502.52,1651133772
2025-08-01,FPT,101.24,104.85,99.09,104.46,10891500
2025-08-01,HPG,22.18,22.58,22.14,22.45,50798600
2025-08-01,MWG,64.4,65.68,64.2,64.2,8228000
2025-08-01,VNINDEX,1506.88,1509.03,1486.59,1495.21,1378350894
2025-08-04,FPT,103.97,104.07,102.31,104.07,4617800
2025-08-04,HPG,22.4,22.72,22.27,22.58,37058100
2025-08-04,MWG,64.2,65.97,64.2,65.97,8211500
2025-08-04,VNINDEX,1493.37,1528.21,1491.11,1528.19,1228661002
2025-08-05,FPT,104.46,106.12,102.51,103.29,11395000
2025-08-05,HPG,22.72,24.14,22.72,23.56,215999100
2025-08-05,MWG,66.27,68.43,64.99,68.24,15697200
2025-08-05,VNINDEX,1547.19,1584.98,1519.08,1547.15,2697027395
2025-08-06,FPT,103.48,103.68,102.02,102.41,11814200
2025-08-06,HPG,23.88,24.72,23.79,24.19,96174200
2025-08-06,MWG,67.84,71.29,67.45,71.29,18002400
2025-08-06,VNINDEX,1558.56,1573.71,1547.15,1573.71,1325741058
2025-08-07,FPT,103.09,104.85,102.41,103.68,9565800
2025-08-07,HPG,24.41,25.48,24.1,25.44,139119300
2025-08-07,MWG,71.58,71.68,70.5,71.29,8095800
2025-08-07,VNINDEX,1587.84,1587.84,1567.72,1581.81,1605153483
2025-08-08,FPT,103.97,104.85,102.31,103.09,9184800
2025-08-08,HPG,25.53,25.57,24.64,24.99,121062500
2025-08-08,MWG,71.49,71.68,69.42,70.9,11116900
2025-08-08,VNINDEX,1589.58,1589.58,1565.45,1584.95,1817288244
2025-08-11,FPT,103.38,106.9,102.8,103.87,10278500
2025-08-11,HPG,25.13,25.39,24.81,25.13,67223000
2025-08-11,MWG,70.9,72.57,70.6,70.99,10677600
2025-08-11,VNINDEX,1590.98,1601.79,1584.95,1596.86,1589742304
2025-08-12,FPT,104.85,105.63,104.07,104.95,11011800
2025-08-12,HPG,25.3,25.98,25.13,25.44,84195900
2025-08-12,MWG,71.19,71.39,69.91,71.09,7809000
2025-08-12,VNINDEX,1603.5,1608.23,1591.18,1608.22,1583593191
2025-08-13,FPT,105.04,105.24,102.41,102.6,21845000
2025-08-13,HPG,25.48,25.53,24.86,25.08,79765000
2025-08-13,MWG,71.39,71.39,68.93,69.81,11739600
2025-08-13,VNINDEX,1615.57,1616.99,1585.54,1611.6,1863151895
2025-08-14,FPT,103.29,103.29,101.24,101.34,17905400
2025-08-14,HPG,25.17,25.39,24.99,25.17,76049900
2025-08-14,MWG,69.91,70.8,69.03,70.8,9930500
2025-08-14,VNINDEX,1623.18,1641.28,1611.6,1640.69,1752441563
2025-08-15,FPT,101.34,102.31,98.9,98.99,18622300
2025-08-15,HPG,25.39,25.71,24.86,24.99,107927600
2025-08-15,MWG,70.9,71.19,68.73,69.42,9112800
2025-08-15,VNINDEX,1658.24,1665.97,1622.98,1630.0,2011992093
2025-08-18,FPT,98.99,100.55,97.62,98.11,11392300
2025-08-18,HPG,25.26,25.71,25.17,25.35,69044400
2025-08-18,MWG,69.52,69.91,68.14,68.93,8199100
2025-08-18,VNINDEX,1638.37,1642.71,1625.61,1636.37,1514197226
2025-08-19,FPT,98.21,99.09,97.62,97.92,9153600
2025-08-19,HPG,25.53,25.62,25.08,25.13,63021900
2025-08-19,MWG,68.93,68.93,66.96,66.96,14132300
2025-08-19,VNINDEX,1646.73,1665.48,1636.37,1654.2,1789073441
2025-08-20,FPT,97.72,97.92,95.18,95.38,19969500
2025-08-20,HPG,25.17,25.22,24.14,24.46,101007400
2025-08-20,MWG,67.45,69.62,67.06,68.34,11461600
2025-08-20,VNINDEX,1662.11,1665.54,1614.6,1664.36,2280731304
2025-08-21,FPT,95.38,100.46,95.38,99.28,12624800
2025-08-21,HPG,24.5,24.81,24.37,24.46,69981700
2025-08-21,MWG,68.34,70.5,68.14,69.91,12495000
2025-08-21,VNINDEX,1674.76,1693.68,1664.36,1688.0,1635930140
2025-08-22,FPT,99.19,99.19,96.45,96.65,7212000
2025-08-22,HPG,24.06,24.19,23.21,23.21,132314200
2025-08-22,MWG,68.83,69.52,67.35,69.22,10901700
2025-08-22,VNINDEX,1680.42,1689.3,1629.49,1645.47,2234242998
2025-08-25,FPT,99.58,99.58,96.45,96.45,6736000
2025-08-25,HPG,23.65,23.88,23.07,23.16,68320100
2025-08-25,MWG,69.22,69.52,67.55,67.74,6387100
2025-08-25,VNINDEX,1659.7,1660.49,1608.53,1614.03,1449075936
2025-08-26,FPT,96.45,97.62,95.58,97.62,5812500
2025-08-26,HPG,23.3,24.28,23.3,24.28,51986200
2025-08-26,MWG,67.94,72.47,67.55,72.47,16810900
2025-08-26,VNINDEX,1611.61,1667.96,1603.73,1667.63,1229376641
2025-08-27,FPT,98.99,102.6,98.8,102.51,19436400
2025-08-27,HPG,24.32,24.32,23.88,23.88,85992500
2025-08-27,MWG,73.85,75.42,73.46,73.85,12565000
2025-08-27,VNINDEX,1678.54,1696.6,1667.63,1672.78,1477066097
2025-08-28,FPT,102.6,102.6,100.36,102.02,6280200
2025-08-28,HPG,24.06,24.55,23.97,24.19,63166300
2025-08-28,MWG,73.85,76.11,73.36,76.11,11875600
2025-08-28,VNINDEX,1679.33,1684.16,1659.68,1680.86,1098450679
2025-08-29,FPT,102.51,102.51,99.19,99.19,11090200
2025-08-29,HPG,24.28,24.86,24.14,24.55,81735200
2025-08-29,MWG,76.8,77.0,75.42,76.8,9402500
2025-08-29,VNINDEX,1690.11,1694.42,1678.57,1682.21,1460861015
2025-09-03,FPT,99.58,100.85,97.62,100.75,9744200
2025-09-03,HPG,24.46,25.88,24.32,25.13,119138500
2025-09-03,MWG,75.72,76.41,74.54,74.64,8068800
2025-09-03,VNINDEX,1682.11,1685.73,1670.39,1681.3,1241257543
2025-09-04,FPT,100.85,103.0,100.75,102.51,11033600
2025-09-04,HPG,25.39,26.69,25.3,26.64,141435100
2025-09-04,MWG,74.83,76.31,72.77,76.31,12031500
2025-09-04,VNINDEX,1687.59,1696.29,1675.95,1696.29,1289344174
2025-09-05,FPT,102.7,103.0,100.94,100.94,8807800
2025-09-05,HPG,26.78,26.87,25.71,25.71,95256400
2025-09-05,MWG,76.8,77.1,73.85,73.85,9769500
2025-09-05,VNINDEX,1705.13,1711.49,1666.97,1666.97,1651250921
2025-09-08,FPT,100.55,101.43,99.48,99.48,10600300
2025-09-08,HPG,25.62,26.56,25.57,25.8,141768400
2025-09-08,MWG,73.36,75.62,72.86,72.86,13715000
2025-09-08,VNINDEX,1660.91,1667.36,1624.53,1624.53,1769876607
2025-09-09,FPT,99.58,100.55,98.6,99.68,6460700
2025-09-09,HPG,26.06,26.11,25.17,25.75,73861200
2025-09-09,MWG,73.46,74.83,72.57,74.83,6933700
2025-09-09,VNINDEX,1629.58,1637.32,1613.01,1637.32,1012829196
2025-09-10,FPT,99.68,100.46,98.7,98.8,5498500
2025-09-10,HPG,25.75,26.06,25.35,25.75,52455800
2025-09-10,MWG,74.44,75.13,73.36,74.34,7770800
2025-09-10,VNINDEX,1646.41,1646.49,1629.29,1643.26,833100714
2025-09-11,FPT,98.8,100.46,98.11,99.58,7414200
2025-09-11,HPG,25.62,26.06,24.99,26.02,71781900
2025-09-11,MWG,74.24,78.18,72.86,77.59,18120100
2025-09-11,VNINDEX,1638.75,1659.19,1605.76,1657.75,1197131426
2025-09-12,FPT,99.58,100.46,98.7,99.19,7447000
2025-09-12,HPG,26.06,26.87,26.02,26.78,104621000
2025-09-12,MWG,77.59,78.18,76.61,77.79,7900100
2025-09-12,VNINDEX,1662.02,1670.62,1653.79,1667.26,1006501112
2025-09-15,FPT,99.48,101.04,99.09,99.48,14123100
2025-09-15,HPG,27.0,27.54,26.87,27.09,88920500
2025-09-15,MWG,77.79,78.38,76.9,78.28,8395500
2025-09-15,VNINDEX,1672.59,1684.9,1667.26,1684.9,1122425898
2025-09-16,FPT,100.26,102.31,99.58,101.04,17531600
2025-09-16,HPG,27.27,27.27,26.56,26.73,66855600
2025-09-16,MWG,78.38,80.15,77.69,79.07,8927700
2025-09-16,VNINDEX,1696.87,1696.87,1677.03,1680.9,1232560447
2025-09-17,FPT,101.53,105.24,101.53,103.0,20018000
2025-09-17,HPG,26.69,27.0,26.06,26.06,124424600
2025-09-17,MWG,78.58,79.86,76.8,76.8,8298600
2025-09-17,VNINDEX,1678.09,1684.62,1670.97,1670.97,967047675
2025-09-18,FPT,103.48,103.78,100.55,100.55,8198400
2025-09-18,HPG,26.2,26.24,25.53,26.02,75687000
2025-09-18,MWG,76.8,77.3,75.52,77.3,8718800
2025-09-18,VNINDEX,1675.85,1679.63,1654.32,1665.18,863667370
2025-09-19,FPT,101.34,101.34,98.11,100.55,23514300
2025-09-19,HPG,26.15,26.24,25.71,26.11,45024800
2025-09-19,MWG,77.3,77.69,76.21,77.4,4279300
2025-09-19,VNINDEX,1671.24,1671.77,1649.16,1658.62,863955588
2025-09-22,FPT,100.07,100.26,97.24,97.33,16280200
2025-09-22,HPG,26.11,26.11,25.26,25.35,66073800
2025-09-22,MWG,76.7,76.7,74.83,75.33,8126100
2025-09-22,VNINDEX,1656.66,1659.13,1616.02,1634.45,1138988356
2025-09-23,FPT,97.62,97.62,95.18,95.67,18291200
2025-09-23,HPG,25.48,25.75,25.39,25.57,24900000
2025-09-23,MWG,75.62,77.0,75.13,76.61,4466900
2025-09-23,VNINDEX,1635.12,1643.59,1627.58,1635.26,657137789
2025-09-24,FPT,95.77,97.14,95.09,97.14,7421100
2025-09-24,HPG,25.57,25.93,25.22,25.93,30738900
2025-09-24,MWG,76.51,77.98,75.92,77.98,4391900
2025-09-24,VNINDEX,1635.36,1657.46,1619.09,1657.46,942294584
2025-09-25,FPT,97.14,97.14,95.58,95.67,8627700
2025-09-25,HPG,26.02,26.15,25.66,25.71,34435400
2025-09-25,MWG,77.59,77.79,76.9,77.79,5302400
2025-09-25,VNINDEX,1661.08,1668.21,1654.47,1666.09,914938950
2025-09-26,FPT,95.87,96.94,95.09,95.18,8080800
2025-09-26,HPG,25.75,26.06,25.48,25.48,38128900
2025-09-26,MWG,77.1,77.89,76.7,76.7,4081700
2025-09-26,VNINDEX,1666.68,1671.43,1657.94,1660.7,899321657
2025-09-29,FPT,95.48,95.48,93.23,93.23,10430900
2025-09-29,HPG,25.48,25.8,25.35,25.53,38831200
2025-09-29,MWG,76.7,76.7,75.42,75.82,6021900
2025-09-29,VNINDEX,1659.24,1674.84,1655.03,1666.48,808656985
2025-09-30,FPT,93.23,93.52,90.6,90.79,12018800
2025-09-30,HPG,25.48,25.53,24.9,25.13,53737200
2025-09-30,MWG,75.62,76.61,75.03,76.51,7817600
2025-09-30,VNINDEX,1667.86,1676.8,1645.97,1661.7,1048764085
2025-10-01,FPT,90.99,92.26,89.23,91.18,7405100
2025-10-01,HPG,25.26,25.44,25.08,25.26,29848500
2025-10-01,MWG,76.31,77.1,76.02,76.51,4989600
2025-10-01,VNINDEX,1664.95,1671.07,1658.81,1665.05,665999631
2025-10-02,FPT,90.69,91.18,89.82,89.91,7933800
2025-10-02,HPG,25.3,25.57,25.04,25.08,30165900
2025-10-02,MWG,76.61,77.3,75.72,75.92,4725900
2025-10-02,VNINDEX,1668.04,1679.73,1651.18,1652.71,735858787
2025-10-03,FPT,90.01,91.77,89.91,91.18,7681300
2025-10-03,HPG,25.08,25.08,24.41,24.68,58123500
2025-10-03,MWG,75.82,76.21,74.24,75.82,9671700
2025-10-03,VNINDEX,1651.39,1654.6,1638.6,1645.82,814582654
2025-10-06,FPT,92.06,93.62,91.28,93.23,6580000
2025-10-06,HPG,25.08,26.06,25.08,26.06,71269500
2025-10-06,MWG,77.2,77.49,76.02,76.41,9452100
2025-10-06,VNINDEX,1673.16,1695.5,1645.82,1695.5,1005160153
2025-10-07,FPT,93.72,94.01,92.94,93.23,5997500
2025-10-07,HPG,26.06,26.2,25.88,25.88,41398600
2025-10-07,MWG,76.8,78.28,76.31,76.8,7199900
2025-10-07,VNINDEX,1703.9,1703.9,1685.3,1685.3,799007265
2025-10-08,FPT,93.23,94.6,92.26,92.26,5132100
2025-10-08,HPG,26.11,26.24,25.66,26.06,59953000
2025-10-08,MWG,77.79,80.05,77.3,79.56,17337700
2025-10-08,VNINDEX,1701.06,1704.42,1680.87,1697.83,1016488853
2025-10-09,FPT,92.74,92.74,91.28,91.96,5716300
2025-10-09,HPG,26.24,26.24,25.75,25.84,42551700
2025-10-09,MWG,79.56,80.64,79.26,80.25,7782900
2025-10-09,VNINDEX,1702.76,1717.65,1697.83,1716.47,1043251858
2025-10-10,FPT,91.96,94.21,91.57,93.82,8587700
2025-10-10,HPG,25.88,26.56,25.8,26.42,62702300
2025-10-10,MWG,80.15,80.74,79.36,80.74,7593200
2025-10-10,VNINDEX,1725.27,1747.57,1716.47,1747.55,998294168
2025-10-13,FPT,92.65,92.65,91.48,91.77,7915000
2025-10-13,HPG,25.93,26.11,25.75,25.88,80237700
2025-10-13,MWG,79.96,81.73,79.76,81.73,7962500
2025-10-13,VNINDEX,1738.23,1766.77,1736.03,1765.12,1231241730
2025-10-14,FPT,91.87,92.26,90.21,90.21,12659600
2025-10-14,HPG,25.93,26.11,25.26,25.3,84307900
2025-10-14,MWG,82.61,83.7,81.14,82.91,12093100
2025-10-14,VNINDEX,1782.97,1794.58,1753.25,1761.06,1491009356
2025-10-15,FPT,90.4,90.89,87.38,87.47,18738600
2025-10-15,HPG,25.35,25.62,25.17,25.22,34623200
2025-10-15,MWG,82.71,83.4,81.73,82.02,5687400
2025-10-15,VNINDEX,1766.12,1773.73,1754.89,1757.95,1107614674
2025-10-16,FPT,87.67,89.33,87.47,87.67,7928500
2025-10-16,HPG,25.22,25.71,24.99,25.22,44715300
2025-10-16,MWG,82.02,83.5,81.73,83.2,6629400
2025-10-16,VNINDEX,1764.51,1768.45,1753.5,1766.85,1087385525
2025-10-17,FPT,87.96,89.33,86.01,86.01,8374400
2025-10-17,HPG,25.26,25.57,24.99,24.99,46508200
2025-10-17,MWG,83.5,84.58,82.52,83.2,9880500
2025-10-17,VNINDEX,1771.61,1771.61,1727.8,1731.19,1221045346
2025-10-20,FPT,86.2,89.62,84.93,84.93,14580300
2025-10-20,HPG,24.9,25.22,23.25,23.25,102963100
2025-10-20,MWG,85.67,86.55,78.58,79.66,14226400
2025-10-20,VNINDEX,1723.59,1731.19,1636.43,1636.43,1636108645
2025-10-21,FPT,86.89,90.79,86.4,90.79,19520200
2025-10-21,HPG,23.48,24.1,23.21,23.92,74275800
2025-10-21,MWG,81.04,81.73,79.26,81.73,12062300
2025-10-21,VNINDEX,1640.8,1677.11,1622.37,1663.43,1530032193
2025-10-22,FPT,92.94,96.65,92.74,94.7,18311100
2025-10-22,HPG,24.01,24.01,23.34,23.83,37268800
2025-10-22,MWG,81.73,83.2,80.35,83.2,8203100
2025-10-22,VNINDEX,1678.82,1678.82,1628.37,1678.5,910675007
2025-10-23,FPT,94.89,94.99,91.77,92.74,6647600
2025-10-23,HPG,23.88,24.1,23.65,23.65,23443400
2025-10-23,MWG,84.68,85.47,83.3,84.39,9156600
2025-10-23,VNINDEX,1680.73,1698.01,1669.78,1687.06,699304369
2025-10-24,FPT,92.74,95.38,92.45,95.38,13759100
2025-10-24,HPG,23.65,23.83,23.3,23.56,30587700
2025-10-24,MWG,84.19,84.58,81.53,84.39,9652900
2025-10-24,VNINDEX,1684.88,1691.69,1660.32,1683.18,916269054
2025-10-27,FPT,96.65,97.33,94.01,95.67,12897800
2025-10-27,HPG,23.88,23.97,23.43,23.43,27390800
2025-10-27,MWG,84.39,84.39,79.76,79.76,9884200
2025-10-27,VNINDEX,1696.45,1697.16,1652.54,1652.54,903493887
2025-10-28,FPT,96.26,99.77,96.26,99.77,20912700
2025-10-28,HPG,23.52,23.92,23.34,23.92,28512100
2025-10-28,MWG,79.66,83.11,79.17,82.91,8277300
2025-10-28,VNINDEX,1647.86,1680.5,1621.52,1680.5,876810299
2025-10-29,FPT,99.97,100.75,98.7,99.28,9302800
2025-10-29,HPG,24.01,24.59,24.01,24.32,39448900
2025-10-29,MWG,81.73,83.11,81.73,82.81,5076100
2025-10-29,VNINDEX,1685.9,1695.99,1675.68,1685.83,823542134
2025-10-30,FPT,99.68,101.04,99.19,100.26,9730600
2025-10-30,HPG,24.46,24.46,24.01,24.01,23693500
2025-10-30,MWG,82.91,83.11,82.22,82.61,5652200
2025-10-30,VNINDEX,1688.83,1690.69,1661.92,1669.57,763111948
2025-10-31,FPT,100.16,101.43,98.6,101.43,14827100
2025-10-31,HPG,24.01,24.19,23.83,23.83,19779100
2025-10-31,MWG,82.61,82.71,80.74,81.33,6453200
2025-10-31,VNINDEX,1669.61,1669.61,1639.33,1639.65,777803290
2025-11-03,FPT,101.34,103.78,101.04,102.51,20963600
2025-11-03,HPG,23.88,24.01,23.25,23.25,28356600
2025-11-03,MWG,81.73,82.02,79.76,79.76,6146600
2025-11-03,VNINDEX,1644.56,1652.48,1617.0,1617.0,965233110
2025-11-04,FPT,101.63,102.21,99.28,100.85,10620700
2025-11-04,HPG,23.34,23.97,23.16,23.88,37767100
2025-11-04,MWG,79.66,80.74,77.3,80.54,13681700
2025-11-04,VNINDEX,1618.02,1658.93,1600.56,1651.98,1131564973
2025-11-05,FPT,99.38,99.58,97.24,98.5,11741500
2025-11-05,HPG,23.61,23.88,23.43,23.48,20835300
2025-11-05,MWG,80.25,80.25,78.87,78.97,4679900
2025-11-05,VNINDEX,1647.46,1659.58,1640.51,1654.89,614850900
2025-11-06,FPT,98.5,99.58,97.04,97.82,6751800
2025-11-06,HPG,23.52,23.65,23.3,23.3,21207600
2025-11-06,MWG,79.07,79.76,77.59,79.07,4495500
2025-11-06,VNINDEX,1656.67,1658.69,1638.12,1642.64,550189158
2025-11-07,FPT,97.14,99.38,97.14,98.6,5863600
2025-11-07,HPG,23.34,23.7,23.21,23.25,55100200
2025-11-07,MWG,78.38,79.26,74.34,75.33,8643300
2025-11-07,VNINDEX,1636.24,1642.64,1595.34,1599.1,818296957
2025-11-10,FPT,98.8,98.8,93.92,93.92,10072600
2025-11-10,HPG,23.39,23.88,23.3,23.61,48017900
2025-11-10,MWG,75.13,78.08,75.13,75.62,7274200
2025-11-10,VNINDEX,1598.02,1609.49,1580.54,1580.54,656338910
2025-11-11,FPT,94.5,95.58,93.82,93.82,6624200
2025-11-11,HPG,23.74,24.01,23.61,23.74,31332100
2025-11-11,MWG,76.31,77.89,76.31,76.8,5881500
2025-11-11,VNINDEX,1585.32,1597.08,1578.42,1593.61,596030348
2025-11-12,FPT,94.21,98.21,94.21,98.21,6635300
2025-11-12,HPG,23.79,24.19,23.79,24.1,30662900
2025-11-12,MWG,76.8,79.26,76.7,79.26,5083400
2025-11-12,VNINDEX,1599.63,1631.86,1593.61,1631.86,682207403
2025-11-13,FPT,98.21,98.31,96.36,96.55,4757400
2025-11-13,HPG,24.1,24.14,23.7,23.7,18927500
2025-11-13,MWG,78.87,79.26,78.28,78.87,3798700
2025-11-13,VNINDEX,1632.64,1638.98,1626.14,1631.44,629954183
2025-11-14,FPT,96.55,98.5,95.87,97.62,4699900
2025-11-14,HPG,23.65,24.06,23.65,24.01,22112200
2025-11-14,MWG,77.98,80.74,77.98,80.15,3951700
2025-11-14,VNINDEX,1627.45,1638.35,1623.03,1635.46,649838136
2025-11-17,FPT,98.21,99.38,98.21,98.6,5585100
2025-11-17,HPG,24.14,24.41,24.14,24.37,32158300
2025-11-17,MWG,79.96,81.14,79.96,81.14,4514700
2025-11-17,VNINDEX,1640.47,1654.42,1635.46,1654.42,661269040
2025-11-18,FPT,98.6,98.7,96.45,97.62,6500100
2025-11-18,HPG,24.32,24.64,24.23,24.55,35028300
2025-11-18,MWG,81.24,81.92,80.64,81.73,4417900
2025-11-18,VNINDEX,1657.43,1660.41,1647.64,1659.92,706237540
2025-11-19,FPT,97.14,97.14,95.67,95.67,5169300
2025-11-19,HPG,24.55,25.3,24.5,24.64,56320700
2025-11-19,MWG,81.73,81.92,80.35,81.14,6064700
2025-11-19,VNINDEX,1659.25,1661.51,1643.04,1649.0,741997320
2025-11-20,FPT,96.26,97.33,95.77,96.65,4593100
2025-11-20,HPG,24.72,24.81,24.23,24.32,23049300
2025-11-20,MWG,81.04,81.04,79.56,79.76,5080700
2025-11-20,VNINDEX,1651.93,1660.55,1647.79,1655.99,592496709
2025-11-21,FPT,95.67,98.8,95.48,98.41,7936900
2025-11-21,HPG,24.23,24.5,24.01,24.46,22607900
2025-11-21,MWG,79.17,79.17,76.9,78.77,8331600
2025-11-21,VNINDEX,1646.36,1656.84,1635.1,1654.93,666027161
2025-11-24,FPT,98.31,98.7,97.24,97.82,5061800
2025-11-24,HPG,24.46,24.59,24.19,24.19,14707800
2025-11-24,MWG,79.07,79.17,77.98,78.08,4147400
2025-11-24,VNINDEX,1656.03,1674.29,1654.93,1667.98,522154043
2025-11-25,FPT,97.33,97.92,96.65,97.33,4494900
2025-11-25,HPG,24.23,24.41,24.01,24.01,24346200
2025-11-25,MWG,77.79,78.58,77.3,77.3,4223700
2025-11-25,VNINDEX,1670.08,1676.7,1658.47,1660.36,778049790
2025-11-26,FPT,97.43,97.82,96.55,96.65,5830900
2025-11-26,HPG,24.06,24.28,23.97,24.19,19022200
2025-11-26,MWG,77.3,78.97,77.3,78.97,4735000
2025-11-26,VNINDEX,1667.31,1682.17,1660.36,1680.36,682182877
2025-11-27,FPT,96.84,97.43,95.77,97.14,4780500
2025-11-27,HPG,24.28,24.37,24.01,24.01,13956200
2025-11-27,MWG,78.77,78.87,78.28,78.77,3506200
2025-11-27,VNINDEX,1686.03,1695.34,1680.36,1684.32,598407577
2025-11-28,FPT,96.75,97.04,94.79,94.79,6210400
2025-11-28,HPG,24.01,24.14,23.7,23.7,20789300
2025-11-28,MWG,78.77,78.87,77.98,78.68,3026700
2025-11-28,VNINDEX,1683.77,1696.14,1679.12,1690.99,632979322
2025-12-01,FPT,95.58,96.37,94.79,95.29,3125100
2025-12-01,HPG,23.79,23.88,23.65,23.65,19747100
2025-12-01,MWG,78.48,78.87,78.28,78.77,2955600
2025-12-01,VNINDEX,1698.98,1713.77,1690.99,1701.67,519841839
2025-12-02,FPT,95.48,95.98,94.1,95.29,5560800
2025-12-02,HPG,23.7,23.79,23.39,23.65,26073200
2025-12-02,MWG,78.58,78.87,78.08,78.77,3953000
2025-12-02,VNINDEX,1704.84,1719.03,1690.36,1717.06,661265926
2025-12-03,FPT,95.68,95.68,94.7,95.29,6475300
2025-12-03,HPG,23.74,23.97,23.61,23.92,21527600
2025-12-03,MWG,78.97,84.19,78.97,83.4,15177100
2025-12-03,VNINDEX,1725.9,1741.65,1714.9,1731.77,720629160
2025-12-04,FPT,95.29,97.16,95.29,96.18,7387500
2025-12-04,HPG,24.06,24.5,24.01,24.37,35081200
2025-12-04,MWG,83.7,84.88,83.3,84.48,7082600
2025-12-04,VNINDEX,1735.41,1741.71,1725.23,1737.24,762188232
2025-12-05,FPT,96.18,96.18,94.79,94.89,5062500
2025-12-05,HPG,24.41,24.41,24.1,24.1,17662100
2025-12-05,MWG,84.39,84.39,82.81,83.8,6818100
2025-12-05,VNINDEX,1755.72,1758.44,1737.24,1741.32,629671556
2025-12-08,FPT,95.29,95.98,94.2,94.2,5278600
2025-12-08,HPG,24.01,24.19,23.88,23.88,21455600
2025-12-08,MWG,83.01,83.8,82.22,83.6,4614500
2025-12-08,VNINDEX,1757.42,1758.41,1741.32,1753.74,609653976
2025-12-09,FPT,94.2,95.68,93.12,95.58,9961500
2025-12-09,HPG,23.83,24.01,23.56,23.56,39911800
2025-12-09,MWG,83.2,83.2,81.24,82.71,6672700
2025-12-09,VNINDEX,1772.03,1772.03,1724.66,1747.17,895768193
2025-12-10,FPT,95.78,95.78,94.3,94.3,3894100
2025-12-10,HPG,23.79,24.1,23.74,23.79,19708000
2025-12-10,MWG,81.92,83.11,81.24,81.73,4887900
2025-12-10,VNINDEX,1748.82,1748.82,1714.44,1718.98,518373930
2025-12-11,FPT,94.6,95.29,94.3,94.7,5201600
2025-12-11,HPG,23.83,24.01,23.65,23.7,17142200
2025-12-11,MWG,81.73,82.32,81.04,81.04,3015900
2025-12-11,VNINDEX,1710.28,1718.98,1693.72,1698.9,497312893
2025-12-12,FPT,94.7,94.7,92.23,92.43,5519800
2025-12-12,HPG,23.74,23.83,23.21,23.21,37088200
2025-12-12,MWG,81.04,81.04,77.3,77.3,8896500
2025-12-12,VNINDEX,1702.72,1702.73,1642.57,1646.89,830667261
2025-12-15,FPT,92.62,93.12,92.23,92.53,3524800
2025-12-15,HPG,23.43,23.56,23.25,23.43,23939400
2025-12-15,MWG,77.2,77.98,76.41,76.51,5323900
2025-12-15,VNINDEX,1645.87,1665.65,1636.82,1646.01,599602932
2025-12-16,FPT,92.62,94.1,90.75,93.61,6295300
2025-12-16,HPG,23.52,24.06,23.43,23.83,29329900
2025-12-16,MWG,76.61,80.74,76.31,80.74,7552000
2025-12-16,VNINDEX,1647.42,1689.07,1629.37,1679.18,751636809
2025-12-17,FPT,93.12,94.99,93.12,94.6,4967800
2025-12-17,HPG,23.83,23.83,23.56,23.56,16546600
2025-12-17,MWG,80.64,81.73,79.56,80.64,4829800
2025-12-17,VNINDEX,1680.18,1683.95,1671.07,1673.66,495753236
2025-12-18,FPT,94.2,94.3,92.62,93.12,4115500
2025-12-18,HPG,23.56,23.7,23.43,23.56,18777900
2025-12-18,MWG,80.05,80.35,79.26,80.35,3495200
2025-12-18,VNINDEX,1675.54,1676.98,1665.21,1676.98,490167302
2025-12-19,FPT,92.72,93.71,92.33,92.62,4492600
2025-12-19,HPG,23.56,23.83,23.56,23.83,29580600
2025-12-19,MWG,80.25,81.73,80.05,81.63,5439900
2025-12-19,VNINDEX,1678.72,1705.76,1677.67,1704.31,660580746
2025-12-22,FPT,92.82,93.02,92.23,92.43,6142400
2025-12-22,HPG,23.83,24.19,23.74,24.01,54880900
2025-12-22,MWG,81.43,83.7,81.43,83.7,7856400
2025-12-22,VNINDEX,1717.42,1751.03,1704.31,1751.03,755374637
2025-12-23,FPT,92.72,94.6,92.33,92.72,6006900
2025-12-23,HPG,24.14,24.28,23.79,23.88,29588500
2025-12-23,MWG,83.7,86.65,83.6,86.16,13817800
2025-12-23,VNINDEX,1765.0,1778.18,1751.03,1772.15,732383695
2025-12-24,FPT,92.82,92.92,91.84,92.33,3901500
2025-12-24,HPG,23.97,23.97,23.65,23.7,23136900
2025-12-24,MWG,86.26,86.65,85.67,86.65,6357400
2025-12-24,VNINDEX,1782.71,1784.98,1753.65,1782.82,685897134
2025-12-25,FPT,92.33,93.51,91.74,91.74,4565200
2025-12-25,HPG,23.7,23.79,23.43,23.43,29780000
2025-12-25,MWG,86.65,88.62,84.68,84.68,8091600
2025-12-25,VNINDEX,1779.19,1805.93,1742.85,1742.85,633306718
2025-12-26,FPT,91.44,91.74,89.76,91.24,6612400
2025-12-26,HPG,24.19,24.72,23.79,24.01,94035000
2025-12-26,MWG,82.91,85.67,81.33,85.67,9310200
2025-12-26,VNINDEX,1706.39,1730.99,1687.14,1729.8,920350846
2025-12-29,FPT,91.24,93.61,91.24,93.02,6300900
2025-12-29,HPG,24.1,24.1,23.79,23.83,16525200
2025-12-29,MWG,84.88,86.36,84.78,85.76,6228800
2025-12-29,VNINDEX,1733.39,1754.84,1729.8,1754.84,513330603
2025-12-30,FPT,93.22,95.29,93.02,95.19,7271200
2025-12-30,HPG,23.83,23.97,23.65,23.65,24581900
2025-12-30,MWG,85.67,87.14,85.27,87.14,7753100
2025-12-30,VNINDEX,1758.45,1766.9,1740.07,1766.9,554603881
2025-12-31,FPT,95.48,95.68,93.91,94.5,3082600
2025-12-31,HPG,23.61,23.74,23.52,23.56,20149700
2025-12-31,MWG,86.65,87.04,86.26,87.04,4804600
2025-12-31,VNINDEX,1760.81,1787.75,1760.14,1784.49,592835116
2026-01-05,FPT,94.4,94.4,91.93,93.71,7029300
2026-01-05,HPG,23.56,23.7,22.94,23.16,46487900
2026-01-05,MWG,86.55,86.85,84.48,86.06,5947300
2026-01-05,VNINDEX,1787.13,1797.4,1775.19,1788.4,810900473
2026-01-06,FPT,93.41,93.51,92.33,92.72,5397500
2026-01-06,HPG,23.21,23.39,22.63,23.16,39616600
2026-01-06,MWG,85.47,87.93,85.47,87.44,6390700
2026-01-06,VNINDEX,1795.57,1817.06,1788.4,1816.27,838989917
2026-01-07,FPT,92.82,96.27,92.72,96.18,11427400
2026-01-07,HPG,23.16,23.88,23.16,23.74,37249700
2026-01-07,MWG,87.64,88.52,86.95,88.42,4998000
2026-01-07,VNINDEX,1832.23,1861.58,1816.27,1861.58,929077252
2026-01-08,FPT,96.77,96.77,95.19,95.19,5576200
2026-01-08,HPG,23.83,23.92,23.56,23.56,37518600
2026-01-08,MWG,88.42,88.42,84.88,86.16,10543900
2026-01-08,VNINDEX,1880.81,1888.33,1850.11,1855.56,1172488005
2026-01-09,FPT,94.79,98.54,94.7,96.08,10048700
2026-01-09,HPG,23.92,23.92,23.39,23.39,35089300
2026-01-09,MWG,85.08,86.16,84.29,84.68,6472200
2026-01-09,VNINDEX,1861.02,1880.16,1853.16,1867.9,1218660759
2026-01-12,FPT,96.67,98.15,96.67,98.15,9076600
2026-01-12,HPG,23.52,24.64,23.52,24.55,83534900
2026-01-12,MWG,84.68,86.16,83.7,86.16,8471500
2026-01-12,VNINDEX,1880.38,1887.92,1867.9,1877.33,1322446972
2026-01-13,FPT,98.34,100.32,96.57,97.56,9411100
2026-01-13,HPG,24.77,24.9,24.1,24.32,45777400
2026-01-13,MWG,86.16,87.34,84.88,85.76,6657100
2026-01-13,VNINDEX,1873.93,1910.69,1871.79,1902.93,1289021469
2026-01-14,FPT,97.66,99.73,96.47,98.44,11900400
2026-01-14,HPG,24.5,24.64,24.1,24.32,53908300
2026-01-14,MWG,85.76,85.96,83.8,84.68,6951400
2026-01-14,VNINDEX,1910.32,1918.46,1870.87,1894.44,1335130373
2026-01-15,FPT,98.44,100.32,97.06,97.16,7401400
2026-01-15,HPG,24.32,24.9,24.32,24.64,61937700
2026-01-15,MWG,83.7,85.57,82.71,82.71,7636600
2026-01-15,VNINDEX,1883.7,1894.44,1845.95,1864.8,1198731055
2026-01-16,FPT,98.15,103.87,98.15,103.87,23871100
2026-01-16,HPG,24.81,25.22,24.37,24.64,65577000
2026-01-16,MWG,82.52,86.06,82.52,85.67,7671600
2026-01-16,VNINDEX,1875.14,1901.22,1864.8,1879.13,980958156
2026-01-19,FPT,107.22,107.22,104.07,104.36,14710500
2026-01-19,HPG,24.9,25.17,24.68,24.72,40465900
2026-01-19,MWG,86.06,86.06,84.19,85.37,3055300
2026-01-19,VNINDEX,1894.67,1898.24,1874.69,1896.59,832522475
2026-01-20,FPT,104.66,105.55,102.59,102.69,12213100
2026-01-20,HPG,24.86,24.95,24.19,24.32,44169600
2026-01-20,MWG,85.37,86.95,84.68,84.68,6841300
2026-01-20,VNINDEX,1904.58,1915.11,1884.6,1893.78,987970727
2026-01-21,FPT,101.8,105.05,99.73,103.57,14517300
2026-01-21,HPG,24.23,24.32,23.79,23.92,37234300
2026-01-21,MWG,84.58,84.58,83.11,84.09,5383600
2026-01-21,VNINDEX,1876.96,1894.22,1859.25,1885.44,1125596634
2026-01-22,FPT,104.07,104.36,102.09,102.09,8095100
2026-01-22,HPG,24.01,24.37,23.97,23.97,27732600
2026-01-22,MWG,83.7,85.27,83.7,85.17,5450600
2026-01-22,VNINDEX,1895.08,1904.56,1874.81,1882.73,945697108
2026-01-23,FPT,102.19,103.18,99.63,99.63,9418000
2026-01-23,HPG,24.19,24.23,23.88,23.88,24233600
2026-01-23,MWG,85.27,86.36,84.48,84.48,6722800
2026-01-23,VNINDEX,1890.39,1898.83,1866.87,1870.79,841053745
2026-01-26,FPT,98.84,100.22,96.67,97.16,11183100
2026-01-26,HPG,23.88,23.92,23.34,23.48,33759300
2026-01-26,MWG,84.48,84.58,82.61,82.81,6030600
2026-01-26,VNINDEX,1876.81,1879.45,1833.21,1843.72,998240671
2026-01-27,FPT,98.25,101.11,97.75,100.71,10585500
2026-01-27,HPG,23.52,23.7,23.39,23.61,21014200
2026-01-27,MWG,82.91,84.48,82.71,83.7,5418600
2026-01-27,VNINDEX,1843.94,1845.7,1821.79,1830.5,752074184
2026-01-28,FPT,101.01,104.36,100.91,103.08,11949800
2026-01-28,HPG,23.7,24.19,23.7,23.83,29982700
2026-01-28,MWG,83.6,84.48,83.01,84.19,6085200
2026-01-28,VNINDEX,1837.67,1842.61,1793.13,1802.91,863394661
2026-01-29,FPT,103.57,105.74,102.29,104.66,14247700
2026-01-29,HPG,23.92,24.19,23.92,24.19,27608700
2026-01-29,MWG,84.39,88.13,83.99,88.13,15892000
2026-01-29,VNINDEX,1804.15,1814.98,1797.32,1814.98,657114403
2026-01-30,FPT,104.95,104.95,102.49,103.08,10833200
2026-01-30,HPG,24.37,24.55,23.88,23.92,40558400
2026-01-30,MWG,88.62,91.97,88.42,91.48,20845900
2026-01-30,VNINDEX,1822.1,1831.97,1813.81,1829.04,827036508
2026-02-02,FPT,101.9,102.88,100.22,102.88,9331400
2026-02-02,HPG,23.92,23.92,23.43,23.7,44024300
2026-02-02,MWG,91.67,92.46,89.11,92.26,13866200
2026-02-02,VNINDEX,1824.1,1829.04,1777.85,1806.5,888369649
2026-02-03,FPT,103.48,103.97,101.5,102.49,9097000
2026-02-03,HPG,23.79,24.19,23.79,23.88,32029900
2026-02-03,MWG,92.95,92.95,90.1,90.1,10130300
2026-02-03,VNINDEX,1807.09,1827.22,1805.22,1813.4,916896859
2026-02-04,FPT,101.7,102.09,100.12,100.52,11639700
2026-02-04,HPG,23.97,25.53,23.97,25.26,145418100
2026-02-04,MWG,90.1,90.49,89.21,90.39,7656400
2026-02-04,VNINDEX,1813.87,1813.87,1780.71,1791.43,969815852
2026-02-05,FPT,99.82,100.52,97.66,97.66,18088600
2026-02-05,HPG,25.26,25.3,24.59,24.59,32887100
2026-02-05,MWG,90.29,90.39,88.82,88.82,5643400
2026-02-05,VNINDEX,1789.14,1800.1,1782.18,1782.56,703264966
2026-02-06,FPT,96.67,98.64,95.39,96.27,9766800
2026-02-06,HPG,24.41,25.08,23.92,23.92,67073000
2026-02-06,MWG,88.32,88.52,84.68,87.04,13814700
2026-02-06,VNINDEX,1768.77,1782.56,1755.49,1755.49,997365978
2026-02-09,FPT,97.46,98.05,96.57,97.66,5108600
2026-02-09,HPG,24.14,24.37,23.83,23.88,24310400
2026-02-09,MWG,87.64,88.62,87.14,87.93,5452400
2026-02-09,VNINDEX,1769.76,1771.73,1749.87,1754.82,517575829
2026-02-10,FPT,98.54,98.54,95.98,96.47,6113500
2026-02-10,HPG,24.01,24.06,23.56,23.7,32543400
2026-02-10,MWG,88.32,88.32,86.45,87.93,5950600
2026-02-10,VNINDEX,1755.83,1776.24,1741.37,1754.03,719682136
2026-02-11,FPT,96.87,98.15,96.08,97.26,5507500
2026-02-11,HPG,23.79,24.19,23.65,23.97,26495200
2026-02-11,MWG,88.13,90.49,87.93,90.49,8987000
2026-02-11,VNINDEX,1768.18,1799.92,1754.03,1796.85,808848823
2026-02-12,FPT,97.66,97.85,97.06,97.46,4125200
2026-02-12,HPG,24.1,24.19,23.88,24.01,13137000
2026-02-12,MWG,91.08,92.46,89.7,91.48,7890300
2026-02-12,VNINDEX,1809.01,1816.11,1796.85,1814.09,451674492
2026-02-13,FPT,96.77,97.16,94.99,94.99,18508400
2026-02-13,HPG,24.01,24.23,23.92,23.97,24069800
2026-02-13,MWG,90.49,91.77,90.1,91.38,5511500
2026-02-13,VNINDEX,1818.07,1824.09,1792.91,1824.09,576394307
2026-02-23,FPT,95.48,95.48,91.84,93.22,22660400
2026-02-23,HPG,24.19,24.55,24.19,24.55,36086500
2026-02-23,MWG,91.48,91.67,89.7,90.59,5003100
2026-02-23,VNINDEX,1833.9,1863.13,1824.09,1860.14,732214189
2026-02-24,FPT,92.72,92.72,91.24,91.24,28539000
2026-02-24,HPG,24.55,25.35,24.41,25.26,99498300
2026-02-24,MWG,90.2,90.79,89.11,90.79,6601300
2026-02-24,VNINDEX,1862.18,1867.62,1849.6,1867.62,967871763
2026-02-25,FPT,90.95,91.24,87.79,87.89,47733100
2026-02-25,HPG,25.35,26.51,25.35,26.15,136409200
2026-02-25,MWG,90.79,92.66,90.59,91.57,8132700
2026-02-25,VNINDEX,1869.49,1876.01,1857.16,1860.91,1084949538
2026-02-26,FPT,88.78,90.95,88.68,89.27,17525500
2026-02-26,HPG,26.33,26.38,25.71,26.24,54496800
2026-02-26,MWG,91.57,92.85,91.08,92.16,5011100
2026-02-26,VNINDEX,1861.32,1882.17,1859.04,1879.64,753927389
2026-02-27,FPT,89.76,92.23,89.07,91.64,18705600
2026-02-27,HPG,26.2,26.24,25.71,25.71,47306500
2026-02-27,MWG,92.26,92.46,91.18,91.67,5224300
2026-02-27,VNINDEX,1883.12,1899.44,1868.91,1880.33,858209995
2026-03-02,FPT,88.88,90.26,88.09,88.38,17245400
2026-03-02,HPG,25.17,26.11,25.04,25.44,86907000
2026-03-02,MWG,90.39,90.79,88.62,88.62,10738700
2026-03-02,VNINDEX,1876.01,1885.18,1844.25,1846.1,1418296837
2026-03-03,FPT,88.88,89.66,85.82,85.82,16504400
2026-03-03,HPG,25.71,25.75,24.64,24.72,69294100
2026-03-03,MWG,88.82,89.8,85.57,86.85,13370000
2026-03-03,VNINDEX,1854.28,1854.28,1808.55,1813.14,1221025992
2026-03-04,FPT,85.72,85.82,83.06,83.94,23755700
2026-03-04,HPG,24.64,24.86,23.92,24.72,68275500
2026-03-04,MWG,85.76,87.44,82.52,87.44,13414100
2026-03-04,VNINDEX,1803.54,1833.33,1766.86,1818.27,1478621201
2026-03-05,FPT,85.32,85.62,83.25,83.25,15906800
2026-03-05,HPG,24.95,25.13,24.19,24.32,47998900
2026-03-05,MWG,87.54,87.64,83.89,83.89,11270500
2026-03-05,VNINDEX,1837.34,1849.01,1808.07,1808.51,1097224844
2026-03-06,FPT,83.25,83.45,80.39,80.49,23713900
2026-03-06,HPG,24.1,24.64,23.97,24.32,44351700
2026-03-06,MWG,83.5,83.5,80.45,81.43,13359400
2026-03-06,VNINDEX,1801.08,1807.31,1767.84,1767.84,952770876
2026-03-09,FPT,74.97,75.66,74.87,74.87,17633000
2026-03-09,HPG,22.76,23.34,22.63,22.63,120981900
2026-03-09,MWG,75.82,75.82,75.82,75.82,4983800
2026-03-09,VNINDEX,1757.73,1767.84,1651.68,1652.79,1278597856
2026-03-10,FPT,75.36,78.52,75.36,78.42,21099200
2026-03-10,HPG,23.92,24.19,23.34,24.19,91236600
2026-03-10,MWG,77.79,80.54,76.21,79.76,21042400
2026-03-10,VNINDEX,1664.52,1716.62,1651.29,1676.73,1344747032
2026-03-11,FPT,78.91,79.9,77.24,79.11,10652800
2026-03-11,HPG,24.23,24.68,24.06,24.46,49913200
2026-03-11,MWG,79.76,85.27,79.26,85.17,17339300
2026-03-11,VNINDEX,1675.87,1729.67,1675.17,1728.34,896281821
2026-03-12,FPT,77.73,78.12,76.45,76.64,12722400
2026-03-12,HPG,24.1,24.23,23.79,23.92,44045900
2026-03-12,MWG,82.71,85.17,81.82,83.3,10104500
2026-03-12,VNINDEX,1716.62,1728.34,1701.59,1709.61,857917482
2026-03-13,FPT,76.05,77.43,75.26,75.95,9026000
2026-03-13,HPG,23.83,24.28,23.65,23.79,28666500
2026-03-13,MWG,83.2,83.2,80.74,80.74,6260000
2026-03-13,VNINDEX,1697.72,1716.75,1688.67,1696.24,877875254
2026-03-16,FPT,76.05,78.22,76.05,77.14,8662000
2026-03-16,HPG,23.79,24.06,23.7,23.88,19880400
2026-03-16,MWG,80.64,80.94,79.17,79.36,5282300
2026-03-16,VNINDEX,1701.06,1707.0,1680.7,1693.21,746306319
2026-03-17,FPT,78.32,80.19,78.03,78.32,9218800
2026-03-17,HPG,24.1,24.41,24.01,24.01,24176300
2026-03-17,MWG,80.25,82.52,80.25,81.43,3811100
2026-03-17,VNINDEX,1709.38,1732.31,1693.21,1710.29,725273862
2026-03-18,FPT,78.91,79.11,77.04,77.53,6352700
2026-03-18,HPG,24.01,24.23,23.79,23.92,23058500
2026-03-18,MWG,81.53,83.01,81.14,82.42,4304400
2026-03-18,VNINDEX,1718.3,1742.87,1706.53,1713.83,699754878
2026-03-19,FPT,76.64,76.74,75.56,75.76,11602900
2026-03-19,HPG,23.65,23.97,23.52,23.83,36837300
2026-03-19,MWG,80.74,81.33,80.15,81.14,7916000
2026-03-19,VNINDEX,1700.77,1713.83,1685.9,1699.13,821692120
2026-03-20,FPT,75.46,75.46,72.6,73.59,21423700
2026-03-20,HPG,23.65,23.7,23.12,23.12,60885800
2026-03-20,MWG,80.84,80.84,78.48,78.48,6488600
2026-03-20,VNINDEX,1698.62,1699.13,1647.16,1647.81,856451948
2026-03-23,FPT,72.7,75.07,70.63,72.11,13156200
2026-03-23,HPG,22.9,23.39,22.54,22.76,44362900
2026-03-23,MWG,76.8,76.9,73.06,73.06,17473900
2026-03-23,VNINDEX,1630.11,1647.81,1586.44,1591.17,986020339
2026-03-24,FPT,74.47,74.87,73.09,74.38,5189700
2026-03-24,HPG,23.21,23.48,23.07,23.16,27778800
2026-03-24,MWG,75.42,75.62,73.85,74.83,7903300
2026-03-24,VNINDEX,1626.34,1630.63,1591.17,1614.77,687078246
2026-03-25,FPT,75.17,75.95,74.57,75.95,7429300
2026-03-25,HPG,23.48,23.56,23.3,23.52,22967100
2026-03-25,MWG,75.82,78.28,75.62,77.98,7550200
2026-03-25,VNINDEX,1634.15,1658.77,1614.77,1658.19,796965260
2026-03-26,FPT,75.95,75.95,73.19,73.19,9743400
2026-03-26,HPG,23.48,23.52,23.12,23.12,18424200
2026-03-26,MWG,76.8,77.69,76.21,77.3,7066800
2026-03-26,VNINDEX,1661.53,1661.6,1634.55,1644.63,641307834
2026-03-27,FPT,73.49,75.26,73.0,75.07,9080300
2026-03-27,HPG,23.16,23.83,23.07,23.65,26863700
2026-03-27,MWG,77.4,80.54,77.0,79.76,7595000
2026-03-27,VNINDEX,1643.89,1673.31,1640.31,1672.8,814663981
2026-03-30,FPT,73.39,74.18,72.5,73.0,7814800
2026-03-30,HPG,23.34,24.19,23.16,24.01,41276100
2026-03-30,MWG,77.69,79.56,77.4,79.56,6027600
2026-03-30,VNINDEX,1646.08,1672.8,1637.58,1662.54,745194737
2026-03-31,FPT,73.88,74.47,73.39,73.68,5639200
2026-03-31,HPG,24.14,24.32,23.92,24.01,23553000
2026-03-31,MWG,79.56,80.84,79.26,80.54,6582900
2026-03-31,VNINDEX,1669.57,1677.83,1662.54,1674.49,787839248
2026-04-01,FPT,74.87,75.26,73.98,74.28,8534000
2026-04-01,HPG,24.41,24.5,24.19,24.23,31503700
2026-04-01,MWG,81.73,82.61,80.54,81.14,5736600
2026-04-01,VNINDEX,1713.92,1715.21,1700.18,1702.93,826834534
2026-04-02,FPT,74.18,74.18,73.19,73.68,5224400
2026-04-02,HPG,24.1,24.55,23.88,24.41,50005700
2026-04-02,MWG,80.54,80.54,78.77,80.54,5675700
2026-04-02,VNINDEX,1706.15,1706.15,1684.47,1694.82,730462121
2026-04-03,FPT,73.68,74.47,72.9,73.0,6333100
2026-04-03,HPG,24.41,24.46,23.74,23.79,31383300
2026-04-03,MWG,80.25,80.25,77.98,78.08,6903100
2026-04-03,VNINDEX,1700.14,1713.95,1679.79,1684.04,696862532
2026-04-06,FPT,73.0,73.49,72.5,72.9,4593000
2026-04-06,HPG,23.79,24.19,23.74,23.97,19748100
2026-04-06,MWG,77.1,78.08,76.41,77.1,6411000
2026-04-06,VNINDEX,1682.09,1693.03,1669.31,1674.99,556779316
2026-04-07,FPT,73.49,73.49,72.8,73.0,4713000
2026-04-07,HPG,23.92,24.19,23.88,23.92,13164600
2026-04-07,MWG,77.2,77.59,75.42,76.8,3806200
2026-04-07,VNINDEX,1677.99,1690.31,1665.36,1677.54,514778977
2026-04-08,FPT,74.97,78.03,74.08,78.03,14610000
2026-04-08,HPG,24.55,25.04,24.46,24.99,67646600
2026-04-08,MWG,79.36,80.74,78.68,80.64,10192500
2026-04-08,VNINDEX,1706.59,1756.55,1706.59,1756.55,1121941552
2026-04-09,FPT,78.03,78.12,77.04,77.24,6272100
2026-04-09,HPG,24.9,25.53,24.68,25.22,51607600
2026-04-09,MWG,79.66,80.74,79.46,79.46,3649300
2026-04-09,VNINDEX,1750.88,1756.55,1736.68,1736.68,939896157
2026-04-10,FPT,77.53,77.93,76.25,76.64,6099800
2026-04-10,HPG,25.53,25.53,24.99,24.99,35473400
2026-04-10,MWG,80.05,80.94,79.76,80.25,4667000
2026-04-10,VNINDEX,1750.86,1762.84,1736.68,1750.0,855525196
2026-04-13,FPT,75.86,75.95,74.87,74.97,9559100
2026-04-13,HPG,24.86,25.13,24.81,24.81,23005200
2026-04-13,MWG,79.56,80.05,78.58,80.05,4806700
2026-04-13,VNINDEX,1738.57,1765.67,1733.18,1758.96,767253461
2026-04-14,FPT,75.95,76.15,74.97,75.17,7092500
2026-04-14,HPG,25.08,25.71,24.95,25.48,61934200
2026-04-14,MWG,80.84,81.43,80.15,80.35,4600700
2026-04-14,VNINDEX,1775.41,1784.43,1758.96,1775.65,774460243
2026-04-15,FPT,75.86,75.95,73.98,74.08,10047800
2026-04-15,HPG,25.62,25.66,25.04,25.04,29753200
2026-04-15,MWG,80.74,80.74,78.77,78.77,3798700
2026-04-15,VNINDEX,1787.37,1801.66,1775.65,1800.65,805513607
2026-04-16,FPT,74.57,74.57,73.0,73.09,11316400
2026-04-16,HPG,25.04,25.17,24.77,24.95,27972100
2026-04-16,MWG,78.97,80.74,78.97,80.05,5775900
2026-04-16,VNINDEX,1806.2,1824.03,1799.18,1819.83,819390678
2026-04-17,FPT,73.98,76.94,73.88,74.97,12349600
2026-04-17,HPG,24.95,25.22,24.9,24.99,21399500
2026-04-17,MWG,81.33,85.57,81.24,85.57,15089000
2026-04-17,VNINDEX,1832.33,1846.19,1814.47,1817.17,632349354
2026-04-20,FPT,75.26,75.95,75.07,75.86,6876800
2026-04-20,HPG,25.13,25.39,25.04,25.39,26441700
2026-04-20,MWG,86.16,87.14,85.08,85.96,10168300
2026-04-20,VNINDEX,1819.03,1837.11,1802.42,1837.11,581405080
2026-04-21,FPT,75.95,76.35,74.08,74.08,7119000
2026-04-21,HPG,26.02,26.29,25.44,25.48,99647300
2026-04-21,MWG,86.06,86.06,84.29,84.29,7226400
2026-04-21,VNINDEX,1851.84,1866.1,1833.48,1833.48,751134492
2026-04-22,FPT,74.47,74.47,73.09,73.59,8145000
2026-04-22,HPG,25.48,25.62,25.04,25.17,27745600
2026-04-22,MWG,84.09,85.08,83.5,85.08,9172200
2026-04-22,VNINDEX,1834.53,1861.34,1819.21,1857.3,562382244
2026-04-23,FPT,73.98,74.97,73.09,73.29,7968500
2026-04-23,HPG,25.17,25.3,24.64,24.81,41133900
2026-04-23,MWG,85.08,85.47,83.01,83.2,5417100
2026-04-23,VNINDEX,1868.31,1888.99,1855.09,1870.36,953432252
2026-04-24,FPT,73.0,73.09,72.2,72.4,10459800
2026-04-24,HPG,24.9,24.95,24.55,24.9,23402000
2026-04-24,MWG,83.2,83.89,82.22,82.22,4634400
2026-04-24,VNINDEX,1873.23,1881.93,1843.63,1853.29,568682199
2026-04-28,FPT,72.4,73.39,71.91,73.39,9503800
2026-04-28,HPG,24.81,24.99,24.72,24.77,14071500
2026-04-28,MWG,82.42,84.58,82.42,84.29,5380700
2026-04-28,VNINDEX,1850.07,1887.69,1848.98,1875.84,577907915
2026-04-29,FPT,72.4,74.47,72.4,74.47,9163000
2026-04-29,HPG,24.68,24.9,24.64,24.77,17239200
2026-04-29,MWG,83.7,84.39,82.71,82.71,4897200
2026-04-29,VNINDEX,1878.96,1881.18,1852.49,1854.1,626247808
2026-05-04,FPT,73.88,74.08,72.6,72.7,8285900
2026-05-04,HPG,24.77,24.95,24.46,24.64,32374300
2026-05-04,MWG,83.4,84.09,82.12,83.6,6372100
2026-05-04,VNINDEX,1870.66,1876.8,1840.43,1854.06,614072346
2026-05-05,FPT,72.7,73.49,71.81,73.29,6841400
2026-05-05,HPG,24.68,24.72,24.28,24.37,30692800
2026-05-05,MWG,83.3,84.09,82.81,83.5,4720200
2026-05-05,VNINDEX,1853.08,1875.97,1849.32,1874.85,701963400
2026-05-06,FPT,73.19,73.19,72.01,72.3,9455600
2026-05-06,HPG,24.46,24.81,24.37,24.64,27672000
2026-05-06,MWG,83.89,85.08,83.6,84.68,6696800
2026-05-06,VNINDEX,1881.22,1892.0,1868.92,1891.2,788372585
2026-05-07,FPT,72.9,73.29,72.01,72.01,10186100
2026-05-07,HPG,24.81,24.9,24.64,24.77,20348100
2026-05-07,MWG,84.88,86.06,84.68,84.68,6344700
2026-05-07,VNINDEX,1897.44,1924.95,1891.2,1909.01,852195767
2026-05-08,FPT,72.2,72.3,70.92,70.92,13444300
2026-05-08,HPG,24.77,24.9,24.59,24.86,20678200
2026-05-08,MWG,84.39,84.58,83.3,83.3,4605300
2026-05-08,VNINDEX,1911.15,1921.81,1897.06,1915.37,840759266
2026-05-11,FPT,70.73,70.73,69.05,69.05,16909100
2026-05-11,HPG,25.0,25.0,24.54,24.54,23658100
2026-05-11,MWG,83.01,83.89,82.22,82.22,5716900
2026-05-11,VNINDEX,1918.93,1927.06,1893.75,1895.5,870568077
2026-05-12,FPT,69.15,70.53,69.05,69.64,8533300
2026-05-12,HPG,24.54,24.72,24.4,24.45,19170900
2026-05-12,MWG,82.22,83.01,81.33,82.52,4934800
2026-05-12,VNINDEX,1893.2,1906.64,1875.25,1901.1,646156258
2026-05-13,FPT,69.64,70.53,69.05,69.74,11517600
2026-05-13,HPG,24.5,24.77,24.36,24.63,21544700
2026-05-13,MWG,82.71,83.01,81.43,82.42,3536900
2026-05-13,VNINDEX,1908.77,1908.77,1865.12,1898.37,796945943
2026-05-14,FPT,70.13,74.28,70.04,72.9,21565500
2026-05-14,HPG,24.81,24.9,24.59,24.59,14047100
2026-05-14,MWG,82.42,83.3,81.92,82.91,4001800
2026-05-14,VNINDEX,1896.72,1927.7,1883.98,1925.46,580872676
2026-05-15,FPT,73.19,73.19,71.71,71.91,6386100
2026-05-15,HPG,24.59,24.63,24.04,24.13,75838200
2026-05-15,MWG,83.2,83.3,80.74,80.74,6691900
2026-05-15,VNINDEX,1928.61,1930.58,1909.9,1921.6,708757508
2026-05-18,FPT,71.91,74.28,71.02,73.88,18323700
2026-05-18,HPG,24.09,24.27,23.86,24.04,27485500
2026-05-18,MWG,80.74,80.74,77.79,77.79,11953700
2026-05-18,VNINDEX,1916.56,1932.62,1908.78,1927.94,774679381
2026-05-19,FPT,73.98,74.77,73.29,73.49,11279900
2026-05-19,HPG,24.09,24.22,23.86,23.86,25111900
2026-05-19,MWG,77.98,78.48,76.9,77.0,7953500
2026-05-19,VNINDEX,1933.01,1933.11,1904.47,1912.93,904325068
2026-05-20,FPT,73.78,77.43,71.81,76.64,25976600
2026-05-20,HPG,23.9,24.0,23.4,23.81,40983800
2026-05-20,MWG,77.0,77.59,73.06,76.02,8786000
2026-05-20,VNINDEX,1907.1,1919.39,1859.22,1913.23,1078815114
2026-05-21,FPT,76.64,76.84,74.67,75.46,11809100
2026-05-21,HPG,23.95,24.27,23.9,24.13,30562500
2026-05-21,MWG,77.0,78.28,76.51,78.28,6597700
2026-05-21,VNINDEX,1920.44,1923.21,1886.62,1896.89,562755083
2026-05-22,FPT,75.76,76.55,74.08,74.08,11668800
2026-05-22,HPG,24.18,24.22,23.95,23.95,25794000
2026-05-22,MWG,78.97,79.76,77.89,78.18,6083900
2026-05-22,VNINDEX,1896.74,1896.74,1856.08,1877.13,650651924
2026-05-25,FPT,73.59,74.57,72.5,72.5,10441000
2026-05-25,HPG,24.25,24.35,24.1,24.1,26989100
2026-05-25,MWG,78.87,78.87,77.2,77.49,2510300
2026-05-25,VNINDEX,1876.37,1891.26,1876.37,1886.03,495245425
2026-05-26,FPT,72.6,73.59,72.6,73.49,5104800
2026-05-26,HPG,24.1,24.25,24.0,24.25,20723700
2026-05-26,MWG,77.79,78.18,77.1,77.3,2518800
2026-05-26,VNINDEX,1889.15,1889.15,1876.32,1884.18,598836621
2026-05-27,FPT,73.49,74.28,72.11,72.6,9176300
2026-05-27,HPG,24.4,24.5,24.15,24.15,23114500
2026-05-27,MWG,77.89,79.17,77.59,78.77,4631100
2026-05-27,VNINDEX,1889.87,1889.87,1863.18,1874.43,667675136
2026-05-28,FPT,72.8,73.1,71.2,71.2,10646900
2026-05-28,HPG,24.15,24.25,24.0,24.0,15668300
2026-05-28,MWG,78.77,79.07,76.51,76.51,4026400
2026-05-28,VNINDEX,1869.7,1882.66,1857.25,1863.67,602798527
2026-05-29,FPT,71.2,72.5,70.8,71.6,5446700
2026-05-29,HPG,24.05,24.2,23.9,24.0,16365900
2026-05-29,MWG,76.51,77.1,74.64,75.13,7834500
2026-05-29,VNINDEX,1864.42,1873.17,1855.96,1863.49,556018675
2026-06-01,FPT,72.2,73.4,72.1,72.9,5972700
2026-06-01,HPG,24.0,24.15,23.95,24.05,9668300
2026-06-01,MWG,75.33,77.89,75.33,77.89,3799400
2026-06-01,VNINDEX,1867.44,1871.09,1841.39,1844.54,431817093
2026-06-02,FPT,73.0,75.6,73.0,74.8,17368000
2026-06-02,HPG,24.0,24.05,23.7,23.7,25529600
2026-06-02,MWG,78.18,78.18,76.31,76.7,2969500
2026-06-02,VNINDEX,1845.32,1858.76,1824.08,1826.47,644649712
2026-06-03,FPT,75.1,77.7,75.0,76.5,25278600
2026-06-03,HPG,23.7,24.15,23.6,24.15,20573500
2026-06-03,MWG,76.61,77.3,75.72,77.3,4801100
2026-06-03,VNINDEX,1824.18,1831.65,1798.05,1819.01,601720451
2026-06-04,FPT,76.7,77.2,75.8,76.1,11304700
2026-06-04,HPG,24.15,24.15,23.9,23.95,10065300
2026-06-04,MWG,77.3,77.3,75.82,77.2,4308300
2026-06-04,VNINDEX,1822.08,1831.55,1812.65,1831.55,450907795
2026-06-05,FPT,76.0,76.0,74.3,75.0,11218100
2026-06-05,HPG,23.95,24.05,23.75,23.75,13891200
2026-06-05,MWG,77.3,77.69,76.41,76.8,3241800
2026-06-05,VNINDEX,1833.07,1846.71,1831.55,1838.9,444418387
2026-06-08,FPT,73.7,74.5,72.8,72.9,10914200
2026-06-08,HPG,23.65,23.75,23.3,23.3,22769900
2026-06-08,MWG,75.82,76.11,75.13,75.23,4633800
2026-06-08,VNINDEX,1822.1,1838.9,1789.31,1790.53,613416648
2026-06-09,FPT,73.4,74.2,72.6,73.7,7772300
2026-06-09,HPG,23.35,23.55,23.3,23.55,12441700
2026-06-09,MWG,75.33,76.31,75.13,76.21,1770800
2026-06-09,VNINDEX,1799.21,1800.8,1780.71,1793.05,423962378
2026-06-10,FPT,73.5,74.5,73.5,74.2,4736000
2026-06-10,HPG,23.55,23.7,23.45,23.6,7505500
2026-06-10,MWG,75.92,77.1,75.42,77.0,2866200
2026-06-10,VNINDEX,1793.45,1805.03,1789.48,1803.71,459074178
2026-06-11,FPT,73.9,73.9,73.1,73.1,3507300
2026-06-11,HPG,23.5,23.55,23.3,23.3,10177700
2026-06-11,MWG,77.1,77.3,75.72,75.72,3302700
2026-06-11,VNINDEX,1793.15,1803.71,1788.64,1798.61,376827746
2026-06-12,FPT,73.6,74.3,73.5,73.5,5688200
2026-06-12,HPG,23.55,23.55,23.2,23.2,13271400
2026-06-12,MWG,76.61,76.61,75.13,75.23,4139700
2026-06-12,VNINDEX,1813.07,1813.57,1788.8,1791.65,577651426
2026-06-15,FPT,74.4,75.2,73.5,73.6,6422700
2026-06-15,HPG,23.55,24.35,23.55,24.35,30695200
2026-06-15,MWG,75.82,78.48,75.82,78.18,7871700
2026-06-15,VNINDEX,1804.24,1810.41,1775.72,1799.31,620696256
2026-06-16,FPT,73.7,74.2,73.1,73.2,5819800
2026-06-16,HPG,24.25,24.35,24.1,24.2,14145800
2026-06-16,MWG,78.18,78.58,77.59,78.18,3183300
2026-06-16,VNINDEX,1808.56,1811.59,1799.31,1807.94,573796720
2026-06-17,FPT,73.3,73.4,72.2,72.3,10652200
2026-06-17,HPG,24.2,24.3,24.0,24.0,19039000
2026-06-17,MWG,78.08,78.58,77.49,77.89,4068800
2026-06-17,VNINDEX,1797.41,1808.57,1787.89,1806.2,626382635
2026-06-18,FPT,72.3,72.3,71.5,71.6,13665800
2026-06-18,HPG,24.05,24.15,23.65,23.65,18040500
2026-06-18,MWG,77.4,77.79,76.8,77.49,3234500
2026-06-18,VNINDEX,1822.37,1836.4,1806.2,1830.47,505768931
2026-06-19,FPT,71.6,71.8,70.8,71.5,14295100
2026-06-19,HPG,23.8,23.9,23.6,23.6,20055700
2026-06-19,MWG,77.49,77.69,76.31,76.8,2425600
2026-06-19,VNINDEX,1837.38,1838.52,1822.47,1824.53,526745031
2026-06-22,FPT,71.5,71.7,70.3,70.6,9260100
2026-06-22,HPG,23.7,23.85,23.6,23.6,10684400
2026-06-22,MWG,76.8,76.8,75.82,76.02,2992900
2026-06-22,VNINDEX,1827.53,1859.78,1822.58,1857.91,443165448
2026-06-23,FPT,70.9,71.8,70.7,70.8,5737500
2026-06-23,HPG,23.65,23.7,23.3,23.3,29071800
2026-06-23,MWG,75.92,76.02,74.83,74.83,6295100
2026-06-23,VNINDEX,1871.92,1886.6,1857.91,1869.04,694888207
2026-06-24,FPT,71.0,71.2,70.1,70.8,5968500
2026-06-24,HPG,23.4,23.6,23.3,23.5,12927300
2026-06-24,MWG,74.83,76.61,73.85,76.61,4218000
2026-06-24,VNINDEX,1873.19,1894.75,1861.72,1878.02,494031560
2026-06-25,FPT,71.0,71.7,70.8,71.0,6592100
2026-06-25,HPG,23.5,23.6,23.4,23.4,7659100
2026-06-25,MWG,75.92,76.31,75.52,76.02,3553800
2026-06-25,VNINDEX,1878.71,1880.16,1856.3,1863.07,400816982
2026-06-26,FPT,71.3,71.3,70.3,70.8,4333200
2026-06-26,HPG,23.4,23.5,23.35,23.5,15468600
2026-06-26,MWG,75.92,77.3,75.33,77.3,4859300
2026-06-26,VNINDEX,1857.24,1873.91,1854.94,1871.91,408688231
2026-06-29,FPT,70.7,70.8,70.2,70.4,4618200
2026-06-29,HPG,23.55,23.65,23.45,23.65,14158200
2026-06-29,MWG,77.2,77.98,76.9,77.79,4268900
2026-06-29,VNINDEX,1868.64,1871.91,1852.2,1854.97,444788551
2026-06-30,FPT,70.5,70.8,70.2,70.2,6075800
2026-06-30,HPG,23.7,23.7,23.25,23.3,30593200
2026-06-30,MWG,77.59,77.79,76.41,76.9,4008800
2026-06-30,VNINDEX,1855.67,1863.14,1844.66,1860.01,505116145
2026-07-01,FPT,70.4,73.2,70.3,72.9,11630500
2026-07-01,HPG,23.4,23.55,23.35,23.45,14937400
2026-07-01,MWG,76.8,78.77,76.51,78.77,6029400
2026-07-01,VNINDEX,1859.96,1871.68,1859.68,1867.21,491315339
2026-07-02,FPT,72.9,73.3,72.5,72.5,5690500
2026-07-02,HPG,23.5,23.65,23.35,23.4,13367500
2026-07-02,MWG,78.97,80.15,78.18,78.48,4640200
2026-07-02,VNINDEX,1869.87,1873.87,1863.75,1866.35,452764594
2026-07-03,FPT,72.5,73.1,71.7,72.3,7490500
2026-07-03,HPG,23.4,23.5,23.25,23.25,15935100
2026-07-03,MWG,78.38,78.38,77.1,77.69,3061500
2026-07-03,VNINDEX,1867.17,1872.98,1857.28,1862.08,538080668
2026-07-06,FPT,72.4,74.0,71.9,73.0,11200200
2026-07-06,HPG,23.4,23.6,23.0,23.1,21299300
2026-07-06,MWG,77.4,77.59,75.52,76.8,4935700
2026-07-06,VNINDEX,1873.24,1873.58,1829.05,1843.5,712579803
2026-07-07,FPT,73.0,73.7,72.5,73.2,4557200
2026-07-07,HPG,23.2,23.25,23.0,23.1,13839600
2026-07-07,MWG,76.9,77.1,76.21,76.31,2154600
2026-07-07,VNINDEX,1840.69,1848.25,1825.79,1848.25,462997990
2026-07-08,FPT,72.4,72.8,71.5,72.1,6741600
2026-07-08,HPG,23.15,23.4,23.05,23.2,12499500
2026-07-08,MWG,76.31,77.98,76.11,77.59,3145900
2026-07-08,VNINDEX,1847.42,1855.74,1842.19,1853.7,550621594
2026-07-09,FPT,71.8,73.0,71.7,72.1,4441900
2026-07-09,HPG,23.2,23.25,23.1,23.2,11643400
2026-07-09,MWG,77.2,77.3,76.61,77.3,1582900
2026-07-09,VNINDEX,1843.01,1853.7,1840.7,1840.7,459418630
2026-07-10,FPT,72.0,72.3,70.6,70.6,7937300
2026-07-10,HPG,23.2,23.25,22.95,22.95,11906800
2026-07-10,MWG,77.69,77.69,75.42,75.42,3169000
2026-07-10,VNINDEX,1840.33,1845.86,1828.34,1828.34,493196915
2026-07-13,FPT,70.3,71.3,70.2,70.5,7738400
2026-07-13,HPG,22.95,22.95,22.35,22.4,32309000
2026-07-13,MWG,75.62,76.11,74.83,74.83,3721700
2026-07-13,VNINDEX,1829.5,1829.5,1781.45,1800.54,728451859
2026-07-14,FPT,70.3,70.9,70.0,70.3,6626800
2026-07-14,HPG,22.3,22.5,22.0,22.5,22481900
2026-07-14,MWG,74.64,75.62,74.05,75.62,2788000
2026-07-14,VNINDEX,1793.23,1806.77,1774.22,1806.63,488594894
2026-07-15,FPT,70.4,70.4,66.8,66.8,21271900
2026-07-15,HPG,22.5,22.6,22.15,22.4,21464500
2026-07-15,MWG,75.62,75.62,74.64,75.03,1802400
2026-07-15,VNINDEX,1805.93,1806.63,1776.83,1782.12,508398737
2026-07-16,FPT,66.7,68.0,64.7,68.0,13030600
2026-07-16,HPG,22.3,22.4,21.8,22.2,22880600
2026-07-16,MWG,75.03,75.52,73.85,75.52,4353900
2026-07-16,VNINDEX,1772.52,1804.3,1757.42,1804.24,716663694
2026-07-17,FPT,68.3,68.4,67.0,67.0,3987800
2026-07-17,HPG,22.2,22.35,21.85,21.85,17006300
2026-07-17,MWG,75.33,75.52,74.74,75.52,1827000
2026-07-17,VNINDEX,1801.89,1804.24,1787.45,1787.45,385810817
2026-07-20,FPT,66.9,67.7,66.1,67.1,7346800
2026-07-20,HPG,21.75,21.75,20.5,20.6,53245200
2026-07-20,MWG,75.72,75.72,72.86,74.05,7676900
2026-07-20,VNINDEX,1782.93,1787.45,1736.43,1743.51,789163854
2026-07-21,FPT,66.5,67.9,64.8,64.8,7540400
2026-07-21,HPG,20.5,21.15,20.5,20.8,27198700
2026-07-21,MWG,73.95,75.23,73.16,74.74,2872900
2026-07-21,VNINDEX,1733.44,1750.3,1725.34,1730.56,573145977
2026-07-22,FPT,65.0,67.5,64.6,64.6,10060700
2026-07-22,HPG,20.9,21.05,20.5,20.7,43471900
2026-07-22,MWG,74.74,74.83,69.52,69.52,13474000
2026-07-22,VNINDEX,1729.33,1736.91,1668.53,1668.53,847743499
2026-07-23,FPT,65.0,65.7,64.2,64.7,6287300
2026-07-23,HPG,20.7,21.0,20.15,20.8,36967600
2026-07-23,MWG,69.42,70.6,66.07,70.4,9066200
2026-07-23,VNINDEX,1664.5,1703.48,1658.35,1699.38,767199044
2026-07-24,FPT,64.3,64.5,62.8,62.9,5804800
2026-07-24,HPG,20.7,21.0,20.6,20.8,17632000
2026-07-24,MWG,68.53,69.81,66.96,66.96,3613700
2026-07-24,VNINDEX,1683.23,1696.78,1674.64,1686.11,497795740
2026-07-27,FPT,63.1,63.7,62.2,62.2,4449500
2026-07-27,HPG,20.9,21.0,20.3,20.35,18166800
2026-07-27,MWG,67.45,67.94,62.33,62.33,7694800
2026-07-27,VNINDEX,1694.78,1700.69,1669.01,1669.01,542734230
2026-07-28,FPT,61.9,63.7,61.5,63.0,5399400
2026-07-28,HPG,20.15,21.0,20.1,21.0,29151700
2026-07-28,MWG,62.92,64.89,61.54,64.2,6958300
2026-07-28,VNINDEX,1653.51,1684.54,1651.2,1680.62,634234923
2026-07-29,FPT,63.0,65.3,62.5,65.1,6114000
2026-07-29,HPG,21.05,21.65,20.9,21.65,36250000
2026-07-29,MWG,65.0,67.8,64.6,66.5,4613000
2026-07-29,VNINDEX,1682.72,1704.68,1675.19,1704.68,457457780
2026-07-30,FPT,65.2,67.2,64.8,67.0,7571500
2026-07-30,HPG,21.65,22.05,21.5,21.8,29968000
2026-07-30,MWG,66.5,70.9,66.1,69.8,8424500
2026-07-30,VNINDEX,1703.94,1744.8,1701.14,1744.66,704381924
2026-07-31,FPT,67.2,67.9,66.5,67.1,6253600
2026-07-31,HPG,21.8,21.85,21.4,21.7,24111500
2026-07-31,MWG,70.5,70.5,68.5,69.9,4562900
2026-07-31,VNINDEX,1764.45,1764.45,1735.36,1735.78,607287517
2026-08-03,FPT,67.4,71.7,67.3,71.7,16279100
2026-08-03,HPG,21.7,22.65,21.65,22.55,44448000
2026-08-03,MWG,70.0,73.0,69.9,72.5,5091200
2026-08-03,VNINDEX,1745.06,1767.58,1735.78,1762.84,652314888
2026-08-04,FPT,72.4,73.3,71.3,71.5,6584300
2026-08-04,HPG,22.55,22.6,22.1,22.15,22694000
2026-08-04,MWG,72.2,72.9,71.4,72.1,3706800
2026-08-04,VNINDEX,1764.98,1777.23,1759.64,1777.23,533722479
2026-08-05,FPT,72.2,72.2,70.2,70.3,6877600
2026-08-05,HPG,22.35,22.6,21.95,22.0,27963700
2026-08-05,MWG,72.4,72.9,71.0,72.2,3955700
2026-08-05,VNINDEX,1784.94,1790.87,1773.39,1776.46,630678743
2026-08-06,FPT,70.4,71.4,70.4,70.7,4629700
2026-08-06,HPG,22.25,22.3,21.85,21.85,14369400
2026-08-06,MWG,71.5,71.9,69.8,71.2,5330100
2026-08-06,VNINDEX,1784.65,1784.65,1764.32,1764.78,470876516
2026-08-07,FPT,71.1,71.7,70.3,70.8,4301800
2026-08-07,HPG,21.9,22.3,21.75,22.0,13018100
2026-08-07,MWG,71.3,71.6,70.2,71.0,3084600
2026-08-07,VNINDEX,1761.23,1774.61,1756.07,1768.06,529722667
2026-08-10,FPT,70.9,72.0,70.7,71.8,5252100
2026-08-10,HPG,22.25,22.3,21.95,22.1,16732700
2026-08-10,MWG,71.0,73.8,70.7,73.0,4628400
2026-08-10,VNINDEX,1775.79,1785.38,1759.06,1776.77,622931255
2026-08-11,FPT,71.6,73.1,71.0,71.2,6936800
2026-08-11,HPG,22.2,22.25,22.05,22.05,13694600
2026-08-11,MWG,72.3,74.0,72.3,73.2,3120600
2026-08-11,VNINDEX,1781.08,1789.35,1772.03,1773.41,553915398
2026-08-12,FPT,71.2,71.9,70.6,70.8,3685600
2026-08-12,HPG,22.0,22.35,21.95,22.1,15925100
2026-08-12,MWG,73.3,74.2,73.2,74.0,3065700
2026-08-12,VNINDEX,1776.63,1794.01,1770.63,1793.18,452560911
2026-08-13,FPT,71.0,71.3,69.2,69.2,7458000
2026-08-13,HPG,22.2,22.25,21.7,21.7,25702700
2026-08-13,MWG,74.0,74.7,72.8,73.6,2669200
2026-08-13,VNINDEX,1793.81,1798.79,1765.63,1765.63,640346210
2026-08-14,FPT,69.3,69.6,68.0,68.3,7123800
2026-08-14,HPG,21.7,21.8,21.2,21.25,27443600
2026-08-14,MWG,73.1,73.5,72.2,72.4,3164500
2026-08-14,VNINDEX,1763.6,1763.6,1717.64,1729.08,635802237
2026-08-17,FPT,68.4,69.4,68.4,68.8,4104500
2026-08-17,HPG,21.25,21.45,21.05,21.2,18455500
2026-08-17,MWG,72.3,74.2,71.8,73.5,2140400
2026-08-17,VNINDEX,1727.81,1735.2,1715.91,1727.46,396771648
2026-08-18,FPT,68.8,69.3,68.2,69.0,3383800
2026-08-18,HPG,21.15,21.4,21.0,21.0,16367500
2026-08-18,MWG,73.6,73.9,72.1,72.8,1649500
2026-08-18,VNINDEX,1727.62,1750.86,1724.33,1732.02,450739454
2026-08-19,FPT,69.0,69.2,68.6,68.9,1821000
2026-08-19,HPG,21.1,21.2,20.9,21.2,15312500
2026-08-19,MWG,72.7,72.7,71.2,72.2,1995300
2026-08-19,VNINDEX,1731.28,1734.39,1719.16,1726.69,390828453
2026-08-20,FPT,69.1,70.3,69.1,69.8,4468100
2026-08-20,HPG,21.25,21.45,21.15,21.15,15156400
2026-08-20,MWG,72.3,73.2,71.9,72.7,2493500
2026-08-20,VNINDEX,1735.56,1742.38,1726.69,1734.24,339514782
2026-08-21,FPT,69.9,72.0,69.5,72.0,7035800
2026-08-21,HPG,21.15,21.75,21.05,21.7,25138400
2026-08-21,MWG,72.5,75.1,71.8,75.0,4995900
2026-08-21,VNINDEX,1733.52,1768.31,1725.4,1768.12,667783227
2026-08-24,FPT,72.5,72.7,71.4,71.4,4611900
2026-08-24,HPG,22.0,22.3,21.85,22.25,28790200
2026-08-24,MWG,75.5,75.6,74.6,75.1,2470100
2026-08-24,VNINDEX,1787.54,1795.38,1768.12,1788.78,669160018
2026-08-25,FPT,71.4,72.0,70.7,70.7,4690000
2026-08-25,HPG,22.25,22.3,21.8,21.8,25844100
2026-08-25,MWG,75.0,75.3,73.8,73.9,2556400
2026-08-25,VNINDEX,1792.19,1812.18,1785.22,1791.41,643465330
2026-08-26,FPT,70.7,72.9,70.7,72.6,10161300
2026-08-26,HPG,21.8,22.1,21.75,22.05,19394800
2026-08-26,MWG,73.9,75.5,73.2,75.5,2162400
2026-08-26,VNINDEX,1789.43,1821.32,1787.8,1821.32,587417275
2026-08-27,FPT,72.6,72.7,72.2,72.2,3542900
2026-08-27,HPG,22.05,22.4,22.05,22.2,19201900
2026-08-27,MWG,75.5,75.9,74.8,75.9,2305700
2026-08-27,VNINDEX,1821.82,1838.25,1815.42,1831.56,484230398
2026-08-28,FPT,72.2,74.0,72.2,73.2,10196800
2026-08-28,HPG,22.25,22.35,22.05,22.1,17126700
2026-08-28,MWG,75.7,75.7,74.8,75.0,2717400
2026-08-28,VNINDEX,1830.53,1838.2,1819.16,1832.12,643935725
