date,HPG_simple_return,FPT_simple_return,MWG_simple_return,portfolio_simple_return,portfolio_log_return
2020-01-03,0.006775067750677488,-0.017224880382775143,-0.01458046767537835,-0.008343426769158668,-0.008378427976929177
2020-01-06,-0.006729475100942128,-0.010223953261928043,-0.005025125628140725,-0.007326184663670298,-0.007353152951702802
2020-01-07,-0.012195121951219523,0.01918347270044274,0.007856341189674598,0.004948230646299271,0.004936028389533918
2020-01-08,-0.010973936899862813,-0.0222007722007721,-0.02422048997772841,-0.019131733026121107,-0.01931711286403206
2020-01-09,0.023578363384188616,0.01382033563672258,0.015121255349500817,0.017506651456804002,0.01735517537153056
2020-01-10,0.008130081300813163,-0.0019474196689386325,0.005059021922428242,0.0037472278514342574,0.003740224483174304
2020-01-13,0.0026881720430107503,-0.006829268292682933,-0.005033557046979831,-0.003058217765550671,-0.0030629036696168924
2020-01-14,0.030831099195710587,-0.0014734774066798018,-0.0053400786958964774,0.008005847697711435,0.00797397091976161
2020-01-15,0.005201560468140354,0.0,0.0008476970895734404,0.002016419185904598,0.0020143889414956967
2020-01-16,0.0064683053040104355,0.01721593703885893,0.012140033879164402,0.011941425407344589,0.011870689157891905
2020-01-17,-0.011568123393316143,-0.0067698259187620735,0.006136680613668011,-0.004067089566136735,-0.0040753826684036
2020-01-20,0.01950585175552666,-0.003407984420642718,0.021624618796784123,0.012574162043889356,0.012495763779266556
2020-01-21,0.0140306122448981,-0.03321934538348803,0.011668928086838504,-0.0025066016839171415,-0.0025097484695099765
2020-01-22,0.017610062893081757,0.018191005558362727,-0.006437768240343367,0.009787766737033705,0.009740176828826943
2020-01-30,-0.03831891223732997,-0.03176178660049611,-0.04373650107991356,-0.037939066639246545,-0.03867749003049863
2020-01-31,-0.04755784061696655,-0.0497180932854947,-0.02795031055900632,-0.04174208148715586,-0.042638311241037466
2020-02-03,0.018893387314439902,-0.009708737864077666,-0.018297995933778788,-0.0030377821611388502,-0.003042405587049442
2020-02-04,0.0013245033112583293,0.005991285403050162,-0.008284023668638896,-0.000322744984776802,-0.00032279707814828574
2020-02-05,-0.005291005291005346,0.0037899296155927686,0.0011933174224343368,-0.0001025860843260803,-0.00010259134663832539
2020-02-06,0.030585106382978733,0.0307443365695792,0.013706793802145345,0.025012078918234426,0.02470439683140967
2020-02-07,-0.03354838709677421,-0.005232862375719405,-0.007348618459729561,-0.01537662264407439,-0.015496068941801062
2020-02-10,0.0,-0.013150973172014746,-0.02665087355641116,-0.013267282242808633,-0.013356078899939268
2020-02-11,-0.03070761014686252,0.018656716417910335,0.006693033160937167,-0.0017859535226716714,-0.0017875502390549533
2020-02-12,0.008264462809917328,0.009419152276295195,0.02357207615593815,0.01375189708071689,0.01365819779539373
2020-02-13,-0.004098360655737765,0.003628823224468558,-0.009152642456450977,-0.003207393295906728,-0.003212548006858682
2020-02-14,0.0,0.003615702479338845,-0.008343265792610244,-0.0015758544377571329,-0.0015770974023541092
2020-02-17,0.00137174211248281,-0.00514668039114774,0.0036057692307691624,-5.6389682631922565e-05,-5.639127258984799e-05
2020-02-18,-0.019178082191780743,0.033109156751164104,0.013173652694610904,0.009034909084664755,0.008994338478302005
2020-02-19,-0.0013966480446927498,-0.0055082623935903685,0.014479905437352114,0.002524998333022998,0.00252181588073089
2020-02-20,0.020979020979020824,0.002014098690835908,0.0008738712496358936,0.007955663639830874,0.007924184197536311
2020-02-21,-0.008219178082191747,-0.019597989949748595,0.0,-0.009272389343980114,-0.009315645545925606
2020-02-24,-0.035911602209944715,-0.040492055356227685,-0.03958090803259606,-0.038661521866256154,-0.03942871752559731
2020-02-25,0.017191977077363862,0.028846153846153966,0.0072727272727273196,0.017770286065415048,0.017614240469970167
2020-02-26,-0.014084507042253502,0.018172377985461896,-0.0072202166064982976,-0.001044115221096634,-0.001044660689114792
2020-02-27,0.008571428571428452,0.018357980622131453,0.020606060606060517,0.015845156599873473,0.015720932620095624
2020-02-28,-0.026912181303116123,-0.016024036054081092,-0.017517814726840775,-0.020151344028012663,-0.020357151925119457
2020-03-02,-0.0014556040756913413,0.010687022900763399,0.0,0.0030771396083573523,0.003072414904174281
2020-03-03,0.0,0.0035246727089628394,-0.0009066183136899886,0.0008726847984242836,0.0008723042304400853
2020-03-04,0.001457725947521915,-0.007024586051179171,-0.003629764065335883,-0.0030655413896643795,-0.0030702497866563717
2020-03-05,0.0,-0.016169782718544745,-0.004857316332726014,-0.007009033017090252,-0.007033711672287519
2020-03-06,0.0029112081513826826,-0.010785824345146189,-0.022879804758999422,-0.010251473650920976,-0.010304381909277245
2020-03-09,-0.06966618287372994,-0.06853582554517135,-0.06962222916016236,-0.06927474585968788,-0.07179115359289166
2020-03-10,0.03900156006240252,0.027870680044593144,-0.02080536912751685,0.015355623659826272,0.015238919266927596
2020-03-11,-0.05105105105105101,-0.017353579175705014,-0.06922549691569568,-0.04587670904748389,-0.04696238008479388
2020-03-12,-0.06329113924050633,-0.05353200883002218,-0.06995581737849776,-0.06225965514967542,-0.06428218615384428
2020-03-13,-0.010135135135135087,0.0011661807580176653,-0.02810768012668252,-0.012358878167933313,-0.012435884232890616
2020-03-16,0.0017064846416381396,-0.01106581246359939,-0.03828920570264771,-0.015882844508202987,-0.01601032855787426
2020-03-17,0.005110732538330609,0.018845700824499323,0.017365523083439305,0.013773985482089746,0.013679986322547633
2020-03-18,0.027118644067796405,-0.0023121387283236983,0.019150707743547102,0.014652404361006602,0.014546095083730289
2020-03-19,-0.028052805280528004,-0.014484356894553851,-0.040441176470588314,-0.027659446215223385,-0.02804917190871569
2020-03-20,-0.028862478777589073,0.0,0.021285653469561572,-0.0025256084360091675,-0.002528803165218867
2020-03-23,-0.0699300699300699,-0.06937095825984718,-0.07002917882451021,-0.06977673567147576,-0.07233065247637141
2020-03-24,-0.011278195488721887,0.0025268477574225123,-0.04168534289556247,-0.01681223020895395,-0.01695515999497992
2020-03-25,0.03992395437262353,0.03339634530560809,0.06080449017773626,0.044708263285322625,0.0437376725508463
2020-03-26,-0.04753199268738573,-0.03902439024390236,-0.06834215167548507,-0.05163284486892439,-0.053013557264186086
2020-03-27,-0.04414587332053732,-0.024746192893401076,-0.06909607193563638,-0.045996046049858255,-0.04708746294061364
2020-03-30,0.010040160642570184,-0.06245933636955103,-0.0599898322318253,-0.03746966931960205,-0.03818970092148421
2020-03-31,0.029821073558647937,0.017349063150589927,-0.01027582477014588,0.012298103979697328,0.012223096638198446
2020-04-01,0.02316602316602312,0.028649386084584005,0.03934426229508192,0.030386557181896347,0.029934030069627825
2020-04-03,0.024528301886792336,0.054376657824933616,0.06834910620399581,0.04908468863857392,0.04791805889002782
2020-04-06,0.06813996316758741,0.06540880503144653,0.06889763779527547,0.06748213533143646,0.06530273092809147
2020-04-07,0.006896551724137945,-0.004132231404958664,0.06721915285451208,0.02332782439123045,0.023059889585460753
2020-04-08,-0.015410958904109595,-0.009484291641967957,-0.008196721311475419,-0.01103065728585099,-0.01109194610666677
2020-04-09,-0.008695652173912993,0.0,-0.013484123531970371,-0.007393258568627787,-0.007420724161982739
2020-04-10,0.01403508771929829,-0.00957510472770795,-0.017636684303350858,-0.00439223377058684,-0.004401907967282998
2020-04-13,0.02941176470588225,0.0018126888217522286,0.04578096947935362,0.025668474335662696,0.0253445701034523
2020-04-14,0.031932773109243584,0.06453558504221957,-0.0025751072961374133,0.031297750285108575,0.03081796090156062
2020-04-15,0.006514657980456029,0.01246458923512761,0.026678141135972444,0.015219129450518693,0.015104480276879004
2020-04-16,0.008090614886731462,0.003917179630665846,0.0012573344509640982,0.004421709656120468,0.0044119626197930955
2020-04-17,0.022471910112359605,0.01783723522853964,0.06655504395144418,0.03562139643078114,0.03500162958445892
2020-04-20,0.023547880690737655,0.0016429353778750766,0.02786499215070637,0.017685269406439698,0.017530704714255683
2020-04-21,-0.0475460122699386,-0.03881902679059601,-0.05803741886216107,-0.048134152640898556,-0.04933117076005357
2020-04-22,0.030595813204508993,0.03640500568828209,0.032833400891771225,0.03327807326152077,0.032736343904168116
2020-04-23,0.03749999999999987,-0.0016465422612512715,0.018053375196232402,0.017968944311660334,0.01780941109291787
2020-04-24,0.024096385542168752,0.0,-0.005782575173477356,0.006104603456230465,0.006086045850803687
2020-04-27,-0.007352941176470562,-0.006047278724574112,-0.009693679720822024,-0.0076979665406222315,-0.007727748825526586
2020-04-28,-0.0251851851851852,0.0,-0.01566170712607673,-0.01361563077042064,-0.013709173537382406
2020-04-29,0.004559270516717451,0.0022123893805310324,0.009546539379474916,0.0054393997589078,0.005424659651438549
2020-05-04,-0.0226928895612708,-0.006070640176600417,-0.027974783293932104,-0.018912771010601105,-0.019093904930029878
2020-05-05,0.018575851393188847,0.007773459189339027,-0.001216051884880498,0.00837775289921579,0.008342854306446074
2020-05-06,0.03799392097264431,0.03911845730027563,0.02394480519480524,0.03368572782257506,0.03313079161159872
2020-05-07,0.06295754026354317,0.01166489925768821,0.017043202536662694,0.03055521401929802,0.03009769974737895
2020-05-08,-0.008264462809917328,0.0036687631027254586,0.014809041309431059,0.0034044472007463966,0.003398665189692981
2020-05-11,0.022222222222222143,0.005744125326370808,0.014208909370199807,0.014058418972930918,0.013960515908801038
2020-05-12,-0.0122282608695653,0.007268951194184581,-0.02006815600151457,-0.008342488558965095,-0.008377481873434199
2020-05-13,0.01925722145804687,0.06237113402061856,0.007341576506955327,0.029656643995206917,0.029225391321841043
2020-05-14,-0.006747638326585648,-0.013100436681222738,-0.010740314537782902,-0.010196129848530428,-0.010248466438181048
2020-05-15,-0.017663043478260865,-0.014257620452310715,-0.01085692128732052,-0.014259195072630699,-0.014361834264488517
2020-05-18,0.06777316735822958,0.006982543640897676,0.041160329282634134,0.03863868009392046,0.03791089426677401
2020-05-19,0.041450777202072464,0.018821198613174772,0.019954819277108404,0.026742265030785212,0.026390940376712125
2020-05-20,0.011194029850746468,-0.007292173067574015,-0.007751937984496138,-0.0012833604004412282,-0.0012841846126496127
2020-05-21,0.002460024600245969,0.008325171400587639,0.005580357142857206,0.005455184381230271,0.005440358756152728
2020-05-22,0.02822085889570558,-0.016998542982030185,-0.02293747687754355,-0.0039050536546227175,-0.003912698284929792
2020-05-25,0.0023866348448686736,0.0,0.012873911397198068,0.00508684874735558,0.005073954441369666
2020-05-26,0.03928571428571437,0.006916996047430901,0.004859813084112208,0.017020841139085825,0.016877609618578742
2020-05-27,-0.04238258877434142,-0.01619234543670256,-0.019717261904761862,-0.026097398705268615,-0.026443979010509367
2020-05-28,0.0,0.0,-0.0011385199240987465,-0.0003795066413662488,-0.00037957867223637485
2020-05-29,0.00837320574162681,-0.0009975062344139696,-0.0011398176291793627,0.002078627292677826,0.002076469936009918
2020-06-01,0.008303677342823335,0.006989515726410378,0.01635602890833021,0.010549740659187973,0.010494480459278172
2020-06-02,-0.02117647058823524,-0.00594942984630642,-0.008233532934131649,-0.011786477789557768,-0.011856488986267325
2020-06-03,-0.0036057692307693845,0.013466334164588423,0.0011320754716981352,0.0036642134685057246,0.003657516592537524
2020-06-04,-0.013268998793727338,-0.005413385826771644,0.0011307953260459858,-0.005850529764817665,-0.005867711160367261
2020-06-05,0.017114914425427896,0.00643245917862445,0.00715361445783147,0.010233662687294604,0.010181653291410925
2020-06-08,0.024038461538461453,0.01327433628318575,0.04635514018691578,0.027889312669520994,0.0275074887354076
2020-06-09,-0.02230046948356801,-0.0082484230955846,-0.01536262951053946,-0.015303840696564023,-0.01542215310824673
2020-06-10,-0.0036014405762304635,-0.0029354207436400603,0.007982583454281711,0.0004819073781370622,0.00048179129806824123
2020-06-11,-0.055421686746988,-0.05740922473012744,-0.06947444204463638,-0.060768451173917264,-0.06269323930330757
2020-06-12,0.039540816326530726,0.02186361270171777,0.033655705996131324,0.03168671167479327,0.03119504701293556
2020-06-15,-0.04171779141104304,-0.02139582272032592,-0.040793413173652704,-0.03463567576834055,-0.03524971082881778
2020-06-16,0.03201024327784907,0.013014055179593864,0.023019898556379204,0.02268139900460738,0.022428000539467984
2020-06-17,0.001240694789081953,-0.005138746145940454,-0.006864988558352381,-0.0035876799717369607,-0.0035941311299427657
2020-06-18,0.02106567534076831,0.005165289256198413,0.0,0.008743654865655573,0.008705650486234376
2020-06-19,0.020631067961164984,0.008735868448098483,0.008064516129032251,0.012477150846098573,0.01239995267833544
2020-06-22,-0.0011890606420926764,0.0,0.016761904761904756,0.00519094803993736,0.005177521513384483
2020-06-23,-0.011904761904761862,0.011716760061130982,-0.007118771075309116,-0.0024355909729799987,-0.0024385618495476225
2020-06-24,0.0,-0.007552870090634323,-0.0033962264150942945,-0.003649698835242872,-0.0036563752355541065
2020-06-25,0.012048192771084265,-0.008117706747843734,-0.016281711472926896,-0.004117075149895455,-0.004125573637753019
2020-06-26,-0.004761904761904856,0.001023017902813228,0.006928406466512715,0.0010631732024736957,0.0010626084341067502
2020-06-29,-0.019138755980861233,-0.017373530914665314,-0.032110091743119296,-0.022874126212881946,-0.02313979819911743
2020-06-30,0.004878048780487809,-0.00832033281331257,-0.008688783570300118,-0.004043689201041626,-0.004051887019301484
2020-07-01,0.02305825242718451,0.012060828526481382,0.01513944223107555,0.01675284106158048,0.016614060059055885
2020-07-02,0.007117437722419906,-0.0015544041450777923,-0.0023547880690737433,0.0010694151694227902,0.0010688437523722507
2020-07-03,-0.0035335689045935537,0.002594706798131785,-0.0015735641227381247,-0.0008374754097332977,-0.0008378262881793099
2020-07-06,0.0035460992907800915,0.011904761904761862,0.022064617809298692,0.012505159668280214,0.012427615954244565
2020-07-07,0.027090694935217874,0.013810741687979577,0.002698535080956077,0.014533323901384508,0.01442872735528607
2020-07-08,-0.010321100917431214,0.005045408678103103,-0.0011534025374856371,-0.0021430315922712495,-0.00214533117044049
2020-07-09,0.0034762456546928444,0.013554216867469826,0.004618937644341736,0.007216466722168135,0.007190552623657929
2020-07-10,-0.01501154734411092,-0.011391778107974315,-0.013026819923371624,-0.013143381791818953,-0.013230520407202634
2020-07-13,-0.003516998827666984,0.018036072144288484,-0.0011645962732920179,0.004451492347776494,0.004441613761167772
2020-07-14,0.009411764705882453,-0.0019685039370078705,0.0011659541391373374,0.00286973830267064,0.00286562846460341
2020-07-15,0.005827505827505908,0.0009861932938854956,0.020574534161490687,0.00912941109429403,0.009087989930518705
2020-07-16,0.01969872537659323,0.0,0.0022822365918599985,0.007326987322817742,0.007300275350699209
2020-07-17,-0.002272727272727426,-0.010344827586206917,-0.009487666034155628,-0.007368406964363324,-0.007395687768281996
2020-07-20,-0.019362186788154934,-0.014435042309606683,-0.008429118773946476,-0.014075449290569364,-0.014175447886021231
2020-07-21,0.0034843205574914826,0.008080808080808133,0.00502318392581147,0.005529437521370361,0.005514206302638273
2020-07-22,0.0,-0.008016032064128265,-0.006151480199923065,-0.00472250408801711,-0.004733690342430723
2020-07-23,0.003472222222222099,0.007070707070707005,-0.002321083172147076,0.002740615373594009,0.002736866734770543
2020-07-24,-0.0472895040369089,-0.03861584754262781,-0.04575416828227996,-0.04388650662060556,-0.04487865605297936
2020-07-27,-0.03389830508474567,-0.04799165362545654,-0.06948394961397808,-0.05045796944139343,-0.0517754837183464
2020-07-28,0.053884711779448535,0.04602739726027405,0.03100436681222707,0.04363882528398322,0.04271347681185474
2020-07-29,-0.028537455410225898,-0.02514405447878476,-0.03939008894536211,-0.031023866278124257,-0.03151529719667519
2020-07-30,0.01591187270501848,0.013433637829124212,0.017636684303350858,0.015660731612497848,0.015539367812479386
2020-07-31,-0.01807228915662651,-0.014846235418875975,0.003032928942807711,-0.009961865210898256,-0.010011816606385506
2020-08-03,0.05521472392638027,0.03175457481162569,0.019870410367170743,0.03561323636839223,0.03499375016581679
2020-08-04,0.0046511627906977715,0.014084507042253502,0.013130029648454222,0.010621899827135163,0.010565883764700055
2020-08-05,0.04745370370370372,0.009773662551440188,0.028846153846153744,0.028691173367099216,0.028287288741929137
2020-08-06,-0.0022099447513813653,-0.004075394803871535,0.001219016659894434,-0.001688774298452822,-0.001690201885242693
2020-08-07,0.006644518272425293,0.006138107416879812,-0.008928571428571397,0.0012846847535779027,0.0012838602521938899
2020-08-10,0.0033003300330032292,0.0020335536349771477,0.005323505323505229,0.0035524629971618684,0.003546167904805326
2020-08-11,-0.0010964912280702066,-0.004058853373921978,0.006109979633401208,0.000318211677136341,0.0003181610585386093
2020-08-12,0.001097694840834329,0.01069791136016307,0.003643724696356321,0.0051464436324512395,0.005133245952796748
2020-08-13,0.00877192982456143,0.009576612903225978,0.03025413473174665,0.016200892486511353,0.016071058435828886
2020-08-14,-0.016304347826086807,-0.003494757863205189,0.010963194988253822,-0.002945303567012724,-0.002949649509073843
2020-08-17,0.007734806629834168,0.0045090180360720655,-0.010844306738962084,0.00046650597564805007,0.0004663971955651167
2020-08-18,-0.005482456140350811,-0.003491271820448838,-0.009788566953797928,-0.006254098304865859,-0.006273737102467599
2020-08-19,0.004410143329658167,0.0,0.0051403716884144135,0.0031835050060241934,0.003178448382976774
2020-08-20,-0.006586169045005308,0.0045045045045044585,-0.0015735641227381247,-0.0012184095544129914,-0.0012191524188041548
2020-08-21,0.009944751381215422,0.007473841554558991,0.003940110323089163,0.007119567752954525,0.007094343284570569
2020-08-24,0.018599562363238453,0.022255192878338326,0.025510204081632626,0.022121653107736467,0.021880519049479002
2020-08-25,-0.009667024704618665,0.008224479922593009,0.041714504401071606,0.013423986539681982,0.013334683149679559
2020-08-26,-0.014099783080260386,-0.009117082533589338,-0.0036737692872886862,-0.008963544967046136,-0.009003959220816147
2020-08-27,0.0033003300330032292,0.02953995157384992,0.018436578171091345,0.017092286592648165,0.016947856895013547
2020-08-28,0.0,0.0014111006585135755,0.04380883417813175,0.015073311612215107,0.01496083807479507
2020-08-31,0.010964912280701844,-0.007984969469234326,0.006590357266736069,0.0031901000260678622,0.0031850224527583456
2020-09-01,0.009761388286334105,0.008049242424242431,0.004135079255685792,0.007315236655420776,0.007288610086011273
2020-09-03,0.00859291084854985,0.009863785814936632,0.010981468771448233,0.009812721811644904,0.009764889711155866
2020-09-04,-0.0021299254526092604,-0.007906976744186167,-0.007467752885268242,-0.005834885027354556,-0.005851974478073803
2020-09-07,-0.018143009605122717,-0.030004688232536214,-0.04035567715458277,-0.029501124997413898,-0.02994503556736983
2020-09-08,0.006521739130434856,0.020782986950217408,0.031004989308624387,0.01943657179642555,0.01925009408607612
2020-09-09,-0.006479481641468721,-0.006155303030303205,0.003110957483581034,-0.0031746090627302976,-0.003179658824258833
2020-09-10,0.0021739130434783593,0.0,0.005513439007581056,0.0025624506836864716,0.0025591732046582783
2020-09-11,-0.004338394793926392,-0.000952834683182413,-0.005483207676490798,-0.0035914790511998675,-0.0035979438956312746
2020-09-14,0.006535947712418277,0.0028612303290416197,-0.004135079255685792,0.0017540329285913678,0.001752496409308639
2020-09-15,0.0043290043290042934,0.014265335235377874,-0.0013840830449827202,0.005736752173133149,0.005720359673643335
2020-09-16,0.0,0.009845288326300938,0.018364518364518467,0.009403268896939801,0.00935933337423966
2020-09-17,0.028017241379310276,-0.009749303621169991,-0.004083021435862588,0.0047283054407592316,0.0047171621168090976
2020-09-18,0.011530398322851187,0.02390998593530247,0.003074820635462938,0.012838401631205532,0.012756687991502967
2020-09-21,0.0,0.0,0.04121253405994563,0.013737511353315208,0.013644007114700572
2020-09-22,-0.006217616580310947,0.001831501831501825,0.012430487405953539,0.0026814575523814717,0.0026778688589334794
2020-09-23,0.010427528675703845,-0.003656307129798808,0.022940226171243916,0.009903815905716318,0.009855094541816047
2020-09-24,-0.006191950464396134,-0.01192660550458724,-0.006948831332912131,-0.008355795767298502,-0.00839090112097323
2020-09-25,0.004153686396676903,0.006035283194057772,-0.00667938931297718,0.0011698600925858318,0.001169176339479413
2020-09-28,0.024819027921406445,0.00599907706506686,0.024655779699007452,0.01849129489516025,0.01832240966259173
2020-09-29,-0.0020181634712411745,-0.01788990825688075,0.004999999999999893,-0.004969357242707343,-0.004981745556756528
2020-09-30,0.002022244691607611,-0.0037365716954694816,0.007773631840795936,0.0020197682789780216,0.002017731289397771
2020-10-01,0.023208879919273562,0.015939990623535127,0.00647948164146861,0.015209450728092433,0.015094946602539686
2020-10-02,-0.010848126232741784,-0.009690816797415791,-0.009503372164316182,-0.010014105064824586,-0.01006458349522546
2020-10-05,0.023928215353938187,0.0037278657968311535,0.0,0.009218693716923113,0.009176460915751125
2020-10-06,0.0331061343719572,0.0,0.011761064685855693,0.014955733019270962,0.01484499875378972
2020-10-07,-0.01602262016965128,-0.0018570102135561095,0.022636892015907017,0.0015857538775665425,0.0015844978974946333
2020-10-08,0.01053639846743315,0.013953488372093092,0.017648818426563073,0.014046235088696438,0.013948500863906558
2020-10-09,0.0142180094786728,-0.005963302752293509,-0.0044091710758379365,0.0012818452168471182,0.0012810243546710963
2020-10-12,-0.008411214953271018,0.001845869866174299,-0.013876586950103298,-0.006813977345733338,-0.006837298489573505
2020-10-13,-0.009425070688030113,-0.0036849378166744495,-0.0119760479041916,-0.008362018802965387,-0.008397176612895282
2020-10-14,0.012369172216936342,0.006010171058714819,0.026363636363636367,0.014914326546429175,0.01480420158783084
2020-10-15,0.025375939849624052,0.003676470588235281,0.003542958370239324,0.010865122936032885,0.01080652157966752
2020-10-16,0.0018331805682858526,0.038919413919414,-0.009120329508679137,0.010544088326340238,0.01048888711891298
2020-10-19,-0.007319304666056681,0.002203613926839987,-0.0008907363420428416,-0.002002142360419845,-0.0020041493267044415
2020-10-20,0.015668202764977046,-0.0021987686895337255,0.0,0.004489811358481107,0.0044797622233837325
2020-10-21,-0.008166969147005432,-0.007492287351256177,-0.009509658246656727,-0.008389638248306111,-0.008425029347970753
2020-10-22,0.017383348581884617,0.023090586145648295,0.025502550255025458,0.02199216166085279,0.021753822144324964
2020-10-23,0.043165467625899234,-0.0021701388888889506,0.014043300175541118,0.01834620963751713,0.018179948364068277
2020-10-26,-0.0034482758620688614,-0.020443671161374466,0.0,-0.007963982341147775,-0.007995864232545264
2020-10-27,0.019896193771626214,-0.013321492007104863,0.0,0.00219156725484045,0.002189169274242267
2020-10-28,-0.031382527565733565,-0.026552655265526526,-0.04558568955568376,-0.034506957462314615,-0.035116383211323196
2020-10-29,0.0061295971978985175,0.0036985668053630683,-0.025695284159613085,-0.0052890400521171665,-0.0053030765393583855
2020-10-30,-0.0017406440382941035,0.011976047904191489,0.02358051504809211,0.01127197297132983,0.011208917679922274
2020-11-02,0.0017436791630338622,0.003641329085116052,0.01606547438617767,0.007150160878109194,0.007124719678280078
2020-11-03,0.003481288076588207,0.021315192743764033,0.007756563245823411,0.010851014688725217,0.01079256487521694
2020-11-04,-0.0017346053772766545,0.00399644760213147,-0.00384843102427479,-0.0005288629331399916,-0.0005290028304675314
2020-11-05,-0.013032145960034769,-0.01901813356921711,0.0,-0.010683426509750626,-0.010740904048669049
2020-11-06,0.005281690140845008,0.007664562669071229,-0.016939078751857406,-0.0013309419806470562,-0.0013318284705900703
2020-11-09,0.0359019264448337,0.019239373601789733,0.006650544135429204,0.020597281394017543,0.020388025911105292
2020-11-10,-0.006762468300929858,-0.007462686567164201,0.0030030030030030463,-0.0037407172883636704,-0.0037477312682868556
2020-11-11,0.0,0.0,0.018862275449101906,0.006287425149700635,0.006267741754359598
2020-11-12,0.005106382978723456,0.009287925696594534,0.028504260946223825,0.014299523207180604,0.014198249328895607
2020-11-13,0.01608806096528359,0.005696757230499561,0.0,0.00726160606526105,0.007235367549876521
2020-11-16,0.009166666666666545,-0.0091503267973857,-0.012571428571428456,-0.004185029567382537,-0.00419381131343104
2020-11-17,0.03385631709331127,0.013192612137203241,0.02112268518518512,0.022723871471899873,0.022469530174608413
2020-11-18,0.03753993610223638,0.0,-0.01246812128081598,0.008357271607140134,0.008322542969728576
2020-11-19,0.01770592763664358,0.0199652777777779,0.012625538020085925,0.0167655811448358,0.01662659014790717
2020-11-20,0.013615733736762392,0.0021276595744681437,-0.010767922924341256,0.0016584901289630927,0.001657116352928745
2020-11-23,0.05074626865671639,0.012314225053078554,0.021483815525637384,0.02818143641181077,0.027791646023658436
2020-11-24,0.0,-0.005033557046979942,-0.010375771172181691,-0.005136442739720544,-0.005149679608129112
2020-11-25,-0.050426136363636465,-0.007166947723440065,0.0,-0.019197694695692175,-0.01938436337033835
2020-11-26,-0.01421091997008228,0.008917197452229297,0.007084159818645519,0.0005968124335975116,0.0005966344118839231
2020-11-27,0.03262518968133543,0.008838383838383645,0.02391671356218339,0.021793429027300817,0.021559347112223966
2020-11-30,-0.020573108008816954,-0.014184397163120588,0.004396812311074472,-0.010120230953621023,-0.01017178863629009
2020-12-01,0.0030007501875468634,-0.0033855268726195042,0.0,-0.00012825889502421361,-0.0001282671208996587
2020-12-02,-0.008227374719521285,0.007218683651804669,-0.01723666210670305,-0.006081784391473222,-0.006100353770420473
2020-12-03,0.043740573152337925,0.0,0.006124721603563366,0.016621764918633763,0.016485135322076502
2020-12-04,0.0021676300578035157,0.001686340640809636,-0.006917542888765893,-0.0010211907300509138,-0.0010217125005528632
2020-12-07,0.03388608507570301,0.0,0.0033435497353022647,0.01240987827033509,0.012333506921292306
2020-12-08,0.00557880055788007,0.008838383838383645,0.0019439044709803621,0.00545369628908136,0.005438878736681715
2020-12-09,0.00277392510402219,0.02336253650396336,0.004157427937915736,0.010097963181967096,0.010047319399099372
2020-12-10,-0.02351313969571245,-0.017529555646147554,-0.01048854540436095,-0.017177080248740317,-0.01732631773681267
2020-12-11,0.03186968838526916,0.00871369294605806,0.0044630404463039675,0.01501547392587706,0.014903857624712573
2020-12-14,0.011667810569663706,0.0037021801727683545,0.01221882810330488,0.00919627294857898,0.009154244702816382
2020-12-15,-0.016960651289009476,-0.008606557377049073,-0.003292181069958988,-0.00961979657867251,-0.009666365719542458
2020-12-16,0.00552104899930983,0.007027697395618038,0.0016515276630884035,0.0047334246860054234,0.00472225725763159
2020-12-17,-0.029512697323267,-0.010673234811165777,-0.0173124484748558,-0.019166126869762858,-0.01935217817077985
2020-12-18,0.024752475247524774,0.007053941908713668,0.013143176733780626,0.014983197963339688,0.014872058626036327
2020-12-21,-0.0006901311249136732,0.010712814173877261,0.01048854540436106,0.0068370761511082154,0.006813809337075695
2020-12-22,0.02071823204419876,0.01019160211985315,0.03195848128926526,0.02095610515110572,0.020739546241798475
2020-12-23,0.016238159675236785,-0.010088781275221947,-0.015087347803070417,-0.0029793231343518594,-0.002983770152453697
2020-12-24,-0.0013315579227696217,-0.008968609865470989,-0.011824778285407067,-0.007374982024549226,-0.0074023116577575
2020-12-25,0.020000000000000018,0.010695187165775444,0.015501767745444761,0.01539898497040674,0.015281623895446258
2020-12-28,0.019607843137254832,0.005291005291005346,-0.010176754151044576,0.004907364759071869,0.004895362893638139
2020-12-29,0.0012820512820512775,0.012145748987854255,-0.0008116883116883189,0.004205370652739071,0.004196552794506196
2020-12-30,-0.016645326504481472,-0.008799999999999919,0.0008123476848092004,-0.00821099293989073,-0.008244888815804003
2020-12-31,0.013020833333333481,0.01735270379338183,0.0135281385281385,0.01463389188495127,0.014527849776412052
2021-01-04,0.020565552699228773,0.01864339547798477,0.014415376401494928,0.017874774859569488,0.01771689961841594
2021-01-05,0.0012594458438286438,0.04166666666666674,0.01078947368421046,0.01790519539823528,0.017746785499122595
2021-01-06,0.010691823899370956,-0.004859813084112097,-0.004946628482166093,0.0002951274443642553,0.0002950839028267046
2021-01-07,0.0,0.0015026296018030294,-0.004186289900575568,-0.0008945534329241795,-0.0008949537846214882
2021-01-08,-0.001244555071561848,0.01275318829707417,0.008407777193904398,0.006638803473138906,0.006616863666539838
2021-01-11,0.006853582554517068,0.022222222222222365,0.03595622720166736,0.021677343992802262,0.02144573155563652
2021-01-12,0.043316831683168244,0.017028985507246297,0.0,0.020115272396804846,0.01991563306451759
2021-01-13,-0.00474495848161316,0.010687566797292547,0.0,0.001980869438559796,0.001978910103724482
2021-01-14,-0.005363528009535101,-0.0017624250969333621,0.01358148893360167,0.002151845275711069,0.0021495333726435175
2021-01-15,0.0011983223487117556,0.0031779661016948513,-0.0009925558312654514,0.0011279108730470515,0.0011272752594770241
2021-01-18,0.002393776181927043,-0.00457585357268564,-0.010928961748633781,-0.004370346379797459,-0.004379924259491974
2021-01-19,-0.06746268656716425,-0.06471004243281475,-0.05047714716222995,-0.06088329205406965,-0.06281551788490868
2021-01-20,0.00256081946222797,0.020793950850661602,0.023274266067177862,0.015543012126689144,0.015423456755990488
2021-01-21,0.06002554278416361,0.03629629629629627,0.017834065650038866,0.03805196824349958,0.037345849235631945
2021-01-22,-0.012650602409638556,0.020014295925661063,0.017775520568816594,0.008379738028279701,0.008344822940823622
2021-01-25,0.0012202562538132788,0.0014015416958654825,0.037674650698602985,0.013432149549427248,0.013342737998368584
2021-01-26,-0.03229737964655699,-0.015045486354093751,0.0,-0.015780955333550246,-0.015906800334661627
2021-01-27,-0.047229219143576806,-0.045470692717584305,0.011300793459966263,-0.027133039467064947,-0.027507937354423608
2021-01-28,-0.0693985459352281,-0.06959434313360624,-0.06966238706609607,-0.06955175871164346,-0.07208882906987593
2021-01-29,0.04403409090909083,0.07000000000000006,0.06848964988499873,0.0608412469313632,0.059062222547391616
2021-02-01,-0.020408163265306034,0.012710280373831706,-0.0679263334130592,-0.025208072101511176,-0.02553123804246566
2021-02-02,0.05625000000000013,0.03912882982650423,0.03489863997947129,0.04342582326865855,0.04250936045521776
2021-02-03,0.036817882971728944,0.0607460035523979,-0.003967270022315783,0.031198872167270353,0.0307220789332339
2021-02-04,-0.00443880786303108,0.035833891493636916,0.007966143888473942,0.013120409173026593,0.013035082144571154
2021-02-05,0.016560509554140124,0.005496281926931745,0.015559397382069573,0.012538729621047146,0.012460770744565468
2021-02-08,-0.03759398496240607,-0.022186495176848897,-0.015321011673151697,-0.025033830604135554,-0.025352506641804974
2021-02-09,0.02213541666666674,0.04636632686616249,0.007656211410224545,0.025385984981017923,0.025069112418603608
2021-02-17,0.0394904458598726,0.04431175361407913,0.06568627450980391,0.04982949132791854,0.048627761771370265
2021-02-18,0.008578431372548989,0.0039121275955462664,0.010809567617295457,0.007766708861796904,0.007736703241661487
2021-02-19,-0.008505467800729027,-0.020683453237410054,-0.013651877133105783,-0.01428026605708162,-0.014383210278906535
2021-02-22,-0.001225490196078427,0.0027548209366390353,-0.0043829296424453545,-0.0009511996339615821,-0.0009516523114139235
2021-02-23,-0.0024539877300613355,-0.01678876678876673,-0.005792400370713602,-0.008345051629847222,-0.008380066509929018
2021-02-24,0.006765067650676526,-0.001552312946290102,-0.01747844325332093,-0.004088562849644835,-0.004096943874764905
2021-02-25,0.012828344532681557,0.0108830845771144,0.013994307400379657,0.012568578836725203,0.012490249889256275
2021-02-26,0.03256936067551286,0.0,-0.005146198830409343,0.009141053948367839,0.009099527387242764
2021-03-01,0.013434579439252303,0.02214703168255916,-0.001410768869033685,0.011390280750925925,0.011325899919061105
2021-03-02,0.010951008645533111,0.0,0.007534730397927847,0.006161913014486986,0.006143006057419389
2021-03-03,0.0017103762827823665,-0.002708396027685689,0.0028043935498947015,0.000602124601663793,0.0006019433973805512
2021-03-04,-0.018782014797951163,-0.022933011466505726,-0.02493591237473769,-0.022216979546398192,-0.022467494038885837
2021-03-05,0.0017401392111369152,0.0,-0.0045411089866157495,-0.000933656591826278,-0.0009340927206261593
2021-03-08,0.00694846554719164,-0.0015441630636195969,-0.010564225690276041,-0.0017199744022346661,-0.0017214552564713606
2021-03-09,-0.009775733179988588,-0.010516548097742051,-0.020626061635525383,-0.013639447637752006,-0.013733319454142192
2021-03-10,-0.00580720092915199,0.017505470459518557,0.018830525272546916,0.010176264934304494,0.010124835363305494
2021-03-11,0.017523364485981352,0.005222734254992423,0.015321011673151919,0.012689036804708564,0.01260920558871405
2021-03-12,0.0011481056257174327,-0.002750611246943646,-0.010778443113772518,-0.004126982911666244,-0.004135522408646332
2021-03-15,0.0011467889908256534,0.0,0.012348668280871777,0.004498485757232476,0.004488397812514716
2021-03-16,-0.0085910652920963,0.058841556849524856,0.003826835685242669,0.018025775747557073,0.017865237795562604
2021-03-17,0.0046216060080879195,-0.0023154848046309517,-0.003097450559923609,-0.00026377645215554723,-0.0002638112472827945
2021-03-18,0.006325474410580734,0.0023208587177254714,0.0059751434034416295,0.004873825510582611,0.00486198687374627
2021-03-19,0.011428571428571344,-0.014761215629522373,-0.004514136374435873,-0.0026155935251289675,-0.002619020166311172
2021-03-22,-0.008474576271186307,-0.01380728554641597,-0.008114558472553601,-0.010132140096718626,-0.010183819607231638
2021-03-23,-0.002849002849002913,0.0011915400655346797,-0.006977863330125067,-0.0028784420378644335,-0.002882592719057431
2021-03-24,-0.024571428571428577,-0.022612317762570555,-0.008238429852192919,-0.01847405872873068,-0.018646835384359482
2021-03-25,-0.009958992384300092,-0.005479452054794498,-0.00855118494991447,-0.007996543129669687,-0.008028686955019132
2021-03-26,0.02662721893491149,-0.006427915518824601,0.009364218827008441,0.00985450741436511,0.009806268411687814
2021-03-29,0.002305475504322807,0.019716574245224994,0.000732421875,0.007584823874849267,0.007556203726329317
2021-03-30,0.002875215641173101,-0.006344410876132911,-0.005367162722615282,-0.0029454526525250304,-0.002949799034996529
2021-03-31,0.007454128440366858,0.007601094557616372,0.002207505518763808,0.005754242838915679,0.005737750420931135
2021-04-01,0.03642572566875368,0.025950512975256412,0.03548702887909938,0.03262108917436982,0.0321003166272861
2021-04-02,0.011532125205930832,0.0011764705882353343,0.003781611912077487,0.005496735902081218,0.005481683981721528
2021-04-05,0.004885993485342022,-0.00235017626321965,-0.005180127148575409,-0.000881436642151012,-0.0008818253358507733
2021-04-06,0.002160994057266219,-0.0026501766784453595,-0.00591715976331364,-0.0021354474614975936,-0.002137730780612458
2021-04-07,0.0010781671159030282,0.0026572187776794376,0.009047619047619193,0.00426100164706722,0.00425194928519145
2021-04-08,-0.002154011847065096,0.0,-0.003775365738555969,-0.0019764591952070214,-0.0019784149681106333
2021-04-09,0.004317323259579009,0.03121319199057715,-0.005210800568450913,0.010106571560568415,0.010055841683307063
2021-04-12,0.03331542181622793,0.0,0.011904761904761862,0.015073394573663263,0.014960919804305457
2021-04-13,-0.021840873634945468,-0.01713306681896065,0.0,-0.012991313484635373,-0.013076438659962301
2021-04-14,0.057947900053163304,0.0037768739105170646,0.0037647058823528923,0.021829826615344418,0.021594967756045618
2021-04-15,0.028140703517588017,-0.012156295224312386,-0.012658227848101222,0.0011087268150581373,0.0011081126314155857
2021-04-16,0.0019550342130987275,-0.0038089657193085547,0.0023741690408356497,0.0001734125115419407,0.00017339747733041618
2021-04-19,0.05853658536585371,0.022352941176470464,0.02534343912837511,0.03541098855689976,0.03479843829094706
2021-04-20,-0.010138248847926246,0.017261219792865434,0.03719103719103711,0.014771336045325432,0.01466330242893575
2021-04-22,-0.03864059590316582,-0.034785067873303044,0.0,-0.024475221258822955,-0.024779718174246252
2021-04-23,0.025665859564164784,0.03721066510401405,0.034966592427617016,0.03261437236526528,0.03209381198485704
2021-04-26,-0.02313503305004716,-0.024011299435028333,-0.033785237787820055,-0.026977190090965178,-0.0273477542044833
2021-04-27,0.02174963750604153,-0.003762662807525241,-0.004231625835189212,0.004585116287775692,0.004574636663410445
2021-04-28,-0.005203405865657484,0.0014526438117372642,-0.013419816595839906,-0.005723526216586708,-0.005739968360806932
2021-04-29,0.03756538278649546,0.0011604293588627357,0.006347766946270816,0.015024526363876337,0.014912776107105083
2021-05-04,0.028872593950504122,0.024630541871921263,-0.010587970263572832,0.014305055186284183,0.014203703303674637
2021-05-05,-0.00801781737193763,0.0,0.010701275045537306,0.0008944858911998921,0.0008940860770960675
2021-05-06,0.0013471037269869868,-0.002262443438914019,0.007884658706915904,0.002323106331662957,0.0023204120920121817
2021-05-07,0.023766816143497627,0.00340136054421758,-0.012740277156906621,0.004809299843602861,0.004797772106564453
2021-05-10,0.036355672360928626,0.033898305084745894,-0.01494226850803726,0.018437236312545752,0.0182693311359778
2021-05-11,-0.01606086221470837,-0.0071038251366120075,-0.004366812227074135,-0.009177166526131503,-0.009219536140077277
2021-05-12,0.011168384879725046,0.002476609796367546,0.01454293628808867,0.009395976988060422,0.009352109368292288
2021-05-13,-0.019116397621070536,-0.016469942355201828,0.003640500568828031,-0.010648613135814777,-0.010705715351386858
2021-05-14,-0.0012992637505414573,0.009489254814401438,0.017909771026977994,0.00869992069694599,0.00866229445958145
2021-05-17,0.007805724197744945,0.010782416367155045,-0.007126948775055708,0.0038203972632814276,0.0038131180793493148
2021-05-18,0.02452667814113596,0.01504376367614868,0.0013458950201885589,0.013638778945824399,0.013546607921426692
2021-05-19,0.04241915161696763,0.043654001616814764,0.0,0.028691051077927465,0.028287169863511413
2021-05-20,0.007655116841257081,0.05189775367931859,0.05869175627240142,0.03941487559765902,0.03865793520583957
2021-05-21,-0.015193922431027684,-0.017918507609229306,-0.030681337283114618,-0.021264589107790534,-0.021493937645474838
2021-05-24,-0.002842062525375555,-0.003249187703074141,0.0041475660336169895,-0.0006478947316109023,-0.0006481047061016695
2021-05-25,0.03053745928338758,0.003259779338014024,0.0,0.011265746207133867,0.011202760302349594
2021-05-26,0.00592651126037147,0.015996000999750182,-0.007608695652173925,0.004771272202649243,0.004759925760429214
2021-05-27,-0.014925373134328512,-0.015744157441574425,-0.017305585980284754,-0.015991705518729228,-0.016120952614525477
2021-05-28,0.004784688995215447,0.010747313171707074,0.0022291573785109264,0.0059203865151444815,0.0059029298929811555
2021-05-31,0.06865079365079363,0.03264094955489605,-0.02935943060498225,0.02397743753356914,0.023694492715947535
2021-06-01,0.05310063126624587,0.03328544061302674,-0.014436296975252172,0.02398325830134014,0.023700177168567014
2021-06-02,-0.026798307475317307,-0.018308227114716136,0.01674029295512658,-0.009455413878302288,-0.00950040010427499
2021-06-03,0.005434782608695565,-0.003541076487252104,0.0013720557969358893,0.0010885873061264502,0.0010879952246142426
2021-06-04,0.003603603603603567,-0.0059227671167969564,-0.01073304407398945,-0.00435073586239428,-0.004360227855106902
2021-06-07,-0.03303411131059253,-0.02359389895138231,-0.010156971375807844,-0.02226166054592756,-0.022513191314766527
2021-06-08,-0.05124396583735602,-0.02294361728093719,-0.0006996268656717097,-0.024962403327988304,-0.025279248038491374
2021-06-09,0.006262230919765077,0.010991756182862744,0.0030338389731621174,0.006762608691929979,0.0067398448248911485
2021-06-10,0.025670945157526326,0.0024709661477637646,-0.008143322475569925,0.0066661962765733876,0.006644075443632307
2021-06-11,0.02919984831247624,0.01947251663790972,0.012432559230588724,0.020368308060324893,0.020163648453850356
2021-06-14,0.009211495946941817,0.003626692456479619,0.00810936051899902,0.006982516307473485,0.006958251428276699
2021-06-15,-0.007301935012778316,-0.006986268369067683,-0.0013789933348654637,-0.005222398905570487,-0.005236083295087918
2021-06-16,-0.02648032364840025,-0.0012130033964093956,-0.006674338319908046,-0.011455888454905897,-0.011522012637635911
2021-06-17,-0.0075557234605213575,-0.006072382803011922,0.014596848934198325,0.0003229142235550153,0.00032286209797821976
2021-06-18,0.013703844689760158,0.014418377321603115,0.014386846311943424,0.014169689441102232,0.014070237756971214
2021-06-21,-0.0172737514081861,0.021440616718862993,0.03421882035119306,0.01279522855395665,0.012714061253269487
2021-06-22,0.00955292319449752,-0.0021226415094338646,0.0013060513713540889,0.002912111018805915,0.0029078790375218076
2021-06-23,-0.005677517032551149,-0.005908768612621129,-0.013695652173913109,-0.008427312606361795,-0.008463023176202043
2021-06-24,-0.015607156452226878,-0.002377555872563053,0.0,-0.0059949041082633095,-0.00601294568705768
2021-06-25,0.0019334880123742515,0.005958055290752995,-0.0019836896627726253,0.0019692845467848734,0.0019673480478998775
2021-06-28,0.0335777692010808,0.0059227671167969564,0.012367491166077826,0.01728934249465186,0.01714158249674186
2021-06-29,-0.011575802837938798,0.033678756476683835,0.01025305410122157,0.010785335913322203,0.010727589019983073
2021-06-30,-0.005666792595390935,-0.006835269993164639,0.034117901101273995,0.007205279504239473,0.0071794454978043355
2021-07-01,0.025075987841945313,0.010323468685478288,-0.0058467320943830225,0.00985090814434686,0.00980270425823204
2021-07-02,-0.009266123054114117,0.03383287920072675,0.03759714345725684,0.02072129986795649,0.020509534111961297
2021-07-05,-0.0209502431724653,0.008565780803865497,0.06194331983805679,0.01651961915648566,0.01638465459502612
2021-07-06,-0.06266717615590367,-0.061411149825783995,-0.06900495615707203,-0.06436109404625323,-0.0665256611758782
2021-07-07,0.03954341622503055,0.040139211136890784,0.06961506961506969,0.04976589899233034,0.04856718597100336
2021-07-08,-0.018039215686274535,-0.007584207004238119,0.04039050535987743,0.004922360889788258,0.004910285680902444
2021-07-09,-0.034744408945686756,-0.0011238480557429487,0.023183072677092964,-0.004228394774778914,-0.004237359716431203
2021-07-12,-0.04964832436905264,-0.040279027902790254,0.0005394713181081645,-0.029795960317911575,-0.030248879417487277
2021-07-13,0.012189812799303423,0.010550996483001285,-0.008986340762041745,0.0045848228400876545,0.004574344555030438
2021-07-14,-0.010752688172043001,-0.020649651972157734,-0.04860355458832066,-0.02666863157750713,-0.027030691133971153
2021-07-15,0.03304347826086973,0.0023691068467188714,0.0036218070911169242,0.013011464066235174,0.012927542148448158
2021-07-16,0.005471380471380405,0.01630820137083422,0.005887939221272509,0.009222507021162377,0.009180239380278973
2021-07-19,-0.05232314776056923,-0.024186046511627923,-0.06891993957703924,-0.048476377949745464,-0.049690766437170394
2021-07-20,0.06757950530035339,0.024785510009532885,0.051713648347191166,0.04802622121902581,0.0469086058330113
2021-07-21,-0.01158460901944569,-0.0023255813953488857,-0.007327419976860816,-0.007079203463885131,-0.0071043799145660575
2021-07-22,0.009627459187944831,0.03240093240093245,0.011072261072261114,0.017700217553712795,0.017545392985710045
2021-07-23,-0.029436152570480933,0.012192368480469673,-0.02113352545629188,-0.012792436515434378,-0.012874964307926414
2021-07-26,-0.004698846646732147,0.03546732099040839,-0.008832188420019649,0.0073120953078855315,0.007285491546432853
2021-07-27,0.013304721030042765,-0.005385609651012535,-0.01425742574257427,-0.0021127714545146796,-0.002115006504779345
2021-07-28,0.01101228293096157,-0.012778860732077235,-0.005624748895138643,-0.002463775565418102,-0.00246681565486177
2021-07-29,0.008378718056137435,0.015138218516893565,0.03616161616161606,0.01989285091154902,0.019697573652306562
2021-07-30,0.004154549231408344,0.006483682731791562,0.007993760967050179,0.006210664310083361,0.006191457617687346
2021-08-02,-0.0008274720728176366,0.016963710543268284,0.035396518375241826,0.017177585615230823,0.017031718946748178
2021-08-03,0.0,0.0021114864864866245,0.0,0.0007038288288288748,0.000703581257477155
2021-08-04,0.0053830227743272285,-0.0021070375052676393,0.0005604334018307622,0.001278806223630117,0.001277989247380021
2021-08-05,0.027182866556836993,0.010346283783783772,0.017737117251680257,0.018422089197433673,0.018254458125433918
2021-08-06,-0.008019246190858142,0.0,-0.008805723720418213,-0.005608323303758785,-0.005624108997414397
2021-08-09,0.02667744543249806,0.00940438871473348,0.013511012400518219,0.016530948849249917,0.016395800105071634
2021-08-10,-0.0059055118110236116,0.0031055900621119736,0.0005478451424396624,-0.0007506922021573253,-0.0007509741126426801
2021-08-11,-0.009108910891089117,-0.017337461300309664,0.006388027012228514,-0.006686115059723422,-0.006708567261650801
2021-08-12,-0.011191047162270262,-0.02394454946439828,-0.028654334421472583,-0.021263310349380372,-0.021492631104850522
2021-08-13,0.004850444624090677,0.01269636324510448,0.005974607916355401,0.007840471928516852,0.007809895148751196
2021-08-16,0.016492357200321717,0.006374840628984302,-0.0053823311061618195,0.005828288907714732,0.005811370138406215
2021-08-17,0.01939058171745156,-0.008445945945945943,-0.0011196118678858946,0.0032750079678732407,0.003269656809486285
2021-08-18,0.0,0.002129471890971013,0.015318512983373722,0.005815994958114911,0.005799147351605809
2021-08-19,0.009704968944099335,0.0053123671908201775,0.0,0.005005778711639837,0.004993291456338791
2021-08-20,-0.037293348712033936,-0.01796660325512578,-0.04931002759889602,-0.03485665985535191,-0.035478649663979525
2021-08-23,-0.030351437699680406,-0.01937150236762808,-0.035997677569189035,-0.02857353921216584,-0.02898970959401866
2021-08-24,0.0049423393739702615,0.009877085162423027,0.015257980325235954,0.01002580162054308,0.009975876685824066
2021-08-25,0.013934426229508245,0.0,0.006130116669962549,0.006688180966490265,0.006665914311311285
2021-08-26,-0.014551333872271588,-0.005433601391001908,0.0031446540880502027,-0.005613427058407764,-0.005629241550176294
2021-08-27,-0.002050861361772016,0.006555944055944174,0.015478056426332376,0.006661046373501511,0.006638959630402553
2021-08-30,0.023016851623510082,0.002171081198436786,0.01176924561065018,0.012319059477532349,0.012243797339757242
2021-08-31,0.012454801124949677,0.002166377816291254,0.0036231884057971175,0.006081455782346016,0.006063038362227576
2021-09-01,-0.0023809523809523725,0.0,-0.007030210906327272,-0.0031370544290932148,-0.0031419852993112988
2021-09-06,0.040970564836913415,0.02702118460873315,0.0070799846919251674,0.025023911379190574,0.024715940493093936
2021-09-07,-0.009935040122277528,-0.01473374026520724,-0.006270188105643282,-0.01031298949770935,-0.010366536847554274
2021-09-08,0.011964492473948152,-0.0042725913266397075,0.009942638623327005,0.005878179923545149,0.005860970829773114
2021-09-09,0.011441647597254079,0.0010727311735678757,0.06739871260886043,0.026637697126560795,0.02628909083474528
2021-09-10,-0.007541478129713397,0.0032147449635664405,0.0,-0.0014422443887156522,-0.0014432854242261862
2021-09-13,-0.013677811550151908,-0.005340739158299468,0.051259311812699604,0.010746920368082743,0.010689582656122474
2021-09-14,-0.009630200308166414,0.00859106529209619,-0.0038805466509196362,-0.0016398938889966201,-0.0016412399868198876
2021-09-15,0.025670945157526326,0.0031942078364566306,0.0006775067750677266,0.009847553256350226,0.009799382091026635
2021-09-16,-0.005688282138794132,0.006368074718743344,-0.007955314827352677,-0.0024251740824678216,-0.0024281195803266863
2021-09-17,0.009534706331044918,0.010546298249314523,-0.004947961098788589,0.0050443478271902835,0.005031667728697325
2021-09-20,-0.009444654325651669,-0.013567104988520096,0.0,-0.007670586438057255,-0.00770015669741856
2021-09-21,-0.009916094584286772,-0.009521794329242383,0.0065157750342936804,-0.004307371293078492,-0.004316674742024248
2021-09-22,0.0019260400616332163,-0.003204443494979836,0.015332197614991383,0.004684598060548254,0.004673659479654022
2021-09-23,0.0019223375624759509,-0.0010715816545220358,0.0501677852348994,0.017006180380951103,0.01686319411870596
2021-09-24,-0.0038372985418264616,-0.004290924694271725,-0.011343665122223956,-0.006490629452774047,-0.006511785180466406
2021-09-27,0.0,-0.006464124111182912,-0.034421460892049116,-0.013628528334410675,-0.013722249219352625
2021-09-28,0.035439137134052334,0.009759271307742345,0.005523012552301143,0.016907140331365273,0.016765805455525935
2021-09-29,0.013392857142857206,0.0021477663230238253,0.008655126498002819,0.008065249987961282,0.008032899685056868
2021-09-30,-0.007342143906020504,-0.0021431633090440716,0.0,-0.003161769071688192,-0.0031667780244072834
2021-10-01,0.009245562130177465,-0.0010738831615121347,-0.012541254125412515,-0.0014565250522490612,-0.001457586815978526
2021-10-04,0.03920850128252118,0.018275639647387765,0.0,0.019161380309969646,0.018980112957287958
2021-10-05,-0.0035260930888574293,-0.0021114864864865135,0.004846256684492012,-0.0002637742969506438,-0.00026380909150925107
2021-10-06,0.014508138711960328,0.0,0.011807749875270224,0.008771962862410183,0.008733712719317206
2021-10-07,-0.008719916288803642,-0.0010579771476935118,-0.002301117685733045,-0.0040263370407434,-0.0040344645591475
2021-10-08,0.0017593244194229474,0.048930311374708824,0.00626029654036242,0.01898331077816473,0.018805376067373702
2021-10-11,0.026694766420793936,0.0028271405492727997,0.005402750491159125,0.011641552487075286,0.011574310975489523
2021-10-12,-0.003421142661649057,-0.002013693113169457,0.02002931118710305,0.004864825137428178,0.004853030113968982
2021-10-13,-0.003432887058015699,0.004035512510088601,0.0135696040868456,0.004724076512972833,0.0047129530817263225
2021-10-14,0.0,-0.006028938906752379,-0.002992597259411034,-0.003007178722054471,-0.003011709369244714
2021-10-15,0.008611780916293554,0.0012131014961584974,-0.008214849921010958,0.0005366774971470312,0.0005365335372834359
2021-10-18,0.010587431693989124,0.0008077544426494665,-0.01274291175533615,-0.00044924187289918606,-0.0004493428122612931
2021-10-19,-0.012166272389320665,-0.004035512510088823,-0.007744433688286478,-0.007982072862565321,-0.008014100149431996
2021-10-20,-0.0051317139924735855,-0.010129659643435929,-0.0039024390243902474,-0.006387937553433253,-0.006408427733128628
2021-10-21,0.005158184319119741,-0.009209987720016466,-0.016976820111002322,-0.007009541170633015,-0.007034223412766214
2021-10-22,-0.008552856654122531,-0.005164222268126406,0.004649618067087413,-0.0030224869517205084,-0.003027063890225098
2021-10-25,-0.028295376121463045,-0.013496677740863716,0.006280991735537311,-0.011837020708929816,-0.01190763604184572
2021-10-26,0.02166193181818188,0.021048200378867676,-0.002956636005256197,0.013251165397264451,0.0131641366832947
2021-10-27,0.02850191171359051,0.013399299113584728,0.031136738056013247,0.02434598296106283,0.024054343536167793
2021-10-28,0.0016897600540723978,-0.002034174125305044,0.0,-0.00011480469041088204,-0.0001148112809737754
2021-10-29,-0.015519568151147078,-0.011210762331838597,-0.0044735580763700655,-0.010401296186451914,-0.010455767713176606
2021-11-01,-0.02433173406442768,-0.0113378684807256,-0.010752688172043001,-0.015474096905732093,-0.015595070335656823
2021-11-02,-0.0038637161924832686,0.0031276063386154185,-0.008436080467229101,-0.0030573967736989838,-0.003062080159630382
2021-11-03,0.0021156558533146352,0.0,-0.0006544502617801262,0.000487068530511503,0.0004869499511374209
2021-11-04,0.01231527093596041,-0.0010392849719392805,0.00851342501637209,0.006596470326797739,0.006574808823871099
2021-11-05,0.005561348627042051,0.016645859342488523,0.016071428571428514,0.012759545513653029,0.012678828396805522
2021-11-08,0.003456619426201124,-0.002046663937781412,-0.0030356286946797706,-0.0005418910687533528,-0.0005420379447814855
2021-11-09,-0.005167068549776221,-0.010254306808859748,-0.012179487179487136,-0.0092002875127077,-0.009242871549360312
2021-11-10,-0.02146814404432129,0.006216328222130141,0.011680726800778807,-0.0011903630071374485,-0.0011910720519181324
2021-11-11,-0.023354564755838636,-0.010296540362438211,0.02645926876202709,-0.002397278785416587,-0.0024001568588203734
2021-11-12,0.01086956521739113,0.020807324178110598,0.007498828308076799,0.013058572567859509,0.012974044491191538
2021-11-15,-0.018279569892473035,-0.007134121483897249,0.024965110869902274,-0.00014952683548933622,-0.00014953801574111428
2021-11-16,-0.0295728368017526,0.010470129336891842,-0.010741301059001396,-0.009948002841287383,-0.009997814850215484
2021-11-17,-0.011662904439428079,0.0,0.0,-0.003887634813142693,-0.0038952113081682505
2021-11-18,-0.028169014084507005,-0.018488419341730955,0.007952286282306043,-0.012901715714643972,-0.012985665696411516
2021-11-19,-0.03916960438699568,-0.012419788863589298,0.0,-0.017196464416861658,-0.01734604088214312
2021-11-22,0.013452914798206317,-0.003143994969608044,-0.002882718859050226,0.0024754003231826824,0.0024723415665275873
2021-11-23,0.018503620273531807,0.016820857863750982,0.03180158247108955,0.02237535353612411,0.02212869787181563
2021-11-24,-0.018167456556082207,0.013440860215053752,0.0069311311016073684,0.0007348449201929706,0.0007345750538631122
2021-11-25,0.01246983105390198,0.021628239134870553,0.007029876977152849,0.013709315721975127,0.013616193185412403
2021-11-26,-0.00397298371076682,-0.01098462152985813,-0.024141942990110632,-0.013033182743578526,-0.01311885991480506
2021-11-29,-0.01316314319904277,-0.008077544426494443,-0.028315946348733134,-0.016518877991423448,-0.016656836041284092
2021-11-30,0.011317704122878025,-0.010382736156351768,0.01012269938650312,0.0036858891176764588,0.0036791128742660086
2021-12-01,0.0007993605115907965,0.011314544332441834,0.0,0.00403796828134421,0.004029837567783279
2021-12-02,-0.007987220447284282,-0.010170870626525663,-0.013665350744002547,-0.01060781393927083,-0.010664477874123019
2021-12-03,-0.0185185185185186,-0.017468146321413802,-0.025554187192118216,-0.020513617344016872,-0.020726944036208516
2021-12-06,-0.04101722723543888,-0.010458063166701503,-0.01563981042654017,-0.022371700276226848,-0.022625742821180402
2021-12-07,0.04063301967493582,0.01585288522511097,0.015888300433317237,0.024124735111121343,0.023838330830836068
2021-12-08,-0.008631319358816114,-0.004161464835622186,0.003001579778830976,-0.003263734805202441,-0.0032690724044783133
2021-12-09,-0.0020729684908790125,0.014625992478061178,0.0007875255945817283,0.004446849860587965,0.004436991837707539
2021-12-10,-0.012879102617365912,-0.012355848434925876,0.0007869058860561218,-0.00814934838874522,-0.00818273584271146
2021-12-13,0.0012626262626260765,0.002085070892410279,0.005975782355716275,0.0031078265035842097,0.003103007193267866
2021-12-14,0.02480033627574607,-0.003121098626716723,0.0035954353603251388,0.00842489100311816,0.00838959968736222
2021-12-15,0.002050861361772016,0.0020872469213109035,0.0037383177570091686,0.0026254753466973626,0.0026220348070183255
2021-12-16,-0.006139991813344237,-0.0041657987919182515,-0.01691495965238976,-0.009073583419217416,-0.00911499909331865
2021-12-17,-0.01688632619439867,0.00941225685003122,0.006787687450670932,-0.0002287939645655066,-0.00022882014189750391
2021-12-20,0.004189359028068607,-0.00621632822213003,-0.011132016306052095,-0.004386328500037839,-0.004395976662570095
2021-12-21,-0.017104714226116036,-0.00625521267723117,0.0,-0.007786642301115735,-0.007817116497803256
2021-12-22,-0.02164685908319175,-0.0020981955518253326,0.013477088948787186,-0.003422655228743298,-0.0034285259125294435
2021-12-23,-0.003470715835141025,-0.01892346509672005,-0.008917396745932393,-0.010437192559264487,-0.010492042037037885
2021-12-24,0.02437962559860707,0.006429489927132437,0.00741910023677983,0.012742738587506445,0.012662233079901766
2021-12-27,-0.002974925626859304,0.007453151618398657,0.0023503603885928204,0.0022761954600440575,0.0022736088514986943
2021-12-28,-0.002131287297527762,0.0,0.006565577614506823,0.0014780967723263536,0.0014770054625341392
2021-12-29,0.0,-0.009511731135066648,-0.010250038825904695,-0.006587256653657114,-0.006609048379948234
2021-12-30,-0.0021358393848782686,0.0,-0.0007845598619173888,-0.0009734664155985524,-0.0009739405417519336
2021-12-31,0.014982876712328785,-0.006402048655569703,0.011934673366834181,0.006838500474531087,0.006815223987418983
2022-01-04,0.00759173344580355,0.005369415807560118,0.013966480446927498,0.008975876566763722,0.008935832826758803
2022-01-05,0.0012557555462537895,0.0010681478316598714,-0.005050505050504972,-0.0009088672241971036,-0.0009092804944368719
2022-01-06,-0.015050167224080369,-0.0010670081092615247,0.002922627288109547,-0.004398182681744115,-0.004407883140571079
2022-01-07,-0.006366723259762286,-0.0010681478316599824,-0.014570552147239346,-0.007335141079553871,-0.007362175508911574
2022-01-10,-0.0034173430158053186,-0.014970059880239472,-0.018365758754863792,-0.012251053883636193,-0.012326716645026629
2022-01-11,-0.012001714530647134,-0.02713851498046027,-0.009037577295068933,-0.016059268935392113,-0.016189616401861825
2022-01-12,0.024295010845986953,0.0011158223610800988,0.03183999999999987,0.019083611069022306,0.0189038029540116
2022-01-13,0.01101228293096157,0.02786446723138658,-0.003721507210420194,0.011718414317309318,0.011650285425446043
2022-01-14,-0.009635525764558062,-0.008674907829104295,-0.011050583657587598,-0.00978700575041665,-0.009835213287370142
2022-01-17,-0.03384094754653133,-0.025158608619558098,-0.029902423670129075,-0.0296339932787395,-0.030081952137693012
2022-01-18,-0.015323992994746072,-0.010098743267504595,0.0008111615833874541,-0.008203858226287736,-0.008237695059985436
2022-01-19,-0.01156069364161838,0.002267059623668244,0.02609823310098891,0.00560153302767959,0.005585902783271188
2022-01-20,0.011695906432748426,0.005654829224157387,0.0037914691943128354,0.007047401617072882,0.007022684740855005
2022-01-21,-0.01600711427301016,-0.006747638326585759,-0.005980484734025904,-0.009578412444540607,-0.009624580484566962
2022-01-24,-0.060099412562132803,-0.03283514492753614,-0.024699176694110148,-0.039211244727926364,-0.040000711790185335
2022-01-25,0.0625,0.014048232264106897,0.008441558441558472,0.02832993023522179,0.027936059350107685
2022-01-26,0.004977375565610842,-0.005772338951743228,0.006761107533805655,0.00198871471589109,0.0019867398406559875
2022-01-27,-0.030166591625394035,-0.0011611704598235573,-0.0028781579788934586,-0.011401973354703684,-0.011467474221632171
2022-01-28,0.0013927576601671099,0.04185073238781678,0.007536882617062091,0.01692679088834866,0.01678512911483003
2022-02-07,0.019935095039406603,0.0,0.010504536049657842,0.010146543696354815,0.010095413096898506
2022-02-08,0.058181818181818334,0.012274045971881309,0.017955583556465537,0.029470482570055058,0.029044575457431946
2022-02-09,0.038230240549828265,0.0011022927689594564,0.005105987931301126,0.014812840416696282,0.014704201813014498
2022-02-10,-0.006206040546131608,0.014314027747192481,-0.005080049261083741,0.0010093126466590439,0.0010088036331234312
2022-02-11,0.0033305578684430515,-0.004342162396873683,-0.007272164629429034,-0.002761256385953222,-0.002765075686700278
2022-02-14,-0.02033195020746892,-0.0065416484954208265,-0.02447007481296748,-0.017114557838619072,-0.017262704627814655
2022-02-15,-0.004235493434985083,0.0010974539069359412,0.009905735740533661,0.0022558987374948396,0.0022533580182906216
2022-02-16,0.0,0.0021925016443762324,-0.0030058535041923573,-0.00027111728660537504,-0.0002711540455410619
2022-02-17,0.010633772862611579,0.016407788230146547,0.012059663598857462,0.013033741563871862,0.012949533264515738
2022-02-18,0.012205387205387108,-0.0064571674558761005,-0.0037629350893697566,0.0006617615533804171,0.0006615426857571134
2022-02-21,-0.008731808731808788,0.014081455805892595,-0.0007869058860560108,0.0015209137293425987,0.0015197583114354904
2022-02-22,-0.005453020134228104,-0.00640888698995945,0.028508426523861985,0.005548839799891477,0.0055335017012714495
2022-02-23,0.00674820750738081,0.0010750376263171102,0.000612557427258853,0.002811934186985591,0.0028079880957513565
2022-02-24,-0.015081692501047295,-0.010738831615120237,-0.007193143556779913,-0.011004555890982481,-0.011065553933212615
2022-02-25,-0.002126754572522316,0.0032566217976552903,0.005857869585324416,0.0023292456034857967,0.002326537115951552
2022-02-28,0.028132992327365658,0.010820168794633211,-0.011647509578544102,0.009101883847818256,0.009060711346001196
2022-03-01,-0.006218905472636926,0.0010704345964460682,0.0,-0.0017161569587302858,-0.0017176312430607732
2022-03-02,0.0,-0.0032078699743369743,-0.01100945883082638,-0.004739109601721117,-0.004750374787019781
2022-03-03,0.06800166875260749,0.003218193520703627,0.01489495139542174,0.02870493788957762,0.02830066926928923
2022-03-04,-0.005859375000000111,0.0010692899914457321,-0.005252587671867759,-0.0033475575601407126,-0.0033531731668300186
2022-03-07,0.026326129666011777,0.003204443494979614,-0.011647771393073492,0.0059609339226393,0.005943237844636559
2022-03-08,-0.03254211332312407,0.010647359454855287,0.0,-0.007298251289422925,-0.007325013817974091
2022-03-09,0.008310249307479367,0.007374631268436627,-0.003142677561282281,0.004180734338211237,0.004172019349997845
2022-03-10,-0.014128728414442682,-0.009412256850031442,-0.002206809583858771,-0.008582598282777631,-0.00861964087952388
2022-03-11,-0.03144904458598741,-0.014780405405405483,-0.0036334913112163747,-0.016620980434203087,-0.016760658820253647
2022-03-14,-0.03781339909576642,-0.015002143163308945,-0.009830347233232839,-0.02088196316410273,-0.021103074939174668
2022-03-15,0.007689021785561634,-0.00870322019147085,-0.0022417934347478408,-0.0010853306135523524,-0.0010859200113222647
2022-03-16,0.0008478168715557732,0.0065847234416154254,0.0,0.002477513437723733,0.0024744494609589703
2022-03-17,-0.005506141465480674,0.004361098996947366,-0.004654148611779818,-0.0019330636934377086,-0.0019349344723377667
2022-03-18,0.01192504258943794,0.03365175857577074,0.006127055788455182,0.01723461898455462,0.017087787593219904
2022-03-21,0.007575757575757569,0.0021003990758243773,0.025160256410256432,0.011612137687279459,0.011545234246317348
2022-03-22,0.0012531328320801727,0.011527981555229383,0.0021885258715022005,0.004989880086270586,0.004977471894440739
2022-03-23,-0.0020859407592823676,0.0010360547036885048,-0.0015598190609887874,-0.00086990170552755,-0.0008702802895860586
2022-03-24,-0.008779264214046845,-0.0051749120264955595,-0.0073426027183253195,-0.007098926319622574,-0.0071242435851539354
2022-03-25,0.0,-0.003121098626716723,0.03651243311299979,0.011130444828761021,0.011068957262990224
2022-03-28,-0.010544074230282585,0.02525568774786069,0.03674460977831773,0.017152074431965276,0.017006638269050845
2022-03-29,-0.0012787723785167016,0.06921824104234542,0.01742823667252491,0.02845590177878454,0.02805855294351883
2022-03-30,-0.007682458386683688,0.010472201066260345,-0.014394702749388255,-0.003868320023270533,-0.0038758213243762
2022-03-31,-0.008602150537634357,0.009421518748822244,0.009785307433912704,0.003534891881700197,0.003528658835835898
2022-04-01,0.013449023861171305,0.03733432891543775,0.06985825860572747,0.040213870460778844,0.03942633668513961
2022-04-04,0.0029965753424656683,-0.01529602303401123,-0.006353927267811255,-0.0062177916531189386,-0.006237202623717317
2022-04-05,0.005548442168160417,-0.0027412280701754055,0.001224489795918382,0.0013439012979677978,0.0013429990708641129
2022-04-06,0.02504244482173168,0.03665017408832694,0.023236852833265376,0.02830982391444133,0.027916506756377517
2022-04-07,-0.014906832298136607,0.0026515821106594117,-0.0239043824701195,-0.012053210885865567,-0.012126439856547506
2022-04-08,-0.0033627574611180266,-0.042313117066290484,-0.03224489795918373,-0.02597359082886408,-0.026316861568440323
2022-04-12,-0.02783635596794598,0.011966126656848264,0.017995220019682234,0.0007083302361948398,0.0007080794887341046
2022-04-13,0.002169197396963085,0.048390030925959726,0.02292501035768546,0.024494746226869424,0.02419956054981725
2022-04-14,-0.006493506493506551,0.013014055179593864,0.021061158363710142,0.009193902349932484,0.009151895703425178
2022-04-15,-0.015686274509803866,-0.013703323055841099,0.004363347877826218,-0.008342083229272915,-0.008377073133920136
2022-04-18,-0.0349712262062859,0.004341785342132587,0.0,-0.010209813621384437,-0.010262291265356183
2022-04-19,0.01513761467889907,-0.030434030779872057,-0.02619799894681407,-0.013831471682595686,-0.013928017770462183
2022-04-20,-0.00225937641211027,0.0,0.0,-0.0007531254707034233,-0.0007534092121616251
2022-04-21,0.0036231884057971175,0.0,-0.0031093686629715123,0.00017127324760853524,0.00017125858202038678
2022-04-22,0.009927797833934937,-0.008025682182985605,0.0018985625169514186,0.0012668927226335838,0.0012660908911997426
2022-04-25,-0.06925826630920473,-0.06921970514203513,-0.06997834325933949,-0.06948543823685978,-0.07201755362610779
2022-04-26,0.011041766682669207,0.008692292833687443,0.026924756221801793,0.015552938579386145,0.015433231235323808
2022-04-27,0.031339031339031376,-0.01244733818460353,-0.010770975056689447,0.0027069060325794667,0.0027032489605252406
2022-04-28,0.014272559852670508,0.024238898584448387,-0.014899713467048548,0.007870581656690114,0.007839770192718382
2022-04-29,0.00453926463912846,-0.004733055660734564,0.028941244909831187,0.00958248462940836,0.00953686383241772
2022-05-04,-0.03027564392227733,-0.004755564009891522,0.001978798586572461,-0.011017469781865463,-0.011078611602257244
2022-05-05,0.0013979496738116826,0.0019113149847094224,-0.0007053180984624152,0.0008679821866862298,0.0008676057079834823
2022-05-06,-0.006049325267566297,-0.042922548645555114,-0.018633540372670954,-0.02253513809526412,-0.02279293466924748
2022-05-09,-0.04400749063670406,-0.06198923659557498,-0.06962025316455678,-0.058538993465611935,-0.06032234806296199
2022-05-10,0.028403525954945996,0.04674883127921792,0.027056277056277,0.0340695447634803,0.03350203181628052
2022-05-11,-0.010476190476190417,0.03572878603329288,0.006472979075718754,0.010575191544273738,0.010519665330021775
2022-05-12,-0.05919153031761315,-0.061936495491964005,-0.04681423870774759,-0.05598075483910825,-0.05760872622146627
2022-05-13,-0.0613810741687979,-0.020894274968658588,-0.06919817982112031,-0.0504911763195256,-0.05181045579722615
2022-05-16,0.01089918256130784,-0.004268032437046543,-0.01685772083614301,-0.0034088569039605696,-0.0034146802944926935
2022-05-17,0.05229110512129376,0.0698671238748394,0.06995884773662553,0.06403902557758623,0.062072068421247996
2022-05-18,0.0,-0.020232371794871917,0.014423076923076872,-0.0019364316239316812,-0.0019383089315588198
2022-05-19,-0.007684426229508157,-0.007156000817828523,-0.0036334913112163747,-0.006157972786184351,-0.006177011299942506
2022-05-20,-0.006711409395973256,0.005148270181219106,0.007452037418741009,0.0019629660679956196,0.0019610419676545634
2022-05-23,-0.023908523908523716,-0.010243802499487864,-0.02392193893610317,-0.019358088448038248,-0.019547909956394875
2022-05-24,-0.05005324813631529,0.017594700890084747,0.01693002257336329,-0.0051761748909557505,-0.005189617692465933
2022-05-25,-0.01289237668161436,0.06936533767290487,0.045029332487712015,0.033834097826334175,0.03327431623677831
2022-05-26,0.015900056785917105,0.005706676811869871,0.0,0.0072022445325956586,0.007176432233003045
2022-05-27,0.01285634432643934,0.05863438623037642,0.055378546502806936,0.042289759019874223,0.04141998434777276
2022-05-30,0.0,-0.00446667857780958,-0.010207015526164542,-0.004891231367991374,-0.0049032325899673705
2022-05-31,-0.021523178807947074,-0.012562814070351647,-0.0020334059549745875,-0.012039799611091103,-0.012112865052828591
2022-06-01,-0.00958826847151728,0.017266448564158487,0.00407509823897545,0.003917759443872218,0.003910105009982532
2022-06-02,-0.03530751708428237,-0.0026800071466857034,0.015219597043049982,-0.007589309062639363,-0.0076182544117952946
2022-06-03,0.007674144037780328,0.022572554639914033,0.037121644774414486,0.022456114484036283,0.022207688193724512
2022-06-06,-0.0029291154071471315,-0.008934828311142229,0.009911894273127775,-0.0006506831483871953,-0.000650894934542431
2022-06-07,-0.002937720329024729,0.023157150433091855,-0.0046346782988004875,0.0051949172684222136,0.0051814702364165665
2022-06-08,-0.009428403064230984,-0.005183137525915815,0.0026020268419610915,-0.004003171249395235,-0.004011205387944292
2022-06-09,0.027364663890541374,0.002605071205279641,-0.003824614123753456,0.00871504032402252,0.008677283569277711
2022-06-10,-0.005790387955992959,-0.04607656331196941,-0.01837378307966553,-0.023413578115875962,-0.023692030907995366
2022-06-13,-0.053581828771112505,-0.05066279280915198,-0.06662941751641305,-0.056958013032225835,-0.05864447245359002
2022-06-14,-0.04738461538461536,0.03366488140780399,0.024992517210416176,0.0037575944112016035,0.0037505522887690663
2022-06-15,-0.029715762273901825,0.015729089563286447,0.029201343261790136,0.005071556850391585,0.00505873982253992
2022-06-16,0.05459387483355527,0.016578611768992557,0.06908781387430851,0.046753433492285446,0.045693406057220054
2022-06-17,-0.010732323232323204,0.0,-0.01645435244161353,-0.009062225224645577,-0.00910353696122958
2022-06-20,-0.06892150606253988,0.0,-0.048974635725850146,-0.03929871392946334,-0.04009175488665257
2022-06-21,-0.037011651816312496,-0.03154121863799275,-0.005390835579514808,-0.02464790201127335,-0.024956747032357295
2022-06-22,0.03416370106761546,-0.051628423390081446,-0.050349450862929745,-0.022604724395131906,-0.022864127793054106
2022-06-23,0.013764624913971124,0.011902439024390254,0.03875037548813465,0.021472479808832007,0.021245193952108624
2022-06-24,0.0,0.0,-0.008386350491613626,-0.0027954501638712084,-0.0027993647317020886
2022-06-27,0.0502376103190767,0.011569610489780224,-0.00554097404491094,0.018755415587981994,0.01858170147338954
2022-06-28,-0.017453135100193973,0.03698055661456334,0.018181818181818077,0.012569746565395815,0.012491403122747505
2022-06-29,0.011184210526315796,0.0034926470588236835,0.0027361751152072955,0.005804344233448925,0.005787563928591902
2022-06-30,-0.01951854261548469,-0.042315442388715874,-0.020537124802527562,-0.027457036602242708,-0.02784102616433232
2022-07-01,0.003981420039814276,0.02084927314460594,-0.016715542521994142,0.0027050502208086904,0.0027013981569883514
2022-07-04,-0.0178453403833444,-0.014614952220348365,-0.03563972561884876,-0.022700006074180507,-0.022961617852614073
2022-07-05,-0.004037685060565233,-0.015021867275147538,-0.03386423380238135,-0.01764126204603137,-0.017798723739691415
2022-07-06,-0.02094594594594601,-0.02239382239382237,-0.022887323943661997,-0.022075697427810126,-0.022323012175807008
2022-07-07,0.013802622498274575,-0.004739336492891044,0.0,0.0030210953351278436,0.0030165409970366592
2022-07-08,0.032675289312457556,0.005952380952380931,0.015561015561015523,0.01806289527528467,0.017901699397908307
2022-07-11,-0.017798286090969007,-0.009467455621301801,-0.007580645161290311,-0.01161546229118704,-0.011683448748835907
2022-07-12,0.011409395973154268,0.008363201911589124,-0.0016252234682269107,0.006049124805505493,0.006030902299931004
2022-07-13,0.0,-0.011848341232227555,-0.012371805306853334,-0.008073382179693629,-0.008106148404938777
2022-07-14,-0.004644990046449915,0.003597122302158251,-0.015823306411735683,-0.005623724718675782,-0.005639597395547513
2022-07-15,0.04466666666666663,-0.007168458781361964,-0.017584994138335364,0.006637737915656435,0.006615805135870487
2022-07-18,-0.02552648372686661,0.00962695547533099,-0.008012274122059293,-0.007970600791198304,-0.00800253583721544
2022-07-19,-0.020301244269809948,0.0,-0.016497680013748073,-0.01226630809451934,-0.012342160173195242
2022-07-20,0.009358288770053402,0.02284465633690891,0.020094356106937106,0.01743243373796647,0.01728223194102651
2022-07-21,0.015894039735099286,0.0013594872790834156,0.04727646454265155,0.021509997185611415,0.021281921997704803
2022-07-22,-0.022164276401564487,0.001163692785104642,0.006378802747792012,-0.004873926956222611,-0.004885843273483866
2022-07-25,-0.013333333333333308,0.0034870205346764216,-0.018690069884609084,-0.009512127561088657,-0.0095576567964173
2022-07-26,-0.011486486486486536,-0.0071428571428571175,-0.004637297118251116,-0.007755546915864922,-0.007785777574814425
2022-07-27,-0.018455228981544836,0.0048609760839977145,-0.01430948419301159,-0.009301245696852903,-0.009344772394528354
2022-07-28,0.0069637883008357715,-0.003676470588235281,-0.0016880486158001862,0.0005330896989334346,0.0005329476570983309
2022-07-29,0.004840940525587811,-0.0165080598174403,-0.01606357795062563,-0.009243565747492705,-0.009286552607667028
2022-08-01,0.059876118375774334,0.006121642969984187,0.004811823337343313,0.023603194894367276,0.02332894653188794
2022-08-02,0.00454545454545463,0.011972522080470949,0.011458867795450578,0.009325614807125385,0.009282399725071047
2022-08-03,0.03749191984486111,-0.002521334367726946,-0.003212715590125037,0.010585956629003041,0.010530317706492731
2022-08-04,-0.004361370716510882,0.015360684425432591,0.0145886344359627,0.008529316048294803,0.008493146951752129
2022-08-05,-0.015018773466833557,-0.00344695518958249,0.0,-0.006155242885472015,-0.006174264488187393
2022-08-08,0.01270648030495547,0.002305918524212025,0.003176726299949806,0.006063041709705766,0.006044735429546832
2022-08-09,0.021329987452948673,0.0023006134969325576,0.006333333333333302,0.009987978094404843,0.009938427905501396
2022-08-10,-0.012285012285012442,-0.002295332823259444,0.0048029148724744175,-0.00325914341193249,-0.0032644659876603934
2022-08-11,-0.016791044776119257,0.0,-0.009395088181967992,-0.008728710986029082,-0.008767029326534259
2022-08-12,0.023402909550917173,0.005751533742331283,0.0,0.009718147764416152,0.009671230288838898
2022-08-15,0.0024721878862792313,0.027830728173846797,0.03161397670549082,0.020638964255205616,0.02042886671165713
2022-08-16,0.02281134401972884,-0.002225519287833877,0.015483870967741842,0.012023231899878934,0.01195152702458443
2022-08-17,-0.010247136829415249,-0.004460966542750855,-0.015247776365946653,-0.009985293246037585,-0.01003548065680768
2022-08-18,-0.006090133982947665,0.0,-0.007580645161290311,-0.004556926381412659,-0.004567340821035744
2022-08-19,-0.016544117647058765,-0.015870052277819346,-0.006338371526084852,-0.012917513816987653,-0.013001670413487421
2022-08-22,-0.016822429906542147,-0.0011383039271486428,0.03745502126267586,0.00649809580966169,0.006477074202885899
2022-08-23,0.012674271229404344,0.002279202279202419,0.006148510168690002,0.007033994559098921,0.007009371417967843
2022-08-24,-0.006257822277847325,0.0022740193291641564,-0.001566906925728584,-0.0018502366248039173,-0.0018519504268736373
2022-08-25,0.01448362720403007,0.0011344299489506326,0.024011299435028333,0.013209785529336344,0.01312329714191105
2022-08-26,-0.014276846679081245,0.010387157695939564,0.05547892720306513,0.017196412739974482,0.01705022795714589
2022-08-29,-0.021410579345088276,-0.008037383177570079,0.024974589806882497,-0.0014911242385919534,-0.0014922370707242945
2022-08-30,0.0019305019305020377,-0.001130582249858736,-0.00949142938093217,-0.00289716990009629,-0.002901374820354072
2022-08-31,-0.0019267822736031004,0.002452367477834505,0.009582379862700163,0.0033693216889771893,0.0033636582424054168
2022-09-05,0.03925353925353914,-0.00470455400827996,-0.0202578268876612,0.0047637194525326585,0.004752408847165216
2022-09-06,-0.014860681114550967,-0.004726791453961043,0.005494505494505697,-0.004697655691335437,-0.004708724353947479
2022-09-07,-0.023255813953488413,-0.020896656534954428,-0.03019844693701479,-0.02478363914181921,-0.025095924029862125
2022-09-08,0.0045045045045044585,0.0034924330616996624,0.011269276393831573,0.006422071320011898,0.006401537685415017
2022-09-09,0.030108904548366455,0.0,0.007038123167155463,0.012382342571840638,0.012306308378930564
2022-09-12,0.0,0.0036736272235111667,0.02781013395457177,0.01049458705936098,0.010439901151853535
2022-09-13,-0.004353233830845515,0.0,0.0012749681257968604,-0.0010260885683495515,-0.0010266153576103893
2022-09-14,0.0,-0.007127721055673275,-0.005376344086021612,-0.0041680217138982956,-0.00417673212829173
2022-09-15,-0.004372267332917068,-0.0034924330616996624,0.002702702702702675,-0.0017206658973046851,-0.0017221479431842894
2022-09-16,-0.025094102885821812,-0.014408099688473563,-0.025677401049794102,-0.021726534541363154,-0.021966030999505563
2022-09-19,-0.015444015444015302,0.007309363887791465,-0.02082119976703567,-0.009651950441086502,-0.009698832427046061
2022-09-20,0.015686274509803866,0.003530103941949303,0.01695167286245347,0.012056017104735545,0.011983922203652247
2022-09-21,-0.0045045045045044585,-0.013093609536838025,-0.023687673636496598,-0.013761929225946358,-0.013857502434820762
2022-09-22,0.004524886877828038,0.007326732673267333,0.001497678598173069,0.004449766049756146,0.004439895112216628
2022-09-23,-0.01287001287001277,-0.0060939650088459585,-0.010019440705847149,-0.009661139528235291,-0.009708111114255352
2022-09-26,-0.013689700130378069,-0.010878164556962111,-0.020241691842900367,-0.014936518843413515,-0.015049192012016132
2022-09-27,0.0,-0.012397520495900816,-0.013105149552883,-0.00850089001626127,-0.008537228668943703
2022-09-28,-0.026437541308658274,-0.0309779307552136,-0.03140134354007196,-0.029605605201314607,-0.03005269754510684
2022-09-29,-0.006788866259334614,-0.012954450480568314,-0.015322580645161343,-0.01168863246168809,-0.011757481553113227
2022-09-30,-0.021189336978810647,0.04551227773073663,0.0,0.00810764691730866,0.008074956523950698
2022-10-03,-0.06843575418994419,-0.043531079165822995,-0.0687960687960687,-0.06025430071727862,-0.06214597299660962
2022-10-04,-0.044977511244377766,0.006562235393734017,0.023570800351802923,-0.0049481584996136085,-0.0049604411703683
2022-10-05,0.018053375196232402,0.0115667718191379,0.019590995016325774,0.016403714010565357,0.016270626540790232
2022-10-06,-0.06245181187355442,-0.02411642411642423,-0.0675880667453227,-0.05138543424510045,-0.052752710654540076
2022-10-07,-0.022203947368421018,-0.03280783979548363,-0.06887201735357917,-0.041294601505827935,-0.04217144785822182
2022-10-10,0.042893187552565104,0.0,0.057464569986410474,0.03345258584632519,0.0329052218220043
2022-10-11,-0.04677419354838708,-0.04052863436123344,-0.029924729208738676,-0.03907585237278639,-0.039859803795906146
2022-10-12,0.06852791878172604,0.01974288337924701,0.03803936411809228,0.04210338875968844,0.04124115986748606
2022-10-13,0.04275534441805218,0.008329581269698183,0.00164083865086595,0.01757525477953877,0.01742259607096337
2022-10-14,-0.002277904328018221,0.01361911140879668,0.04004368401892977,0.017128297033236078,0.016983261551599498
2022-10-17,-0.010654490106544956,-0.002643171806167355,-0.016800840042002108,-0.010032833984904805,-0.010083502044811468
2022-10-18,-0.020000000000000018,0.015017667844522853,0.0017799928800286136,-0.0010674464251495175,-0.0010680165518407096
2022-10-19,-0.024332810047095754,0.007832898172323688,0.0,-0.005499970624924021,-0.005515151150578192
2022-10-20,-0.01609010458567972,0.030656303972366183,-0.01012793176972282,0.001479422538987881,0.001478329271600228
2022-10-21,-0.06623058053965658,-0.05027230833682439,-0.06856937713157418,-0.06169075533601838,-0.06367569916727975
2022-10-24,-0.02977232924693518,-0.03793559770621979,-0.0697629601079206,-0.045823629020358525,-0.046906749380457524
2022-10-25,0.042418772563177054,0.02957359009628613,0.02755334576341406,0.03318190280762574,0.032643266414085395
2022-10-26,-0.011255411255411296,0.008238699621465173,-0.001814516129032273,-0.001610409254326132,-0.0016117073571477293
2022-10-27,0.02977232924693518,0.027164310954063575,0.026863259947485396,0.027933300049494715,0.02755028170763029
2022-10-28,-0.03486394557823136,-0.010535368737905726,-0.001770259638080307,-0.01572319131807246,-0.015848111853915166
2022-10-31,-0.06872246696035234,0.008039982616253827,-0.030147783251231575,-0.030276755865110028,-0.030744563519725217
2022-11-01,-0.0416272469252601,-0.0015089458935115818,-0.029053230394148755,-0.024063141070973477,-0.024357388382033256
2022-11-02,0.023692003948667217,-0.019861830742659792,-0.04184975936388369,-0.012673195385958754,-0.01275418532170355
2022-11-03,-0.009643201542912205,0.001541850220264429,0.03122952609740115,0.007709391591584457,0.007679826089692278
2022-11-04,-0.036027263875365034,-0.01627446668132837,-0.06967386700550615,-0.04065853252073318,-0.04150820128203458
2022-11-07,-0.06464646464646473,-0.004024144869215318,-0.06965627134076946,-0.04610896028548317,-0.047205828192508195
2022-11-08,-0.0410367170626349,0.009652076318742875,0.0408612674333253,0.0031588755631444254,0.003153896797844013
2022-11-09,-0.011261261261261368,0.009337483325922769,0.02021626704278323,0.006097496369148211,0.006078981861472893
2022-11-10,-0.06833712984054663,-0.013436123348017581,-0.06912442396313367,-0.050299225717232623,-0.05160831844160999
2022-11-11,0.01589242053789741,-0.0026791694574681557,0.01534653465346536,0.00951992857796487,0.0094748996140063
2022-11-14,-0.008423586040914643,-0.02753525856279393,-0.05460750853242324,-0.0301887843787106,-0.03065384949707175
2022-11-15,0.024271844660194164,-0.06906077348066297,-0.06910778751933988,-0.03796557211326956,-0.038705041132755344
2022-11-16,0.06872037914691953,0.05143422354104854,0.06869806094182818,0.06295088787659875,0.06104889685937678
2022-11-17,0.06762749445676297,0.024459078080903085,0.033437013996889586,0.04184119551151854,0.040989528176766155
2022-11-18,0.05919003115264787,0.0071166207529842485,0.008527715073990638,0.024944788993207588,0.024638746742762133
2022-11-21,-0.009803921568627416,-0.019603373603829466,-0.03556329271325542,-0.021656862628570767,-0.021894814274960695
2022-11-22,-0.00990099009900991,0.005812601720530219,-0.01108818978855075,-0.005058859389010147,-0.005071698738114368
2022-11-23,-0.06799999999999995,0.0,0.007301173402868288,-0.020232942199043886,-0.020440431693193248
2022-11-24,0.040772532188841026,0.0,-0.06911726637328508,-0.009448244728148017,-0.009493162545954874
2022-11-25,0.06597938144329896,0.021266759130836865,0.002780867630700845,0.030009002734945556,0.029567542722710904
2022-11-28,0.06866537717601551,0.03191489361702127,0.0621186910704381,0.054232987287824955,0.05281347624880456
2022-11-29,0.06425339366515836,0.0,0.06605744125326374,0.04343694497280737,0.042520019233857335
2022-11-30,0.05697278911564618,0.003948234261899497,0.030369826108253895,0.03043028316193319,0.02997646565069199
2022-12-01,-0.01045856798069178,0.0013109023377757545,-0.0011884953648679808,-0.0034453870025946687,-0.0034513360167613832
2022-12-02,0.06829268292682933,0.03622081605934979,0.06687291765825787,0.05712880554814566,0.055556559017419294
2022-12-05,0.028158295281582868,0.011581385554853663,0.012714699977693478,0.017484793604710003,0.017333693362701595
2022-12-06,-0.06957809030347883,-0.029350541215653503,-0.06828193832599128,-0.0557368566150412,-0.057350398095437176
2022-12-07,-0.019093078758949944,0.006648080634784392,0.01134751773049647,-0.00036582679788969407,-0.00036589372883664154
2022-12-08,0.035685320356853234,0.00639113762249699,0.025712949976624655,0.022596469318658288,0.022344951006381772
2022-12-09,0.01566170712607673,0.013124470787468256,0.004329990884229584,0.011038722932591522,0.010978240919674654
2022-12-12,-0.030840400925212008,-0.012954450480568314,-0.006580440208758809,-0.016791763871513044,-0.016934343905667254
2022-12-13,0.021479713603818507,0.0027519051651141435,0.010963910461397885,0.011731843076776844,0.011663558555752709
2022-12-14,0.010124610591900396,-0.011610724086974833,0.0011296882060551905,-0.00011880842967308236,-0.00011881548795362406
2022-12-15,0.007710100231302919,0.018368218709952977,0.011735499887158607,0.012604606276138167,0.012525829502576859
2022-12-16,0.05432287681713843,0.00251677852348986,0.01806825786303823,0.02496930440122217,0.024662665216316465
2022-12-19,-0.019593613933236553,-0.0167364016736401,-0.014460999123575902,-0.016930338243484184,-0.01707529485909008
2022-12-20,-0.049592894152479694,0.0,-0.013783903957314325,-0.021125599369931337,-0.021351938216094515
2022-12-21,-0.005451713395638658,0.007872340425531865,-0.0022542831379621653,5.544796397701391e-05,5.5446426795481434e-05
2022-12-22,0.0,0.0,0.002259376412110381,0.0007531254707034603,0.000752842014026183
2022-12-23,-0.028974158183241894,0.010344099641123039,-0.01510369702434633,-0.011244585188821727,-0.011308283494355411
2022-12-26,-0.06854838709677413,-0.020476389469285317,-0.0698100251773861,-0.05294493391448185,-0.05439803956101035
2022-12-27,0.06753246753246755,0.0012798634812285492,0.028051181102362266,0.03228783737201946,0.03177754035278857
2022-12-28,-0.0024330900243308973,0.002556455048998929,-0.018190521780756308,-0.006022385585362758,-0.006040593288778485
2022-12-29,-0.011382113821138296,-0.006374840628984413,-0.0024378352023403105,-0.006731596550821006,-0.006754355942413081
2022-12-30,0.0,0.008982035928143839,0.0,0.002994011976047946,0.002989538848366059
2023-01-03,0.06907894736842102,0.040483255616786895,0.024437927663734094,0.044666710216314,0.04369789695331967
2023-01-04,0.00846153846153852,0.0,-0.010257633587786308,-0.0005986983754159292,-0.0005988776668528581
2023-01-05,0.020594965675057253,0.007333469138317339,0.002410219329959107,0.010112884714444565,0.010062091651701894
2023-01-06,-0.020179372197309475,-0.003640040444893855,-0.010339023803799141,-0.011386145482000825,-0.011451463926676947
2023-01-09,0.009916094584286883,0.0,-0.026724975704567444,-0.0056029603734268525,-0.0056187158349452725
2023-01-10,0.010574018126888296,0.0012177795818955062,0.004742885671492614,0.005511561126758805,0.005496428052842227
2023-01-11,0.020179372197309364,0.006284208392459023,0.008447204968944133,0.011636928519570839,0.01156974020824432
2023-01-12,-0.0073260073260073,-0.002417405318291599,-0.010593742301059583,-0.006779051648452827,-0.006802133794932482
2023-01-13,-0.005166051660516646,-0.008683360258481376,-0.0012450199203186685,-0.00503147727977223,-0.005044177781013425
2023-01-16,0.014836795252225476,0.009981666327154137,-0.003490401396160525,0.007109353394406362,0.007084201082320358
2023-01-17,0.06944444444444442,0.014723678902783366,0.0272704528396297,0.037146192062285824,0.0364728952632742
2023-01-18,0.002050580997949414,0.017094017094017033,0.044325377496346796,0.021156658529437745,0.02093596377813015
2023-01-19,-0.025238744884038322,0.006058237248387721,0.01445895522388052,-0.00157385080392336,-0.001575090608115169
2023-01-27,0.01679496151154658,0.0011655011655011815,0.006436781609195474,0.008132414762081078,0.008099524872972623
2023-01-30,0.0110116999311769,-0.0034924330616996624,0.006624029237094486,0.004714432035523908,0.0047033539052320225
2023-01-31,0.016337644656228667,-0.002531152647975099,0.006580440208758809,0.006795644072337458,0.006772657762252251
2023-02-01,-0.04487608841259205,-0.017958227601014953,0.012849413886384164,-0.016661634042407614,-0.01680200040650245
2023-02-02,0.00911640953716697,-0.0011926058437686793,0.05942577342532829,0.022449859039575526,0.022201570118329586
2023-02-03,-0.009034051424600453,-0.02189054726368167,-0.04201680672268904,-0.024313801803657054,-0.024614262508567804
2023-02-06,0.0021037868162692153,0.004883011190234043,-0.013596491228070273,-0.002203231073855671,-0.002205661758334065
2023-02-07,-0.06648005598320494,0.002632111763514855,-0.0309026233881724,-0.031583522535954166,-0.0320930389204391
2023-02-08,0.05622188905547221,0.006058158319870666,-0.026152787336545136,0.012042420012932578,0.011970486995607195
2023-02-09,-0.012065294535131277,-0.006021678040947331,-0.011307420494699794,-0.0097981310235928,-0.00984644858294669
2023-02-10,-0.005028735632183978,0.0,-0.04312604241124618,-0.016051592681143385,-0.01618181489099514
2023-02-13,-0.014440433212996373,0.0,0.009462151394422413,-0.0016594272728579864,-0.0016608056473808443
2023-02-14,0.01978021978021971,0.0012116316639740887,0.0,0.006997283814731266,0.0069729164286477545
2023-02-15,0.009339080459770166,0.009883017345703848,0.005920078934385842,0.008380725579953285,0.008345802285362951
2023-02-16,0.024199288256227636,0.0,0.012751348700343224,0.012316878985523617,0.012241643380156595
2023-02-17,-0.013898540653231484,0.0,-0.0009685230024213398,-0.004955687885217607,-0.004968008026462521
2023-02-20,0.042988019732205895,0.014579588575993618,0.02423654871546299,0.027268052341220834,0.02690290209128873
2023-02-21,-0.01418918918918921,0.0,0.004495977283483388,-0.0032310706352352745,-0.0032363018152074823
2023-02-22,-0.018505825908156193,-0.012007874015747988,-0.03368669022379267,-0.02140013004923228,-0.02163243302026829
2023-02-23,0.014664804469273651,-0.004981071926678626,0.0,0.0032279108475316747,0.0032227123272145918
2023-02-24,-0.03303509979353059,-0.007208650380456483,-0.020965382740126937,-0.020403044304704666,-0.020614061610775124
2023-02-27,-0.03345195729537376,-0.00625252117789421,-0.03809760956175279,-0.025934029345006916,-0.026276245954650865
2023-02-28,-0.005154639175257714,0.0024355591637912344,-0.012166709811027854,-0.004961929940831444,-0.0049742811894931275
2023-03-01,0.04515173945225759,0.0,0.019916142557652172,0.02168929400330325,0.021457427949498408
2023-03-02,-0.014164305949008416,-0.0060741040696496995,-0.012332990750257067,-0.010857133589638393,-0.010916502372123023
2023-03-03,-0.012212643678160884,-0.018741087797922162,-0.02237252861602501,-0.017775420030702684,-0.017935300268318022
2023-03-06,0.0021818181818180626,-0.003944363711853915,0.0,-0.0005875151766786175,-0.0005876878313481692
2023-03-07,0.03483309143686508,0.007711546477699116,0.007716870675891441,0.016753836196818545,0.01661503879716301
2023-03-08,0.004207573632538653,0.008893485005170731,-0.007657776604172106,0.001814427344512426,0.0018127832596328026
2023-03-09,0.0,0.013735137351373439,0.015433741351782881,0.009722959567718773,0.009675995769035533
2023-03-10,0.004888268156424624,-0.013549039433771504,-0.0062893081761005165,-0.004983359817815798,-0.0049958181621953335
2023-03-13,-0.009034051424600453,-0.007585075850758627,-0.008966244725738481,-0.008528457333699186,-0.008565032728880597
2023-03-14,-0.037868162692847096,-0.002478826688700586,-0.020223523150611933,-0.020190170844053203,-0.020396778029708885
2023-03-15,0.0488338192419826,0.02277904328018221,0.036393264530146574,0.03600204235077046,0.03536911521640071
2023-03-16,-0.020847810979847115,-0.01599514071674424,-0.015199161425576424,-0.017347371040722592,-0.017499599762651252
2023-03-17,-0.022001419446415982,-0.002674897119341657,0.0,-0.008225438855252546,-0.00825945443456574
2023-03-20,-0.019593613933236553,-0.01774293377346814,-0.03299627461415633,-0.023444274106953673,-0.023723463326895518
2023-03-21,0.022945965951147285,0.006511237135055747,0.010456796917996503,0.013304666668066512,0.013216936877563186
2023-03-22,-0.00723589001447178,0.005217028380634314,-0.014161220043572897,-0.005393360559136787,-0.005407957235278737
2023-03-23,0.004373177842565523,-0.006435540793024774,-0.003867403314917195,-0.0019765887551254817,-0.0019785447846145257
2023-03-24,0.0,0.007730881738403639,0.0038824181919023815,0.003871099976768673,0.003863626549966165
2023-03-27,0.019593613933236664,0.006220194899440257,0.003867403314917084,0.009893737382531334,0.009845114805808684
2023-03-28,-0.004982206405694023,0.001442406758705994,0.026417171161254638,0.007625790504755536,0.007596861144089618
2023-03-29,0.005007153075822668,-0.002674897119341657,-0.010187667560321634,-0.002618470534613541,-0.002621904724777646
2023-03-30,0.0,0.0012378791004745704,-0.002708559046587289,-0.0004902266487042395,-0.0004903468490730106
2023-03-31,0.0,0.0,-0.0013579576317218622,-0.0004526525439072874,-0.000452755021995852
2023-04-03,0.009964412811387824,0.022872450030908764,0.011694316018493245,0.014843726286929943,0.0147346363907088
2023-04-04,0.0049330514446794815,-0.005036261079774396,0.020698924731182622,0.006865238365362569,0.00684177992046647
2023-04-05,0.018934081346423604,0.0012148208139299843,-0.0013168290755859458,0.006277357694922547,0.006257737152406917
2023-04-06,0.0,-0.003640040444893855,-0.016350210970464296,-0.006663417138452717,-0.006685716819019283
2023-04-07,-0.014452856159669625,0.0024355591637912344,-0.002680965147452974,-0.004899420714443788,-0.004911462223157496
2023-04-10,-0.023743016759776525,-0.0024296416278598576,0.05134408602150531,0.008390475877956308,0.008355471501182824
2023-04-11,0.005007153075822668,0.0,-0.007414983380209628,-0.0008026101014623197,-0.0008029323653962016
2023-04-12,-0.002135231316726105,0.0,0.0012879958784131063,-0.0002824118127709996,-0.00028245169849663935
2023-04-13,-0.014265335235377985,-0.008727420336918978,0.007460766658091034,-0.005177329638068643,-0.005190778448525384
2023-04-14,0.009406657018813158,0.0,-0.025536261491317713,-0.005376534824168184,-0.005391040404058503
2023-04-17,0.01003584229390686,0.0,-0.0039308176100628645,0.0020350082279479986,0.0020329404035885853
2023-04-18,0.004258339247693366,-0.002457002457002533,0.0026308866087871863,0.0014774077998260062,0.0014763175066621545
2023-04-19,-0.007067137809187218,-0.0012315270935960854,0.013644712673839043,0.0017820159236852464,0.0017804300171034456
2023-04-20,0.0,0.0012330456226881115,-0.002329795495728759,-0.00036558329101354925,-0.00036565013287622524
2023-04-21,-0.004982206405694023,-0.0012315270935960854,-0.027244421380383965,-0.01115271829322469,-0.011215376161831166
2023-04-24,-0.0021459227467811592,-0.002671598849157353,-0.022939450520138682,-0.009252324038692398,-0.009295392651101308
2023-04-25,0.01935483870967758,-0.008860498660622329,-0.018291018291018313,-0.002598892747321021,-0.0026022757316906007
2023-04-26,0.04500703234880432,-0.001247401247401303,0.018631813125695285,0.020797148075699434,0.020583839791495313
2023-04-27,-0.013458950201884257,0.0,0.006552006552006384,-0.0023023145499592905,-0.0023049689510629204
2023-04-28,-0.0020463847203273655,-0.010199833472106623,0.014103607268782348,0.00061912969211612,0.0006189381104001641
2023-05-04,-0.01640464798359531,0.013038906414300833,-0.033163947579566755,-0.01217656304962041,-0.012251304744465992
2023-05-05,0.006949270326615631,-0.0014531866306830565,-0.0024896265560164776,0.0010021523799720322,0.0010016505605140824
2023-05-08,0.0069013112491373985,0.0014553014553013721,0.0011092623405435376,0.003155291681660769,0.003150324195365128
2023-05-09,0.00959561343385884,0.004982354162341496,0.0027700831024930483,0.005782683566231128,0.005766028029901677
2023-05-10,-0.004752206381534285,0.001239413344350293,0.027624309392265234,0.008037172118360414,0.00800504607078131
2023-05-11,0.0020463847203273655,0.0012378791004745704,-0.007526881720430145,-0.0014142059665427364,-0.0014152068995956003
2023-05-12,0.02791014295439065,0.017720997321244658,0.007583965330444142,0.017738368535359816,0.017582879728775865
2023-05-15,-0.011258278145695355,0.006276574205304808,-0.0024193548387098085,-0.002467019593033452,-0.002470067700061486
2023-05-16,-0.0046885465505693835,0.006237424547283599,-0.011587173268660766,-0.0033460984239821836,-0.003351709130794705
2023-05-17,-0.008748317631224745,0.0,-0.007906215921483106,-0.00555151118423595,-0.005566978092152674
2023-05-18,0.006788866259334725,0.01719656068786235,-0.0013740038472106475,0.007537141033328808,0.0075088787084299355
2023-05-19,-0.006743088334457137,-0.0013760566149007003,0.005228398458998251,-0.0009635821634531951,-0.0009640467071874035
2023-05-22,0.004752206381534396,-0.0035433070866142113,0.006569942513003024,0.0025929472693077362,0.0025895913813788946
2023-05-23,-0.009459459459459474,-0.006124061635716993,-0.007614903453902699,-0.007732808183026388,-0.0077628613748536406
2023-05-24,-0.018417462482946734,-0.008547008547008517,-0.007947382844614936,-0.011637284624856727,-0.011705527781586834
2023-05-25,-0.00486448922863103,0.02345629510825975,0.0013812154696131174,0.006657673783080613,0.00663560935070055
2023-05-26,-0.0041899441340782495,-0.001175318315376983,0.00524137931034474,-4.129437970349747e-05,-4.129523233986783e-05
2023-05-29,0.016129032258064502,0.0,0.01317233809001106,0.00976712344935852,0.009719733425405509
2023-05-30,-0.004830917874396157,0.01078642871151203,0.017876489707475463,0.007944000181530445,0.007912612730454014
2023-05-31,-0.006934812760055475,0.0011641443538998875,-0.0050558807876529555,-0.0036088497312695145,-0.0036153773389632623
2023-06-01,0.009776536312849249,-0.007170542635658972,0.0026745119015780805,0.001760168526256119,0.001758621245020125
2023-06-02,0.008990318118948792,0.0037087643958619854,0.03814350493464924,0.016947529149820006,0.016805521979096762
2023-06-05,0.00274160383824551,0.01419681057954092,0.009763617677286618,0.008900677365024348,0.008861299821627582
2023-06-06,0.004101161995898828,0.0036433365292427577,0.01450381679389312,0.007416105106344901,0.007388741005620831
2023-06-07,0.03948264125255285,-0.003630110813909182,0.0,0.01195084347954789,0.011879996048726117
2023-06-08,0.00851342501637209,-0.016299137104506256,-0.027338851266616393,-0.011708187784916852,-0.011777268350412462
2023-06-09,0.00454545454545463,0.011890838206627619,0.018308406395048937,0.011581566382377062,0.011515013408002926
2023-06-12,0.0019392372333548735,0.003467539973030398,0.03874398581919469,0.014716921008526654,0.014609678037050074
2023-06-13,0.020000000000000018,-0.005759262814359789,0.0,0.00474691239521341,0.0047356813344531425
2023-06-14,-0.012650221378874171,-0.0025101370921027932,-0.022184300341297036,-0.012448219604091332,-0.012526347737612784
2023-06-15,0.0019218449711724261,-0.0011614401858303092,-0.008227374719521285,-0.0024889899780597227,-0.0024920926630523374
2023-06-16,0.012787723785166127,0.004844961240310086,-0.008547008547008628,0.0030285588261558622,0.0030239819803767986
2023-06-19,-0.0037878787878787845,0.0023143683702988582,0.0038032454361056622,0.0007765783395085786,0.000776276958570394
2023-06-20,0.012674271229404344,0.009428516451799096,0.023995958575397713,0.015366248752200384,0.015249383617086575
2023-06-21,0.040050062578222745,0.0034311856652686767,0.004686729156388791,0.016055992466626735,0.015928458333250316
2023-06-22,0.010228640192539107,-0.003419452887537977,0.00810213601767762,0.0049704411075595836,0.004958129245228578
2023-06-23,0.022036926742108554,-0.004574914220358384,-0.003409644422795899,0.004684122699651423,0.0046731863351366235
2023-06-26,-0.00815850815850816,0.008042895442359255,0.03372434017595305,0.011202909153268048,0.011140621337951314
2023-06-27,0.024089306698002355,0.01747720364741645,-0.003309692671394804,0.012752272558008,0.01267164704582038
2023-06-28,0.030981067125645412,-0.003360716952949927,-0.006641366223908762,0.006992994649595573,0.006968657058399981
2023-06-29,-0.03005008347245408,-0.00580741850880484,-0.027459407831900817,-0.02110563660438658,-0.02133154483163332
2023-06-30,0.013769363166953541,-0.005652911249293346,0.01399459857598817,0.007370350164549454,0.007343321857915512
2023-07-03,0.001697792869269854,0.004548038658328535,-0.006779661016949046,-0.0001779431631168853,-0.0001779589968799031
2023-07-04,0.002259887005649608,0.006979815129221079,0.005850804485616701,0.0050301688734957955,0.005017559840082333
2023-07-05,0.026493799323562772,0.0,0.0021812893843917713,0.009558362902651515,0.009512970772369459
2023-07-06,0.0016474464579900872,-0.0026227051330086626,-0.0033857315598548876,-0.0014536634116244875,-0.001454721005329405
2023-07-07,0.016995614035087758,0.009391435011269822,0.053142441155059394,0.02650983006713899,0.026164533726311976
2023-07-10,0.008625336927223781,0.0,0.04953917050691237,0.019388169144712048,0.019202613151839222
2023-07-11,-0.014430785676109004,-0.00409378489021206,0.021953896816685026,0.0011431087501213204,0.001142455898786703
2023-07-12,-0.010845986984815759,0.004110612855007467,0.007089151450053732,0.00011792577341514666,0.00011791882071772499
2023-07-13,0.00164473684210531,0.006698920729438118,0.004052901023890776,0.004132186198478068,0.004123672163415336
2023-07-14,0.016967706622879053,0.032902033271719144,0.0021244954323349496,0.01733141177564438,0.01718293593414312
2023-07-17,-0.007534983853605848,0.008947745168217613,-0.016111935552257872,-0.004899724745882035,-0.004911767751554345
2023-07-18,-0.0032537960954448497,-0.003902092940759272,-0.01249730661495363,-0.006551065217052583,-0.006572617623839828
2023-07-19,0.00707290533188254,-0.00249287749287741,0.009382500545494166,0.004654176128166432,0.00464337893883638
2023-07-20,0.02917341977309551,0.023027490182077726,0.012537829658452404,0.021579579871208544,0.02135003715663412
2023-07-21,0.0073490813648293685,0.008724480893386843,0.06917164816396237,0.028415070140726195,0.028018850270263053
2023-07-24,-0.005211047420531578,0.0,0.03813897763578278,0.010975976738417067,0.010916177875123292
2023-07-25,0.0,0.0036325895173845435,-0.016541642623581487,-0.004303017702065648,-0.004312302326913923
2023-07-26,0.005238344683080154,0.017235436056532327,-0.018775669861138322,0.0012327036261580524,0.0012319444708546986
2023-07-27,0.0,0.012029820399864333,0.03846920470400628,0.01683300836795687,0.01669290335592521
2023-07-28,-0.0036477331943720603,0.008371002846141007,0.00748560460652592,0.004069624752764955,0.004061366228431922
2023-07-31,-0.0036610878661087476,0.014278598704964507,-0.014669460849685678,-0.0013506500036099727,-0.0013515629534691775
2023-08-01,-0.024671916010498784,-0.012931740055655672,-0.03731631863882445,-0.024973324901659634,-0.025290449283321657
2023-08-02,0.0,-0.01177446102819224,0.0,-0.003924820342730746,-0.003932542662526539
2023-08-03,-0.023681377825618855,0.0023493874811209015,0.019280980116489266,-0.0006836700760028958,-0.0006839038849608389
2023-08-04,0.018743109151047488,-0.0046877615938388795,0.005714285714285783,0.006589877757164797,0.006568259435495561
2023-08-07,0.007034632034631949,0.014297729184188368,0.015086206896551824,0.012139522705124046,0.012066429648010826
2023-08-08,-0.012358946802794257,-0.0034825870646765233,-0.0036672457054623964,-0.006502926524311059,-0.006524162665777699
2023-08-09,0.021762785636561643,-0.013146946247295843,-0.018597442851607915,-0.0033272011541140385,-0.003332748596262446
2023-08-10,-0.015974440894568676,-0.010792580101180449,-0.011448874851954116,-0.012738631949234412,-0.012820464016375667
2023-08-11,0.012445887445887482,-0.0023866348448686736,0.024960063897763618,0.01167310549959414,0.011605500402598017
2023-08-14,0.016568679850347268,0.007347915242652103,0.016949152542373058,0.013621915878457475,0.013529971612726618
2023-08-15,-0.007360672975814997,0.016963528413910023,-0.003831417624521105,0.0019238126045246398,0.0019219644470154986
2023-08-16,0.0,0.013010842368640363,-0.0036538461538461187,0.003118998738264748,0.0031141447521321856
2023-08-17,0.005296610169491567,0.010538448872056572,0.0019301293186642088,0.005921729453404116,0.005904264926430327
2023-08-18,-0.05690200210748164,-0.005703112269838551,-0.06877287613176641,-0.043792663503028864,-0.04478051026469331
2023-08-21,-0.011173184357541888,0.004588659455915911,-0.023789822093504442,-0.01012478233171014,-0.010176386556860734
2023-08-22,-0.0016949152542371504,0.007014681892332675,0.020343293070565815,0.008554353236220447,0.008517972087474745
2023-08-23,-0.019241652518392938,0.0,-0.00602284527518171,-0.008421499264524882,-0.008457160444331948
2023-08-24,0.025389497980380815,0.052648631135590485,0.012118679481821992,0.03005226953259776,0.02960954807297987
2023-08-25,-0.013505908835115266,0.006617420744844393,0.003922378199834986,-0.000988703296811962,-0.000989192386319373
2023-08-28,0.03479749001711352,0.03760892829842555,0.02385358831996709,0.03208666887850205,0.03158264500454136
2023-08-29,0.005512679162072542,-0.004272874613231226,0.023097007431211125,0.00811227066001748,0.008079543069960407
2023-08-30,0.007675438596491224,0.031962118970109366,0.017078916372202713,0.018905491312934432,0.018729003435865768
2023-08-31,0.014689880304678882,0.0011471178663606807,0.0,0.00527899939034652,0.00526511431782108
2023-09-05,0.006970509383378065,0.0010025780578630794,0.00926462072958878,0.005745902723609975,0.005729457987719882
2023-09-06,0.04313099041533541,0.022750035770496613,0.01300439854656732,0.026295141577466444,0.02595536773790025
2023-09-07,-0.011740684022460424,-0.011191941801902638,0.0,-0.00764420860812102,-0.007673575323332686
2023-09-08,0.0030991735537191367,-0.0029711375212225777,0.009061733056447085,0.003063256362981215,0.0030585741526453856
2023-09-11,-0.025746652935118464,-0.002128565346956268,-0.017960710944808223,-0.01527864307562765,-0.015396564201140826
2023-09-12,0.026427061310782207,0.015500568828213934,0.02381405982091822,0.021913896653304787,0.021677238382299416
2023-09-13,-0.011843460350154489,-0.009102366615319823,0.0305173055452177,0.003190492859914462,0.0031854140373340665
2023-09-14,-0.021365294424179226,-0.021481062747314983,-0.003611412062116348,-0.015485923077870185,-0.015607082455530727
2023-09-15,-0.006922257720979874,0.016753321779318542,-0.024465386009423717,-0.004878107317028349,-0.004890044117677889
2023-09-18,0.0,-0.0062500000000002,-0.015976221437859928,-0.007408740479286709,-0.007436321508596841
2023-09-19,0.019839142091152784,0.01543739279588352,0.009061733056447085,0.014779422647827795,0.014671271288514913
2023-09-20,0.008937960042061155,0.0011261261261261701,0.005425631431244193,0.005163239199810506,0.00514995538567974
2023-09-21,0.0,-0.017294713160854958,-0.028656494231484864,-0.01531706913077994,-0.015435587224900174
2023-09-22,-0.039082855653986504,-0.0010015739018458536,-0.03888888888888886,-0.026324439481573737,-0.026677130913508977
2023-09-25,-0.04718004338394799,-0.024921226009739228,-0.020928841937412845,-0.031010037110366685,-0.0315010253600502
2023-09-26,0.007398975526465401,-0.008372502937720183,0.009771986970684043,0.002932819853143087,0.002928527527361853
2023-09-27,0.011299435028248483,0.008443193600947918,0.009677419354838568,0.00980668266134499,0.009758909227618663
2023-09-28,0.003910614525139744,-0.0030846063454758044,0.019169329073482455,0.006665112417715465,0.006642998761564887
2023-09-29,-0.01112966054535336,-0.012818623839693566,-0.007445141065830718,-0.010464475150292547,-0.010519612765166601
2023-10-02,-0.003939223410241999,0.004328358208955274,-0.01342281879194629,-0.004344561331077671,-0.004354026361876934
2023-10-03,-0.05310734463276823,-0.010699955416852647,-0.055822328931572573,-0.03987654299373115,-0.040693401740464326
2023-10-04,0.017899761336515274,0.003154574132492316,0.004026276753549496,0.008360204074185695,0.008325451128239545
2023-10-05,-0.014067995310668158,-0.0095837076969153,-0.04474461798227114,-0.022798773663284866,-0.023062684649773877
2023-10-06,0.0023781212841853527,0.011944360447535551,0.027839151568714193,0.014053877766811697,0.013956037649755393
2023-10-09,0.021945432977461543,0.031226654713879975,-0.007308684436801438,0.015287801084846692,0.0151721201684957
2023-10-10,0.019733023795705185,0.007389162561576512,0.01862278042442611,0.01524832226056927,0.015133235044681843
2023-10-11,0.007398975526465401,0.007191140514885674,0.009353741496598511,0.007981285845983194,0.007949603847848525
2023-10-12,-0.015254237288135575,-0.006140225617592532,-0.01832350463352983,-0.013239322513085978,-0.013327743634372223
2023-10-13,-0.001721170395869276,-0.0031609195402299006,0.022741900879639676,0.0059532703145134995,0.0059356196190584526
2023-10-16,-0.0293103448275861,0.00735082156241007,-0.018250471994965434,-0.013403331753380487,-0.013493967193452121
2023-10-17,-0.007696862048549358,-0.038202890256116784,-0.047222222222222054,-0.031040658175629395,-0.031532626873248475
2023-10-18,-0.03221957040572809,-0.0010413567390656908,-0.03453689167974894,-0.022599272941514238,-0.02285855027641272
2023-10-19,-0.012946979038224282,-0.010871183916604688,-0.03809523809523807,-0.020637800350022346,-0.020853735874325634
2023-10-20,0.02748282323547757,0.009786208973200816,0.03960396039603964,0.025624330868239342,0.025301530448344864
2023-10-23,-0.013981762917933183,-0.020426420158043745,-0.03809523809523807,-0.024167807057071666,-0.024464640811410733
2023-10-24,0.0,0.010958904109588996,0.0,0.003652968036529665,0.003646312153020152
2023-10-25,0.0018495684340320562,-0.011894007828967323,0.011591403042743309,0.000515654549269347,0.0005155216451487028
2023-10-26,-0.05230769230769228,-0.0451013256132865,-0.03437574600143223,-0.04392825464080366,-0.044922321299796425
2023-10-27,0.024675324675324628,0.00223392372746134,0.0,0.008969749467595321,0.008929760215991327
2023-10-30,-0.01520912547528519,-0.02292628562330845,-0.03584672435105074,-0.024660711816548126,-0.024969880637565958
2023-10-31,0.0,-0.023464233338764795,-0.06897435897435888,-0.03081286410437456,-0.03129756303785487
2023-11-01,0.041184041184041176,0.028867011513432184,-0.06912696226934745,0.0003080301427086374,0.0003079827111642091
2023-11-02,0.05438813349814575,0.04216672072656524,0.05414201183431966,0.05023228868634355,0.04901136702260404
2023-11-03,-0.0058616647127782695,-0.022564581388110794,0.05276452427729428,0.008112759392135072,0.00808002786913739
2023-11-06,0.02594339622641506,0.017353924534309728,-0.023193814982671257,0.0067011685926845095,0.006678815567789341
2023-11-07,0.0017241379310346527,-0.0023474178403755097,0.0040938864628821126,0.0011568688511804184,0.0011562001940603798
2023-11-08,0.04475043029259895,0.04878431372549019,0.036694754009241715,0.04340983267577695,0.042494035249482115
2023-11-09,-0.009335529928610753,-0.0011965300628178355,0.017566858940744723,0.002344932983105378,0.002342187918248973
2023-11-10,-0.0077605321507761005,-0.010781671159029615,-0.022416902860087684,-0.013653035389964466,-0.013747095193420085
2023-11-13,0.02681564245810053,-0.0010596427490161542,0.015287295730100237,0.013681098479728204,0.013588357163252008
2023-11-14,-0.007616974972796564,0.01318381572965599,0.03764278296988577,0.014403207908915064,0.014300467066600034
2023-11-15,0.0,-0.0022434938677835525,0.009507130347760961,0.0024212121599924696,0.002418285748520799
2023-11-16,0.007675438596491224,0.006595712786688912,-0.009417596034696496,0.0016178517828278798,0.0016165444704674316
2023-11-17,-0.02611534276387384,-0.021593447505584562,-0.002501876407305481,-0.016736888892254626,-0.01687853329917173
2023-11-20,0.005586592178770999,-0.0033485540334855513,-0.02056684223727112,-0.006109601363995224,-0.006128341346613153
2023-11-21,0.014999999999999902,0.01328649969456297,0.008706786171575054,0.01233109528871264,0.012255686614703927
2023-11-22,0.006020799124247356,0.012057272042200529,-0.026910383346027023,-0.002944104059859714,-0.002948446459295563
2023-11-23,-0.05005440696409136,-0.023678332092330612,-0.06287503261153138,-0.04553592388931778,-0.04660527286752034
2023-11-24,0.021764032073310347,0.00442342892007308,0.03340757238307335,0.01986501112548559,0.019670276504362386
2023-11-27,-0.003923766816143481,-0.005618830675778175,-0.014008620689655027,-0.007850406060525561,-0.007881382724280754
2023-11-28,0.015194147439504757,0.00442883323152099,0.0,0.006540993557008582,0.006519694087993924
2023-11-29,0.011086474501108556,0.006689980234149351,0.02103825136612003,0.012938235367125978,0.012855251410764426
2023-11-30,-0.016447368421052433,0.002114484216885648,-0.007760235483007749,-0.007364373229058177,-0.007391624098399263
2023-12-01,0.012820512820512775,0.005425772418990116,0.006472491909385258,0.008239592382962716,0.008205832261294609
2023-12-04,0.02256466703357174,0.013041523010043576,0.03081457663451226,0.022140255559375856,0.021898718724932553
2023-12-05,-0.00914962325080726,0.012873631251849815,0.0012997140629062987,0.0016745740213162845,0.0016731734855557248
2023-12-06,0.0130363932645301,0.0020452885317749914,0.02388369678089286,0.01298845952573265,0.012904832828239766
2023-12-07,0.0,-0.007435486222481469,-0.0025354969574035158,-0.0033236610599616614,-0.0033291966904921274
2023-12-08,0.0032171581769437907,-0.0010282021151585274,0.04295882053889155,0.015049258866892271,0.014937142219506604
2023-12-11,-0.006948156066274858,0.008528157623878707,-0.002437241043139249,-0.0002857464951784665,-0.000285787328487055
2023-12-12,0.016146393972013007,0.01895320017495261,0.0,0.011699864715655206,0.011631950509875845
2023-12-13,-0.021186440677966045,-0.016597510373443924,-0.0188126068898119,-0.01886551931374062,-0.01904574350501188
2023-12-14,-0.011363636363636465,0.010621271642659469,-0.002490039840637337,-0.0010774681872047773,-0.0010780490733470424
2023-12-15,-0.008757525998905336,0.0,-0.020469296055916186,-0.00974227401827384,-0.009790040458816339
2023-12-18,-0.007730535615681933,-0.02289087244457222,-0.02803261977573912,-0.019551342611997757,-0.019744998420992952
2023-12-19,0.02281580411797446,0.006335641667894354,0.02648138437336134,0.01854427671974338,0.01837442821870666
2023-12-20,0.0,0.0010248901903369134,0.04291187739463598,0.014645589194990963,0.014539378311686649
2023-12-21,0.0,0.00424162644434678,0.005878030859661987,0.003373219101336255,0.003367542559680652
2023-12-22,-0.00598476605005438,-0.0052432274978153615,-0.007061115169223253,-0.006096369572364331,-0.006115028305686754
2023-12-25,0.01532567049808442,0.014787701317716007,0.0071113290828836995,0.012408233632894708,0.012331882442105051
2023-12-26,0.012398921832884158,0.012552301255230214,0.0012174336498660399,0.008722885579326803,0.008685061013335436
2023-12-27,-0.0015974440894569453,-0.0031347962382447525,0.0036478599221791974,-0.00036146013517416686,-0.0003615254776350978
2023-12-28,0.006933333333333236,-0.0031446540880503138,0.004603828446813507,0.002797502564032143,0.0027935968362276923
2023-12-29,0.0,-0.005162030398623396,-0.00578871201157749,-0.003650247470066962,-0.0036569258802164302
2024-01-02,-0.017478813559321904,-0.0020178725857595836,-0.0082484230955846,-0.009248369746888696,-0.00929140143920302
2024-01-03,0.012398921832884158,0.00418833044482958,0.017612524461839474,0.011399925579851068,0.011335436082421031
2024-01-04,-0.0015974440894569453,0.00934848266935151,0.0,0.0025836795266315216,0.002580347564597438
2024-01-05,0.0016000000000000458,0.001994870333428045,0.01514423076923066,0.006246367034219583,0.006226939343342992
2024-01-08,0.0021299254526090383,-0.0009954493742888593,-0.014918304522850923,-0.004594609481510247,-0.004605197142881336
2024-01-09,-0.0058448459086077875,-0.007259786476868424,-0.011538461538461608,-0.008214364641312605,-0.00824828843722462
2024-01-10,-0.012292891501870629,-0.01964439346142799,-0.01045719844357973,-0.014131494468959449,-0.014232294803326068
2024-01-11,0.005411255411255311,0.003217785578470078,0.004669451953797088,0.004432830981174159,0.004423034924759763
2024-01-12,-0.012917115177610294,-0.0032074646449919975,-0.012964774951076397,-0.00969645159122623,-0.009743768295820637
2024-01-15,-0.0016357688113414204,0.007459412022816858,0.02379182156133841,0.009871821590937949,0.009823413483596433
2024-01-16,0.025669033315128376,0.0031939605110336,0.03267973856209139,0.020514244129417786,0.020306661160960866
2024-01-17,-0.005324813631522929,0.0,0.013595874355368132,0.002757020241281734,0.0027532266320815777
2024-01-18,0.0,-0.0011577424023154759,0.02127659574468077,0.006706284447455098,0.00668389735564393
2024-01-19,0.005353319057815886,0.007389162561576512,0.0043025362318842575,0.005681672617092218,0.005665592793340502
2024-01-22,0.018104366347177825,0.0010067596720839678,0.0020293122886132497,0.007046812769291681,0.0070221000137086825
2024-01-23,0.001569037656903749,-0.008333333333333304,-0.016201620162016206,-0.00765530527948192,-0.007684757535901951
2024-01-24,-0.0031331592689294308,-0.006230078238191772,-0.021957913998170153,-0.010440383835097117,-0.010495266977339273
2024-01-25,0.0,0.0010205569324972519,0.018007483629560506,0.0063426801873525855,0.006322650043288903
2024-01-26,0.0031430068098479147,0.008447422079813638,-0.006662072134160368,0.001642785585167061,0.0016414376889287382
2024-01-29,-0.012010443864229559,0.0,-0.0067067530064754965,-0.006239065623568351,-0.006258609928034823
2024-01-30,0.0,-0.003177354130560306,0.017927823050058134,0.004916822973165942,0.004904774875195406
2024-01-31,-0.008985200845666008,0.0011590843233844073,-0.008691674290942308,-0.005505930271074636,-0.0055211437738376746
2024-02-01,0.0037333333333333663,0.043849493487698954,0.026534379326257573,0.024705735382429962,0.024405483941110244
2024-02-02,0.0015940488841659217,0.02093442395674483,0.02607327489323441,0.016200582578048385,0.016070753468068556
2024-02-05,0.003713527851458842,0.014801738185768576,0.0,0.006171755345742472,0.006152788064658362
2024-02-06,0.001585623678646897,0.005754047905794035,-0.008543263964950754,-0.0004011974601699406,-0.0004012779614029442
2024-02-07,0.0036939313984170052,0.007716870675891441,-0.00839593460008825,0.0010049558247400654,0.001004451194694197
2024-02-15,0.019453207150368135,-0.008581991021916924,-0.016042780748663277,-0.0017238548734040213,-0.0017253424210062328
2024-02-16,-0.0036101083032491488,0.01052070848315334,0.009737318840579823,0.005549306340161338,0.005533965666961793
2024-02-19,0.02122153209109734,-0.0009225092250921829,0.010764745458623048,0.010354589441542734,0.010301347894470306
2024-02-20,0.0,-0.00672734467748326,0.0,-0.0022424482258277534,-0.002244966277955829
2024-02-21,-0.01368474404460207,0.01540504648074359,-0.014865764366540968,-0.004381820643466482,-0.00439144895619635
2024-02-22,-0.008735868448098705,-0.012294009939837758,-0.01734234234234222,-0.012790740243426227,-0.012873246056756566
2024-02-23,-0.005184033177812242,-0.006620762711864403,-0.028879211551684714,-0.013561335813787118,-0.013654130631123123
2024-02-26,0.014069828035434995,0.03945614502799266,0.008024545669105487,0.020516839577511048,0.020309204432461217
2024-02-27,0.05344295991777992,-0.0010259040779686535,0.009131350971669505,0.020516135603826924,0.02030851461148068
2024-02-28,0.008292682926829276,0.005648267008985908,0.012296983758700808,0.008745977898171997,0.008707953380364486
2024-02-29,0.013062409288824295,0.004595353586928752,0.019711207884483217,0.012456323586745421,0.012379381869845331
2024-03-01,-0.0047755491881567025,0.016518424396442244,0.008766014834794333,0.006836296681026624,0.006813035159801359
2024-03-04,-0.0014395393474089246,0.00537500000000013,0.017156862745097978,0.007030774465896394,0.007006173811563072
2024-03-05,0.011052378664103912,-0.006340917568071647,0.05476451259583781,0.01982532456395669,0.019631362203657524
2024-03-06,-0.01093155893536124,-0.014389389389389495,-0.025960539979231534,-0.017093829434660757,-0.01724161551152696
2024-03-07,0.006246996636232627,0.020185349752443793,0.006183368869935979,0.010871905086204132,0.010813230810469813
2024-03-08,-0.022445081184336302,-0.011697361871577883,-0.02564102564102566,-0.019927822898979947,-0.020129059926473444
2024-03-11,-0.013190034196384981,0.0,-0.028273162244454086,-0.013821065480279688,-0.013917465671998634
2024-03-12,0.00990099009900991,0.017250062956434276,0.007609668755595322,0.011586907270346503,0.011520293134371746
2024-03-13,0.020098039215686203,0.045550191855427524,0.03864948911594834,0.03476590672902069,0.03417522406203074
2024-03-14,-0.014896684286400674,0.0,-0.026946107784431073,-0.013947597356943914,-0.014045779094925845
2024-03-15,-0.007804878048780495,-0.008523736237717516,0.00219780219780219,-0.00471027069623194,-0.00472139897981774
2024-03-18,-0.01671583087512285,-0.025791044776119376,-0.030701754385964897,-0.02440287667906904,-0.024705561270251062
2024-03-19,0.00649999999999995,-0.008947174898884747,-0.008597285067873384,-0.0036814866555860597,-0.003688280005794327
2024-03-20,0.00695479384003983,0.022384368043532055,0.05499771793701491,0.028112293273528932,0.027724395769174147
2024-03-21,0.008386778490379942,0.01487843232127739,0.010382868267359013,0.011216026359672115,0.011153593137388037
2024-03-22,0.009784735812133016,-0.011203814064362438,0.012202954399486154,0.00359462538241891,0.0035881801574273115
2024-03-25,-0.011627906976744318,-0.007835101253616084,-0.016074450084602288,-0.011845819438320896,-0.01191654020922318
2024-03-26,0.011764705882353121,0.008747418296683351,0.007093723129836693,0.009201949102957721,0.00915986911757928
2024-03-27,0.0014534883720931369,0.0016861375406480583,0.04226254002134455,0.015134055311361914,0.015020677971107711
2024-03-28,-0.0014513788098694524,0.01659252134182987,0.005938971943477256,0.00702670482514589,0.007002132575607937
2024-03-29,-0.009689922480620172,-0.0052040212891779625,0.001832247557003397,-0.004353898737598246,-0.004363404556322529
2024-04-01,-0.004892367906066619,0.0026156223992390704,0.005893111156269004,0.0012054552164804848,0.0012047292387049094
2024-04-02,0.009832841691248762,0.0016601446697497302,0.003838383838383752,0.005110456733127414,0.005097442668827295
2024-04-03,-0.015092502434274513,-0.016218775896768123,-0.027168444355000876,-0.019493240895347836,-0.019685739841039263
2024-04-04,-0.011369253583786487,-0.009506618531889166,0.010136532892014882,-0.0035797797412202566,-0.0035862024853055125
2024-04-05,-0.0050000000000001155,-0.0026728222573199067,0.005938971943477256,-0.0005779501046142554,-0.0005781171821540564
2024-04-08,0.005025125628140836,-0.009623583871360752,-0.019747557003257254,-0.00811533841549239,-0.00814844702098214
2024-04-09,0.010000000000000009,0.0035670356703567663,0.05607476635514019,0.02321393400849899,0.022948589259062246
2024-04-10,-0.008415841584158312,0.00698615026351268,-0.015142576204523195,-0.005524089175056275,-0.00553940337972382
2024-04-11,0.008487269096355332,0.009737098344693162,0.005790734824281163,0.00800503408844322,0.007973163772066557
2024-04-12,0.0014851485148514865,0.005183220829315438,-0.005757395274965216,0.0003036580230672361,0.0003036119283008772
2024-04-15,-0.04794859120118633,-0.03369708598153254,-0.0403354632587859,-0.04066038014716825,-0.041510127215893276
2024-04-16,-0.005711318795431075,0.012534127575080767,0.0,0.0022742695932165637,0.0022716873565190774
2024-04-17,-0.012010443864229559,-0.010663071454835249,-0.010195588847274228,-0.010956368055446345,-0.011016831098432414
2024-04-19,-0.007399577167019111,-0.025024777006937504,-0.024174900147151512,-0.018866418107036043,-0.01904665958096762
2024-04-22,0.007454739084132189,0.011944091486658204,0.008186126669538885,0.009194985746776425,0.009152969229791013
2024-04-23,-0.014270613107822627,0.018081366147664424,0.02478632478632492,0.009532359275388905,0.009487213012226816
2024-04-24,0.043431635388740064,0.06943759250123338,0.05025020850708928,0.05437314546568757,0.052946415422120925
2024-04-25,-0.008735868448098705,0.025833237227540273,0.028588445503275883,0.015228604760905816,0.015113813499524965
2024-04-26,-0.005184033177812242,0.0,0.02045937077784199,0.005091779200009916,0.005078859928460016
2024-05-02,-0.0020844189682127645,0.033277121978639634,0.012672593153016942,0.014621765387814605,0.014515898106258173
2024-05-03,0.01096605744125334,-0.010989010989010839,0.0018677624206200338,0.0006149362909541785,0.0006147472951095121
2024-05-06,0.022727272727272707,0.013531353135313395,0.046607009694257906,0.027621878518948,0.027247276917317355
2024-05-07,0.028787878787878807,0.0289807880169326,0.017278232988956255,0.02501563326458922,0.02470786443951436
2024-05-08,0.0181639666175748,-0.0023206751054851704,-0.003326912974960572,0.004172126179043019,0.004163446992682056
2024-05-09,-0.008196721311475308,-0.005286529921759375,-0.0035137034434293835,-0.005665651558888022,-0.005681762243181276
2024-05-10,0.0,0.005314625850340038,0.0,0.0017715419501133458,0.0017699746204599826
2024-05-13,-0.008264462809917439,-0.009938676252907563,-0.010225669957686812,-0.009476269673503937,-0.009521455203717307
2024-05-14,0.0,0.006193934216147001,0.030993943712148253,0.012395959309431749,0.012319758481175008
2024-05-15,0.033333333333333215,0.027594990447887824,0.011575673807878273,0.024167999196366436,0.02388057487586624
2024-05-16,0.012808349146110176,0.009708737864077888,-0.014688300597779702,0.0026095954708027867,0.0026061963887440693
2024-05-17,0.0,-0.0066489361702127825,-0.005026867741376284,-0.0038919346371963552,-0.0038995279229240612
2024-05-20,0.012646370023419173,-0.011121408711770142,0.0066202090592335505,0.0027150567902941933,0.002711377681428744
2024-05-21,-0.0046253469010176795,0.022492970946579094,0.008307372793354029,0.008724998946305147,0.008687156102873616
2024-05-22,-0.01719330855018597,0.01476728791119264,0.008238928939237944,0.001937636100081538,0.0019357613046436083
2024-05-23,0.03687943262411353,-0.0036130068245684432,0.01651344909771879,0.016593291632421292,0.01645712718184304
2024-05-24,-0.020519835841313228,-0.04079371474617244,-0.024284039524367862,-0.02853253003728451,-0.028947495066258433
2024-05-27,0.0,0.006825580174314672,-0.008238928939237833,-0.0004711162549743868,-0.00047122726510439103
2024-05-28,0.008845437616387342,0.031602002503128945,0.02509518864659044,0.021847542922035574,0.02161230543072527
2024-05-29,-0.018920166128287952,-0.00940248710949343,-0.016376836062806044,-0.014899829766862473,-0.015011947312542153
2024-05-30,-0.012229539040451654,-0.00520514390691984,0.03810504634397516,0.006890121132201221,0.006866492720581502
2024-05-31,0.012380952380952381,-0.0029752744434183853,0.012731481481481621,0.007379053139671872,0.007351961121049874
2024-06-03,0.014111006585136199,0.01708170405433207,0.006367346938775498,0.01252001919274792,0.01244229184531307
2024-06-04,0.010204081632653184,0.016086604613516853,-0.0032446463335497056,0.007682013304206777,0.007652656888401791
2024-06-05,-0.0018365472910928382,0.007169172558000536,-0.02815755208333326,-0.007608308938808521,-0.007637399769884402
2024-06-06,0.0018399264029440587,-0.0035590706870983757,-0.0016747613465081246,-0.0011313018768874805,-0.0011319422818956255
2024-06-07,0.0,0.017164401230280735,0.00318738466700208,0.006783928632427605,0.006761021331222861
2024-06-10,0.0,0.014143581740148292,0.014548494983277704,0.009564025574475332,0.00951857981504676
2024-06-11,-0.006887052341597921,0.01731268635183225,-0.011043349266523839,-0.00020590508542983653,-0.00020592628679230165
2024-06-12,0.01710587147480358,0.04349059279568879,0.01766666666666672,0.02608771031238636,0.02575323072862309
2024-06-13,-0.0031818181818181746,-0.015130923258131701,0.009498853586636047,-0.0029379626177712757,-0.0029422869017429907
2024-06-14,-0.013679890560875596,0.007727690892364247,-0.015736534717715744,-0.007229578128742364,-0.00725583817126853
2024-06-17,0.012020342117429639,-0.016797516888807817,-0.015823306411735683,-0.006866827061037954,-0.006890512208128244
2024-06-18,-0.001827318410232981,-0.006220984215413172,0.0031820465583654034,-0.0016220853557602495,-0.001623402360599792
2024-06-19,-0.0013729977116705427,0.027282070447538054,0.01769616026711196,0.014535077667659824,0.014430455997133688
2024-06-20,0.0,0.013733515234197302,0.0031167979002624246,0.005616771044819909,0.0056010558048101775
2024-06-21,-0.010540788267644374,0.020994078593217225,0.0,0.003484430108524283,0.0034783735469663245
2024-06-24,-0.012042612320518842,-0.029349736379613356,-0.023548650858544518,-0.021646999852892236,-0.0218847332250833
2024-06-25,0.0,-0.015933369545536813,0.0,-0.005311123181845604,-0.005325277335117213
2024-06-26,0.007032348804500765,0.013799448022079108,0.009713615809747056,0.010181804212108975,0.0101303188247662
2024-06-27,-0.0018621973929235924,0.007622504537205144,0.012771603914413676,0.006177303686231742,0.006158302356986904
2024-06-28,-0.018656716417910557,-0.01729106628242072,-0.008024893547330492,-0.01465755874922059,-0.014766042136262736
2024-07-01,0.001425855513307983,-0.014571114369501537,0.05448241703813772,0.013779052727314722,0.013684984707427825
2024-07-02,0.012339819648789607,-0.004649865153910526,0.00313136057617025,0.0036071050236831104,0.0036006150224190195
2024-07-03,0.0018752930145335966,0.023451368775109893,-0.007647885125643739,0.005892925554666583,0.005875630182501208
2024-07-04,-0.0018717828731867892,0.036607631915281935,-0.006134004403900661,0.009533948212731494,0.009488786945026048
2024-07-05,-0.0014064697608999754,0.02131219726992506,0.007754391517645232,0.009220039675556771,0.009177794578855574
2024-07-08,0.00516431924882621,0.006553418987669257,0.021356783919598055,0.01102484071869784,0.010964510180301819
2024-07-09,0.007006071929005042,-0.015077529341214757,-0.0030750307503075724,-0.0037154960541724287,-0.00372241565478669
2024-07-10,-0.0018552875695732052,-0.025484909106723408,-0.02390499691548431,-0.017081731197260308,-0.01722930694809849
2024-07-11,-0.0037174721189590088,-0.007408068546947644,-0.006162110917996566,-0.005762550527967739,-0.005779218084864335
2024-07-12,-0.012126865671641895,0.00602463807211584,0.0,-0.002034075866508685,-0.002036147408416322
2024-07-15,-0.0014164305949009304,-0.0082230961744727,-0.007631160572337037,-0.005756895780570222,-0.005773530579007631
2024-07-16,0.0,0.009733237202595557,-0.003204101249599578,0.0021763786509986596,0.002174013769612385
2024-07-17,-0.008983451536642928,-0.015619421635130304,-0.009321761491481784,-0.011308211554418338,-0.011372635519040346
2024-07-18,0.007156488549618256,-0.030374467313446396,0.023685918234912506,0.00015597982369478826,0.00015596766010692143
2024-07-19,-0.00710563713879675,-0.014774639985038363,0.009191759112519682,-0.00422950600377181,-0.0042384756647140245
2024-07-22,-0.005248091603053395,-0.015091116173120755,-0.004554020100502543,-0.008297742625558898,-0.008332360525187318
2024-07-23,-0.009112709832134303,0.011274934952298477,-0.04290897617920808,-0.013582250353014634,-0.01367533292347613
2024-07-24,-0.0033881897386254245,0.004002287021154904,-0.017636393604747003,-0.005674098774072507,-0.005690257626126604
2024-07-25,-0.012627489072365328,-0.007972665148063829,-0.006543624161073791,-0.00904792612716765,-0.009089107201182188
2024-07-26,0.0034431874077718305,0.024014542671259242,0.0,0.009152576693010358,0.009110945690771755
2024-07-29,0.016666666666666607,0.007754835092964596,0.01638236784326974,0.013601289867633648,0.013509622584789216
2024-07-30,0.0,-0.007695160393102141,0.016118311731472268,0.0028077171127900424,0.0028037828375980255
2024-07-31,-0.025072324011571778,0.0046715874054004125,0.01275551921504503,-0.0025484057970421112,-0.0025516585104262447
2024-08-01,-0.01829871414441131,-0.029573142378871098,-0.026642984014209614,-0.024838280179164004,-0.02515195525570534
2024-08-02,0.020654911838790868,-0.012841399137517917,0.01293961512939612,0.00691770927688969,0.006893891705006535
2024-08-05,-0.04787759131293201,-0.03727793418114744,-0.02063544055027855,-0.03526365534811933,-0.035900432951308216
2024-08-06,0.013478486262312073,0.018553998184934972,0.011204013377926536,0.014412165941724526,0.014309297867987856
2024-08-07,-0.009718670076726443,0.009900009900009943,0.0,6.0446607761166504e-05,6.0444780938588033e-05
2024-08-08,-0.017045454545454475,-0.004901480247034629,0.0016537125847528866,-0.006764407402578738,-0.006787389706076293
2024-08-09,0.01734104046242768,0.04531573244015363,0.05134555060260859,0.038000774501729964,0.037296530891520616
2024-08-12,-0.007747933884297398,0.02440863255112613,0.01523241206030157,0.010631036909043434,0.010574924772623673
2024-08-13,-0.017178552837064154,-0.0022999080036798514,0.0013921113689092657,-0.006028783157278246,-0.0060470296434923685
2024-08-14,0.0021186440677967155,-0.001567542646380815,-0.0013901760889710735,-0.0002796915558517243,-0.0002797306768296398
2024-08-15,-0.01004228329809731,-0.006187661618027307,-0.010518174787316426,-0.008916039901147014,-0.008956025638632584
2024-08-16,0.01601708489054987,0.014775578477836726,0.047053306237298864,0.025948656535228484,0.02561770313309189
2024-08-19,0.009458749343142392,-0.00073260073260073,0.0,0.002908716203513887,0.00290449407387405
2024-08-20,-0.001561686621551317,0.007606304985337209,0.007166318303971186,0.0044036455559190255,0.0043939778804477254
2024-08-21,0.01355578727841511,0.015279672578444758,0.0044470797509637006,0.011094179869274521,0.011033090862148822
2024-08-22,-0.015432098765432167,0.00223954134193316,0.002804014167650415,-0.0034628477519495307,-0.0034688572866394493
2024-08-23,0.011494252873563093,-0.005273507329281224,0.0,0.0020735818480939563,0.0020714349445947267
2024-08-26,-0.0020661157024792765,-0.012040614610477118,-0.002796173657100831,-0.005634301323352409,-0.005650233873094851
2024-08-27,-0.009316770186335366,0.00763983628922249,0.0,-0.0005589779657042917,-0.0005591342521305226
2024-08-28,-0.002089864158829613,0.006047477209134344,-0.005755608028335302,-0.0005993316593435236,-0.000599511330354406
2024-08-29,-0.00366492146596864,0.002960703391351238,-0.0043045866112514375,-0.0016696015619562796,-0.001670996899966085
2024-08-30,-0.00420388859695231,0.008229716432596623,0.010137149672033496,0.00472099250255927,0.004709883567201024
2024-09-04,-0.009498680738786236,-0.01330849081714136,-0.010035419126328327,-0.01094753022741864,-0.011007895407168384
2024-09-05,-0.007991475759190125,-0.01807391421634741,-0.01744186046511631,-0.01450241681355128,-0.014608604765328418
2024-09-06,0.01396348012889348,0.011538461538461497,0.0015172204521318733,0.009006387373162282,0.008966071751001196
2024-09-09,0.007944915254237461,-0.006065544088357688,-0.007423117709438154,-0.00184791551451946,-0.0018496250167289283
2024-09-10,-0.01786652653704679,-0.009928044448492601,0.0044261294261296324,-0.007789480519803252,-0.007819976994212476
2024-09-11,0.008025682182985383,0.004599816007359703,0.0,0.004208499396781695,0.004199668431267408
2024-09-12,-0.009554140127388533,0.013003663003662957,-0.0044066251329586414,-0.00031903408556140556,-0.0003190849877619265
2024-09-13,-0.004287245444801857,0.005333574398842744,-0.004426129426129299,-0.0011266001573628042,-0.0011272352483606433
2024-09-16,-0.005920344456404658,-0.014297275424871803,-0.01640349532423746,-0.012207038401837973,-0.012282156231872524
2024-09-17,0.016242555495397992,0.013683634373289566,0.010598503740648413,0.01350823120311199,0.013417808438962626
2024-09-18,-0.00586041555673944,0.012868970482361242,0.020974706971005563,0.009327753965542454,0.009284519116592307
2024-09-19,0.005894962486602262,0.004442470013327426,0.0,0.003445810833309896,0.003439887630085596
2024-09-20,0.015982951518380473,0.0007076514816453106,-0.0028700906344411026,0.004606837455194894,0.00459625845756464
2024-09-23,0.0015731515469323831,-0.009634933262618106,-0.0103014694743222,-0.006121083730002641,-0.006139894363275037
2024-09-24,0.0057591623036648,0.003748661192431113,0.01178631562834842,0.0070980463748147775,0.007072973817846005
2024-09-25,0.013534617386777636,0.0022230126267117623,0.008925869894099936,0.00822783330252978,0.008194169211067977
2024-09-26,-0.005649717514124242,-0.003637654156685266,-0.005847953216374324,-0.005045108295727943,-0.005057877821785968
2024-09-27,0.0,-0.0008014247551202391,-0.01176470588235301,-0.004188710212491083,-0.004197507433714315
2024-09-30,0.011880165289256173,0.0022279654219765632,0.00885225885225882,0.007653463187830519,0.007624324021034356
2024-10-01,0.014803471158754355,0.010403699093010754,-0.00438729198184562,0.006939959423306496,0.006915988744696606
2024-10-02,-0.016599597585512993,-0.0036082020593153352,-0.005926151040875238,-0.008711316895234522,-0.008749482224767227
2024-10-03,-0.004092071611253245,-0.010422186892775076,-0.016202996025680205,-0.010239084843236174,-0.010291864860936684
2024-10-04,0.0,0.0008032845412351275,0.0013983840894966626,0.0007338895435772633,0.0007336203783298336
2024-10-07,0.007704160246533309,0.0,-0.001396431342125748,0.002102576301469187,0.0021003689814151462
2024-10-08,0.02089704383282376,-0.0022295549808257764,-0.016625233064014866,0.0006807519293277053,0.000680520322838146
2024-10-09,0.020469296055916075,0.011977118341079729,-0.015326275872965645,0.005706712841343386,0.005690491241033144
2024-10-10,-0.008806262230919737,0.0464582229288113,0.012516046213093768,0.016722668970328442,0.01658438466723985
2024-10-11,0.0014807502467915068,-0.01477042538825113,-0.0077654516640254245,-0.007018375601828349,-0.0070431202459795336
2024-10-14,-0.008871365204534243,-0.014392187098432374,-0.013895543842836533,-0.012386365381934383,-0.01246371579630094
2024-10-15,0.00348085529587272,-0.004345936549326357,0.012471655328798015,0.0038688580251147924,0.003861393241170425
2024-10-16,-0.001982160555004886,-0.005063291139240533,0.017117261238201786,0.0033572698479854557,0.0033516467994488073
2024-10-17,0.005958291956305928,0.0050890585241729624,0.0045611827618747824,0.005202844414117891,0.005189356382976026
2024-10-18,-0.011352418558736477,0.0,-0.0014091122592766459,-0.004253843606004374,-0.004262916938884648
2024-10-21,-0.007488766849725548,-0.010912265386294195,0.0014111006585135755,-0.005663310525835389,-0.005679407873848187
2024-10-22,-0.0035211267605633756,-0.017740511915269153,0.007671833411617479,-0.0045299350880716825,-0.004540226334903463
2024-10-23,-0.00757193336698625,0.008266690628088602,-0.009011808576755764,-0.0027723504385511375,-0.0027762005195237243
2024-10-24,0.0,0.0008020675519115894,-0.004703668861712251,-0.001300533769933554,-0.0013013801979286411
2024-10-25,0.0,-0.002315227070347148,0.001575299306868283,-0.00024664258782628823,-0.0002466730091115789
2024-10-28,0.011190233977619535,0.006783291681542236,0.0,0.00599117521972059,0.005973299491676914
2024-10-29,0.0115694164989939,0.0037234042553191404,0.015256369927650226,0.010183063560654421,0.010131565479333932
2024-10-30,-0.001989060169070078,0.003621268327150595,-0.00743609604957407,-0.0019346292971645176,-0.0019365031095681863
2024-10-31,-0.003986048829098254,0.0,0.007491805837365417,0.0011685856694223877,0.0011679034046604851
2024-11-01,-0.013006503251625667,-0.009504532253806208,-0.00743609604957407,-0.009982377185001981,-0.010032535188703893
2024-11-04,-0.009123162696401454,-0.013416259440248712,-0.013734977368503154,-0.012091466501717774,-0.012165162950712526
2024-11-05,0.007672634271099765,-0.0015309798270893848,0.007754391517645232,0.00463201532055187,0.004621320550429817
2024-11-06,0.016751269035533145,0.01515288175340479,0.0,0.010634716929645977,0.010578566075698797
2024-11-07,0.0,0.0036428254109284186,-0.003140703517587995,0.00016737396444680796,0.000167359958987565
2024-11-08,0.001997004493260013,0.005223087818696959,-0.005986137366099542,0.00041131831528580954,0.0004112337470964002
2024-11-11,0.025909317389138042,0.018405988551299046,-0.030903328050713164,0.004470659296574642,0.004460695584505765
2024-11-12,-0.0072850898494414285,-0.010895883777239712,-0.034832379394930446,-0.01767111767387053,-0.017829115978674627
2024-11-13,-0.016144814090019666,0.007343941248469932,0.018129447644866126,0.003109524934438797,0.0031047003606142357
2024-11-14,-0.02784684236698154,-0.013018573164381153,-0.009818605425195637,-0.01689467365218611,-0.01703901671343391
2024-11-15,-0.01534526854219953,-0.015476609215617332,-0.022857142857142798,-0.017893006871653218,-0.018055022256908325
2024-11-18,-0.0036363636363636598,0.0007145409074671427,-0.016683866529067726,-0.006535229752654747,-0.006556677863237159
2024-11-19,-0.013555787278414888,-0.029810781863620184,-0.023613783452859916,-0.022326784198298325,-0.02257979995499861
2024-11-20,0.005813953488372103,0.018491260349585925,-0.012182013615191667,0.004041066740922121,0.004032923561435794
2024-11-21,0.009458749343142392,0.004516303856923587,0.033369604642727646,0.01578155261426454,0.015658318769488866
2024-11-22,0.00989068193649123,0.00674399784192059,0.005089505089505231,0.00724139495597235,0.0072153019463215675
2024-11-25,0.0077319587628867925,0.0,0.0,0.0025773195876289305,0.0025740039951729164
2024-11-26,0.002046035805626456,0.009735619864237322,0.016937314475292453,0.00957299004838541,0.009527459325293737
2024-11-27,-0.0020418580908626582,0.027333038478549287,0.003434065934065922,0.009575082107250851,0.00952953154465624
2024-11-28,0.003580562659846631,0.003616325124849329,-0.003422313483915085,0.0012581914335936248,0.0012574005740508016
2024-11-29,0.013251783893985625,0.035175017158544986,0.008413461538461453,0.018946754196997356,0.018769499879275224
2024-12-02,0.005533199195171035,-0.007707608155146595,-0.0017027073046141927,-0.001292372088196584,-0.0012932079212195488
2024-12-03,0.00400200100050041,0.019711016453687558,-0.009892546477912378,0.00460682365875853,0.0045962447243946625
2024-12-04,-0.010961634280019839,-0.010402162339258059,-0.028423772609819098,-0.016595856409698996,-0.016735110478193264
2024-12-05,0.04282115869017611,0.03492799205429575,0.049822695035460995,0.04252394859331095,0.04164464669872197
2024-12-06,-0.008695652173912993,0.006717850287907723,0.0016889039013681106,-9.629932821238652e-05,-9.630396529039432e-05
2024-12-09,0.0014619883040936088,-0.016761995551318742,0.0,-0.005100002415741711,-0.005113051814948174
2024-12-10,0.00924574209245721,0.017047749858608796,-0.0048895633114145465,0.00713464287988382,0.0071093117298144685
2024-12-11,-0.005303760848601735,0.006673021925643452,-0.013215859030836996,-0.003948865984598426,-0.0039566833424661725
2024-12-12,-0.009209888511875763,-0.0019728535353534804,0.0,-0.003727580682409748,-0.003734545424427273
2024-12-13,-0.010763209393346518,-0.004665137977385991,0.016655219780219666,0.0004089574698290521,0.00040887386951485966
2024-12-16,-0.007418397626112738,0.00262154432793138,0.0,-0.001598951099393786,-0.001600230785989021
2024-12-17,0.0,-0.012677283891926128,-0.01148454652930253,-0.008053943473742886,-0.008086551677585528
2024-12-18,0.0129546586945688,0.004734772490169403,-0.0015376729882112805,0.0053839193988423064,0.005369477916125463
2024-12-19,-0.018199704869650613,-0.003993610223642197,-0.006673511293634471,-0.009622275462309093,-0.009668868684293066
2024-12-20,-0.005511022044088154,0.009462710505212524,0.013264427217915653,0.005738705226346673,0.0057223015846980686
2024-12-23,0.011083123425692731,0.0019860184302509243,0.006630397823869538,0.006566513226604398,0.006545047596945819
2024-12-24,-0.010961634280019839,0.003964163957821398,0.00489782131396721,-0.0006998830027437437,-0.0007001280351885413
2024-12-25,0.016624685138538986,0.0026849877596146765,0.01478991596638668,0.011366529621513447,0.01130241599920304
2024-12-26,-0.005450941526263575,-0.006615736000630146,-0.011262007287181186,-0.007776228271358302,-0.007806620796424667
2024-12-27,-0.005480817140009919,-0.001347815745659231,-0.0016750418760469454,-0.002834558253905365,-0.00283858322195639
2024-12-30,-0.004008016032064243,0.006033661479834862,-0.006543624161073791,-0.0015059929044343907,-0.0015071280515739972
2024-12-31,-0.0035211267605633756,0.013257575757575912,0.0,0.0032454829990041785,0.003240227786454513
2025-01-02,0.013124684502776374,-0.003271028037383217,-0.00658672521533521,0.0010889770833526495,0.0010883845779194956
2025-01-03,-0.014947683109118093,-0.0196905766526021,-0.03298197891873511,-0.022540079560151766,-0.022797990070797747
2025-01-06,-0.020738492665655084,0.0019926669854932744,-0.02725035161744027,-0.015332059099200691,-0.01545081048311781
2025-01-07,0.0,0.005329727149789187,0.0018073377914331612,0.002379021647074116,0.002376196255300357
2025-01-08,0.00774793388429762,-0.011948093052698172,0.01749954898069639,0.0044331299374319455,0.004423332561599256
2025-01-09,-0.009738595592004184,0.0033634980379595447,-0.006914893617021245,-0.0044299970570219616,-0.004439838569988898
2025-01-10,-0.017080745341614967,-0.010136483358608062,-0.0033922513836814883,-0.01020316002796817,-0.01025556906185846
2025-01-13,0.013691416535018597,0.002096436058700357,-0.0035829451809388235,0.00406830247092671,0.004060049305106766
2025-01-14,-0.002077922077922012,-0.016977792082394583,-0.0017979144192735719,-0.0069512095265300555,-0.006975481729649721
2025-01-15,0.013534617386777636,0.0027830072849308607,0.0018011527377521652,0.006039592469820221,0.006021427234936601
2025-01-16,0.004108885464817691,0.006856583136070515,0.008809780654440935,0.00659174975177638,0.006570119172924121
2025-01-17,0.007672634271099765,0.017105796513984695,-0.0017822135091783986,0.0076654057586353535,0.007636175813809182
2025-01-20,-0.0020304568527917954,0.006695361071257899,-0.0033922513836814883,0.0004242176115948719,0.00042412765674326735
2025-01-21,-0.005595116988809767,-0.0007125890736342511,0.003403797921891716,-0.0009679693801841007,-0.0009684381650819536
2025-01-22,-0.005626598465473087,-0.0013469614135170893,-0.005177646848776973,-0.004050402242589049,-0.004058627339231871
2025-01-23,0.019032921810699488,0.03078387813392558,0.031227566403445817,0.027014788782690292,0.026656330825887784
2025-01-24,-0.004038364462392696,-0.0058497536945811834,0.015315001740341172,0.001808961194455764,0.001807326994660111
2025-02-03,-0.005575266092245235,-0.051486528336946336,-0.008399040109701827,-0.02182027817963113,-0.02206186118746942
2025-02-04,0.017329255861366022,0.0048159333931923065,0.0,0.007381729751519442,0.007354618123181642
2025-02-05,-0.002004008016032066,0.0006498781478474491,-0.0032843560933449867,-0.0015461619871765344,-0.0015473585291460152
2025-02-06,0.0,0.0013800941711314962,-0.005029483177245941,-0.0012164630020381484,-0.0012172034937372313
2025-02-07,-0.005522088353413834,-0.002756384272395551,-0.003486142583231544,-0.003921538403013643,-0.003929247796458839
2025-02-10,-0.04694598687531548,-0.028046500284529707,-0.025362952597516197,-0.03345181325245379,-0.03402412462101079
2025-02-11,0.02754237288135597,0.023921043827366928,-0.017408470926058794,0.011351648594221367,0.011287702108308487
2025-02-12,-0.009793814432989545,-0.0026956379676523756,0.0,-0.004163150800213973,-0.004171840839522121
2025-02-13,0.0020822488287350893,-0.013105086411663636,-0.028493150684931523,-0.01317199608928669,-0.013259516222591843
2025-02-14,0.007792207792207684,0.012532160345256838,0.007332205301748385,0.009218857813070969,0.009176623512951848
2025-02-17,0.0020618556701033075,-0.008934426229508241,-0.019783501306457563,-0.008885357288620832,-0.008925067476836756
2025-02-18,0.014917695473251058,0.0020676536266643897,0.007235338918507139,0.00807356267280753,0.008041145828421694
2025-02-19,-0.001520527116066983,0.0007428194123473286,0.023818525519848643,0.007680272605376329,0.007650929458209594
2025-02-20,0.001522842639593902,-0.007010309278350446,0.01624815361890697,0.003586895660050141,0.003580478091333367
2025-02-21,-0.003547896604156109,-0.006976744186046546,0.024709302325581328,0.00472822051179289,0.004717077587519466
2025-02-24,0.04730417090539163,-0.010538641686182681,0.005141843971631088,0.013969124396946676,0.013872455392725828
2025-02-25,-0.0072850898494414285,-0.010650887573964374,-0.0017639795378372458,-0.00656665232041435,-0.006588307635774271
2025-02-26,0.009295499021526377,0.020078605604921362,0.006891676974730476,0.012088593867059405,0.012016110380475278
2025-02-27,0.025206010664081457,-0.0035178825697295135,-0.0017550017550016506,0.0066443754464500975,0.0066223988772539065
2025-02-28,-0.016075650118203333,-0.007060603513490804,-0.005098452883263049,-0.009411568838319062,-0.009456137513517196
2025-03-03,0.001922152811148603,0.001439092525184149,0.008658773634917738,0.0040066729904168295,0.003998667652247841
2025-03-04,-0.007194244604316613,-0.0035502958579881616,0.01191310441485638,0.0003895213175172012,0.0003894454737833293
2025-03-05,-0.010628019323671412,-0.006447234475737917,0.0015581717451524923,-0.005172360684752278,-0.005185783647889105
2025-03-06,0.0146484375,0.017930327868852514,0.03872082973206581,0.023766531700306105,0.023488504235768842
2025-03-07,0.00336862367661217,-0.0013420567018955776,0.0,0.0006755223249055309,0.0006752942624015702
2025-03-10,-0.003357314148681123,-0.014866453888795483,0.004826094192045272,-0.004465891281810444,-0.004475893163600705
2025-03-11,0.00673724735322434,-0.01295933157131901,0.012752567075190457,0.002176827619031929,0.002174461762542838
2025-03-12,-0.012428298279158811,-0.011574673922432277,-0.004742436631234637,-0.00958180294427524,-0.009628003779838974
2025-03-13,-0.0033881897386254245,0.0043694835270471355,-0.019060138021689044,-0.006026281411089111,-0.006044512726504832
2025-03-14,-0.005342399222923677,-0.037327068650482964,0.0,-0.014223155957802214,-0.014325274495570053
2025-03-17,0.0107421875,-0.010665220535068798,0.008040201005025116,0.0027057226566521058,0.0027020687785413123
2025-03-18,-0.008695652173912993,0.0,-0.003157195081422315,-0.003950949085111769,-0.003958774703662865
2025-03-19,-0.012670565302144166,-0.04156769596199528,-0.037172862143690644,-0.030470374469276692,-0.030944247230744713
2025-03-20,-0.003948667324777944,0.0032408731293489534,0.008310249307479367,0.002534151704016792,0.002530946156008493
2025-03-21,0.0,0.02394299287410928,0.004979395604395531,0.009640796159501603,0.009594620228814528
2025-03-24,0.0,0.007887167115152804,0.0,0.0026290557050509347,0.00262560578346858
2025-03-25,0.001982160555004997,-0.019425520162032806,0.003417051084913636,-0.004675436174038057,-0.004686400213539748
2025-03-26,0.012858555885262302,-0.02769692986574035,0.004937851183381747,-0.0033001742656987663,-0.0033056318514214054
2025-03-27,-0.001953125,0.02607184241019711,-0.0066079295154185536,0.005836929298259519,0.005819960425166301
2025-03-28,-0.012720156555773077,-0.017410126105778412,-0.009892546477912378,-0.013340943046487955,-0.013430732908998702
2025-03-31,-0.014866204162537255,-0.02423139546020492,-0.013436692506459846,-0.017511430709734006,-0.0176665696165617
2025-04-01,0.009557344064386353,-0.0041224970553592755,-0.006809848088004222,-0.00045833369299238137,-0.00045843875998450223
2025-04-02,0.009466865969108174,0.012418687167356612,0.0035161744022502717,0.008467242512905019,0.00843159648936199
2025-04-03,-0.07008884501480761,-0.06970404984423673,-0.0697266993693062,-0.0698398647427835,-0.07239851920894495
2025-04-04,-0.02972399150743088,-0.004395144411887819,-0.034839924670433176,-0.02298635352991729,-0.023254659309079485
2025-04-08,-0.06892778993435456,-0.06989699390372084,-0.06907317073170727,-0.06929931818992754,-0.071817555213033
2025-04-09,-0.0699177438307873,0.0019211210306249171,-0.058897505763990776,-0.04229804285471772,-0.043218658867550296
2025-04-10,0.06822488945041072,0.06936611775321455,0.069042316258352,0.06887777448732575,0.06660928919855476
2025-04-11,0.06800709639266689,0.05242063073515446,0.0697916666666667,0.06340646459816268,0.06147740124788387
2025-04-14,0.04318936877076429,0.0,0.0699123661148977,0.037700578295220666,0.03700728291449562
2025-04-15,0.01963906581740993,-0.02114652234916814,0.008918820531488958,0.0024704546665769156,0.0024674081100020968
2025-04-16,-0.013534617386777748,-0.06982696836285462,-0.005231823922063894,-0.029531136557232083,-0.029975959893649064
2025-04-17,0.0,0.013869014859658746,0.0,0.004623004953219581,0.00461235168660573
2025-04-18,-0.0015831134564642246,0.02008468135924435,-0.010700036271309443,0.0026005105438235603,0.002597135066988271
2025-04-21,-0.019556025369978913,0.0009578544061303873,-0.010632447296058611,-0.009743539419969045,-0.009791318310501312
2025-04-22,0.0037735849056603765,-0.011589580010632705,0.03057254030016665,0.007585515065064774,0.007556889713218019
2025-04-23,0.019871106337271627,0.0,0.026249550521395104,0.015373552286222242,0.015256576595742092
2025-04-24,0.0021063717746183652,0.014414802065404464,0.015241765942536789,0.01058764659418654,0.010531989967777761
2025-04-25,0.0036784025223330907,0.003605514316012748,0.013459879206212166,0.006914598681519335,0.006890802475225024
2025-04-28,-0.0015706806282722585,-0.025781910397294938,0.006640558487995829,-0.0069040108458571225,-0.006927953793956465
2025-04-29,-0.0062926061877294215,-0.0009761388286334549,-0.001691474966170392,-0.0029867399941777557,-0.0029912092032028203
2025-05-05,0.007915567282322122,-0.0072739116274019855,0.0032192477126398167,0.001286967789186651,0.0012861403559852826
2025-05-06,-0.00942408376963344,0.010170603674540812,-0.008106738726566531,-0.002453406273886386,-0.0024564208066505376
2025-05-07,-0.0021141649048627142,0.0,-0.006640558487995829,-0.0029182411309528478,-0.002922507498817139
2025-05-08,0.011652542372881491,0.04189671971419284,0.0032567706547823594,0.018935344247285563,0.01875830202860406
2025-05-09,-0.0015706806282722585,0.014858686616791461,0.001708525542456929,0.004998843843658711,0.004986391106057667
2025-05-12,-0.009963293130571649,0.019862803317292954,0.006651884700665134,0.005517131629128813,0.005501968005991667
2025-05-13,0.0158898305084747,0.010139544222467656,0.04439173161640109,0.023473702115781148,0.023202431715617013
2025-05-14,0.01355578727841511,0.056847545219638196,0.0077871512005189825,0.026063494566190757,0.025729630375842888
2025-05-15,0.0,-0.010250141056987072,0.004829362524146896,-0.0018069261776133918,-0.001808560637915225
2025-05-16,-0.013374485596707952,-0.03201900237529698,-0.007850048061518788,-0.017747845344507903,-0.017907226954228243
2025-05-19,-0.0057351407716370595,-0.02316450726344721,-0.0016147263038914783,-0.010171458112991916,-0.010223540865746734
2025-05-20,0.0,0.008440514469453486,0.015688177260229752,0.008042897243227745,0.008010725532578837
2025-05-21,0.0036706869428422273,-0.007473096851335237,-0.006050955414012682,-0.0032844551075018966,-0.0032898607698607645
2025-05-22,-0.0036572622779519337,-0.01274972392330087,0.0,-0.005468995400417601,-0.005484005106117511
2025-05-23,-0.002097535395909733,0.002643888549928697,-0.001602050624799789,-0.00035189915692694174,-0.00035196108796467745
2025-05-26,-0.0021019442984762104,0.0016227180527383922,0.004653401797175771,0.0013913918504793177,0.0013904247618007945
2025-05-27,0.0,0.014580801944106936,-0.003034659000159645,0.0038487143146490967,0.003841326962183888
2025-05-28,0.0021063717746183652,-0.005089820359281516,0.0014418455623197435,-0.000513867674114469,-0.0005139997493557884
2025-05-29,-0.0021019442984762104,-0.010933895074731748,-0.0014397696368579904,-0.004825203003355316,-0.004836881879143483
2025-05-30,0.00789889415481837,-0.005172413793103403,-0.03428388337071453,-0.010519134336333186,-0.010574851505296853
2025-06-02,-0.007836990595611382,-0.0034662045060659397,-0.01775049767750503,-0.00968456425972745,-0.009731764642827247
2025-06-03,0.01737756714060046,0.011253196930946174,0.02296909305860506,0.01719995237671723,0.017053707747813476
2025-06-04,-0.0015527950310559868,-0.0025290844714213057,-0.017665510979032573,-0.007249130160503288,-0.007275532779272164
2025-06-05,-0.007776049766718418,-0.0026369168356996653,0.006554621848739561,-0.0012861149178928404,-0.0012869426734858495
2025-06-06,0.011494252873563093,-0.015354891193817388,-0.019368842878610848,-0.007743160399621713,-0.007773294321425747
2025-06-09,0.009814049586776896,0.01043065165754431,0.0,0.006748233748107069,0.0067255663382595745
2025-06-10,-0.004092071611253245,-0.004292722812755501,0.0165162608547591,0.0027104888102501183,0.0027068220597512363
2025-06-11,-0.0035952747817155073,0.0189899404639704,0.006532663316582976,0.00730910966627929,0.007282527573256286
2025-06-12,0.026804123711340333,0.0009066183136898776,0.025794641371276406,0.01783512779876887,0.01767794803621471
2025-06-13,-0.015060240963855498,-0.013687600644122333,-0.004704737183646945,-0.011150859597208258,-0.011213496504270325
2025-06-16,0.013251783893985625,0.03112244897959182,0.017440912795436025,0.020605048556337824,0.02039563629073925
2025-06-17,0.004024144869215318,-0.0016823354774864185,0.0014418455623197435,0.0012612183180162142,0.0012604236502895153
2025-06-18,0.011022044088176308,-0.015067406819984086,-0.01087825947848342,-0.004974540736763733,-0.004986954951658651
2025-06-19,-0.00941526263627357,-0.008554750402576472,0.004690279799450137,-0.004426577746466634,-0.004436404050393712
2025-06-20,0.00400200100050041,0.0008121002943863864,0.0016097875080489654,0.002141296267645254,0.0021390069602667434
2025-06-23,-0.005480817140009919,-0.0017243128106299022,0.014143362262938108,0.002312744104099429,0.002310073827771953
2025-06-24,0.005511022044088154,0.0051818736029263235,-0.0015847860538827918,0.0030360365310438953,0.0030314370791860532
2025-06-25,0.007473841554558991,0.005155160214292742,0.0015873015873015817,0.0047387677853844385,0.004727575170861786
2025-06-26,0.006429277942631151,-0.0008045052292839916,-0.0077654516640254245,-0.0007135596502260886,-0.0007138143550852518
2025-06-27,0.002457002457002311,0.002516103059581276,0.020124580737901354,0.008365895418161646,0.008331095269977383
2025-06-30,-0.00686274509803908,0.00762975604858962,-0.004540472835447007,-0.001257820628298822,-0.0012586123486297202
2025-07-01,-0.001974333662389083,0.005081199561622007,-0.015256369927650226,-0.0040498346761391,-0.004058057464722652
2025-07-02,0.010880316518298905,-0.0016851704996034833,0.004631847947612178,0.004608997988769199,0.00459840908124199
2025-07-03,0.008806262230919737,-0.005064045278522444,0.009220985691573924,0.004321067547990405,0.004311758542540006
2025-07-04,0.006304558680892303,0.03812375249500999,0.013862633900441068,0.019430315025447786,0.019243956587823317
2025-07-07,0.014939759036144418,0.01067102480292248,0.0029521441889373,0.009520976009334733,0.00947593716739859
2025-07-08,0.047008547008547064,0.005612099305621676,0.010534469403563174,0.02105170523924397,0.02083317966251474
2025-07-09,0.0018140589569159982,-0.01362088535754824,0.007511881036332824,-0.0014316484547664734,-0.0014326742425774073
2025-07-10,0.01629696695337257,0.008918296892980404,0.004412659768715965,0.009875974538356312,0.009827525826163488
2025-07-11,0.033853006681514586,0.021861039825111783,-0.001514921981518036,0.018066374841702777,0.01790511722257119
2025-07-14,-0.009909521757862971,0.003906613338294118,0.016234258837809268,0.003410450139413471,0.003404647743116367
2025-07-15,-0.009573542210617902,-0.008616696006671032,0.004329650641982541,-0.004620195858435464,-0.004630901952215117
2025-07-16,0.023725834797891032,0.002336448598130758,0.01010851791288836,0.012056933769636716,0.011984827948463353
2025-07-17,-0.0038626609442059534,0.005594405594405494,0.007064017660044275,0.0029319207700812715,0.002927631073036088
2025-07-18,-0.0038776389487289453,-0.007881316643486236,0.002922694724535768,-0.002945420289226471,-0.0029497665760923296
2025-07-21,0.011678200692041507,0.006355140186915964,-0.009908203409587535,0.002708379156456645,0.002704718106480254
2025-07-22,0.009405728943993052,0.01634472511144125,0.005739514348785946,0.010496656134740082,0.010441948736558385
2025-07-23,-0.0021177467174926523,-0.0027412280701754055,0.0013169446883232183,-0.0011806766997816132,-0.0011813742476226938
2025-07-24,-0.014855687606112,-0.006230529595015688,0.0,-0.0070287390670425625,-0.007053557014435478
2025-07-25,0.0017233950883239757,-0.0035957956850452,0.00876808417360797,0.0022985611922955824,0.0022959235416126255
2025-07-28,0.011612903225806326,0.005459424447117556,0.0013037809647979959,0.006125369545907292,0.006106685727911354
2025-07-29,-0.037840136054421825,-0.04767163629670523,-0.0512152777777779,-0.04557568337630165,-0.04664693008241143
2025-07-30,0.0017675651789661462,0.0009663703131039814,0.007471790179932825,0.003401908557334317,0.0033961351564341193
2025-07-31,-0.017644464049404562,-0.019791465533886776,-0.02678976842742542,-0.02140856600357225,-0.02164105349014572
2025-08-01,0.00808262236192192,0.028858465478183826,-0.0015552099533435726,0.011795292628920723,0.011726270392965157
2025-08-04,0.00579064587973277,-0.0037334865020103303,0.027570093457943923,0.00987575094522212,0.00982730441961003
2025-08-05,0.043401240035429556,-0.007494955318535501,0.03440958011217221,0.023438621609688758,0.023168155204904547
2025-08-06,0.026740237691001756,-0.008519701810436708,0.044695193434935776,0.020971909771833608,0.02075502633768109
2025-08-07,0.05167424555601485,0.012401132701884698,0.0,0.021358459419299848,0.02113356416673476
2025-08-08,-0.017688679245283168,-0.005690586419753174,-0.005470612989199042,-0.00961662621807846,-0.009663164569611651
2025-08-11,0.0056022408963585235,0.007566204287515754,0.0012693935119885147,0.00481261289862093,0.004801069298933889
2025-08-12,0.01233585356148037,0.010397612400115497,0.0014086491055078643,0.008047371689034577,0.008015164268161058
2025-08-13,-0.014150943396226578,-0.02239161505478804,-0.018005345336896905,-0.018182634595970505,-0.01834997020147518
2025-08-14,0.0035885167464115852,-0.012280701754385892,0.014181349376880092,0.0018297214563019288,0.0018280495550964493
2025-08-15,-0.00715137067938032,-0.02318926386421949,-0.019491525423728784,-0.01661071998910953,-0.016750225008506876
2025-08-18,0.014405762304922076,-0.008889786847156245,-0.007058484586574432,-0.000514169709602867,-0.0005143019401759164
2025-08-19,-0.008678500986193383,-0.0019366017735195085,-0.028579718555056033,-0.013064940438256307,-0.01315103749673402
2025-08-20,-0.026661360923199262,-0.02593954248366015,0.020609318996415826,-0.010663861470147862,-0.010721127925770325
2025-08-21,0.0,0.04088907527783614,0.022973368451858267,0.021287481243231467,0.021064067858359427
2025-08-22,-0.05110384300899429,-0.026490733279613154,-0.009869832641968168,-0.029154802976858536,-0.02958824974128206
2025-08-25,-0.0021542438604050806,-0.0020693222969477842,-0.021381103727246553,-0.008534889961533138,-0.008571520710052563
2025-08-26,0.04835924006908465,0.012130637636080799,0.06982580454679654,0.043438560750654,0.0425215677477406
2025-08-27,-0.016474464579901205,0.050092194222495445,0.019042362356837206,0.017553363999810483,0.01740108315081952
2025-08-28,0.01298157453936355,-0.004780021461320949,0.030602572782667536,0.012934708620236712,0.012851769704866003
2025-08-29,0.014882182720132198,-0.027739658890413632,0.009065825778478587,-0.0012638834639342829,-0.001264682838254464
2025-09-03,0.023625254582484656,0.01572739187418093,-0.028124999999999956,0.003742548818888544,0.003735562907708168
2025-09-04,0.06008754476721068,0.017468982630272967,0.022374062165058994,0.033310196520847546,0.032767432108624775
2025-09-05,-0.03490990990990994,-0.015315578967905696,-0.032236928318700175,-0.0274874723988386,-0.027872321720412055
2025-09-08,0.003500583430571691,-0.014464038042401373,-0.01340555179417735,-0.008123002135335677,-0.0081561734732067
2025-09-09,-0.0019379844961240345,0.002010454362685987,0.027038155366456262,0.009036875077672738,0.00899628686589001
2025-09-10,0.0,-0.00882825040128421,-0.006548175865294548,-0.005125475422192919,-0.005138655727521061
2025-09-11,0.010485436893203914,0.007894736842105177,0.043718052192628365,0.020699408642645818,0.020488087062638983
2025-09-12,0.02920830130668728,-0.003916449086161844,0.0025776517592472903,0.009289834659924242,0.009246949538445024
2025-09-15,0.011575802837938687,0.002923681822764479,0.0062990101555469025,0.006932831605416689,0.006908910027588367
2025-09-16,-0.013289036544850474,0.01568154402895061,0.010091977516606843,0.004161495000235659,0.00415285992816713
2025-09-17,-0.025065469509914062,0.01939825811559781,-0.028708739091943825,-0.01145865016208669,-0.01152480635316793
2025-09-18,-0.0015349194167305624,-0.02378640776699037,0.006510416666666741,-0.006270303505684731,-0.0062900444230042565
2025-09-19,0.0034588777863182596,0.0,0.001293661060802087,0.0015841796157067822,0.0015829261268390951
2025-09-22,-0.029107621600919065,-0.03202386872202878,-0.026744186046511742,-0.029291892123153196,-0.029729465690570188
2025-09-23,0.00867850098619316,-0.01705537860885642,0.01699190229656189,0.002871674891299543,0.0028675595097682194
2025-09-24,0.014078998826750011,0.015365318281592932,0.01788278292651091,0.01577570001161795,0.015652557078412687
2025-09-25,-0.008484381025838705,-0.015132798023471228,-0.002436522185175649,-0.00868456707816186,-0.008722497697843218
2025-09-26,-0.008945935433683383,-0.0051217727605309404,-0.014012083815400533,-0.009359930669871619,-0.009404010090106602
2025-09-29,0.001962323390894749,-0.020487497373397834,-0.011473272490221786,-0.009999482157574957,-0.010049812780481634
2025-09-30,-0.015667841754798406,-0.026171833100933184,0.009100501187021992,-0.010913057889569864,-0.01097304211255711
2025-10-01,0.005173099880620979,0.004295627271726055,0.0,0.0031562423841156777,0.0031512719070627047
2025-10-02,-0.0071258907363421775,-0.013928493090590188,-0.007711410273166908,-0.009588598033366423,-0.009634864631569545
2025-10-03,-0.015948963317384268,0.014125236347458658,-0.0013171759747103717,-0.0010469676482119938,-0.001047516101682306
2025-10-06,0.05591572123176647,0.022483000658038987,0.007781587971511517,0.02872676995377232,0.02832189190731147
2025-10-07,-0.0069071373752878085,0.0,0.005104043973301886,-0.0006010311339953074,-0.0006012118256118088
2025-10-08,0.006955177743431129,-0.010404376273731586,0.03593750000000018,0.010829433823233238,0.010771215442364005
2025-10-09,-0.008442056792018371,-0.0032516800346846786,0.008672699849170407,-0.0010070123258442143,-0.0010075197034086559
2025-10-10,0.02244582043343657,0.020226185297955723,0.00610591900311519,0.016259308244835825,0.016128541242448703
2025-10-13,-0.020439061317184093,-0.021850351737369378,0.012261580381471404,-0.010009277557694022,-0.01005970716781007
2025-10-14,-0.022411128284389403,-0.016999019287348816,0.01443778294383935,-0.008324121542632956,-0.008358960512954703
2025-10-15,-0.003162055335968472,-0.030373572774636926,-0.01073453141961167,-0.014756719843405689,-0.014866683375252305
2025-10-16,0.0,0.0022864982279640067,0.014386734942696933,0.0055577443902203125,0.005542357114901831
2025-10-17,-0.009119746233148263,-0.018934641268392838,0.0,-0.0093514625005137,-0.00939546194691456
2025-10-20,-0.06962785114045611,-0.01255667945587724,-0.04254807692307705,-0.04157753583980346,-0.04246661266338817
2025-10-21,0.02881720430107526,0.0689979983515836,0.025985438111975956,0.04126688025487826,0.04043812589680482
2025-10-22,-0.003762541806020203,0.043066417006278224,0.017986051633427147,0.019096642277895055,0.018916590055497375
2025-10-23,-0.007553503986571508,-0.020696937697993745,0.014302884615384537,-0.004649185689726905,-0.004660026768023733
2025-10-24,-0.0038054968287526414,0.028466681043778364,0.0,0.008220394738341906,0.008186791323468914
2025-10-27,-0.005517826825127248,0.0030404697001469305,-0.05486432041711098,-0.01911389251403043,-0.019298924540026324
2025-10-28,0.020913358941528015,0.042855649628932735,0.039493480441323836,0.03442082967059486,0.033841685231963264
2025-10-29,0.01672240802675584,-0.004911295980755681,-0.0012061271257990391,0.0035349949734003734,0.0035287615643964246
2025-10-30,-0.012746710526315708,0.009871071716357926,-0.0024151672503320842,-0.0017636020200966218,-0.0017651589970002976
2025-10-31,-0.007496876301541167,0.011669658886894085,-0.015494492192228537,-0.003773903202291872,-0.003781042342257639
2025-11-03,-0.024339068401174946,0.010647737355811815,-0.01930406983892774,-0.01099846696143029,-0.011059397271071511
2025-11-04,0.02709677419354839,-0.01619354209345436,0.009779338014042072,0.006894190038045367,0.0068705337748509
2025-11-05,-0.0167504187604689,-0.023301933564700006,-0.019493419418922353,-0.01984859058136375,-0.020048219844551952
2025-11-06,-0.0076660988074956915,-0.006903553299492438,0.0012663036596174404,-0.0044344494824568965,-0.004444310817422985
2025-11-07,-0.0021459227467811592,0.007973829482723405,-0.04729986088276206,-0.013823984715606604,-0.0139204258241023
2025-11-10,0.015483870967741842,-0.04746450304259631,0.003849727864064789,-0.009376968070263225,-0.009421208613998954
2025-11-11,0.005506141465480674,-0.0010647359454856176,0.015604337476857966,0.00668191433228434,0.006659689291658339
2025-11-12,0.015164279696714633,0.04679172884246441,0.03203125000000018,0.031329086179726406,0.030848345355080044
2025-11-13,-0.016597510373444035,-0.016902555747887127,-0.0049205147615443146,-0.012806860294291825,-0.012889575099782795
2025-11-14,0.013080168776371304,0.01108234075608494,0.016229237986560285,0.013463915839672175,0.013374082763193938
2025-11-17,0.014993752603082111,0.010038926449497998,0.012351840299438477,0.01246150645067286,0.012384500955519394
2025-11-18,0.007386130488305387,-0.009939148073022208,0.007271382795168924,0.0015727884034840338,0.0015715528671248198
2025-11-19,0.0036659877800406804,-0.01997541487400123,-0.007218891471919786,-0.007842772855293445,-0.007873689150735526
2025-11-20,-0.012987012987012991,0.010243545521062103,-0.017007641114123673,-0.006583702860024853,-0.006605471027735388
2025-11-21,0.005756578947368363,0.0182100362131401,-0.012412236710130475,0.0038514594834593296,0.003844061602391685
2025-11-24,-0.011038430089942763,-0.0059953256782847575,-0.008759680081249166,-0.008597811949825562,-0.0086349863674611
2025-11-25,-0.007441091360066099,-0.005009200572479999,-0.00998975409836067,-0.007480015343635589,-0.0075081309495927335
2025-11-26,0.0074968763015410556,-0.006986540634953187,0.021604139715394544,0.007371491793994137,0.0073444551340712035
2025-11-27,-0.007441091360066099,0.005069839627521944,-0.002532607319235214,-0.0016346196839264562,-0.0016359571323603956
2025-11-28,-0.0129112869637652,-0.024191887996705685,-0.0011425669671193406,-0.012748580642530075,-0.012830541128419906
2025-12-01,-0.0021097046413502962,0.005274818018778271,0.0011438739196745207,0.001436329099034165,0.0014352985650663932
2025-12-02,0.0,0.0,0.0,0.0,0.0
2025-12-03,0.011416490486258146,0.0,0.05877872286403463,0.02339840445009759,0.023128858319921224
2025-12-04,0.01881270903010024,0.009339909749186637,0.012949640287769792,0.01370075302235222,0.013607746251311635
2025-12-05,-0.01107919573245797,-0.013412351840299541,-0.008049242424242542,-0.010846929999000016,-0.010906186836969091
2025-12-08,-0.00912863070539427,-0.00727157761618713,-0.0023866348448687846,-0.0062622810554833945,-0.006281971384785808
2025-12-09,-0.01340033500837523,0.014649681528662306,-0.010645933014354125,-0.00313219549802235,-0.0031371110894204226
2025-12-10,0.009762308998302327,-0.013391922996442762,-0.011848627735461137,-0.005159413911200523,-0.005172769645467361
2025-12-11,-0.003783102143757877,0.0042417815482502785,-0.008442432399363708,-0.0026612509982904355,-0.0026647984218491267
2025-12-12,-0.020675105485231993,-0.023970432946145648,-0.04615004935834166,-0.03026519592990643,-0.03073264273060123
2025-12-15,0.009478672985781866,0.00108189981607687,-0.0102199223803362,0.00011355014050751233,0.0001135436941782908
2025-12-16,0.01707212974818595,0.011671890197773704,0.05528689060253544,0.028010303516165028,0.027625189858391595
2025-12-17,-0.011330255979857262,0.010575793184488758,-0.001238543472875775,-0.0006643354227480931,-0.0006645561913067162
2025-12-18,0.0,-0.01564482029598302,-0.0035962301587302292,-0.006413683484904415,-0.006434339521045902
2025-12-19,0.011460101867572181,-0.005369415807560118,0.015930304915992455,0.007340330325334839,0.007313521212584603
2025-12-22,0.00755350398657173,-0.002051392787734807,0.02535832414553485,0.010286811781457256,0.010234262601582738
2025-12-23,-0.005414410662224145,0.0031375094666232783,0.029390681003584218,0.009037926602661117,0.008997328972939266
2025-12-24,-0.007537688442211032,-0.004206212251941288,0.005687093779015884,-0.0020189356383788124,-0.002020976436223741
2025-12-25,-0.011392405063291089,-0.006390122387089803,-0.022735141373340984,-0.01350588960790729,-0.013597923742972789
2025-12-26,0.02475458813486986,-0.00545018530630037,0.011691072272083103,0.010331825033550863,0.010278816533018313
2025-12-29,-0.007496876301541167,0.019508987286277923,0.0010505427804365919,0.00435421792172445,0.004344765742834504
2025-12-30,-0.007553503986571508,0.02332831649107714,0.01609141791044766,0.01062207680498443,0.01056605888245062
2025-12-31,-0.0038054968287526414,-0.007248660573589638,-0.001147578609134614,-0.004067245337158964,-0.004075539075559923
2026-01-05,-0.01697792869269943,-0.008359788359788456,-0.011259191176470673,-0.012198969409652852,-0.012273987557319887
2026-01-06,0.0,-0.01056450752320981,0.016035324192423817,0.0018236055564046687,0.001821944806520609
2026-01-07,0.025043177892918767,0.037316652286453866,0.011207685269899459,0.024522505149757363,0.024226655414802876
2026-01-08,-0.0075821398483572056,-0.010293200249532175,-0.025559828093191683,-0.01447838939702702,-0.014584224062592332
2026-01-09,-0.007215619694397213,0.00934972160941272,-0.01717734447539454,-0.00501441418679301,-0.005027028548368846
2026-01-12,0.049593843522873104,0.02154454621149049,0.017477562588568585,0.029538650774310726,0.02911079002945752
2026-01-13,-0.009368635437881911,-0.0060112073357107,-0.004642525533890329,-0.00667412276916098,-0.006696494322418496
2026-01-14,0.0,0.009020090200901887,-0.012593283582089554,-0.0011910644603958884,-0.0011917743414023062
2026-01-15,0.013157894736842035,-0.013002844372206446,-0.02326405290505451,-0.007703000846806306,-0.007732822199141465
2026-01-16,0.0,0.06906134211609727,0.03578769193567899,0.03494967801725875,0.03435280526214865
2026-01-19,0.0032467532467532756,0.00471743525560786,-0.003501809268121825,0.001487459744746437,0.001486354572297597
2026-01-20,-0.016181229773462702,-0.016002299731697978,-0.008082464566006808,-0.013421998023722494,-0.013512887231930473
2026-01-21,-0.016447368421052544,0.008569480962118847,-0.006967406707605095,-0.004948431388846263,-0.004960715416652456
2026-01-22,0.002090301003344397,-0.0142898522738244,0.012843382090617084,0.00021461027337902738,0.00021458724788858645
2026-01-23,-0.003754693366708417,-0.024096385542168752,-0.00810144417048253,-0.011984174359786565,-0.012056563508086659
2026-01-26,-0.0167504187604689,-0.024791729398775497,-0.01976799242424243,-0.020436713527828942,-0.020648432687119897
2026-01-27,0.005536626916524678,0.03653766982297246,0.010747494263977808,0.01760726366782498,0.017454051616594992
2026-01-28,0.009318085556967448,0.023532916294310535,0.005854241338112187,0.012901747729796721,0.012819229180343816
2026-01-29,0.015107007973143238,0.015327900659681815,0.04679890723363811,0.025744605288821054,0.025418793041727845
2026-01-30,-0.011161637040099204,-0.01509650296197207,0.03801202768637246,0.00391796256143373,0.003910307334863284
2026-02-02,-0.009197324414715768,-0.0019402405898332198,0.008526453869698303,-0.0008703703782835617,-0.0008707493705062855
2026-02-03,0.0075949367088608,-0.003790824261275305,-0.023412096249729175,-0.0065359946007145595,-0.0065574477429320805
2026-02-04,0.057788944723618174,-0.019221387452434402,0.0032186459489456087,0.013928734406709792,0.013832621048932937
2026-02-05,-0.026524148851939877,-0.028452049343414276,-0.017369178006416686,-0.024115125400590277,-0.024410655879506107
2026-02-06,-0.027246848312322047,-0.014233053450747546,-0.02004053141184403,-0.02050681105830454,-0.02071999522897128
2026-02-09,-0.0016722408026756952,0.014438558221668174,0.010225183823529438,0.007663833747507305,0.0076346157599011324
2026-02-10,-0.007537688442211032,-0.012185132090927642,0.0,-0.006574273511046225,-0.006595979232346969
2026-02-11,0.0113924050632912,0.008189074323623924,0.029114068008643024,0.016231849131852716,0.016101521087517036
2026-02-12,0.0016687526074261605,0.002056343820686646,0.010940435407227334,0.004888510611780046,0.004876600642681786
2026-02-13,-0.0016659725114537283,-0.025343730761338,-0.0010931351114998877,-0.009367612794763872,-0.00941176482859999
2026-02-23,0.02419691280767644,-0.01863354037267073,-0.008645217771941272,-0.0010272817789785216,-0.0010278097945500561
2026-02-24,0.02892057026476591,-0.02124007723664456,0.0022077491996910226,0.003296080742604123,0.0032906605754133614
2026-02-25,0.03523357086302448,-0.03671635247698368,0.008591254543451887,0.0023694909764975605,0.00236668815938048
2026-02-26,0.0034416826003824674,0.01570144498805326,0.006443158239598068,0.008528761942677932,0.008492597532156415
2026-02-27,-0.020198170731707266,0.026548672566371723,-0.005316840277777679,0.00034455385229559266,0.00034449450724834525
2026-03-02,-0.010501750291715295,-0.03557398515931909,-0.03327151739936729,-0.026449084283467223,-0.026805153825671446
2026-03-03,-0.028301886792452935,-0.02896582937316139,-0.0199729180771836,-0.025746878080932636,-0.026084130335229775
2026-03-04,0.0,-0.021906315544162114,0.006793321819228648,-0.005037664574977821,-0.005050396384217938
2026-03-05,-0.016181229773462702,-0.008220157255182214,-0.0405992680695334,-0.021666885032726103,-0.021905058590179875
2026-03-06,0.0,-0.03315315315315326,-0.02932411491238518,-0.020825756021846144,-0.021045670696894083
2026-03-09,-0.06949013157894746,-0.06982233817865557,-0.06889352818371619,-0.06940199931377307,-0.0719278879875794
2026-03-10,0.06893504197967304,0.047415520235074116,0.05196518069111078,0.056105247635285974,0.05458784663900545
2026-03-11,0.011161637040099093,0.008798775822494331,0.0678284854563691,0.029262966106320842,0.02884297921429475
2026-03-12,-0.022076860179885527,-0.031222348628491936,-0.021956087824351322,-0.025085098877576262,-0.0254050926935675
2026-03-13,-0.005434782608695787,-0.009003131524008334,-0.030732292917166948,-0.015056735683290356,-0.01517123914744072
2026-03-16,0.003783102143757766,0.015668202764976824,-0.01709189992568738,0.0007864683276824031,0.0007861592235236494
2026-03-17,0.005443886097152628,0.015296862846772008,0.026083669354838745,0.015608139432921126,0.015487585224425044
2026-03-18,-0.0037484381507705278,-0.010086823289070401,0.012157681444185053,-0.0005591933318852913,-0.0005593497387870194
2026-03-19,-0.003762541806020203,-0.02282987230749378,-0.015530211113807368,-0.014040875075773784,-0.014140380690905868
2026-03-20,-0.02979437683592101,-0.028643083421330484,-0.03278284446635438,-0.030406768241201955,-0.03087864413823467
2026-03-23,-0.01557093425605538,-0.020111428183177127,-0.06906218144750254,-0.03491484796224501,-0.035538941082478834
2026-03-24,0.017574692442882123,0.031479683816391546,0.024226663016698513,0.024427013091990725,0.02413344466755351
2026-03-25,0.015544041450777257,0.021107824684055032,0.04209541627689428,0.02624909413724219,0.025910499092020915
2026-03-26,-0.017006802721088343,-0.03633969716919028,-0.008720184662734165,-0.02068889485100426,-0.020905908435077152
2026-03-27,0.02292387543252583,0.02568656920344292,0.031824062095731076,0.026811502243899943,0.026458371981615127
2026-03-30,0.015221987315010788,-0.027574264020247652,-0.0025075225677031465,-0.0049532664243133375,-0.004965574508750339
2026-03-31,0.0,0.009315068493150669,0.012317747611865215,0.00721093870167196,0.007185064195054045
2026-04-01,0.00916284881299445,0.008143322475570036,0.007449714427613552,0.00825196190539268,0.008218100621560056
2026-04-02,0.007428807263722748,-0.008077544426494221,-0.007394626571358032,-0.0026811212447098347,-0.002684721887554267
2026-04-03,-0.025399426464563724,-0.009229098805646152,-0.03054382915321585,-0.021724118141141908,-0.021963560936356315
2026-04-06,0.007566204287515754,-0.001369863013698569,-0.01255122950819676,-0.0021182960781265248,-0.002120542840696779
2026-04-07,-0.0020859407592823676,0.00137174211248281,-0.0038910505836575737,-0.0015350830768190438,-0.0015362625240329184
2026-04-08,0.04473244147157174,0.06890410958904103,0.050000000000000044,0.05454551702020427,0.05310988455724382
2026-04-09,0.009203681472589098,-0.010124311162373556,-0.014632936507936622,-0.005184522065907027,-0.005198008333863656
2026-04-10,-0.009119746233148263,-0.007767995857068777,0.00994210923735217,-0.002315210950954956,-0.002317895195690866
2026-04-13,-0.007202881152460927,-0.021790187891440493,-0.0024922118380062974,-0.010495093627302573,-0.01055055551553129
2026-04-14,0.027005239822652127,0.0026677337601708206,0.0037476577139288203,0.011140210432250589,0.01107861532084142
2026-04-15,-0.017268445839874413,-0.014500465611281155,-0.01966397013067822,-0.01714429386061126,-0.01729295888791412
2026-04-16,-0.0035942492012779326,-0.013363930885529118,0.01624984131014351,-0.00023611292555451337,-0.00023614080459980863
2026-04-17,0.0016032064128255197,0.02572171295662873,0.06895690193628967,0.03209394043524797,0.03158969047014949
2026-04-20,0.01600640256102448,0.011871415232759697,0.00455767208133695,0.010811829958373709,0.010753800023342487
2026-04-21,0.0035447026388342184,-0.023464276298444497,-0.019427640763145515,-0.013115738140918598,-0.013202508978568474
2026-04-22,-0.012166405023547822,-0.006614470842332576,0.00937240479297663,-0.0031361570243012555,-0.0031410850708576163
2026-04-23,-0.014302741358760529,-0.0040766408479412375,-0.022096850023507253,-0.013492077410069673,-0.013583922543169697
2026-04-24,0.0036275695284160303,-0.012143539364169786,-0.011778846153846168,-0.006764938663199974,-0.006787924584978414
2026-04-28,-0.005220883534136522,0.01367403314917115,0.025176356117732945,0.011209835244255856,0.011147470672744148
2026-04-29,0.0,0.014715901348957505,-0.01874480958595337,-0.0013429694123319553,-0.0013438720039456403
2026-05-04,-0.005248284214775856,-0.02376796025245065,0.010760488453633199,-0.006085252004531102,-0.0061038426078845595
2026-05-05,-0.010957792207792139,0.00811554332874831,-0.0011961722488037507,-0.0013461403759491934,-0.0013470472368378064
2026-05-06,0.011079195732457858,-0.013507981989357432,0.014131736526946215,0.003900983423348881,0.003893394317761609
2026-05-07,0.005275974025974017,-0.004011065006915504,0.0,0.0004216363396861711,0.000421547476062577
2026-05-08,0.0036334275333063104,-0.015136786557422677,-0.016296646197449305,-0.009266668407188556,-0.009309871082579304
2026-05-11,-0.012872083668543866,-0.026367738296672383,-0.012965186074429758,-0.017401669346548666,-0.01755485815657219
2026-05-12,-0.003667481662591676,0.00854453294713986,0.0036487472634394447,0.0028419328493292095,0.0028379021929332234
2026-05-13,0.007361963190184007,0.0014359563469270586,-0.001211827435773083,0.002528697367112661,0.002525505591482876
2026-05-14,-0.0016240357287859997,0.04531115572125044,0.005945158942004314,0.01654409297815625,0.016408730398972348
2026-05-15,-0.0187067913786092,-0.013580246913580396,-0.026172958629839593,-0.019486665640676394,-0.019679033887649616
2026-05-18,-0.003729796933278018,0.02739535530524262,-0.03653703244983886,-0.004290491359291418,-0.004299721929258906
2026-05-19,-0.0074875207986688785,-0.005278830536004309,-0.010155546985473829,-0.007640632773382339,-0.007669971950099851
2026-05-20,-0.002095557418273275,0.042862974554361166,-0.01272727272727281,0.00934671480293836,0.00930330454999409
2026-05-21,0.013439731205376004,-0.015396659707724525,0.029729018679294894,0.009257363392315457,0.009214776629490586
2026-05-22,-0.007459593866556147,-0.018287834614365117,-0.0012774655084312192,-0.009008297996450827,-0.009049118043866582
2026-05-25,0.006263048016701633,-0.021328293736501025,-0.008825786646201261,-0.007963677455333551,-0.007995556899180401
2026-05-26,0.006224066390041472,0.013655172413792993,-0.002451929281197529,0.005809103174212312,0.005792295395036939
2026-05-27,-0.004123711340206282,-0.01211049122329566,0.01901681759379037,0.0009275383434294753,0.0009271084455508495
2026-05-28,-0.006211180124223503,-0.01928374655647369,-0.028691126063221883,-0.018062017581306357,-0.01822712698177415
2026-05-29,0.0,0.00561797752808979,-0.01803685792706844,-0.00413962679965955,-0.004148218774590816
2026-06-01,0.002083333333333437,0.018156424581005748,0.03673632370557711,0.018992027206638763,0.018813930075179022
2026-06-02,-0.01455301455301461,0.026063100137174056,-0.015277956091924505,-0.0012559568359216868,-0.0012567462107248794
2026-06-03,0.018987341772151778,0.022727272727272707,0.00782268578878731,0.01651243342940393,0.016377585619332773
2026-06-04,-0.008281573498964745,-0.005228758169934733,-0.001293661060801976,-0.004934664243233818,-0.004946879902183483
2026-06-05,-0.008350730688935215,-0.014454664914586024,-0.005181347150259086,-0.009328914251260107,-0.009372701107128803
2026-06-08,-0.0189473684210526,-0.027999999999999914,-0.02044270833333328,-0.022463358918128597,-0.02271950334240899
2026-06-09,0.010729613733905685,0.010973936899862702,0.013026718064601761,0.011576756232790048,0.011510258318365845
2026-06-10,0.002123142250530785,0.006784260515603879,0.010366093688492395,0.0064244988182090195,0.006403949690615151
2026-06-11,-0.012711864406779738,-0.01482479784366586,-0.01662337662337665,-0.014720012957940749,-0.014829427397532876
2026-06-12,-0.0042918454935623185,0.005471956224350372,-0.006471209720021021,-0.0017636996630776556,-0.0017652568124937086
2026-06-15,0.04956896551724155,0.0013605442176869431,0.03921307988834255,0.030047529874423683,0.029604946686022354
2026-06-16,-0.006160164271047264,-0.005434782608695565,0.0,-0.0038649822932476097,-0.0038724706384195384
2026-06-17,-0.008264462809917328,-0.012295081967213184,-0.003709388590432461,-0.008089644455854323,-0.008122543175657743
2026-06-18,-0.014583333333333393,-0.009681881051175734,-0.0051354474258570315,-0.009800220603455385,-0.00984855884160488
2026-06-19,-0.002114164904862492,-0.0013966480446926388,-0.008904374758033295,-0.004138395902529475,-0.0041469827615888966
2026-06-22,0.0,-0.012587412587412694,-0.010156249999999978,-0.00758122086247089,-0.007610104391563872
2026-06-23,-0.012711864406779738,0.0028328611898016387,-0.015653775322283625,-0.008510926179753908,-0.008547350931471229
2026-06-24,0.008583690987124415,0.0,0.02378725110249902,0.010790314029874477,0.0107325140066413
2026-06-25,-0.004255319148936176,0.0028248587570622874,-0.007701344472001104,-0.0030439349546249974,-0.0030485771473776476
2026-06-26,0.004273504273504258,-0.0028169014084507005,0.016837674296237948,0.006098092387097168,0.006079574267054425
2026-06-29,0.006382978723404209,-0.005649717514124131,0.006338939197930271,0.002357400135736783,0.002354625827284744
2026-06-30,-0.014799154334038,-0.0028409090909091717,-0.011441059262115916,-0.009693707562354362,-0.009740997402921614
2026-07-01,0.006437768240343367,0.03846153846153855,0.02431729518855641,0.023072200630146103,0.022810061830096828
2026-07-02,-0.002132196162046962,-0.005486968449931462,-0.0036816046718293194,-0.0037669230946025807,-0.0037740358170736408
2026-07-03,-0.0064102564102563875,-0.0027586206896552667,-0.010066258919469995,-0.006411712006460549,-0.006432355318510912
2026-07-06,-0.006451612903225712,0.009681881051175623,-0.011455785815420283,-0.002741839222490124,-0.0027456049485698165
2026-07-07,0.0,0.00273972602739736,-0.006380208333333304,-0.0012134941019786476,-0.001214230982139892
2026-07-08,0.0043290043290042934,-0.015027322404371657,0.016773686279648814,0.0020251227347604832,0.002023074937942256
2026-07-09,0.0,0.0,-0.0037375950509086486,-0.0012458650169695495,-0.0012466417519948249
2026-07-10,-0.010775862068965525,-0.020804438280166426,-0.024320827943078882,-0.018633709430736944,-0.01880950422554045
2026-07-13,-0.023965141612200425,-0.0014164305949008194,-0.007822858658180887,-0.01106814362176071,-0.011129851271931253
2026-07-14,0.0044642857142858094,-0.0028368794326241176,0.010557263129760797,0.004061556470474162,0.004053330615652957
2026-07-15,-0.004444444444444473,-0.049786628733997196,-0.007802168738428983,-0.020677747305623547,-0.020894525451798335
2026-07-16,-0.008928571428571397,0.017964071856287456,0.006530721044915255,0.0051887404908771044,0.005175325362007856
2026-07-17,-0.015765765765765716,-0.014705882352941124,0.0,-0.010157216039568946,-0.01020915254457719
2026-07-20,-0.05720823798627006,0.0014925373134326847,-0.01946504237288138,-0.02506024768190625,-0.025379602387787522
2026-07-21,0.009708737864077666,-0.03427719821162445,0.00931802835921669,-0.005083477329443365,-0.005096442156589714
2026-07-22,-0.004807692307692402,-0.0030864197530864335,-0.06984211934706985,-0.02591207713594956,-0.026253709532727203
2026-07-23,0.004830917874396157,0.0015479876160993111,0.012658227848101333,0.0063457111128656,0.006325661861239579
2026-07-24,0.0,-0.02782071097372496,-0.04886363636363655,-0.025561449112453838,-0.02589381909038169
2026-07-27,-0.021634615384615308,-0.0111287758346581,-0.06914575866188766,-0.033969716627053684,-0.034560096013640004
2026-07-28,0.03194103194103182,0.012861736334405016,0.030001604363869783,0.02493479087976887,0.024628991912735078
2026-07-29,0.030952380952380842,0.033333333333333215,0.03582554517133962,0.033370419819017894,0.03282571232639161
2026-07-30,0.006928406466512715,0.029185867895545448,0.049624060150375904,0.02857944483747802,0.02817867052831896
2026-07-31,-0.004587155963302836,0.0014925373134326847,0.0014326647564470996,-0.0005539846311410173,-0.0005541381373227825
2026-08-03,0.03917050691244239,0.06855439642324912,0.03719599427753928,0.048306965871076926,0.04717644937568707
2026-08-04,-0.017738359201773912,-0.002789400278940035,-0.0055172413793104225,-0.008681666953341455,-0.008719572170325039
2026-08-05,-0.006772009029345272,-0.016783216783216814,0.0013869625520113171,-0.007389421086850256,-0.00741685810486324
2026-08-06,-0.006818181818181723,0.005689900426742556,-0.013850415512465353,-0.004992898967968173,-0.005005405133400639
2026-08-07,0.00686498855835227,0.0014144271570013522,-0.002808988764045006,0.0018234756504362049,0.0018218151370097634
2026-08-10,0.00454545454545463,0.01412429378531077,0.028169014084507005,0.0156129208050908,0.015492293104097308
2026-08-11,-0.002262443438914019,-0.00835654596100266,0.00273972602739736,-0.002626421124173106,-0.0026298762191494227
2026-08-12,0.0022675736961450532,-0.005617977528090012,0.010928961748633892,0.0025261859722296442,0.0025230005280016854
2026-08-13,-0.018099547511312264,-0.022598870056497078,-0.005405405405405461,-0.0153679409910716,-0.015487251748416673
2026-08-14,-0.020737327188940058,-0.013005780346820872,-0.016304347826086807,-0.01668248512061591,-0.016823205009109596
2026-08-17,-0.0023529411764706687,0.007320644216691097,0.015193370165745845,0.00672035773532209,0.00669787679504577
2026-08-18,-0.009433962264150941,0.0029069767441860517,-0.009523809523809601,-0.005350265014591496,-0.005364628939231967
2026-08-19,0.00952380952380949,-0.0014492753623187582,-0.008241758241758212,-5.574136008916009e-05,-5.5742913696506106e-05
2026-08-20,-0.002358490566037763,0.013062409288824295,0.006925207756232732,0.005876375493006421,0.005859176942408603
2026-08-21,0.026004728132387633,0.03151862464183375,0.031636863823933936,0.029720072199385106,0.0292869907404413
2026-08-24,0.025345622119815614,-0.008333333333333304,0.0013333333333331865,0.006115207373271832,0.006096585372365293
2026-08-25,-0.020224719101123556,-0.009803921568627527,-0.01597869507323557,-0.01533577858099555,-0.01545458788732217
2026-08-26,0.011467889908256979,0.026874115983026803,0.021650879566982306,0.019997628486088694,0.01980030227983833
2026-08-27,0.006802721088435382,-0.0055096418732780705,0.005298013245033095,0.0021970308200634685,0.0021946208770185745
2026-08-28,-0.0045045045045044585,0.013850415512465464,-0.011857707509881465,-0.0008372655006401528,-0.0008376162031671827
