forecast_date,target_date,target_return,historical_quantile,historical_var,historical_violation,historical_exceedance,ewma_quantile,ewma_var,ewma_violation,ewma_exceedance,both_violation,historical_only,ewma_only,exception_type
2020-12-30,2020-12-31,0.0146338918849512,-0.0377278378454064,0.0377278378454064,False,0.0,-0.01968117022575932,0.01968117022575932,False,0.0,False,False,False,none
2020-12-31,2021-01-04,0.0178747748595694,-0.0377278378454064,0.0377278378454064,False,0.0,-0.019971760316218116,0.019971760316218116,False,0.0,False,False,False,none
2021-01-04,2021-01-05,0.0179051953982352,-0.0377278378454064,0.0377278378454064,False,0.0,-0.02065926996321747,0.02065926996321747,False,0.0,False,False,False,none
2021-01-05,2021-01-06,0.0002951274443642,-0.0377278378454064,0.0377278378454064,False,0.0,-0.021289440984971854,0.021289440984971854,False,0.0,False,False,False,none
2021-01-06,2021-01-07,-0.0008945534329241,-0.0377278378454064,0.0377278378454064,False,0.0,-0.02064122134974981,0.02064122134974981,False,0.0,False,False,False,none
2021-01-07,2021-01-08,0.0066388034731389,-0.0377278378454064,0.0377278378454064,False,0.0,-0.02001565188617411,0.02001565188617411,False,0.0,False,False,False,none
2021-01-08,2021-01-11,0.0216773439928022,-0.0377278378454064,0.0377278378454064,False,0.0,-0.01958936807838649,0.01958936807838649,False,0.0,False,False,False,none
2021-01-11,2021-01-12,0.0201152723968048,-0.0377278378454064,0.0377278378454064,False,0.0,-0.02090454517706395,0.02090454517706395,False,0.0,False,False,False,none
2021-01-12,2021-01-13,0.0019808694385597,-0.0377278378454064,0.0377278378454064,False,0.0,-0.021828048634598415,0.021828048634598415,False,0.0,False,False,False,none
2021-01-13,2021-01-14,0.002151845275711,-0.0377278378454064,0.0377278378454064,False,0.0,-0.021178122025955724,0.021178122025955724,False,0.0,False,False,False,none
2021-01-14,2021-01-15,0.001127910873047,-0.0377278378454064,0.0377278378454064,False,0.0,-0.02055124698117931,0.02055124698117931,False,0.0,False,False,False,none
2021-01-15,2021-01-18,-0.0043703463797974,-0.0377278378454064,0.0377278378454064,False,0.0,-0.019930354841439474,0.019930354841439474,False,0.0,False,False,False,none
2021-01-18,2021-01-19,-0.0608832920540696,-0.0377278378454064,0.0377278378454064,True,0.023155454208663204,-0.019403258553276174,0.019403258553276174,True,0.04148003350079343,True,False,False,both
2021-01-19,2021-01-20,0.0155430121266891,-0.0383364170141017,0.0383364170141017,False,0.0,-0.03091322931950497,0.03091322931950497,False,0.0,False,False,False,none
2021-01-20,2021-01-21,0.0380519682434995,-0.0383364170141017,0.0383364170141017,False,0.0,-0.030618740041786618,0.030618740041786618,False,0.0,False,False,False,none
2021-01-21,2021-01-22,0.0083797380282797,-0.0381251882202617,0.0381251882202617,False,0.0,-0.033411175932478054,0.033411175932478054,False,0.0,False,False,False,none
2021-01-22,2021-01-25,0.0134321495494272,-0.0361943722215342,0.0361943722215342,False,0.0,-0.03256880829520679,0.03256880829520679,False,0.0,False,False,False,none
2021-01-25,2021-01-26,-0.0157809553335502,-0.0361943722215342,0.0361943722215342,False,0.0,-0.03203704285897094,0.03203704285897094,False,0.0,False,False,False,none
2021-01-26,2021-01-27,-0.0271330394670649,-0.0361943722215342,0.0361943722215342,False,0.0,-0.03170515518911862,0.03170515518911862,False,0.0,False,False,False,none
2021-01-27,2021-01-28,-0.0695517587116434,-0.0361943722215342,0.0361943722215342,True,0.0333573864901092,-0.0326253492896581,0.0326253492896581,True,0.0369264094219853,True,False,False,both
2021-01-28,2021-01-29,0.0608412469313632,-0.0381251882202617,0.0381251882202617,False,0.0,-0.042259011085523414,0.042259011085523414,False,0.0,False,False,False,none
2021-01-29,2021-02-01,-0.0252080721015111,-0.0381251882202617,0.0381251882202617,False,0.0,-0.04774488728714069,0.04774488728714069,False,0.0,False,False,False,none
2021-02-01,2021-02-02,0.0434258232686585,-0.0381251882202617,0.0381251882202617,False,0.0,-0.04739149246680374,0.04739149246680374,False,0.0,False,False,False,none
2021-02-02,2021-02-03,0.0311988721672703,-0.0381251882202617,0.0381251882202617,False,0.0,-0.04916628438972574,0.04916628438972574,False,0.0,False,False,False,none
2021-02-03,2021-02-04,0.0131204091730265,-0.0381251882202617,0.0381251882202617,False,0.0,-0.049298009477161994,0.049298009477161994,False,0.0,False,False,False,none
2021-02-04,2021-02-05,0.0125387296210471,-0.0381251882202617,0.0381251882202617,False,0.0,-0.04808763752772773,0.04808763752772773,False,0.0,False,False,False,none
2021-02-05,2021-02-08,-0.0250338306041355,-0.0381251882202617,0.0381251882202617,False,0.0,-0.046895602356784805,0.046895602356784805,False,0.0,False,False,False,none
2021-02-08,2021-02-09,0.0253859849810179,-0.0381251882202617,0.0381251882202617,False,0.0,-0.04657229138672344,0.04657229138672344,False,0.0,False,False,False,none
2021-02-09,2021-02-17,0.0498294913279185,-0.0381251882202617,0.0381251882202617,False,0.0,-0.046297457678377674,0.046297457678377674,False,0.0,False,False,False,none
2021-02-17,2021-02-18,0.0077667088617969,-0.0381251882202617,0.0381251882202617,False,0.0,-0.049172305601287894,0.049172305601287894,False,0.0,False,False,False,none
2021-02-18,2021-02-19,-0.0142802660570816,-0.0381251882202617,0.0381251882202617,False,0.0,-0.04777690749195058,0.04777690749195058,False,0.0,False,False,False,none
2021-02-19,2021-02-22,-0.0009511996339615,-0.0381251882202617,0.0381251882202617,False,0.0,-0.04667739019238943,0.04667739019238943,False,0.0,False,False,False,none
2021-02-22,2021-02-23,-0.0083450516298472,-0.0361943722215342,0.0361943722215342,False,0.0,-0.045257031556204835,0.045257031556204835,False,0.0,False,False,False,none
2021-02-23,2021-02-24,-0.0040885628496448,-0.0361943722215342,0.0361943722215342,False,0.0,-0.044006951670612804,0.044006951670612804,False,0.0,False,False,False,none
2021-02-24,2021-02-25,0.0125685788367252,-0.0361943722215342,0.0361943722215342,False,0.0,-0.04269811114882674,0.04269811114882674,False,0.0,False,False,False,none
2021-02-25,2021-02-26,0.0091410539483678,-0.0361943722215342,0.0361943722215342,False,0.0,-0.0417059290966251,0.0417059290966251,False,0.0,False,False,False,none
2021-02-26,2021-03-01,0.0113902807509259,-0.0361943722215342,0.0361943722215342,False,0.0,-0.04060278043791028,0.04060278043791028,False,0.0,False,False,False,none
2021-03-01,2021-03-02,0.0061619130144869,-0.0361943722215342,0.0361943722215342,False,0.0,-0.03963245413521901,0.03963245413521901,False,0.0,False,False,False,none
2021-03-02,2021-03-03,0.0006021246016637,-0.0361943722215342,0.0361943722215342,False,0.0,-0.03850520965036857,0.03850520965036857,False,0.0,False,False,False,none
2021-03-03,2021-03-04,-0.0222169795463981,-0.0361943722215342,0.0361943722215342,False,0.0,-0.0373329740892368,0.0373329740892368,False,0.0,False,False,False,none
2021-03-04,2021-03-05,-0.0009336565918262,-0.0361943722215342,0.0361943722215342,False,0.0,-0.03728608758336387,0.03728608758336387,False,0.0,False,False,False,none
2021-03-05,2021-03-08,-0.0017199744022346,-0.0361943722215342,0.0361943722215342,False,0.0,-0.03615216031368974,0.03615216031368974,False,0.0,False,False,False,none
2021-03-08,2021-03-09,-0.013639447637752,-0.0345777525306288,0.0345777525306288,False,0.0,-0.035057669690338675,0.035057669690338675,False,0.0,False,False,False,none
2021-03-09,2021-03-10,0.0101762649343044,-0.0345777525306288,0.0345777525306288,False,0.0,-0.03443105084752618,0.03443105084752618,False,0.0,False,False,False,none
2021-03-10,2021-03-11,0.0126890368047085,-0.0329395664294288,0.0329395664294288,False,0.0,-0.0336329897858265,0.0336329897858265,False,0.0,False,False,False,none
2021-03-11,2021-03-12,-0.0041269829116662,-0.0303386327018045,0.0303386327018045,False,0.0,-0.0330067381541356,0.0330067381541356,False,0.0,False,False,False,none
2021-03-12,2021-03-15,0.0044984857572324,-0.0303386327018045,0.0303386327018045,False,0.0,-0.032044389911061635,0.032044389911061635,False,0.0,False,False,False,none
2021-03-15,2021-03-16,0.018025775747557,-0.0303386327018045,0.0303386327018045,False,0.0,-0.031121011755018097,0.031121011755018097,False,0.0,False,False,False,none
2021-03-16,2021-03-17,-0.0002637764521555,-0.0303386327018045,0.0303386327018045,False,0.0,-0.031034703731326694,0.031034703731326694,False,0.0,False,False,False,none
2021-03-17,2021-03-18,0.0048738255105826,-0.0303386327018045,0.0303386327018045,False,0.0,-0.03008944931916517,0.03008944931916517,False,0.0,False,False,False,none
2021-03-18,2021-03-19,-0.0026155935251289,-0.0303386327018045,0.0303386327018045,False,0.0,-0.029238819057700705,0.029238819057700705,False,0.0,False,False,False,none
2021-03-19,2021-03-22,-0.0101321400967186,-0.0303386327018045,0.0303386327018045,False,0.0,-0.028367668186661928,0.028367668186661928,False,0.0,False,False,False,none
2021-03-22,2021-03-23,-0.0028784420378644,-0.0284354865087567,0.0284354865087567,False,0.0,-0.027804787907681372,0.027804787907681372,False,0.0,False,False,False,none
2021-03-23,2021-03-24,-0.0184740587287306,-0.0284354865087567,0.0284354865087567,False,0.0,-0.026982676886788605,0.026982676886788605,False,0.0,False,False,False,none
2021-03-24,2021-03-25,-0.0079965431296696,-0.0284354865087567,0.0284354865087567,False,0.0,-0.02719896309980061,0.02719896309980061,False,0.0,False,False,False,none
2021-03-25,2021-03-26,0.0098545074143651,-0.0266670011242565,0.0266670011242565,False,0.0,-0.02656646171926686,0.02656646171926686,False,0.0,False,False,False,none
2021-03-26,2021-03-29,0.0075848238748492,-0.0256972017335777,0.0256972017335777,False,0.0,-0.026061362362036808,0.026061362362036808,False,0.0,False,False,False,none
2021-03-29,2021-03-30,-0.002945452652525,-0.025129663427692,0.025129663427692,False,0.0,-0.02545155897076109,0.02545155897076109,False,0.0,False,False,False,none
2021-03-30,2021-03-31,0.0057542428389156,-0.025129663427692,0.025129663427692,False,0.0,-0.024704722026215518,0.024704722026215518,False,0.0,False,False,False,none
2021-03-31,2021-04-01,0.0326210891743698,-0.025129663427692,0.025129663427692,False,0.0,-0.024064059058189518,0.024064059058189518,False,0.0,False,False,False,none
2021-04-01,2021-04-02,0.0054967359020812,-0.025129663427692,0.025129663427692,False,0.0,-0.026778313717710753,0.026778313717710753,False,0.0,False,False,False,none
2021-04-02,2021-04-05,-0.000881436642151,-0.025129663427692,0.025129663427692,False,0.0,-0.026056825112899622,0.026056825112899622,False,0.0,False,False,False,none
2021-04-05,2021-04-06,-0.0021354474614975,-0.025129663427692,0.025129663427692,False,0.0,-0.025265525287016744,0.025265525287016744,False,0.0,False,False,False,none
2021-04-06,2021-04-07,0.0042610016470672,-0.025129663427692,0.025129663427692,False,0.0,-0.02451094083650871,0.02451094083650871,False,0.0,False,False,False,none
2021-04-07,2021-04-08,-0.001976459195207,-0.025129663427692,0.025129663427692,False,0.0,-0.023826170069638344,0.023826170069638344,False,0.0,False,False,False,none
2021-04-08,2021-04-09,0.0101065715605684,-0.025129663427692,0.025129663427692,False,0.0,-0.023114050532175804,0.023114050532175804,False,0.0,False,False,False,none
2021-04-09,2021-04-12,0.0150733945736632,-0.025129663427692,0.025129663427692,False,0.0,-0.022776849590893846,0.022776849590893846,False,0.0,False,False,False,none
2021-04-12,2021-04-13,-0.0129913134846353,-0.025129663427692,0.025129663427692,False,0.0,-0.022902858461372997,0.022902858461372997,False,0.0,False,False,False,none
2021-04-13,2021-04-14,0.0218298266153444,-0.025129663427692,0.025129663427692,False,0.0,-0.022813724604087433,0.022813724604087433,False,0.0,False,False,False,none
2021-04-14,2021-04-15,0.0011087268150581,-0.025129663427692,0.025129663427692,False,0.0,-0.02380328265304623,0.02380328265304623,False,0.0,False,False,False,none
2021-04-15,2021-04-16,0.0001734125115419,-0.025129663427692,0.025129663427692,False,0.0,-0.02308246175340391,0.02308246175340391,False,0.0,False,False,False,none
2021-04-16,2021-04-19,0.0354109885568997,-0.025129663427692,0.025129663427692,False,0.0,-0.022379386046344266,0.022379386046344266,False,0.0,False,False,False,none
2021-04-19,2021-04-20,0.0147713360453254,-0.0240619636280713,0.0240619636280713,False,0.0,-0.025968090947109553,0.025968090947109553,False,0.0,False,False,False,none
2021-04-20,2021-04-22,-0.0244752212588229,-0.0240619636280713,0.0240619636280713,True,0.00041325763075160046,-0.02587085191216584,0.02587085191216584,False,0.0,False,True,False,historical_only
2021-04-22,2021-04-23,0.0326143723652652,-0.0247824563987448,0.0247824563987448,False,0.0,-0.026951550412275378,0.026951550412275378,False,0.0,False,False,False,none
2021-04-23,2021-04-26,-0.0269771900909651,-0.0247824563987448,0.0247824563987448,True,0.0021947336922203027,-0.02924851550090124,0.02924851550090124,False,0.0,False,True,False,historical_only
2021-04-26,2021-04-27,0.0045851162877756,-0.025129663427692,0.025129663427692,False,0.0,-0.03036919037182754,0.03036919037182754,False,0.0,False,False,False,none
2021-04-27,2021-04-28,-0.0057235262165867,-0.025129663427692,0.025129663427692,False,0.0,-0.029501919024213605,0.029501919024213605,False,0.0,False,False,False,none
2021-04-28,2021-04-29,0.0150245263638763,-0.025129663427692,0.025129663427692,False,0.0,-0.028695979617779057,0.028695979617779057,False,0.0,False,False,False,none
2021-04-29,2021-05-04,0.0143050551862841,-0.025129663427692,0.025129663427692,False,0.0,-0.02847272499408223,0.02847272499408223,False,0.0,False,False,False,none
2021-05-04,2021-05-05,0.0008944858911998,-0.025129663427692,0.025129663427692,False,0.0,-0.028200588172133587,0.028200588172133587,False,0.0,False,False,False,none
2021-05-05,2021-05-06,0.0023231063316629,-0.025129663427692,0.025129663427692,False,0.0,-0.02734385974933487,0.02734385974933487,False,0.0,False,False,False,none
2021-05-06,2021-05-07,0.0048092998436028,-0.025129663427692,0.025129663427692,False,0.0,-0.02652737352971137,0.02652737352971137,False,0.0,False,False,False,none
2021-05-07,2021-05-10,0.0184372363125457,-0.025129663427692,0.025129663427692,False,0.0,-0.025792132593560474,0.025792132593560474,False,0.0,False,False,False,none
2021-05-10,2021-05-11,-0.0091771665261315,-0.025129663427692,0.025129663427692,False,0.0,-0.02608643428799681,0.02608643428799681,False,0.0,False,False,False,none
2021-05-11,2021-05-12,0.0093959769880604,-0.025129663427692,0.025129663427692,False,0.0,-0.02556058773548307,0.02556058773548307,False,0.0,False,False,False,none
2021-05-12,2021-05-13,-0.0106486131358147,-0.025129663427692,0.025129663427692,False,0.0,-0.02506939290893839,0.02506939290893839,False,0.0,False,False,False,none
2021-05-13,2021-05-14,0.0086999206969459,-0.025129663427692,0.025129663427692,False,0.0,-0.024681437727411246,0.024681437727411246,False,0.0,False,False,False,none
2021-05-14,2021-05-17,0.0038203972632814,-0.025129663427692,0.025129663427692,False,0.0,-0.02418490639302951,0.02418490639302951,False,0.0,False,False,False,none
2021-05-17,2021-05-18,0.0136387789458243,-0.025129663427692,0.025129663427692,False,0.0,-0.023498604862057806,0.023498604862057806,False,0.0,False,False,False,none
2021-05-18,2021-05-19,0.0286910510779274,-0.025129663427692,0.025129663427692,False,0.0,-0.02343608060587667,0.02343608060587667,False,0.0,False,False,False,none
2021-05-19,2021-05-20,0.039414875597659,-0.025129663427692,0.025129663427692,False,0.0,-0.025493592428123518,0.025493592428123518,False,0.0,False,False,False,none
2021-05-20,2021-05-21,-0.0212645891077905,-0.025129663427692,0.025129663427692,False,0.0,-0.029378850003259304,0.029378850003259304,False,0.0,False,False,False,none
2021-05-21,2021-05-24,-0.0006478947316109,-0.025129663427692,0.025129663427692,False,0.0,-0.02974447549730432,0.02974447549730432,False,0.0,False,False,False,none
2021-05-24,2021-05-25,0.0112657462071338,-0.025129663427692,0.025129663427692,False,0.0,-0.028839520370827577,0.028839520370827577,False,0.0,False,False,False,none
2021-05-25,2021-05-26,0.0047712722026492,-0.025129663427692,0.025129663427692,False,0.0,-0.028326977119422822,0.028326977119422822,False,0.0,False,False,False,none
2021-05-26,2021-05-27,-0.0159917055187292,-0.0247824563987448,0.0247824563987448,False,0.0,-0.0275312201473804,0.0275312201473804,False,0.0,False,False,False,none
2021-05-27,2021-05-28,0.0059203865151444,-0.0247824563987448,0.0247824563987448,False,0.0,-0.027459134538178578,0.027459134538178578,False,0.0,False,False,False,none
2021-05-28,2021-05-31,0.0239774375335691,-0.0247824563987448,0.0247824563987448,False,0.0,-0.02672926751354335,0.02672926751354335,False,0.0,False,False,False,none
2021-05-31,2021-06-01,0.0239832583013401,-0.0247824563987448,0.0247824563987448,False,0.0,-0.027657085453120702,0.027657085453120702,False,0.0,False,False,False,none
2021-06-01,2021-06-02,-0.0094554138783022,-0.0247824563987448,0.0247824563987448,False,0.0,-0.028502503219119575,0.028502503219119575,False,0.0,False,False,False,none
2021-06-02,2021-06-03,0.0010885873061264,-0.0247824563987448,0.0247824563987448,False,0.0,-0.02789556328581363,0.02789556328581363,False,0.0,False,False,False,none
2021-06-03,2021-06-04,-0.0043507358623942,-0.0247824563987448,0.0247824563987448,False,0.0,-0.027049308156295054,0.027049308156295054,False,0.0,False,False,False,none
2021-06-04,2021-06-07,-0.0222616605459275,-0.0247824563987448,0.0247824563987448,False,0.0,-0.026283796254203413,0.026283796254203413,False,0.0,False,False,False,none
2021-06-07,2021-06-08,-0.0249624033279883,-0.0247824563987448,0.0247824563987448,True,0.00017994692924350186,-0.02701549019934309,0.02701549019934309,False,0.0,False,True,False,historical_only
2021-06-08,2021-06-09,0.0067626086919299,-0.0250016883298692,0.0250016883298692,False,0.0,-0.028057075021567804,0.028057075021567804,False,0.0,False,False,False,none
2021-06-09,2021-06-10,0.0066661962765733,-0.0250016883298692,0.0250016883298692,False,0.0,-0.02733846060570766,0.02733846060570766,False,0.0,False,False,False,none
2021-06-10,2021-06-11,0.0203683080603248,-0.0247431713968638,0.0247431713968638,False,0.0,-0.026641353326059523,0.026641353326059523,False,0.0,False,False,False,none
2021-06-11,2021-06-14,0.0069825163074734,-0.0247431713968638,0.0247431713968638,False,0.0,-0.02710207749195903,0.02710207749195903,False,0.0,False,False,False,none
2021-06-14,2021-06-15,-0.0052223989055704,-0.0237547284881494,0.0237547284881494,False,0.0,-0.02642661274296509,0.02642661274296509,False,0.0,False,False,False,none
2021-06-15,2021-06-16,-0.0114558884549058,-0.0237547284881494,0.0237547284881494,False,0.0,-0.025707805812692837,0.025707805812692837,False,0.0,False,False,False,none
2021-06-16,2021-06-17,0.000322914223555,-0.0237547284881494,0.0237547284881494,False,0.0,-0.025348410384710765,0.025348410384710765,False,0.0,False,False,False,none
2021-06-17,2021-06-18,0.0141696894411022,-0.0237547284881494,0.0237547284881494,False,0.0,-0.024576540063533735,0.024576540063533735,False,0.0,False,False,False,none
2021-06-18,2021-06-21,0.0127952285539566,-0.0237547284881494,0.0237547284881494,False,0.0,-0.02450222641180526,0.02450222641180526,False,0.0,False,False,False,none
2021-06-21,2021-06-22,0.0029121110188059,-0.0237547284881494,0.0237547284881494,False,0.0,-0.024308728936032056,0.024308728936032056,False,0.0,False,False,False,none
2021-06-22,2021-06-23,-0.0084273126063617,-0.0237547284881494,0.0237547284881494,False,0.0,-0.02359737460504063,0.02359737460504063,False,0.0,False,False,False,none
2021-06-23,2021-06-24,-0.0059949041082633,-0.0237547284881494,0.0237547284881494,False,0.0,-0.023129088166773247,0.023129088166773247,False,0.0,False,False,False,none
2021-06-24,2021-06-25,0.0019692845467848,-0.0237547284881494,0.0237547284881494,False,0.0,-0.022554190022796277,0.022554190022796277,False,0.0,False,False,False,none
2021-06-25,2021-06-28,0.0172893424946518,-0.0237547284881494,0.0237547284881494,False,0.0,-0.021881488464700765,0.021881488464700765,False,0.0,False,False,False,none
2021-06-28,2021-06-29,0.0107853359133222,-0.0234791189380199,0.0234791189380199,False,0.0,-0.022329268898642677,0.022329268898642677,False,0.0,False,False,False,none
2021-06-29,2021-06-30,0.0072052795042394,-0.0234791189380199,0.0234791189380199,False,0.0,-0.02208084162498974,0.02208084162498974,False,0.0,False,False,False,none
2021-06-30,2021-07-01,0.0098509081443468,-0.0234791189380199,0.0234791189380199,False,0.0,-0.02160410657847387,0.02160410657847387,False,0.0,False,False,False,none
2021-07-01,2021-07-02,0.0207212998679564,-0.0234791189380199,0.0234791189380199,False,0.0,-0.02131867715205501,0.02131867715205501,False,0.0,False,False,False,none
2021-07-02,2021-07-05,0.0165196191564856,-0.0234791189380199,0.0234791189380199,False,0.0,-0.022291656635646,0.022291656635646,False,0.0,False,False,False,none
2021-07-05,2021-07-06,-0.0643610940462532,-0.0234791189380199,0.0234791189380199,True,0.0408819751082333,-0.022614223231969578,0.022614223231969578,True,0.041746870814283625,True,False,False,both
2021-07-06,2021-07-07,0.0497658989923303,-0.0247431713968638,0.0247431713968638,False,0.0,-0.03395817209089872,0.03395817209089872,False,0.0,False,False,False,none
2021-07-07,2021-07-08,0.0049223608897882,-0.0247431713968638,0.0247431713968638,False,0.0,-0.03854877684739596,0.03854877684739596,False,0.0,False,False,False,none
2021-07-08,2021-07-09,-0.0042283947747789,-0.0247431713968638,0.0247431713968638,False,0.0,-0.03742700849316437,0.03742700849316437,False,0.0,False,False,False,none
2021-07-09,2021-07-12,-0.0297959603179115,-0.0247431713968638,0.0247431713968638,True,0.005052788921047699,-0.036326801454007566,0.036326801454007566,False,0.0,False,True,False,historical_only
2021-07-12,2021-07-13,0.0045848228400876,-0.0250016883298692,0.0250016883298692,False,0.0,-0.03720990568135124,0.03720990568135124,False,0.0,False,False,False,none
2021-07-13,2021-07-14,-0.0266686315775071,-0.0250016883298692,0.0250016883298692,True,0.0016669432476379004,-0.036123604261578436,0.036123604261578436,False,0.0,False,True,False,historical_only
2021-07-14,2021-07-15,0.0130114640662351,-0.025129663427692,0.025129663427692,False,0.0,-0.036634320394630444,0.036634320394630444,False,0.0,False,False,False,none
2021-07-15,2021-07-16,0.0092225070211623,-0.025129663427692,0.025129663427692,False,0.0,-0.035903086812622546,0.035903086812622546,False,0.0,False,False,False,none
2021-07-16,2021-07-19,-0.0484763779497454,-0.025129663427692,0.025129663427692,True,0.0233467145220534,-0.03500709763597571,0.03500709763597571,True,0.013469280313769691,True,False,False,both
2021-07-19,2021-07-20,0.0480262212190258,-0.0260113798133088,0.0260113798133088,False,0.0,-0.03915918894414177,0.03915918894414177,False,0.0,False,False,False,none
2021-07-20,2021-07-21,-0.0070792034638851,-0.0260113798133088,0.0260113798133088,False,0.0,-0.04261289267807445,0.04261289267807445,False,0.0,False,False,False,none
2021-07-21,2021-07-22,0.0177002175537127,-0.0260113798133088,0.0260113798133088,False,0.0,-0.04141307068323667,0.04141307068323667,False,0.0,False,False,False,none
2021-07-22,2021-07-23,-0.0127924365154343,-0.0260113798133088,0.0260113798133088,False,0.0,-0.04077987629616035,0.04077987629616035,False,0.0,False,False,False,none
2021-07-23,2021-07-26,0.0073120953078855,-0.025129663427692,0.025129663427692,False,0.0,-0.0398720900387675,0.0398720900387675,False,0.0,False,False,False,none
2021-07-26,2021-07-27,-0.0021127714545146,-0.0250016883298692,0.0250016883298692,False,0.0,-0.038769523406441846,0.038769523406441846,False,0.0,False,False,False,none
2021-07-27,2021-07-28,-0.0024637755654181,-0.0250016883298692,0.0250016883298692,False,0.0,-0.03759808518086602,0.03759808518086602,False,0.0,False,False,False,none
2021-07-28,2021-07-29,0.019892850911549,-0.0247431713968638,0.0247431713968638,False,0.0,-0.03646620954372336,0.03646620954372336,False,0.0,False,False,False,none
2021-07-29,2021-07-30,0.0062106643100833,-0.0247431713968638,0.0247431713968638,False,0.0,-0.036252400295276654,0.036252400295276654,False,0.0,False,False,False,none
2021-07-30,2021-08-02,0.0171775856152308,-0.0247431713968638,0.0247431713968638,False,0.0,-0.03523696760324692,0.03523696760324692,False,0.0,False,False,False,none
2021-08-02,2021-08-03,0.0007038288288288,-0.0247431713968638,0.0247431713968638,False,0.0,-0.03485749052158374,0.03485749052158374,False,0.0,False,False,False,none
2021-08-03,2021-08-04,0.0012788062236301,-0.0247431713968638,0.0247431713968638,False,0.0,-0.03379678064924484,0.03379678064924484,False,0.0,False,False,False,none
2021-08-04,2021-08-05,0.0184220891974336,-0.0247431713968638,0.0247431713968638,False,0.0,-0.03277124515781519,0.03277124515781519,False,0.0,False,False,False,none
2021-08-05,2021-08-06,-0.0056083233037587,-0.0247431713968638,0.0247431713968638,False,0.0,-0.03262834048321362,0.03262834048321362,False,0.0,False,False,False,none
2021-08-06,2021-08-09,0.0165309488492499,-0.0247431713968638,0.0247431713968638,False,0.0,-0.031714948859248235,0.031714948859248235,False,0.0,False,False,False,none
2021-08-09,2021-08-10,-0.0007506922021573,-0.0247431713968638,0.0247431713968638,False,0.0,-0.03146186107543247,0.03146186107543247,False,0.0,False,False,False,none
2021-08-10,2021-08-11,-0.0066861150597234,-0.0247431713968638,0.0247431713968638,False,0.0,-0.030504905522060737,0.030504905522060737,False,0.0,False,False,False,none
2021-08-11,2021-08-12,-0.0212633103493803,-0.0247431713968638,0.0247431713968638,False,0.0,-0.02969803434536066,0.02969803434536066,False,0.0,False,False,False,none
2021-08-12,2021-08-13,0.0078404719285168,-0.0247431713968638,0.0247431713968638,False,0.0,-0.030040806013931665,0.030040806013931665,False,0.0,False,False,False,none
2021-08-13,2021-08-16,0.0058282889077147,-0.0247431713968638,0.0247431713968638,False,0.0,-0.02929645194872462,0.02929645194872462,False,0.0,False,False,False,none
2021-08-16,2021-08-17,0.0032750079678732,-0.0247431713968638,0.0247431713968638,False,0.0,-0.028500867345647465,0.028500867345647465,False,0.0,False,False,False,none
2021-08-17,2021-08-18,0.0058159949581149,-0.0247431713968638,0.0247431713968638,False,0.0,-0.02766410309823204,0.02766410309823204,False,0.0,False,False,False,none
2021-08-18,2021-08-19,0.0050057787116398,-0.0247431713968638,0.0247431713968638,False,0.0,-0.026923511548315595,0.026923511548315595,False,0.0,False,False,False,none
2021-08-19,2021-08-20,-0.0348566598553519,-0.0247431713968638,0.0247431713968638,True,0.010113488458488099,-0.02618111240917801,0.02618111240917801,True,0.008675547446173888,True,False,False,both
2021-08-20,2021-08-23,-0.0285735392121658,-0.0250016883298692,0.0250016883298692,True,0.0035718508822966018,-0.029009577260467847,0.029009577260467847,False,0.0,False,True,False,historical_only
2021-08-23,2021-08-24,0.010025801620543,-0.025129663427692,0.025129663427692,False,0.0,-0.03039075898822578,0.03039075898822578,False,0.0,False,False,False,none
2021-08-24,2021-08-25,0.0066881809664902,-0.025129663427692,0.025129663427692,False,0.0,-0.029740535900476015,0.029740535900476015,False,0.0,False,False,False,none
2021-08-25,2021-08-26,-0.0056134270584077,-0.025129663427692,0.025129663427692,False,0.0,-0.028960161102615616,0.028960161102615616,False,0.0,False,False,False,none
2021-08-26,2021-08-27,0.0066610463735015,-0.025129663427692,0.025129663427692,False,0.0,-0.02816885988333318,0.02816885988333318,False,0.0,False,False,False,none
2021-08-27,2021-08-30,0.0123190594775323,-0.025129663427692,0.025129663427692,False,0.0,-0.027442270496686433,0.027442270496686433,False,0.0,False,False,False,none
2021-08-30,2021-08-31,0.006081455782346,-0.025129663427692,0.025129663427692,False,0.0,-0.027065272736652712,0.027065272736652712,False,0.0,False,False,False,none
2021-08-31,2021-09-01,-0.0031370544290932,-0.025129663427692,0.025129663427692,False,0.0,-0.026354904194666115,0.026354904194666115,False,0.0,False,False,False,none
2021-09-01,2021-09-06,0.0250239113791905,-0.025129663427692,0.025129663427692,False,0.0,-0.025583268941392935,0.025583268941392935,False,0.0,False,False,False,none
2021-09-06,2021-09-07,-0.0103129894977093,-0.025129663427692,0.025129663427692,False,0.0,-0.02677471723311431,0.02677471723311431,False,0.0,False,False,False,none
2021-09-07,2021-09-08,0.0058781799235451,-0.0250016883298692,0.0250016883298692,False,0.0,-0.026289497621351625,0.026289497621351625,False,0.0,False,False,False,none
2021-09-08,2021-09-09,0.0266376971265607,-0.0250016883298692,0.0250016883298692,False,0.0,-0.025598408202905265,0.025598408202905265,False,0.0,False,False,False,none
2021-09-09,2021-09-10,-0.0014422443887156,-0.0250016883298692,0.0250016883298692,False,0.0,-0.027039741836704788,0.027039741836704788,False,0.0,False,False,False,none
2021-09-10,2021-09-13,0.0107469203680827,-0.0250016883298692,0.0250016883298692,False,0.0,-0.02622244159653947,0.02622244159653947,False,0.0,False,False,False,none
2021-09-13,2021-09-14,-0.0016398938889966,-0.0250016883298692,0.0250016883298692,False,0.0,-0.025789693130603912,0.025789693130603912,False,0.0,False,False,False,none
2021-09-14,2021-09-15,0.0098475532563502,-0.0250016883298692,0.0250016883298692,False,0.0,-0.025012763316911758,0.025012763316911758,False,0.0,False,False,False,none
2021-09-15,2021-09-16,-0.0024251740824678,-0.0250016883298692,0.0250016883298692,False,0.0,-0.024573199238431515,0.024573199238431515,False,0.0,False,False,False,none
2021-09-16,2021-09-17,0.0050443478271902,-0.0250016883298692,0.0250016883298692,False,0.0,-0.02384462932850438,0.02384462932850438,False,0.0,False,False,False,none
2021-09-17,2021-09-20,-0.0076705864380572,-0.0250016883298692,0.0250016883298692,False,0.0,-0.02320739089976715,0.02320739089976715,False,0.0,False,False,False,none
2021-09-20,2021-09-21,-0.0043073712930784,-0.0250016883298692,0.0250016883298692,False,0.0,-0.022711656081051284,0.022711656081051284,False,0.0,False,False,False,none
2021-09-21,2021-09-22,0.0046845980605482,-0.0250016883298692,0.0250016883298692,False,0.0,-0.022088050890160416,0.022088050890160416,False,0.0,False,False,False,none
2021-09-22,2021-09-23,0.0170061803809511,-0.0250016883298692,0.0250016883298692,False,0.0,-0.021498175182410442,0.021498175182410442,False,0.0,False,False,False,none
2021-09-23,2021-09-24,-0.006490629452774,-0.0250016883298692,0.0250016883298692,False,0.0,-0.02194058989926806,0.02194058989926806,False,0.0,False,False,False,none
2021-09-24,2021-09-27,-0.0136285283344106,-0.0250016883298692,0.0250016883298692,False,0.0,-0.02143233323837084,0.02143233323837084,False,0.0,False,False,False,none
2021-09-27,2021-09-28,0.0169071403313652,-0.0250016883298692,0.0250016883298692,False,0.0,-0.021492681313821704,0.021492681313821704,False,0.0,False,False,False,none
2021-09-28,2021-09-29,0.0080652499879612,-0.0250016883298692,0.0250016883298692,False,0.0,-0.02192309811949128,0.02192309811949128,False,0.0,False,False,False,none
2021-09-29,2021-09-30,-0.0031617690716881,-0.0250016883298692,0.0250016883298692,False,0.0,-0.021502194085786224,0.021502194085786224,False,0.0,False,False,False,none
2021-09-30,2021-10-01,-0.001456525052249,-0.0250016883298692,0.0250016883298692,False,0.0,-0.020886035847634793,0.020886035847634793,False,0.0,False,False,False,none
2021-10-01,2021-10-04,0.0191613803099696,-0.0250016883298692,0.0250016883298692,False,0.0,-0.02025826465432267,0.02025826465432267,False,0.0,False,False,False,none
2021-10-04,2021-10-05,-0.0002637742969506,-0.0250016883298692,0.0250016883298692,False,0.0,-0.02110391540506859,0.02110391540506859,False,0.0,False,False,False,none
2021-10-05,2021-10-06,0.0087719628624101,-0.0250016883298692,0.0250016883298692,False,0.0,-0.020461281125460466,0.020461281125460466,False,0.0,False,False,False,none
2021-10-06,2021-10-07,-0.0040263370407434,-0.0250016883298692,0.0250016883298692,False,0.0,-0.020150316247547376,0.020150316247547376,False,0.0,False,False,False,none
2021-10-07,2021-10-08,0.0189833107781647,-0.0250016883298692,0.0250016883298692,False,0.0,-0.01960369269764767,0.01960369269764767,False,0.0,False,False,False,none
2021-10-08,2021-10-11,0.0116415524870752,-0.0250016883298692,0.0250016883298692,False,0.0,-0.020487695038365207,0.020487695038365207,False,0.0,False,False,False,none
2021-10-11,2021-10-12,0.0048648251374281,-0.0250016883298692,0.0250016883298692,False,0.0,-0.020409829899550893,0.020409829899550893,False,0.0,False,False,False,none
2021-10-12,2021-10-13,0.0047240765129728,-0.0250016883298692,0.0250016883298692,False,0.0,-0.019884902202932698,0.019884902202932698,False,0.0,False,False,False,none
2021-10-13,2021-10-14,-0.0030071787220544,-0.0250016883298692,0.0250016883298692,False,0.0,-0.019372855645648383,0.019372855645648383,False,0.0,False,False,False,none
2021-10-14,2021-10-15,0.000536677497147,-0.0250016883298692,0.0250016883298692,False,0.0,-0.018821718242232232,0.018821718242232232,False,0.0,False,False,False,none
2021-10-15,2021-10-18,-0.0004492418728991,-0.0250016883298692,0.0250016883298692,False,0.0,-0.018249613925128683,0.018249613925128683,False,0.0,False,False,False,none
2021-10-18,2021-10-19,-0.0079820728625653,-0.0250016883298692,0.0250016883298692,False,0.0,-0.017694582944948738,0.017694582944948738,False,0.0,False,False,False,none
2021-10-19,2021-10-20,-0.0063879375534332,-0.0250016883298692,0.0250016883298692,False,0.0,-0.01745437326721051,0.01745437326721051,False,0.0,False,False,False,none
2021-10-20,2021-10-21,-0.007009541170633,-0.0250016883298692,0.0250016883298692,False,0.0,-0.017117241032103218,0.017117241032103218,False,0.0,False,False,False,none
2021-10-21,2021-10-22,-0.0030224869517205,-0.0250016883298692,0.0250016883298692,False,0.0,-0.01683436783649265,0.01683436783649265,False,0.0,False,False,False,none
2021-10-22,2021-10-25,-0.0118370207089298,-0.0250016883298692,0.0250016883298692,False,0.0,-0.01636689224534985,0.01636689224534985,False,0.0,False,False,False,none
2021-10-25,2021-10-26,0.0132511653972644,-0.0250016883298692,0.0250016883298692,False,0.0,-0.016569486864393065,0.016569486864393065,False,0.0,False,False,False,none
2021-10-26,2021-10-27,0.0243459829610628,-0.0250016883298692,0.0250016883298692,False,0.0,-0.01692866070174369,0.01692866070174369,False,0.0,False,False,False,none
2021-10-27,2021-10-28,-0.0001148046904108,-0.0250016883298692,0.0250016883298692,False,0.0,-0.019120765696220083,0.019120765696220083,False,0.0,False,False,False,none
2021-10-28,2021-10-29,-0.0104012961864519,-0.0247431713968638,0.0247431713968638,False,0.0,-0.01853832785134378,0.01853832785134378,False,0.0,False,False,False,none
2021-10-29,2021-11-01,-0.015474096905732,-0.0247431713968638,0.0247431713968638,False,0.0,-0.018455668376466124,0.018455668376466124,False,0.0,False,False,False,none
2021-11-01,2021-11-02,-0.0030573967736989,-0.0247431713968638,0.0247431713968638,False,0.0,-0.018948486981768035,0.018948486981768035,False,0.0,False,False,False,none
2021-11-02,2021-11-03,0.0004870685305115,-0.0247431713968638,0.0247431713968638,False,0.0,-0.01841249254783123,0.01841249254783123,False,0.0,False,False,False,none
2021-11-03,2021-11-04,0.0065964703267977,-0.0247431713968638,0.0247431713968638,False,0.0,-0.017852652464350718,0.017852652464350718,False,0.0,False,False,False,none
2021-11-04,2021-11-05,0.012759545513653,-0.0247431713968638,0.0247431713968638,False,0.0,-0.017511647982307834,0.017511647982307834,False,0.0,False,False,False,none
2021-11-05,2021-11-08,-0.0005418910687533,-0.0247431713968638,0.0247431713968638,False,0.0,-0.01773942132332774,0.01773942132332774,False,0.0,False,False,False,none
2021-11-08,2021-11-09,-0.0092002875127077,-0.0247431713968638,0.0247431713968638,False,0.0,-0.017200392817108306,0.017200392817108306,False,0.0,False,False,False,none
2021-11-09,2021-11-10,-0.0011903630071374,-0.0247431713968638,0.0247431713968638,False,0.0,-0.01708341280152205,0.01708341280152205,False,0.0,False,False,False,none
2021-11-10,2021-11-11,-0.0023972787854165,-0.0247431713968638,0.0247431713968638,False,0.0,-0.01656992555340178,0.01656992555340178,False,0.0,False,False,False,none
2021-11-11,2021-11-12,0.0130585725678595,-0.0247431713968638,0.0247431713968638,False,0.0,-0.01609414811456173,0.01609414811456173,False,0.0,False,False,False,none
2021-11-12,2021-11-15,-0.0001495268354893,-0.0247431713968638,0.0247431713968638,False,0.0,-0.01646700607417338,0.01646700607417338,False,0.0,False,False,False,none
2021-11-15,2021-11-16,-0.0099480028412873,-0.0247431713968638,0.0247431713968638,False,0.0,-0.015965468398423187,0.015965468398423187,False,0.0,False,False,False,none
2021-11-16,2021-11-17,-0.0038876348131426,-0.0247431713968638,0.0247431713968638,False,0.0,-0.01598959953367494,0.01598959953367494,False,0.0,False,False,False,none
2021-11-17,2021-11-18,-0.0129017157146439,-0.0247431713968638,0.0247431713968638,False,0.0,-0.015581421716242863,0.015581421716242863,False,0.0,False,False,False,none
2021-11-18,2021-11-19,-0.0171964644168616,-0.0247431713968638,0.0247431713968638,False,0.0,-0.015976070102218107,0.015976070102218107,True,0.0012203943146434915,False,False,True,ewma_only
2021-11-19,2021-11-22,0.0024754003231826,-0.0247431713968638,0.0247431713968638,False,0.0,-0.016968366567302818,0.016968366567302818,False,0.0,False,False,False,none
2021-11-22,2021-11-23,0.0223753535361241,-0.0247431713968638,0.0247431713968638,False,0.0,-0.01648164574628844,0.01648164574628844,False,0.0,False,False,False,none
2021-11-23,2021-11-24,0.0007348449201929,-0.0247431713968638,0.0247431713968638,False,0.0,-0.018347175093394424,0.018347175093394424,False,0.0,False,False,False,none
2021-11-24,2021-11-25,0.0137093157219751,-0.0247431713968638,0.0247431713968638,False,0.0,-0.017790710019651743,0.017790710019651743,False,0.0,False,False,False,none
2021-11-25,2021-11-26,-0.0130331827435785,-0.0247431713968638,0.0247431713968638,False,0.0,-0.018111555921281514,0.018111555921281514,False,0.0,False,False,False,none
2021-11-26,2021-11-29,-0.0165188779914234,-0.0247431713968638,0.0247431713968638,False,0.0,-0.01832815300180807,0.01832815300180807,False,0.0,False,False,False,none
2021-11-29,2021-11-30,0.0036858891176764,-0.0247431713968638,0.0247431713968638,False,0.0,-0.018975303950989984,0.018975303950989984,False,0.0,False,False,False,none
2021-11-30,2021-12-01,0.0040379682813442,-0.0247431713968638,0.0247431713968638,False,0.0,-0.018457081169300043,0.018457081169300043,False,0.0,False,False,False,none
2021-12-01,2021-12-02,-0.0106078139392708,-0.0247431713968638,0.0247431713968638,False,0.0,-0.01796860813270205,0.01796860813270205,False,0.0,False,False,False,none
2021-12-02,2021-12-03,-0.0205136173440168,-0.0247431713968638,0.0247431713968638,False,0.0,-0.017937815320881245,0.017937815320881245,True,0.0025758020231355545,False,False,True,ewma_only
2021-12-03,2021-12-06,-0.0223717002762268,-0.0247431713968638,0.0247431713968638,False,0.0,-0.019255395237980526,0.019255395237980526,True,0.003116305038246274,False,False,True,ewma_only
2021-12-06,2021-12-07,0.0241247351111213,-0.0247431713968638,0.0247431713968638,False,0.0,-0.02073090350853818,0.02073090350853818,False,0.0,False,False,False,none
2021-12-07,2021-12-08,-0.0032637348052024,-0.0247431713968638,0.0247431713968638,False,0.0,-0.02232626654378101,0.02232626654378101,False,0.0,False,False,False,none
2021-12-08,2021-12-09,0.0044468498605879,-0.0247431713968638,0.0247431713968638,False,0.0,-0.021686023341036167,0.021686023341036167,False,0.0,False,False,False,none
2021-12-09,2021-12-10,-0.0081493483887452,-0.0247431713968638,0.0247431713968638,False,0.0,-0.02110157893895378,0.02110157893895378,False,0.0,False,False,False,none
2021-12-10,2021-12-13,0.0031078265035842,-0.0247431713968638,0.0247431713968638,False,0.0,-0.02072054172048116,0.02072054172048116,False,0.0,False,False,False,none
2021-12-13,2021-12-14,0.0084248910031181,-0.0247431713968638,0.0247431713968638,False,0.0,-0.02012829604357279,0.02012829604357279,False,0.0,False,False,False,none
2021-12-14,2021-12-15,0.0026254753466973,-0.0247431713968638,0.0247431713968638,False,0.0,-0.01980811892389333,0.01980811892389333,False,0.0,False,False,False,none
2021-12-15,2021-12-16,-0.0090735834192174,-0.0247431713968638,0.0247431713968638,False,0.0,-0.01923379471284354,0.01923379471284354,False,0.0,False,False,False,none
2021-12-16,2021-12-17,-0.0002287939645655,-0.0247431713968638,0.0247431713968638,False,0.0,-0.019002824985819698,0.019002824985819698,False,0.0,False,False,False,none
2021-12-17,2021-12-20,-0.0043863285000378,-0.0247431713968638,0.0247431713968638,False,0.0,-0.018424152994586978,0.018424152994586978,False,0.0,False,False,False,none
2021-12-20,2021-12-21,-0.0077866423011157,-0.0247431713968638,0.0247431713968638,False,0.0,-0.01795008936650913,0.01795008936650913,False,0.0,False,False,False,none
2021-12-21,2021-12-22,-0.0034226552287432,-0.0247431713968638,0.0247431713968638,False,0.0,-0.0176837745878504,0.0176837745878504,False,0.0,False,False,False,none
2021-12-22,2021-12-23,-0.0104371925592644,-0.0247431713968638,0.0247431713968638,False,0.0,-0.017200424039887575,0.017200424039887575,False,0.0,False,False,False,none
2021-12-23,2021-12-24,0.0127427385875064,-0.0247431713968638,0.0247431713968638,False,0.0,-0.017198459600482392,0.017198459600482392,False,0.0,False,False,False,none
2021-12-24,2021-12-27,0.002276195460044,-0.0247431713968638,0.0247431713968638,False,0.0,-0.017447032309649793,0.017447032309649793,False,0.0,False,False,False,none
2021-12-27,2021-12-28,0.0014780967723263,-0.0247431713968638,0.0247431713968638,False,0.0,-0.016940367650799645,0.016940367650799645,False,0.0,False,False,False,none
2021-12-28,2021-12-29,-0.0065872566536571,-0.0247431713968638,0.0247431713968638,False,0.0,-0.01643508905351696,0.01643508905351696,False,0.0,False,False,False,none
2021-12-29,2021-12-30,-0.0009734664155985,-0.0247431713968638,0.0247431713968638,False,0.0,-0.016153926812948208,0.016153926812948208,False,0.0,False,False,False,none
2021-12-30,2021-12-31,0.006838500474531,-0.0247431713968638,0.0247431713968638,False,0.0,-0.015666723421059705,0.015666723421059705,False,0.0,False,False,False,none
2021-12-31,2022-01-04,0.0089758765667637,-0.0247431713968638,0.0247431713968638,False,0.0,-0.015437323219072985,0.015437323219072985,False,0.0,False,False,False,none
2022-01-04,2022-01-05,-0.0009088672241971,-0.0247431713968638,0.0247431713968638,False,0.0,-0.015397754335552795,0.015397754335552795,False,0.0,False,False,False,none
2022-01-05,2022-01-06,-0.0043981826817441,-0.0247431713968638,0.0247431713968638,False,0.0,-0.014933167160062762,0.014933167160062762,False,0.0,False,False,False,none
2022-01-06,2022-01-07,-0.0073351410795538,-0.0247431713968638,0.0247431713968638,False,0.0,-0.014586283840268045,0.014586283840268045,False,0.0,False,False,False,none
2022-01-07,2022-01-10,-0.0122510538836361,-0.0247431713968638,0.0247431713968638,False,0.0,-0.01444743185225021,0.01444743185225021,False,0.0,False,False,False,none
2022-01-10,2022-01-11,-0.0160592689353921,-0.0247431713968638,0.0247431713968638,False,0.0,-0.01485155946037719,0.01485155946037719,True,0.0012077094750149089,False,False,True,ewma_only
2022-01-11,2022-01-12,0.0190836110690223,-0.0247431713968638,0.0247431713968638,False,0.0,-0.01578607893001731,0.01578607893001731,False,0.0,False,False,False,none
2022-01-12,2022-01-13,0.0117184143173093,-0.0247431713968638,0.0247431713968638,False,0.0,-0.017127966699681984,0.017127966699681984,False,0.0,False,False,False,none
2022-01-13,2022-01-14,-0.0097870057504166,-0.0247431713968638,0.0247431713968638,False,0.0,-0.01726432514270717,0.01726432514270717,False,0.0,False,False,False,none
2022-01-14,2022-01-17,-0.0296339932787395,-0.0247431713968638,0.0247431713968638,True,0.004890821881875701,-0.017196587284482735,0.017196587284482735,True,0.012437405994256766,True,False,False,both
2022-01-17,2022-01-18,-0.0082038582262877,-0.0250016883298692,0.0250016883298692,False,0.0,-0.020506961271859105,0.020506961271859105,False,0.0,False,False,False,none
2022-01-18,2022-01-19,0.0056015330276795,-0.0250016883298692,0.0250016883298692,False,0.0,-0.020155119733659823,0.020155119733659823,False,0.0,False,False,False,none
2022-01-19,2022-01-20,0.0070474016170728,-0.0247431713968638,0.0247431713968638,False,0.0,-0.01967101061385682,0.01967101061385682,False,0.0,False,False,False,none
2022-01-20,2022-01-21,-0.0095784124445406,-0.0247431713968638,0.0247431713968638,False,0.0,-0.01928196383026879,0.01928196383026879,False,0.0,False,False,False,none
2022-01-21,2022-01-24,-0.0392112447279263,-0.0247431713968638,0.0247431713968638,True,0.014468073331062502,-0.01908873611178073,0.01908873611178073,True,0.020122508616145573,True,False,False,both
2022-01-24,2022-01-25,0.0283299302352217,-0.0250016883298692,0.0250016883298692,False,0.0,-0.024333248117567246,0.024333248117567246,False,0.0,False,False,False,none
2022-01-25,2022-01-26,0.001988714715891,-0.0250016883298692,0.0250016883298692,False,0.0,-0.026208133339065187,0.026208133339065187,False,0.0,False,False,False,none
2022-01-26,2022-01-27,-0.0114019733547036,-0.0250016883298692,0.0250016883298692,False,0.0,-0.025422358292574575,0.025422358292574575,False,0.0,False,False,False,none
2022-01-27,2022-01-28,0.0169267908883486,-0.0247431713968638,0.0247431713968638,False,0.0,-0.025072346780950366,0.025072346780950366,False,0.0,False,False,False,none
2022-01-28,2022-02-07,0.0101465436963548,-0.0235286368166546,0.0235286368166546,False,0.0,-0.025247101785406758,0.025247101785406758,False,0.0,False,False,False,none
2022-02-07,2022-02-08,0.029470482570055,-0.0235286368166546,0.0235286368166546,False,0.0,-0.024817004309167806,0.024817004309167806,False,0.0,False,False,False,none
2022-02-08,2022-02-09,0.0148128404166962,-0.0223221823975921,0.0223221823975921,False,0.0,-0.02683128895078544,0.02683128895078544,False,0.0,False,False,False,none
2022-02-09,2022-02-10,0.001009312646659,-0.0223221823975921,0.0223221823975921,False,0.0,-0.02668973665274905,0.02668973665274905,False,0.0,False,False,False,none
2022-02-10,2022-02-11,-0.0027612563859532,-0.0223221823975921,0.0223221823975921,False,0.0,-0.025879854911021807,0.025879854911021807,False,0.0,False,False,False,none
2022-02-11,2022-02-14,-0.017114557838619,-0.0223221823975921,0.0223221823975921,False,0.0,-0.025116102160667654,0.025116102160667654,False,0.0,False,False,False,none
2022-02-14,2022-02-15,0.0022558987374948,-0.0223221823975921,0.0223221823975921,False,0.0,-0.025308457211282366,0.025308457211282366,False,0.0,False,False,False,none
2022-02-15,2022-02-16,-0.0002711172866053,-0.0222415540961392,0.0222415540961392,False,0.0,-0.02455428780297689,0.02455428780297689,False,0.0,False,False,False,none
2022-02-16,2022-02-17,0.0130337415638718,-0.0222415540961392,0.0222415540961392,False,0.0,-0.023806515888120904,0.023806515888120904,False,0.0,False,False,False,none
2022-02-17,2022-02-18,0.0006617615533804,-0.0222415540961392,0.0222415540961392,False,0.0,-0.023671121509203787,0.023671121509203787,False,0.0,False,False,False,none
2022-02-18,2022-02-21,0.0015209137293425,-0.0222415540961392,0.0222415540961392,False,0.0,-0.022951552538874063,0.022951552538874063,False,0.0,False,False,False,none
2022-02-21,2022-02-22,0.0055488397998914,-0.0222415540961392,0.0222415540961392,False,0.0,-0.022260791594564847,0.022260791594564847,False,0.0,False,False,False,none
2022-02-22,2022-02-23,0.0028119341869855,-0.0222415540961392,0.0222415540961392,False,0.0,-0.021698120463985393,0.021698120463985393,False,0.0,False,False,False,none
2022-02-23,2022-02-24,-0.0110045558909824,-0.0222415540961392,0.0222415540961392,False,0.0,-0.021067593252517,0.021067593252517,False,0.0,False,False,False,none
2022-02-24,2022-02-25,0.0023292456034857,-0.0222415540961392,0.0222415540961392,False,0.0,-0.02090146874516177,0.02090146874516177,False,0.0,False,False,False,none
2022-02-25,2022-02-28,0.0091018838478182,-0.0222415540961392,0.0222415540961392,False,0.0,-0.020286444460975526,0.020286444460975526,False,0.0,False,False,False,none
2022-02-28,2022-03-01,-0.0017161569587302,-0.0222415540961392,0.0222415540961392,False,0.0,-0.020007392850118103,0.020007392850118103,False,0.0,False,False,False,none
2022-03-01,2022-03-02,-0.0047391096017211,-0.0222415540961392,0.0222415540961392,False,0.0,-0.019410206688107494,0.019410206688107494,False,0.0,False,False,False,none
2022-03-02,2022-03-03,0.0287049378895776,-0.0222415540961392,0.0222415540961392,False,0.0,-0.018915512422987963,0.018915512422987963,False,0.0,False,False,False,none
2022-03-03,2022-03-04,-0.0033475575601407,-0.0222415540961392,0.0222415540961392,False,0.0,-0.021681479966810368,0.021681479966810368,False,0.0,False,False,False,none
2022-03-04,2022-03-07,0.0059609339226393,-0.0218129783987658,0.0218129783987658,False,0.0,-0.02106419951776511,0.02106419951776511,False,0.0,False,False,False,none
2022-03-07,2022-03-08,-0.0072982512894229,-0.0218129783987658,0.0218129783987658,False,0.0,-0.020563233998390607,0.020563233998390607,False,0.0,False,False,False,none
2022-03-08,2022-03-09,0.0041807343382112,-0.0218129783987658,0.0218129783987658,False,0.0,-0.020152477701727862,0.020152477701727862,False,0.0,False,False,False,none
2022-03-09,2022-03-10,-0.0085825982827776,-0.0218129783987658,0.0218129783987658,False,0.0,-0.019611026311050713,0.019611026311050713,False,0.0,False,False,False,none
2022-03-10,2022-03-11,-0.016620980434203,-0.0218129783987658,0.0218129783987658,False,0.0,-0.01932548557957565,0.01932548557957565,False,0.0,False,False,False,none
2022-03-11,2022-03-14,-0.0208819631641027,-0.0218129783987658,0.0218129783987658,False,0.0,-0.01989752363652851,0.01989752363652851,True,0.0009844395275741893,False,False,True,ewma_only
2022-03-14,2022-03-15,-0.0010853306135523,-0.0218129783987658,0.0218129783987658,False,0.0,-0.021046209398196,0.021046209398196,False,0.0,False,False,False,none
2022-03-15,2022-03-16,0.0024775134377237,-0.0218129783987658,0.0218129783987658,False,0.0,-0.020409742103088182,0.020409742103088182,False,0.0,False,False,False,none
2022-03-16,2022-03-17,-0.0019330636934377,-0.0218129783987658,0.0218129783987658,False,0.0,-0.019813140279075398,0.019813140279075398,False,0.0,False,False,False,none
2022-03-17,2022-03-18,0.0172346189845546,-0.0218129783987658,0.0218129783987658,False,0.0,-0.019225334588240217,0.019225334588240217,False,0.0,False,False,False,none
2022-03-18,2022-03-21,0.0116121376872794,-0.0218129783987658,0.0218129783987658,False,0.0,-0.019891070219668603,0.019891070219668603,False,0.0,False,False,False,none
2022-03-21,2022-03-22,0.0049898800862705,-0.0218129783987658,0.0218129783987658,False,0.0,-0.019844510714687204,0.019844510714687204,False,0.0,False,False,False,none
2022-03-22,2022-03-23,-0.0008699017055275,-0.0218129783987658,0.0218129783987658,False,0.0,-0.0193447210644471,0.0193447210644471,False,0.0,False,False,False,none
2022-03-23,2022-03-24,-0.0070989263196225,-0.0218129783987658,0.0218129783987658,False,0.0,-0.0187586774817802,0.0187586774817802,False,0.0,False,False,False,none
2022-03-24,2022-03-25,0.011130444828761,-0.0218129783987658,0.0218129783987658,False,0.0,-0.018410741809241574,0.018410741809241574,False,0.0,False,False,False,none
2022-03-25,2022-03-28,0.0171520744319652,-0.0218129783987658,0.0218129783987658,False,0.0,-0.018404590642405846,0.018404590642405846,False,0.0,False,False,False,none
2022-03-28,2022-03-29,0.0284559017787845,-0.0218129783987658,0.0218129783987658,False,0.0,-0.01913537150774761,0.01913537150774761,False,0.0,False,False,False,none
2022-03-29,2022-03-30,-0.0038683200232705,-0.0218129783987658,0.0218129783987658,False,0.0,-0.021809163970113205,0.021809163970113205,False,0.0,False,False,False,none
2022-03-30,2022-03-31,0.0035348918817001,-0.0218129783987658,0.0218129783987658,False,0.0,-0.021202131590013773,0.021202131590013773,False,0.0,False,False,False,none
2022-03-31,2022-04-01,0.0402138704607788,-0.0218129783987658,0.0218129783987658,False,0.0,-0.020605508526194246,0.020605508526194246,False,0.0,False,False,False,none
2022-04-01,2022-04-04,-0.0062177916531189,-0.0218129783987658,0.0218129783987658,False,0.0,-0.025722146323088182,0.025722146323088182,False,0.0,False,False,False,none
2022-04-04,2022-04-05,0.0013439012979677,-0.0218129783987658,0.0218129783987658,False,0.0,-0.025064058187723146,0.025064058187723146,False,0.0,False,False,False,none
2022-04-05,2022-04-06,0.0283098239144413,-0.0218129783987658,0.0218129783987658,False,0.0,-0.024306537726148988,0.024306537726148988,False,0.0,False,False,False,none
2022-04-06,2022-04-07,-0.0120532108858655,-0.0218129783987658,0.0218129783987658,False,0.0,-0.026181293885510337,0.026181293885510337,False,0.0,False,False,False,none
2022-04-07,2022-04-08,-0.025973590828864,-0.0218129783987658,0.0218129783987658,True,0.004160612430098201,-0.025844074839390788,0.025844074839390788,True,0.00012951598947321188,True,False,False,both
2022-04-08,2022-04-12,0.0007083302361948,-0.0223221823975921,0.0223221823975921,False,0.0,-0.027154286220454373,0.027154286220454373,False,0.0,False,False,False,none
2022-04-12,2022-04-13,0.0244947462268694,-0.0223221823975921,0.0223221823975921,False,0.0,-0.026328604063881392,0.026328604063881392,False,0.0,False,False,False,none
2022-04-13,2022-04-14,0.0091939023499324,-0.0223221823975921,0.0223221823975921,False,0.0,-0.02736790146028058,0.02736790146028058,False,0.0,False,False,False,none
2022-04-14,2022-04-15,-0.0083420832292729,-0.0223221823975921,0.0223221823975921,False,0.0,-0.02679148247558344,0.02679148247558344,False,0.0,False,False,False,none
2022-04-15,2022-04-18,-0.0102098136213844,-0.0223221823975921,0.0223221823975921,False,0.0,-0.026191855692609876,0.026191855692609876,False,0.0,False,False,False,none
2022-04-18,2022-04-19,-0.0138314716825956,-0.0223221823975921,0.0223221823975921,False,0.0,-0.025724970458292154,0.025724970458292154,False,0.0,False,False,False,none
2022-04-19,2022-04-20,-0.0007531254707034,-0.0223221823975921,0.0223221823975921,False,0.0,-0.025556279979295635,0.025556279979295635,False,0.0,False,False,False,none
2022-04-20,2022-04-21,0.0001712732476085,-0.0223221823975921,0.0223221823975921,False,0.0,-0.024779590681110592,0.024779590681110592,False,0.0,False,False,False,none
2022-04-21,2022-04-22,0.0012668927226335,-0.0223221823975921,0.0223221823975921,False,0.0,-0.024024803629040588,0.024024803629040588,False,0.0,False,False,False,none
2022-04-22,2022-04-25,-0.0694854382368597,-0.0218129783987658,0.0218129783987658,True,0.0476724598380939,-0.02329850348565572,0.02329850348565572,True,0.04618693475120397,True,False,False,both
2022-04-25,2022-04-26,0.0155529385793861,-0.0223221823975921,0.0223221823975921,False,0.0,-0.035972622706074146,0.035972622706074146,False,0.0,False,False,False,none
2022-04-26,2022-04-27,0.0027069060325794,-0.0218129783987658,0.0218129783987658,False,0.0,-0.03543522366946826,0.03543522366946826,False,0.0,False,False,False,none
2022-04-27,2022-04-28,0.0078705816566901,-0.0218129783987658,0.0218129783987658,False,0.0,-0.03437303068053509,0.03437303068053509,False,0.0,False,False,False,none
2022-04-28,2022-04-29,0.0095824846294083,-0.0218129783987658,0.0218129783987658,False,0.0,-0.03347642138269289,0.03347642138269289,False,0.0,False,False,False,none
2022-04-29,2022-05-04,-0.0110174697818654,-0.0218129783987658,0.0218129783987658,False,0.0,-0.03268541834669912,0.03268541834669912,False,0.0,False,False,False,none
2022-05-04,2022-05-05,0.0008679821866862,-0.0218129783987658,0.0218129783987658,False,0.0,-0.03199907910086797,0.03199907910086797,False,0.0,False,False,False,none
2022-05-05,2022-05-06,-0.0225351380952641,-0.0218129783987658,0.0218129783987658,True,0.0007221596964983,-0.03102622922251047,0.03102622922251047,False,0.0,False,True,False,historical_only
2022-05-06,2022-05-09,-0.0585389934656119,-0.0223221823975921,0.0223221823975921,True,0.0362168110680198,-0.031421442539568495,0.031421442539568495,True,0.027117550926043406,True,False,False,both
2022-05-09,2022-05-10,0.0340695447634803,-0.0224615910766973,0.0224615910766973,False,0.0,-0.038527292141324845,0.038527292141324845,False,0.0,False,False,False,none
2022-05-10,2022-05-11,0.0105751915442737,-0.0224615910766973,0.0224615910766973,False,0.0,-0.03979593022509583,0.03979593022509583,False,0.0,False,False,False,none
2022-05-11,2022-05-12,-0.0559807548391082,-0.0224615910766973,0.0224615910766973,True,0.0335191637624109,-0.038818133820414005,0.038818133820414005,True,0.017162621018694195,True,False,False,both
2022-05-12,2022-05-13,-0.0504911763195256,-0.0238701339732623,0.0238701339732623,True,0.0266210423462633,-0.04387666666724069,0.04387666666724069,True,0.006614509652284911,True,False,False,both
2022-05-13,2022-05-16,-0.0034088569039605,-0.0255185564534699,0.0255185564534699,False,0.0,-0.04715396314148904,0.04715396314148904,False,0.0,False,False,False,none
2022-05-16,2022-05-17,0.0640390255775862,-0.0255185564534699,0.0255185564534699,False,0.0,-0.04573808937880107,0.04573808937880107,False,0.0,False,False,False,none
2022-05-17,2022-05-18,-0.0019364316239316,-0.0255185564534699,0.0255185564534699,False,0.0,-0.051304775149817086,0.051304775149817086,False,0.0,False,False,False,none
2022-05-18,2022-05-19,-0.0061579727861843,-0.0255185564534699,0.0255185564534699,False,0.0,-0.04974794332941859,0.04974794332941859,False,0.0,False,False,False,none
2022-05-19,2022-05-20,0.0019629660679956,-0.0255185564534699,0.0255185564534699,False,0.0,-0.04829619185944029,0.04829619185944029,False,0.0,False,False,False,none
2022-05-20,2022-05-23,-0.0193580884480382,-0.0255185564534699,0.0255185564534699,False,0.0,-0.046831574018471774,0.046831574018471774,False,0.0,False,False,False,none
2022-05-23,2022-05-24,-0.0051761748909557,-0.0255185564534699,0.0255185564534699,False,0.0,-0.04606990721318331,0.04606990721318331,False,0.0,False,False,False,none
2022-05-24,2022-05-25,0.0338340978263341,-0.0255185564534699,0.0255185564534699,False,0.0,-0.044715092669943654,0.044715092669943654,False,0.0,False,False,False,none
2022-05-25,2022-05-26,0.0072022445325956,-0.0255185564534699,0.0255185564534699,False,0.0,-0.045445602351297604,0.045445602351297604,False,0.0,False,False,False,none
2022-05-26,2022-05-27,0.0422897590198742,-0.0255185564534699,0.0255185564534699,False,0.0,-0.04415659833661665,0.04415659833661665,False,0.0,False,False,False,none
2022-05-27,2022-05-30,-0.0048912313679913,-0.0255185564534699,0.0255185564534699,False,0.0,-0.0460775037416091,0.0460775037416091,False,0.0,False,False,False,none
2022-05-30,2022-05-31,-0.0120397996110911,-0.0255185564534699,0.0255185564534699,False,0.0,-0.044717243192241705,0.044717243192241705,False,0.0,False,False,False,none
2022-05-31,2022-06-01,0.0039177594438722,-0.0255185564534699,0.0255185564534699,False,0.0,-0.04362551019257199,0.04362551019257199,False,0.0,False,False,False,none
2022-06-01,2022-06-02,-0.0075893090626393,-0.0255185564534699,0.0255185564534699,False,0.0,-0.04232594533204525,0.04232594533204525,False,0.0,False,False,False,none
2022-06-02,2022-06-03,0.0224561144840362,-0.0255185564534699,0.0255185564534699,False,0.0,-0.04115029137067109,0.04115029137067109,False,0.0,False,False,False,none
2022-06-03,2022-06-06,-0.0006506831483871,-0.0255185564534699,0.0255185564534699,False,0.0,-0.04090973360825301,0.04090973360825301,False,0.0,False,False,False,none
2022-06-06,2022-06-07,0.0051949172684222,-0.0255185564534699,0.0255185564534699,False,0.0,-0.03966432471923717,0.03966432471923717,False,0.0,False,False,False,none
2022-06-07,2022-06-08,-0.0040031712493952,-0.0255185564534699,0.0255185564534699,False,0.0,-0.038512907356272615,0.038512907356272615,False,0.0,False,False,False,none
2022-06-08,2022-06-09,0.0087150403240225,-0.024426287098744,0.024426287098744,False,0.0,-0.03737446765877488,0.03737446765877488,False,0.0,False,False,False,none
2022-06-09,2022-06-10,-0.0234135781158759,-0.024426287098744,0.024426287098744,False,0.0,-0.036405621231937836,0.036405621231937836,False,0.0,False,False,False,none
2022-06-10,2022-06-13,-0.0569580130322258,-0.0248215851080193,0.0248215851080193,True,0.0321364279242065,-0.03653542293991979,0.03653542293991979,True,0.020422590092306007,True,False,False,both
2022-06-13,2022-06-14,0.0037575944112016,-0.0263558632406176,0.0263558632406176,False,0.0,-0.042206502122339964,0.042206502122339964,False,0.0,False,False,False,none
2022-06-14,2022-06-15,0.0050715568503915,-0.0263558632406176,0.0263558632406176,False,0.0,-0.040948718538253714,0.040948718538253714,False,0.0,False,False,False,none
2022-06-15,2022-06-16,0.0467534334922854,-0.0263558632406176,0.0263558632406176,False,0.0,-0.03975380489232142,0.03975380489232142,False,0.0,False,False,False,none
2022-06-16,2022-06-17,-0.0090622252246455,-0.0263558632406176,0.0263558632406176,False,0.0,-0.04289968855287898,0.04289968855287898,False,0.0,False,False,False,none
2022-06-17,2022-06-20,-0.0392987139294633,-0.0263558632406176,0.0263558632406176,True,0.012942850688845698,-0.041752744488074235,0.041752744488074235,False,0.0,False,True,False,historical_only
2022-06-20,2022-06-21,-0.0246479020112733,-0.0277163307765693,0.0277163307765693,False,0.0,-0.04346721582259052,0.04346721582259052,False,0.0,False,False,False,none
2022-06-21,2022-06-22,-0.0226047243951319,-0.0277163307765693,0.0277163307765693,False,0.0,-0.04329728716037152,0.04329728716037152,False,0.0,False,False,False,none
2022-06-22,2022-06-23,0.021472479808832,-0.0277163307765693,0.0277163307765693,False,0.0,-0.04295490009251141,0.04295490009251141,False,0.0,False,False,False,none
2022-06-23,2022-06-24,-0.0027954501638712,-0.0277163307765693,0.0277163307765693,False,0.0,-0.04253542414077198,0.04253542414077198,False,0.0,False,False,False,none
2022-06-24,2022-06-27,0.0187554155879819,-0.0277163307765693,0.0277163307765693,False,0.0,-0.04125500119186324,0.04125500119186324,False,0.0,False,False,False,none
2022-06-27,2022-06-28,0.0125697465653958,-0.0277163307765693,0.0277163307765693,False,0.0,-0.04070576918792217,0.04070576918792217,False,0.0,False,False,False,none
2022-06-28,2022-06-29,0.0058043442334489,-0.0277163307765693,0.0277163307765693,False,0.0,-0.03978932494498238,0.03978932494498238,False,0.0,False,False,False,none
2022-06-29,2022-06-30,-0.0274570366022427,-0.0277163307765693,0.0277163307765693,False,0.0,-0.03864800136124389,0.03864800136124389,False,0.0,False,False,False,none
2022-06-30,2022-07-01,0.0027050502208086,-0.0280711130377003,0.0280711130377003,False,0.0,-0.03906953637703948,0.03906953637703948,False,0.0,False,False,False,none
2022-07-01,2022-07-04,-0.0227000060741805,-0.0280711130377003,0.0280711130377003,False,0.0,-0.03789499687563825,0.03789499687563825,False,0.0,False,False,False,none
2022-07-04,2022-07-05,-0.0176412620460313,-0.0280711130377003,0.0280711130377003,False,0.0,-0.03786181922288091,0.03786181922288091,False,0.0,False,False,False,none
2022-07-05,2022-07-06,-0.0220756974278101,-0.0280711130377003,0.0280711130377003,False,0.0,-0.037390192753622604,0.037390192753622604,False,0.0,False,False,False,none
2022-07-06,2022-07-07,0.0030210953351278,-0.0271022543411116,0.0271022543411116,False,0.0,-0.037326338080087194,0.037326338080087194,False,0.0,False,False,False,none
2022-07-07,2022-07-08,0.0180628952752846,-0.0271022543411116,0.0271022543411116,False,0.0,-0.03620969201844583,0.03620969201844583,False,0.0,False,False,False,none
2022-07-08,2022-07-11,-0.011615462291187,-0.0271022543411116,0.0271022543411116,False,0.0,-0.03585299504304592,0.03585299504304592,False,0.0,False,False,False,none
2022-07-11,2022-07-12,0.0060491248055054,-0.0271022543411116,0.0271022543411116,False,0.0,-0.035074389026395314,0.035074389026395314,False,0.0,False,False,False,none
2022-07-12,2022-07-13,-0.0080733821796936,-0.0263558632406176,0.0263558632406176,False,0.0,-0.034093108686990795,0.034093108686990795,False,0.0,False,False,False,none
2022-07-13,2022-07-14,-0.0056237247186757,-0.0263558632406176,0.0263558632406176,False,0.0,-0.03321415984924266,0.03321415984924266,False,0.0,False,False,False,none
2022-07-14,2022-07-15,0.0066377379156564,-0.0253770308609481,0.0253770308609481,False,0.0,-0.0322819386974299,0.0322819386974299,False,0.0,False,False,False,none
2022-07-15,2022-07-18,-0.0079706007911983,-0.0253770308609481,0.0253770308609481,False,0.0,-0.03141255252446658,0.03141255252446658,False,0.0,False,False,False,none
2022-07-18,2022-07-19,-0.0122663080945193,-0.0253770308609481,0.0253770308609481,False,0.0,-0.030624444757460727,0.030624444757460727,False,0.0,False,False,False,none
2022-07-19,2022-07-20,0.0174324337379664,-0.0240924562583444,0.0240924562583444,False,0.0,-0.030100002648973622,0.030100002648973622,False,0.0,False,False,False,none
2022-07-20,2022-07-21,0.0215099971856114,-0.0240924562583444,0.0240924562583444,False,0.0,-0.03001634162732341,0.03001634162732341,False,0.0,False,False,False,none
2022-07-21,2022-07-22,-0.0048739269562226,-0.0240924562583444,0.0240924562583444,False,0.0,-0.030364946337943538,0.030364946337943538,False,0.0,False,False,False,none
2022-07-22,2022-07-25,-0.0095121275610886,-0.0240924562583444,0.0240924562583444,False,0.0,-0.029505328431375995,0.029505328431375995,False,0.0,False,False,False,none
2022-07-25,2022-07-26,-0.0077555469158649,-0.0240924562583444,0.0240924562583444,False,0.0,-0.028862059670886484,0.028862059670886484,False,0.0,False,False,False,none
2022-07-26,2022-07-27,-0.0093012456968529,-0.0240924562583444,0.0240924562583444,False,0.0,-0.02815672998163723,0.02815672998163723,False,0.0,False,False,False,none
2022-07-27,2022-07-28,0.0005330896989334,-0.0240924562583444,0.0240924562583444,False,0.0,-0.027554986215858238,0.027554986215858238,False,0.0,False,False,False,none
2022-07-28,2022-07-29,-0.0092435657474927,-0.0240924562583444,0.0240924562583444,False,0.0,-0.02671641371640713,0.02671641371640713,False,0.0,False,False,False,none
2022-07-29,2022-08-01,0.0236031948943672,-0.0240924562583444,0.0240924562583444,False,0.0,-0.026168894197806592,0.026168894197806592,False,0.0,False,False,False,none
2022-08-01,2022-08-02,0.0093256148071253,-0.0240924562583444,0.0240924562583444,False,0.0,-0.027095379907089965,0.027095379907089965,False,0.0,False,False,False,none
2022-08-02,2022-08-03,0.010585956629003,-0.0240924562583444,0.0240924562583444,False,0.0,-0.026537287545710983,0.026537287545710983,False,0.0,False,False,False,none
2022-08-03,2022-08-04,0.0085293160482948,-0.0240924562583444,0.0240924562583444,False,0.0,-0.02607998018892038,0.02607998018892038,False,0.0,False,False,False,none
2022-08-04,2022-08-05,-0.006155242885472,-0.0240924562583444,0.0240924562583444,False,0.0,-0.02551793520647299,0.02551793520647299,False,0.0,False,False,False,none
2022-08-05,2022-08-08,0.0060630417097057,-0.0240924562583444,0.0240924562583444,False,0.0,-0.024864541300654883,0.024864541300654883,False,0.0,False,False,False,none
2022-08-08,2022-08-09,0.0099879780944048,-0.0240924562583444,0.0240924562583444,False,0.0,-0.024230520278360684,0.024230520278360684,False,0.0,False,False,False,none
2022-08-09,2022-08-10,-0.0032591434119324,-0.0240924562583444,0.0240924562583444,False,0.0,-0.023834539631021792,0.023834539631021792,False,0.0,False,False,False,none
2022-08-10,2022-08-11,-0.008728710986029,-0.0240924562583444,0.0240924562583444,False,0.0,-0.02314572232990541,0.02314572232990541,False,0.0,False,False,False,none
2022-08-11,2022-08-12,0.0097181477644161,-0.0240924562583444,0.0240924562583444,False,0.0,-0.02271451474250908,0.02271451474250908,False,0.0,False,False,False,none
2022-08-12,2022-08-15,0.0206389642552056,-0.0240924562583444,0.0240924562583444,False,0.0,-0.02236790802826479,0.02236790802826479,False,0.0,False,False,False,none
2022-08-15,2022-08-16,0.0120232318998789,-0.0240924562583444,0.0240924562583444,False,0.0,-0.02322611072956466,0.02322611072956466,False,0.0,False,False,False,none
2022-08-16,2022-08-17,-0.0099852932460375,-0.0240924562583444,0.0240924562583444,False,0.0,-0.023033705315895114,0.023033705315895114,False,0.0,False,False,False,none
2022-08-17,2022-08-18,-0.0045569263814126,-0.0240924562583444,0.0240924562583444,False,0.0,-0.022691496950745557,0.022691496950745557,False,0.0,False,False,False,none
2022-08-18,2022-08-19,-0.0129175138169876,-0.0240924562583444,0.0240924562583444,False,0.0,-0.02207670089163828,0.02207670089163828,False,0.0,False,False,False,none
2022-08-19,2022-08-22,0.0064980958096616,-0.0240924562583444,0.0240924562583444,False,0.0,-0.02202782442567143,0.02202782442567143,False,0.0,False,False,False,none
2022-08-22,2022-08-23,0.0070339945590989,-0.0230924706971129,0.0230924706971129,False,0.0,-0.02151664659696962,0.02151664659696962,False,0.0,False,False,False,none
2022-08-23,2022-08-24,-0.0018502366248039,-0.0226571293186086,0.0226571293186086,False,0.0,-0.021052787445831975,0.021052787445831975,False,0.0,False,False,False,none
2022-08-24,2022-08-25,0.0132097855293363,-0.0226571293186086,0.0226571293186086,False,0.0,-0.02042504328432413,0.02042504328432413,False,0.0,False,False,False,none
2022-08-25,2022-08-26,0.0171964127399744,-0.0226571293186086,0.0226571293186086,False,0.0,-0.020505565958646013,0.020505565958646013,False,0.0,False,False,False,none
2022-08-26,2022-08-29,-0.0014911242385919,-0.0226571293186086,0.0226571293186086,False,0.0,-0.021053598021641716,0.021053598021641716,False,0.0,False,False,False,none
2022-08-29,2022-08-30,-0.0028971699000962,-0.0226571293186086,0.0226571293186086,False,0.0,-0.02042105993712661,0.02042105993712661,False,0.0,False,False,False,none
2022-08-30,2022-08-31,0.0033693216889771,-0.0226571293186086,0.0226571293186086,False,0.0,-0.01983333208323883,0.01983333208323883,False,0.0,False,False,False,none
2022-08-31,2022-09-05,0.0047637194525326,-0.0226571293186086,0.0226571293186086,False,0.0,-0.01927698760023591,0.01927698760023591,False,0.0,False,False,False,none
2022-09-05,2022-09-06,-0.0046976556913354,-0.0226571293186086,0.0226571293186086,False,0.0,-0.018788026332661703,0.018788026332661703,False,0.0,False,False,False,none
2022-09-06,2022-09-07,-0.0247836391418192,-0.0226571293186086,0.0226571293186086,True,0.002126509823210599,-0.01831373496618455,0.01831373496618455,True,0.006469904175634648,True,False,False,both
2022-09-07,2022-09-08,0.0064220713200118,-0.0230924706971129,0.0230924706971129,False,0.0,-0.02037102532132884,0.02037102532132884,False,0.0,False,False,False,none
2022-09-08,2022-09-09,0.0123823425718406,-0.0230924706971129,0.0230924706971129,False,0.0,-0.019919212735715876,0.019919212735715876,False,0.0,False,False,False,none
2022-09-09,2022-09-12,0.0104945870593609,-0.0230924706971129,0.0230924706971129,False,0.0,-0.019946372101700877,0.019946372101700877,False,0.0,False,False,False,none
2022-09-12,2022-09-13,-0.0010260885683495,-0.0230924706971129,0.0230924706971129,False,0.0,-0.01979558073135042,0.01979558073135042,False,0.0,False,False,False,none
2022-09-13,2022-09-14,-0.0041680217138982,-0.0230924706971129,0.0230924706971129,False,0.0,-0.019196979675083253,0.019196979675083253,False,0.0,False,False,False,none
2022-09-14,2022-09-15,-0.0017206658973046,-0.0230924706971129,0.0230924706971129,False,0.0,-0.01868776858605185,0.01868776858605185,False,0.0,False,False,False,none
2022-09-15,2022-09-16,-0.0217265345413631,-0.0230924706971129,0.0230924706971129,False,0.0,-0.018131722194890447,0.018131722194890447,True,0.003594812346472652,False,False,True,ewma_only
2022-09-16,2022-09-19,-0.0096519504410865,-0.0230924706971129,0.0230924706971129,False,0.0,-0.019638269948560345,0.019638269948560345,False,0.0,False,False,False,none
2022-09-19,2022-09-20,0.0120560171047355,-0.0230924706971129,0.0230924706971129,False,0.0,-0.01943308718098007,0.01943308718098007,False,0.0,False,False,False,none
2022-09-20,2022-09-21,-0.0137619292259463,-0.0230924706971129,0.0230924706971129,False,0.0,-0.019457153728999546,0.019457153728999546,False,0.0,False,False,False,none
2022-09-21,2022-09-22,0.0044497660497561,-0.0230924706971129,0.0230924706971129,False,0.0,-0.01966240745262104,0.01966240745262104,False,0.0,False,False,False,none
2022-09-22,2022-09-23,-0.0096611395282352,-0.0230924706971129,0.0230924706971129,False,0.0,-0.019147529978688644,0.019147529978688644,False,0.0,False,False,False,none
2022-09-23,2022-09-26,-0.0149365188434135,-0.0230924706971129,0.0230924706971129,False,0.0,-0.01896791946278805,0.01896791946278805,False,0.0,False,False,False,none
2022-09-26,2022-09-27,-0.0085008900162612,-0.0230924706971129,0.0230924706971129,False,0.0,-0.019349712906907325,0.019349712906907325,False,0.0,False,False,False,none
2022-09-27,2022-09-28,-0.0296056052013146,-0.0230924706971129,0.0230924706971129,True,0.0065131345042017015,-0.019070335428205416,0.019070335428205416,True,0.010535269773109184,True,False,False,both
2022-09-28,2022-09-29,-0.011688632461688,-0.0240924562583444,0.0240924562583444,False,0.0,-0.02200318705322695,0.02200318705322695,False,0.0,False,False,False,none
2022-09-29,2022-09-30,0.0081076469173086,-0.0240924562583444,0.0240924562583444,False,0.0,-0.021846518649754735,0.021846518649754735,False,0.0,False,False,False,none
2022-09-30,2022-10-03,-0.0602543007172786,-0.0240924562583444,0.0240924562583444,True,0.0361618444589342,-0.021431400236901786,0.021431400236901786,True,0.038822900480376815,True,False,False,both
2022-10-03,2022-10-04,-0.0049481584996136,-0.0247225574330735,0.0247225574330735,False,0.0,-0.03195478463252525,0.03195478463252525,False,0.0,False,False,False,none
2022-10-04,2022-10-05,0.0164037140105653,-0.0247225574330735,0.0247225574330735,False,0.0,-0.031045391945567408,0.031045391945567408,False,0.0,False,False,False,none
2022-10-05,2022-10-06,-0.0513854342451004,-0.0247225574330735,0.0247225574330735,True,0.0266628768120269,-0.030816685982747675,0.030816685982747675,True,0.020568748262352724,True,False,False,both
2022-10-06,2022-10-07,-0.0412946015058279,-0.0254381125696938,0.0254381125696938,True,0.0158564889361341,-0.036349983026858074,0.036349983026858074,True,0.004944618478969827,True,False,False,both
2022-10-07,2022-10-10,0.0334525858463251,-0.0267894860042222,0.0267894860042222,False,0.0,-0.038972537934148656,0.038972537934148656,False,0.0,False,False,False,none
2022-10-10,2022-10-11,-0.0390758523727863,-0.0267894860042222,0.0267894860042222,True,0.012286366368564103,-0.0401171987286652,0.0401171987286652,False,0.0,False,True,False,historical_only
2022-10-11,2022-10-12,0.0421033887596884,-0.0286387493317322,0.0286387493317322,False,0.0,-0.04196064255785684,0.04196064255785684,False,0.0,False,False,False,none
2022-10-12,2022-10-13,0.0175752547795387,-0.0286387493317322,0.0286387493317322,False,0.0,-0.04407743243033072,0.04407743243033072,False,0.0,False,False,False,none
2022-10-13,2022-10-14,0.017128297033236,-0.0286387493317322,0.0286387493317322,False,0.0,-0.043317360233924886,0.043317360233924886,False,0.0,False,False,False,none
2022-10-14,2022-10-17,-0.0100328339849048,-0.0286387493317322,0.0286387493317322,False,0.0,-0.042560956077277556,0.042560956077277556,False,0.0,False,False,False,none
2022-10-17,2022-10-18,-0.0010674464251495,-0.0286387493317322,0.0286387493317322,False,0.0,-0.04146189720137427,0.04146189720137427,False,0.0,False,False,False,none
2022-10-18,2022-10-19,-0.005499970624924,-0.0286387493317322,0.0286387493317322,False,0.0,-0.04020110138957316,0.04020110138957316,False,0.0,False,False,False,none
2022-10-19,2022-10-20,0.0014794225389878,-0.0286387493317322,0.0286387493317322,False,0.0,-0.03903935640701727,0.03903935640701727,False,0.0,False,False,False,none
2022-10-20,2022-10-21,-0.0616907553360183,-0.0286387493317322,0.0286387493317322,True,0.03305200600428611,-0.03785475351495622,0.03785475351495622,True,0.023836001821062082,True,False,False,both
2022-10-21,2022-10-24,-0.0458236290203585,-0.0296212186438982,0.0296212186438982,True,0.016202410376460297,-0.04432607164259417,0.04432607164259417,True,0.0014975573777643303,True,False,False,both
2022-10-24,2022-10-25,0.0331819028076257,-0.0348270157804651,0.0348270157804651,False,0.0,-0.046773704217079215,0.046773704217079215,False,0.0,False,False,False,none
2022-10-25,2022-10-26,-0.0016104092543261,-0.0348270157804651,0.0348270157804651,False,0.0,-0.04727840014672455,0.04727840014672455,False,0.0,False,False,False,none
2022-10-26,2022-10-27,0.0279333000494947,-0.0348270157804651,0.0348270157804651,False,0.0,-0.04584270159477888,0.04584270159477888,False,0.0,False,False,False,none
2022-10-27,2022-10-28,-0.0157231913180724,-0.0348270157804651,0.0348270157804651,False,0.0,-0.04584891748026673,0.04584891748026673,False,0.0,False,False,False,none
2022-10-28,2022-10-31,-0.03027675586511,-0.0348270157804651,0.0348270157804651,False,0.0,-0.04490130848358334,0.04490130848358334,False,0.0,False,False,False,none
2022-10-31,2022-11-01,-0.0240631410709734,-0.0351162589443318,0.0351162589443318,False,0.0,-0.04521025573460866,0.04521025573460866,False,0.0,False,False,False,none
2022-11-01,2022-11-02,-0.0126731953859587,-0.0351162589443318,0.0351162589443318,False,0.0,-0.04489237588007735,0.04489237588007735,False,0.0,False,False,False,none
2022-11-02,2022-11-03,0.0077093915915844,-0.0351162589443318,0.0351162589443318,False,0.0,-0.04382325989937313,0.04382325989937313,False,0.0,False,False,False,none
2022-11-03,2022-11-04,-0.0406585325207331,-0.0351162589443318,0.0351162589443318,True,0.005542273576401302,-0.04260161516380598,0.04260161516380598,False,0.0,False,True,False,historical_only
2022-11-04,2022-11-07,-0.0461089602854831,-0.0391503181681133,0.0391503181681133,True,0.006958642117369802,-0.04443375328903993,0.04443375328903993,True,0.0016752069964431696,True,False,False,both
2022-11-07,2022-11-08,0.0031588755631444,-0.0392593527887716,0.0392593527887716,False,0.0,-0.04691505012185014,0.04691505012185014,False,0.0,False,False,False,none
2022-11-08,2022-11-09,0.0060974963691482,-0.0392593527887716,0.0392593527887716,False,0.0,-0.04550363114456519,0.04550363114456519,False,0.0,False,False,False,none
2022-11-09,2022-11-10,-0.0502992257172326,-0.0392593527887716,0.0392593527887716,True,0.011039872928461002,-0.044185756296549646,0.044185756296549646,True,0.006113469420682957,True,False,False,both
2022-11-10,2022-11-11,0.0095199285779648,-0.0400466141546616,0.0400466141546616,False,0.0,-0.04739136691152732,0.04739136691152732,False,0.0,False,False,False,none
2022-11-11,2022-11-14,-0.0301887843787106,-0.0400466141546616,0.0400466141546616,False,0.0,-0.04610745283199706,0.04610745283199706,False,0.0,False,False,False,none
2022-11-14,2022-11-15,-0.0379655721132695,-0.0400466141546616,0.0400466141546616,False,0.0,-0.04632803965052497,0.04632803965052497,False,0.0,False,False,False,none
2022-11-15,2022-11-16,0.0629508878765987,-0.0400466141546616,0.0400466141546616,False,0.0,-0.04744990783180261,0.04744990783180261,False,0.0,False,False,False,none
2022-11-16,2022-11-17,0.0418411955115185,-0.0400466141546616,0.0400466141546616,False,0.0,-0.05253282881092051,0.05253282881092051,False,0.0,False,False,False,none
2022-11-17,2022-11-18,0.0249447889932075,-0.0400466141546616,0.0400466141546616,False,0.0,-0.0536498796029521,0.0536498796029521,False,0.0,False,False,False,none
2022-11-18,2022-11-21,-0.0216568626285707,-0.0400466141546616,0.0400466141546616,False,0.0,-0.05297755424283306,0.05297755424283306,False,0.0,False,False,False,none
2022-11-21,2022-11-22,-0.0050588593890101,-0.0400466141546616,0.0400466141546616,False,0.0,-0.05209953136942114,0.05209953136942114,False,0.0,False,False,False,none
2022-11-22,2022-11-23,-0.0202329421990438,-0.0400466141546616,0.0400466141546616,False,0.0,-0.05055347588771724,0.05055347588771724,False,0.0,False,False,False,none
2022-11-23,2022-11-24,-0.009448244728148,-0.0400466141546616,0.0400466141546616,False,0.0,-0.04968670953939111,0.04968670953939111,False,0.0,False,False,False,none
2022-11-24,2022-11-25,0.0300090027349455,-0.0400466141546616,0.0400466141546616,False,0.0,-0.04832322714175796,0.04832322714175796,False,0.0,False,False,False,none
2022-11-25,2022-11-28,0.0542329872878249,-0.0400466141546616,0.0400466141546616,False,0.0,-0.04838608550435287,0.04838608550435287,False,0.0,False,False,False,none
2022-11-28,2022-11-29,0.0434369449728073,-0.0400466141546616,0.0400466141546616,False,0.0,-0.05175128871545311,0.05175128871545311,False,0.0,False,False,False,none
2022-11-29,2022-11-30,0.0304302831619331,-0.0400466141546616,0.0400466141546616,False,0.0,-0.05313932752685668,0.05313932752685668,False,0.0,False,False,False,none
2022-11-30,2022-12-01,-0.0034453870025946,-0.0400466141546616,0.0400466141546616,False,0.0,-0.052959240768938064,0.052959240768938064,False,0.0,False,False,False,none
2022-12-01,2022-12-02,0.0571288055481456,-0.0400466141546616,0.0400466141546616,False,0.0,-0.05136465041416973,0.05136465041416973,False,0.0,False,False,False,none
2022-12-02,2022-12-05,0.01748479360471,-0.0400466141546616,0.0400466141546616,False,0.0,-0.05486194193092628,0.05486194193092628,False,0.0,False,False,False,none
2022-12-05,2022-12-06,-0.0557368566150412,-0.0400466141546616,0.0400466141546616,True,0.015690242460379603,-0.05365510892086126,0.05365510892086126,True,0.0020817476941799376,True,False,False,both
2022-12-06,2022-12-07,-0.0003658267978896,-0.0410083704625352,0.0410083704625352,False,0.0,-0.05666074912377229,0.05666074912377229,False,0.0,False,False,False,none
2022-12-07,2022-12-08,0.0225964693186582,-0.0410083704625352,0.0410083704625352,False,0.0,-0.054934832179970076,0.054934832179970076,False,0.0,False,False,False,none
2022-12-08,2022-12-09,0.0110387229325915,-0.0410083704625352,0.0410083704625352,False,0.0,-0.05403381106124777,0.05403381106124777,False,0.0,False,False,False,none
2022-12-09,2022-12-12,-0.016791763871513,-0.0410083704625352,0.0410083704625352,False,0.0,-0.052576176680172504,0.052576176680172504,False,0.0,False,False,False,none
2022-12-12,2022-12-13,0.0117318430767768,-0.0410083704625352,0.0410083704625352,False,0.0,-0.051421502663660246,0.051421502663660246,False,0.0,False,False,False,none
2022-12-13,2022-12-14,-0.000118808429673,-0.0410083704625352,0.0410083704625352,False,0.0,-0.05007857340016826,0.05007857340016826,False,0.0,False,False,False,none
2022-12-14,2022-12-15,0.0126046062761381,-0.0410083704625352,0.0410083704625352,False,0.0,-0.048553001908892675,0.048553001908892675,False,0.0,False,False,False,none
2022-12-15,2022-12-16,0.0249693044012221,-0.0410083704625352,0.0410083704625352,False,0.0,-0.04734702869393022,0.04734702869393022,False,0.0,False,False,False,none
2022-12-16,2022-12-19,-0.0169303382434841,-0.0410083704625352,0.0410083704625352,False,0.0,-0.04699410118544414,0.04699410118544414,False,0.0,False,False,False,none
2022-12-19,2022-12-20,-0.0211255993699313,-0.0410083704625352,0.0410083704625352,False,0.0,-0.046070264162193474,0.046070264162193474,False,0.0,False,False,False,none
2022-12-20,2022-12-21,5.544796397701391e-05,-0.0410083704625352,0.0410083704625352,False,0.0,-0.045470525166032276,0.045470525166032276,False,0.0,False,False,False,none
2022-12-21,2022-12-22,0.0007531254707034,-0.0410083704625352,0.0410083704625352,False,0.0,-0.04408531545118066,0.04408531545118066,False,0.0,False,False,False,none
2022-12-22,2022-12-23,-0.0112445851888217,-0.0410083704625352,0.0410083704625352,False,0.0,-0.04274337622194047,0.04274337622194047,False,0.0,False,False,False,none
2022-12-23,2022-12-26,-0.0529449339144818,-0.0410083704625352,0.0410083704625352,True,0.011936563451946602,-0.04168815042735905,0.04168815042735905,True,0.011256783487122751,True,False,False,both
2022-12-26,2022-12-27,0.0322878373720194,-0.0437855666388196,0.0437855666388196,False,0.0,-0.04570200239191192,0.04570200239191192,False,0.0,False,False,False,none
2022-12-27,2022-12-28,-0.0060223855853627,-0.0437855666388196,0.0437855666388196,False,0.0,-0.046179921020221615,0.046179921020221615,False,0.0,False,False,False,none
2022-12-28,2022-12-29,-0.006731596550821,-0.0437855666388196,0.0437855666388196,False,0.0,-0.04483879638484032,0.04483879638484032,False,0.0,False,False,False,none
2022-12-29,2022-12-30,0.0029940119760479,-0.0437855666388196,0.0437855666388196,False,0.0,-0.043557348461376585,0.043557348461376585,False,0.0,False,False,False,none
2022-12-30,2023-01-03,0.044666710216314,-0.0437855666388196,0.0437855666388196,False,0.0,-0.042247641539656086,0.042247641539656086,False,0.0,False,False,False,none
2023-01-03,2023-01-04,-0.0005986983754159,-0.0437855666388196,0.0437855666388196,False,0.0,-0.04473973225981411,0.04473973225981411,False,0.0,False,False,False,none
2023-01-04,2023-01-05,0.0101128847144445,-0.0437855666388196,0.0437855666388196,False,0.0,-0.043377450484985425,0.043377450484985425,False,0.0,False,False,False,none
2023-01-05,2023-01-06,-0.0113861454820008,-0.0437855666388196,0.0437855666388196,False,0.0,-0.04225291522090862,0.04225291522090862,False,0.0,False,False,False,none
2023-01-06,2023-01-09,-0.0056029603734268,-0.0437855666388196,0.0437855666388196,False,0.0,-0.04122178808190802,0.04122178808190802,False,0.0,False,False,False,none
2023-01-09,2023-01-10,0.0055115611267588,-0.0437855666388196,0.0437855666388196,False,0.0,-0.040029711443188794,0.040029711443188794,False,0.0,False,False,False,none
2023-01-10,2023-01-11,0.0116369285195708,-0.0437855666388196,0.0437855666388196,False,0.0,-0.03887372322822075,0.03887372322822075,False,0.0,False,False,False,none
2023-01-11,2023-01-12,-0.0067790516484528,-0.0437855666388196,0.0437855666388196,False,0.0,-0.03797998354765013,0.03797998354765013,False,0.0,False,False,False,none
2023-01-12,2023-01-13,-0.0050314772797722,-0.0437855666388196,0.0437855666388196,False,0.0,-0.03692411791894123,0.03692411791894123,False,0.0,False,False,False,none
2023-01-13,2023-01-16,0.0071093533944063,-0.0437855666388196,0.0437855666388196,False,0.0,-0.0358566120674933,0.0358566120674933,False,0.0,False,False,False,none
2023-01-16,2023-01-17,0.0371461920622858,-0.0437855666388196,0.0437855666388196,False,0.0,-0.03488208125784723,0.03488208125784723,False,0.0,False,False,False,none
2023-01-17,2023-01-18,0.0211566585294377,-0.0437855666388196,0.0437855666388196,False,0.0,-0.03698306334899943,0.03698306334899943,False,0.0,False,False,False,none
2023-01-18,2023-01-19,-0.0015738508039233,-0.0437855666388196,0.0437855666388196,False,0.0,-0.03685570394141154,0.03685570394141154,False,0.0,False,False,False,none
2023-01-19,2023-01-27,0.008132414762081,-0.0437855666388196,0.0437855666388196,False,0.0,-0.035738556729887794,0.035738556729887794,False,0.0,False,False,False,none
2023-01-27,2023-01-30,0.0047144320355239,-0.0437855666388196,0.0437855666388196,False,0.0,-0.0348043938001269,0.0348043938001269,False,0.0,False,False,False,none
2023-01-30,2023-01-31,0.0067956440723374,-0.0437855666388196,0.0437855666388196,False,0.0,-0.03379753040471316,0.03379753040471316,False,0.0,False,False,False,none
2023-01-31,2023-02-01,-0.0166616340424076,-0.0437855666388196,0.0437855666388196,False,0.0,-0.032882112522244274,0.032882112522244274,False,0.0,False,False,False,none
2023-02-01,2023-02-02,0.0224498590395755,-0.0437855666388196,0.0437855666388196,False,0.0,-0.032579510240882965,0.032579510240882965,False,0.0,False,False,False,none
2023-02-02,2023-02-03,-0.024313801803657,-0.0437855666388196,0.0437855666388196,False,0.0,-0.03285656754360064,0.03285656754360064,False,0.0,False,False,False,none
2023-02-03,2023-02-06,-0.0022032310738556,-0.0437855666388196,0.0437855666388196,False,0.0,-0.03332784854352778,0.03332784854352778,False,0.0,False,False,False,none
2023-02-06,2023-02-07,-0.0315835225359541,-0.0437855666388196,0.0437855666388196,False,0.0,-0.03232473911077601,0.03232473911077601,False,0.0,False,False,False,none
2023-02-07,2023-02-08,0.0120424200129325,-0.0437855666388196,0.0437855666388196,False,0.0,-0.03382492093403398,0.03382492093403398,False,0.0,False,False,False,none
2023-02-08,2023-02-09,-0.0097981310235928,-0.0437855666388196,0.0437855666388196,False,0.0,-0.03315145871311264,0.03315145871311264,False,0.0,False,False,False,none
2023-02-09,2023-02-10,-0.0160515926811433,-0.0437855666388196,0.0437855666388196,False,0.0,-0.03238305945286458,0.03238305945286458,False,0.0,False,False,False,none
2023-02-10,2023-02-13,-0.0016594272728579,-0.0437855666388196,0.0437855666388196,False,0.0,-0.032055707327883744,0.032055707327883744,False,0.0,False,False,False,none
2023-02-13,2023-02-14,0.0069972838147312,-0.0437855666388196,0.0437855666388196,False,0.0,-0.031086352070824486,0.031086352070824486,False,0.0,False,False,False,none
2023-02-14,2023-02-15,0.0083807255799532,-0.0437855666388196,0.0437855666388196,False,0.0,-0.030270905734112813,0.030270905734112813,False,0.0,False,False,False,none
2023-02-15,2023-02-16,0.0123168789855236,-0.0437855666388196,0.0437855666388196,False,0.0,-0.029542338330552757,0.029542338330552757,False,0.0,False,False,False,none
2023-02-16,2023-02-17,-0.0049556878852176,-0.0437855666388196,0.0437855666388196,False,0.0,-0.02906908184708846,0.02906908184708846,False,0.0,False,False,False,none
2023-02-17,2023-02-20,0.0272680523412208,-0.0437855666388196,0.0437855666388196,False,0.0,-0.02825415950239965,0.02825415950239965,False,0.0,False,False,False,none
2023-02-20,2023-02-21,-0.0032310706352352,-0.0437855666388196,0.0437855666388196,False,0.0,-0.029514429494112746,0.029514429494112746,False,0.0,False,False,False,none
2023-02-21,2023-02-22,-0.0214001300492322,-0.0437855666388196,0.0437855666388196,False,0.0,-0.028644897944433024,0.028644897944433024,False,0.0,False,False,False,none
2023-02-22,2023-02-23,0.0032279108475316,-0.0437855666388196,0.0437855666388196,False,0.0,-0.029079909077056033,0.029079909077056033,False,0.0,False,False,False,none
2023-02-23,2023-02-24,-0.0204030443047046,-0.0437855666388196,0.0437855666388196,False,0.0,-0.028223997855584097,0.028223997855584097,False,0.0,False,False,False,none
2023-02-24,2023-02-27,-0.0259340293450069,-0.0437855666388196,0.0437855666388196,False,0.0,-0.028572275267109443,0.028572275267109443,False,0.0,False,False,False,none
2023-02-27,2023-02-28,-0.0049619299408314,-0.0437855666388196,0.0437855666388196,False,0.0,-0.029606977054322855,0.029606977054322855,False,0.0,False,False,False,none
2023-02-28,2023-03-01,0.0216892940033032,-0.0437855666388196,0.0437855666388196,False,0.0,-0.028774562641548942,0.028774562641548942,False,0.0,False,False,False,none
2023-03-01,2023-03-02,-0.0108571335896383,-0.0437855666388196,0.0437855666388196,False,0.0,-0.029234608286543267,0.029234608286543267,False,0.0,False,False,False,none
2023-03-02,2023-03-03,-0.0177754200307026,-0.0437855666388196,0.0437855666388196,False,0.0,-0.028679573216718175,0.028679573216718175,False,0.0,False,False,False,none
2023-03-03,2023-03-06,-0.0005875151766786,-0.0437855666388196,0.0437855666388196,False,0.0,-0.02871338289736442,0.02871338289736442,False,0.0,False,False,False,none
2023-03-06,2023-03-07,0.0167538361968185,-0.0437855666388196,0.0437855666388196,False,0.0,-0.027839663952261333,0.027839663952261333,False,0.0,False,False,False,none
2023-03-07,2023-03-08,0.0018144273445124,-0.0437855666388196,0.0437855666388196,False,0.0,-0.02782282124318154,0.02782282124318154,False,0.0,False,False,False,none
2023-03-08,2023-03-09,0.0097229595677187,-0.0437855666388196,0.0437855666388196,False,0.0,-0.02698513001179317,0.02698513001179317,False,0.0,False,False,False,none
2023-03-09,2023-03-10,-0.0049833598178157,-0.0437855666388196,0.0437855666388196,False,0.0,-0.026454709851255396,0.026454709851255396,False,0.0,False,False,False,none
2023-03-10,2023-03-13,-0.0085284573336991,-0.0437855666388196,0.0437855666388196,False,0.0,-0.02572726026229786,0.02572726026229786,False,0.0,False,False,False,none
2023-03-13,2023-03-14,-0.0201901708440532,-0.0437855666388196,0.0437855666388196,False,0.0,-0.025179070675968335,0.025179070675968335,False,0.0,False,False,False,none
2023-03-14,2023-03-15,0.0360020423507704,-0.0437855666388196,0.0437855666388196,False,0.0,-0.025731696696982064,0.025731696696982064,False,0.0,False,False,False,none
2023-03-15,2023-03-16,-0.0173473710407225,-0.0437855666388196,0.0437855666388196,False,0.0,-0.02885827320834987,0.02885827320834987,False,0.0,False,False,False,none
2023-03-16,2023-03-17,-0.0082254388552525,-0.0437855666388196,0.0437855666388196,False,0.0,-0.02883891288218981,0.02883891288218981,False,0.0,False,False,False,none
2023-03-17,2023-03-20,-0.0234442741069536,-0.0437855666388196,0.0437855666388196,False,0.0,-0.028156082766051964,0.028156082766051964,False,0.0,False,False,False,none
2023-03-20,2023-03-21,0.0133046666680665,-0.0437855666388196,0.0437855666388196,False,0.0,-0.02888637421507243,0.02888637421507243,False,0.0,False,False,False,none
2023-03-21,2023-03-22,-0.0053933605591367,-0.0437855666388196,0.0437855666388196,False,0.0,-0.028514775603189334,0.028514775603189334,False,0.0,False,False,False,none
2023-03-22,2023-03-23,-0.0019765887551254,-0.0437855666388196,0.0437855666388196,False,0.0,-0.027731369742690862,0.027731369742690862,False,0.0,False,False,False,none
2023-03-23,2023-03-24,0.0038710999767686,-0.0437855666388196,0.0437855666388196,False,0.0,-0.026898352245166946,0.026898352245166946,False,0.0,False,False,False,none
2023-03-24,2023-03-27,0.0098937373825313,-0.0437855666388196,0.0437855666388196,False,0.0,-0.026125518057777818,0.026125518057777818,False,0.0,False,False,False,none
2023-03-27,2023-03-28,0.0076257905047555,-0.0437855666388196,0.0437855666388196,False,0.0,-0.025641377266985965,0.025641377266985965,False,0.0,False,False,False,none
2023-03-28,2023-03-29,-0.0026184705346135,-0.0437855666388196,0.0437855666388196,False,0.0,-0.02504938104535244,0.02504938104535244,False,0.0,False,False,False,none
2023-03-29,2023-03-30,-0.0004902266487042,-0.0437855666388196,0.0437855666388196,False,0.0,-0.02430917967848028,0.02430917967848028,False,0.0,False,False,False,none
2023-03-30,2023-03-31,-0.0004526525439072,-0.0437855666388196,0.0437855666388196,False,0.0,-0.02356945174937602,0.02356945174937602,False,0.0,False,False,False,none
2023-03-31,2023-04-03,0.0148437262869299,-0.0437855666388196,0.0437855666388196,False,0.0,-0.02285215905445837,0.02285215905445837,False,0.0,False,False,False,none
2023-04-03,2023-04-04,0.0068652383653625,-0.0437855666388196,0.0437855666388196,False,0.0,-0.02294897937809841,0.02294897937809841,False,0.0,False,False,False,none
2023-04-04,2023-04-05,0.0062773576949225,-0.0437855666388196,0.0437855666388196,False,0.0,-0.02242113498799789,0.02242113498799789,False,0.0,False,False,False,none
2023-04-05,2023-04-06,-0.0066634171384527,-0.0437855666388196,0.0437855666388196,False,0.0,-0.02188473460069028,0.02188473460069028,False,0.0,False,False,False,none
2023-04-06,2023-04-07,-0.0048994207144437,-0.0437855666388196,0.0437855666388196,False,0.0,-0.021387212602315797,0.021387212602315797,False,0.0,False,False,False,none
2023-04-07,2023-04-10,0.0083904758779563,-0.0437855666388196,0.0437855666388196,False,0.0,-0.020829420911665796,0.020829420911665796,False,0.0,False,False,False,none
2023-04-10,2023-04-11,-0.0008026101014623,-0.0437855666388196,0.0437855666388196,False,0.0,-0.02047586673152643,0.02047586673152643,False,0.0,False,False,False,none
2023-04-11,2023-04-12,-0.0002824118127709,-0.0437855666388196,0.0437855666388196,False,0.0,-0.01985472294454564,0.01985472294454564,False,0.0,False,False,False,none
2023-04-12,2023-04-13,-0.0051773296380686,-0.0437855666388196,0.0437855666388196,False,0.0,-0.019250204385458793,0.019250204385458793,False,0.0,False,False,False,none
2023-04-13,2023-04-14,-0.0053765348241681,-0.0437855666388196,0.0437855666388196,False,0.0,-0.018779974186186953,0.018779974186186953,False,0.0,False,False,False,none
2023-04-14,2023-04-17,0.0020350082279479,-0.0437855666388196,0.0437855666388196,False,0.0,-0.01833626880953499,0.01833626880953499,False,0.0,False,False,False,none
2023-04-17,2023-04-18,0.001477407799826,-0.0437855666388196,0.0437855666388196,False,0.0,-0.01779656961079297,0.01779656961079297,False,0.0,False,False,False,none
2023-04-18,2023-04-19,0.0017820159236852,-0.0437855666388196,0.0437855666388196,False,0.0,-0.01726467912782926,0.01726467912782926,False,0.0,False,False,False,none
2023-04-19,2023-04-20,-0.0003655832910135,-0.0437855666388196,0.0437855666388196,False,0.0,-0.016754118806034654,0.016754118806034654,False,0.0,False,False,False,none
2023-04-20,2023-04-21,-0.0111527182932246,-0.0437855666388196,0.0437855666388196,False,0.0,-0.016244388664618047,0.016244388664618047,False,0.0,False,False,False,none
2023-04-21,2023-04-24,-0.0092523240386923,-0.0437855666388196,0.0437855666388196,False,0.0,-0.016377997140487335,0.016377997140487335,False,0.0,False,False,False,none
2023-04-24,2023-04-25,-0.002598892747321,-0.0410083704625352,0.0410083704625352,False,0.0,-0.016310764143422085,0.016310764143422085,False,0.0,False,False,False,none
2023-04-25,2023-04-26,0.0207971480756994,-0.0410083704625352,0.0410083704625352,False,0.0,-0.015848501483897177,0.015848501483897177,False,0.0,False,False,False,none
2023-04-26,2023-04-27,-0.0023023145499592,-0.0410083704625352,0.0410083704625352,False,0.0,-0.01750190905868033,0.01750190905868033,False,0.0,False,False,False,none
2023-04-27,2023-04-28,0.0006191296921161,-0.0410083704625352,0.0410083704625352,False,0.0,-0.016994066027948163,0.016994066027948163,False,0.0,False,False,False,none
2023-04-28,2023-05-04,-0.0121765630496204,-0.0410083704625352,0.0410083704625352,False,0.0,-0.016478246537278064,0.016478246537278064,False,0.0,False,False,False,none
2023-05-04,2023-05-05,0.001002152379972,-0.0410083704625352,0.0410083704625352,False,0.0,-0.016712555012749687,0.016712555012749687,False,0.0,False,False,False,none
2023-05-05,2023-05-08,0.0031552916816607,-0.0410083704625352,0.0410083704625352,False,0.0,-0.016208453273311718,0.016208453273311718,False,0.0,False,False,False,none
2023-05-08,2023-05-09,0.0057826835662311,-0.0410083704625352,0.0410083704625352,False,0.0,-0.0157660166713722,0.0157660166713722,False,0.0,False,False,False,none
2023-05-09,2023-05-10,0.0080371721183604,-0.0400466141546616,0.0400466141546616,False,0.0,-0.015462262270195804,0.015462262270195804,False,0.0,False,False,False,none
2023-05-10,2023-05-11,-0.0014142059665427,-0.0400466141546616,0.0400466141546616,False,0.0,-0.015336972333589577,0.015336972333589577,False,0.0,False,False,False,none
2023-05-11,2023-05-12,0.0177383685353598,-0.0400466141546616,0.0400466141546616,False,0.0,-0.014880659221503617,0.014880659221503617,False,0.0,False,False,False,none
2023-05-12,2023-05-15,-0.0024670195930334,-0.0391984262289586,0.0391984262289586,False,0.0,-0.01610049337364204,0.01610049337364204,False,0.0,False,False,False,none
2023-05-15,2023-05-16,-0.0033460984239821,-0.0385762262560037,0.0385762262560037,False,0.0,-0.015641621400947978,0.015641621400947978,False,0.0,False,False,False,none
2023-05-16,2023-05-17,-0.0055515111842359,-0.0385762262560037,0.0385762262560037,False,0.0,-0.015224921593830916,0.015224921593830916,False,0.0,False,False,False,none
2023-05-17,2023-05-18,0.0075371410333288,-0.0385762262560037,0.0385762262560037,False,0.0,-0.014929612077415073,0.014929612077415073,False,0.0,False,False,False,none
2023-05-18,2023-05-19,-0.0009635821634531,-0.0385762262560037,0.0385762262560037,False,0.0,-0.014789915107096865,0.014789915107096865,False,0.0,False,False,False,none
2023-05-19,2023-05-22,0.0025929472693077,-0.0385762262560037,0.0385762262560037,False,0.0,-0.014344609365200853,0.014344609365200853,False,0.0,False,False,False,none
2023-05-22,2023-05-23,-0.0077328081830263,-0.0385762262560037,0.0385762262560037,False,0.0,-0.01394679790672127,0.01394679790672127,False,0.0,False,False,False,none
2023-05-23,2023-05-24,-0.0116372846248567,-0.0385762262560037,0.0385762262560037,False,0.0,-0.013876212540100172,0.013876212540100172,False,0.0,False,False,False,none
2023-05-24,2023-05-25,0.0066576737830806,-0.0385762262560037,0.0385762262560037,False,0.0,-0.014247120324035306,0.014247120324035306,False,0.0,False,False,False,none
2023-05-25,2023-05-26,-4.129437970349747e-05,-0.0385762262560037,0.0385762262560037,False,0.0,-0.014071138633331754,0.014071138633331754,False,0.0,False,False,False,none
2023-05-26,2023-05-29,0.0097671234493585,-0.0385762262560037,0.0385762262560037,False,0.0,-0.013642485210029887,0.013642485210029887,False,0.0,False,False,False,none
2023-05-29,2023-05-30,0.0079440001815304,-0.0385762262560037,0.0385762262560037,False,0.0,-0.013799867885392192,0.013799867885392192,False,0.0,False,False,False,none
2023-05-30,2023-05-31,-0.0036088497312695,-0.0385762262560037,0.0385762262560037,False,0.0,-0.013756980730738302,0.013756980730738302,False,0.0,False,False,False,none
2023-05-31,2023-06-01,0.0017601685262561,-0.0385762262560037,0.0385762262560037,False,0.0,-0.01341690853063483,0.01341690853063483,False,0.0,False,False,False,none
2023-06-01,2023-06-02,0.01694752914982,-0.0385762262560037,0.0385762262560037,False,0.0,-0.01302749270714784,0.01302749270714784,False,0.0,False,False,False,none
2023-06-02,2023-06-05,0.0089006773650243,-0.0385762262560037,0.0385762262560037,False,0.0,-0.014358189296362107,0.014358189296362107,False,0.0,False,False,False,none
2023-06-05,2023-06-06,0.0074161051063449,-0.0385762262560037,0.0385762262560037,False,0.0,-0.014375272763757746,0.014375272763757746,False,0.0,False,False,False,none
2023-06-06,2023-06-07,0.0119508434795478,-0.0385762262560037,0.0385762262560037,False,0.0,-0.014254038991456396,0.014254038991456396,False,0.0,False,False,False,none
2023-06-07,2023-06-08,-0.0117081877849168,-0.0385762262560037,0.0385762262560037,False,0.0,-0.014634607772901136,0.014634607772901136,False,0.0,False,False,False,none
2023-06-08,2023-06-09,0.011581566382377,-0.0385762262560037,0.0385762262560037,False,0.0,-0.014952399922953708,0.014952399922953708,False,0.0,False,False,False,none
2023-06-09,2023-06-12,0.0147169210085266,-0.0385762262560037,0.0385762262560037,False,0.0,-0.015229376720294431,0.015229376720294431,False,0.0,False,False,False,none
2023-06-12,2023-06-13,0.0047469123952134,-0.0385762262560037,0.0385762262560037,False,0.0,-0.015911540993703146,0.015911540993703146,False,0.0,False,False,False,none
2023-06-13,2023-06-14,-0.0124482196040913,-0.0350936498034775,0.0350936498034775,False,0.0,-0.015544914860020995,0.015544914860020995,False,0.0,False,False,False,none
2023-06-14,2023-06-15,-0.0024889899780597,-0.0350936498034775,0.0350936498034775,False,0.0,-0.015883969254819108,0.015883969254819108,False,0.0,False,False,False,none
2023-06-15,2023-06-16,0.0030285588261558,-0.0350936498034775,0.0350936498034775,False,0.0,-0.015432696218621632,0.015432696218621632,False,0.0,False,False,False,none
2023-06-16,2023-06-19,0.0007765783395085,-0.0350936498034775,0.0350936498034775,False,0.0,-0.015012227278411784,0.015012227278411784,False,0.0,False,False,False,none
2023-06-19,2023-06-20,0.0153662487522003,-0.0350936498034775,0.0350936498034775,False,0.0,-0.014558257050503742,0.014558257050503742,False,0.0,False,False,False,none
2023-06-20,2023-06-21,0.0160559924666267,-0.0309954775340742,0.0309954775340742,False,0.0,-0.015412868406583107,0.015412868406583107,False,0.0,False,False,False,none
2023-06-21,2023-06-22,0.0049704411075595,-0.0309954775340742,0.0309954775340742,False,0.0,-0.01628347748668969,0.01628347748668969,False,0.0,False,False,False,none
2023-06-22,2023-06-23,0.0046841226996514,-0.0309954775340742,0.0309954775340742,False,0.0,-0.015913925160402565,0.015913925160402565,False,0.0,False,False,False,none
2023-06-23,2023-06-26,0.011202909153268,-0.0309954775340742,0.0309954775340742,False,0.0,-0.015544117015547379,0.015544117015547379,False,0.0,False,False,False,none
2023-06-26,2023-06-27,0.012752272558008,-0.0309954775340742,0.0309954775340742,False,0.0,-0.0157320050026035,0.0157320050026035,False,0.0,False,False,False,none
2023-06-27,2023-06-28,0.0069929946495955,-0.0309954775340742,0.0309954775340742,False,0.0,-0.016094869525205086,0.016094869525205086,False,0.0,False,False,False,none
2023-06-28,2023-06-29,-0.0211056366043865,-0.0309954775340742,0.0309954775340742,False,0.0,-0.015856876126707106,0.015856876126707106,True,0.005248760477679394,False,False,True,ewma_only
2023-06-29,2023-06-30,0.0073703501645494,-0.0309954775340742,0.0309954775340742,False,0.0,-0.01756885903224824,0.01756885903224824,False,0.0,False,False,False,none
2023-06-30,2023-07-03,-0.0001779431631168,-0.0309954775340742,0.0309954775340742,False,0.0,-0.017290551209124927,0.017290551209124927,False,0.0,False,False,False,none
2023-07-03,2023-07-04,0.0050301688734957,-0.0309954775340742,0.0309954775340742,False,0.0,-0.016763964671600653,0.016763964671600653,False,0.0,False,False,False,none
2023-07-04,2023-07-05,0.0095583629026515,-0.0309954775340742,0.0309954775340742,False,0.0,-0.01637913665822763,0.01637913665822763,False,0.0,False,False,False,none
2023-07-05,2023-07-06,-0.0014536634116244,-0.0309954775340742,0.0309954775340742,False,0.0,-0.016340459944430882,0.016340459944430882,False,0.0,False,False,False,none
2023-07-06,2023-07-07,0.0265098300671389,-0.0309954775340742,0.0309954775340742,False,0.0,-0.015853486191166753,0.015853486191166753,False,0.0,False,False,False,none
2023-07-07,2023-07-10,0.019388169144712,-0.0309954775340742,0.0309954775340742,False,0.0,-0.018717256912163627,0.018717256912163627,False,0.0,False,False,False,none
2023-07-10,2023-07-11,0.0011431087501213,-0.0309954775340742,0.0309954775340742,False,0.0,-0.019756937263109498,0.019756937263109498,False,0.0,False,False,False,none
2023-07-11,2023-07-12,0.0001179257734151,-0.0309954775340742,0.0309954775340742,False,0.0,-0.019160597471060192,0.019160597471060192,False,0.0,False,False,False,none
2023-07-12,2023-07-13,0.004132186198478,-0.0309954775340742,0.0309954775340742,False,0.0,-0.01857694924355393,0.01857694924355393,False,0.0,False,False,False,none
2023-07-13,2023-07-14,0.0173314117756443,-0.0309954775340742,0.0309954775340742,False,0.0,-0.01808780483729978,0.01808780483729978,False,0.0,False,False,False,none
2023-07-14,2023-07-17,-0.004899724745882,-0.0309954775340742,0.0309954775340742,False,0.0,-0.018875902091730196,0.018875902091730196,False,0.0,False,False,False,none
2023-07-17,2023-07-18,-0.0065510652170525,-0.0309954775340742,0.0309954775340742,False,0.0,-0.0184070330855251,0.0184070330855251,False,0.0,False,False,False,none
2023-07-18,2023-07-19,0.0046541761281664,-0.0309954775340742,0.0309954775340742,False,0.0,-0.018040412276398222,0.018040412276398222,False,0.0,False,False,False,none
2023-07-19,2023-07-20,0.0215795798712085,-0.0309954775340742,0.0309954775340742,False,0.0,-0.01759106110784754,0.01759106110784754,False,0.0,False,False,False,none
2023-07-20,2023-07-21,0.0284150701407261,-0.0309954775340742,0.0309954775340742,False,0.0,-0.01914349686796117,0.01914349686796117,False,0.0,False,False,False,none
2023-07-21,2023-07-24,0.010975976738417,-0.0309954775340742,0.0309954775340742,False,0.0,-0.021807224552297694,0.021807224552297694,False,0.0,False,False,False,none
2023-07-24,2023-07-25,-0.0043030177020656,-0.0309954775340742,0.0309954775340742,False,0.0,-0.02160042325012198,0.02160042325012198,False,0.0,False,False,False,none
2023-07-25,2023-07-26,0.001232703626158,-0.0309954775340742,0.0309954775340742,False,0.0,-0.02101402702458587,0.02101402702458587,False,0.0,False,False,False,none
2023-07-26,2023-07-27,0.0168330083679568,-0.0309954775340742,0.0309954775340742,False,0.0,-0.020379907893117475,0.020379907893117475,False,0.0,False,False,False,none
2023-07-27,2023-07-28,0.0040696247527649,-0.0309954775340742,0.0309954775340742,False,0.0,-0.02089060025379444,0.02089060025379444,False,0.0,False,False,False,none
2023-07-28,2023-07-31,-0.0013506500036099,-0.0309954775340742,0.0309954775340742,False,0.0,-0.02032044969501541,0.02032044969501541,False,0.0,False,False,False,none
2023-07-31,2023-08-01,-0.0249733249016596,-0.0309954775340742,0.0309954775340742,False,0.0,-0.019708921112019103,0.019708921112019103,True,0.005264403789640496,False,False,True,ewma_only
2023-08-01,2023-08-02,-0.0039248203427307,-0.0309954775340742,0.0309954775340742,False,0.0,-0.021595753291811976,0.021595753291811976,False,0.0,False,False,False,none
2023-08-02,2023-08-03,-0.0006836700760028,-0.0309954775340742,0.0309954775340742,False,0.0,-0.02099748968245657,0.02099748968245657,False,0.0,False,False,False,none
2023-08-03,2023-08-04,0.0065898777571647,-0.0309954775340742,0.0309954775340742,False,0.0,-0.020359685007936376,0.020359685007936376,False,0.0,False,False,False,none
2023-08-04,2023-08-07,0.012139522705124,-0.0309954775340742,0.0309954775340742,False,0.0,-0.019917211209511836,0.019917211209511836,False,0.0,False,False,False,none
2023-08-07,2023-08-08,-0.006502926524311,-0.0309954775340742,0.0309954775340742,False,0.0,-0.019920246428073954,0.019920246428073954,False,0.0,False,False,False,none
2023-08-08,2023-08-09,-0.003327201154114,-0.0309954775340742,0.0309954775340742,False,0.0,-0.019490304632059977,0.019490304632059977,False,0.0,False,False,False,none
2023-08-09,2023-08-10,-0.0127386319492344,-0.0309954775340742,0.0309954775340742,False,0.0,-0.01894404184858363,0.01894404184858363,False,0.0,False,False,False,none
2023-08-10,2023-08-11,0.0116731054995941,-0.0309954775340742,0.0309954775340742,False,0.0,-0.01907056044996101,0.01907056044996101,False,0.0,False,False,False,none
2023-08-11,2023-08-14,0.0136219158784574,-0.0309954775340742,0.0309954775340742,False,0.0,-0.019078384794162403,0.019078384794162403,False,0.0,False,False,False,none
2023-08-14,2023-08-15,0.0019238126045246,-0.0309954775340742,0.0309954775340742,False,0.0,-0.01929423659480468,0.01929423659480468,False,0.0,False,False,False,none
2023-08-15,2023-08-16,0.0031189987382647,-0.0309954775340742,0.0309954775340742,False,0.0,-0.01872250821143519,0.01872250821143519,False,0.0,False,False,False,none
2023-08-16,2023-08-17,0.0059217294534041,-0.0309954775340742,0.0309954775340742,False,0.0,-0.018195592086128632,0.018195592086128632,False,0.0,False,False,False,none
2023-08-17,2023-08-18,-0.0437926635030288,-0.0309954775340742,0.0309954775340742,True,0.012797185968954603,-0.01780189021131487,0.01780189021131487,True,0.025990773291713933,True,False,False,both
2023-08-18,2023-08-21,-0.0101247823317101,-0.0350936498034775,0.0350936498034775,False,0.0,-0.024682258926544503,0.024682258926544503,False,0.0,False,False,False,none
2023-08-21,2023-08-22,0.0085543532362204,-0.0350936498034775,0.0350936498034775,False,0.0,-0.024275542929962396,0.024275542929962396,False,0.0,False,False,False,none
2023-08-22,2023-08-23,-0.0084214992645248,-0.0350936498034775,0.0350936498034775,False,0.0,-0.02378703159420372,0.02378703159420372,False,0.0,False,False,False,none
2023-08-23,2023-08-24,0.0300522695325977,-0.0350936498034775,0.0350936498034775,False,0.0,-0.023310649842339395,0.023310649842339395,False,0.0,False,False,False,none
2023-08-24,2023-08-25,-0.0009887032968119,-0.0350936498034775,0.0350936498034775,False,0.0,-0.025639658837607774,0.025639658837607774,False,0.0,False,False,False,none
2023-08-25,2023-08-28,0.032086668878502,-0.0350936498034775,0.0350936498034775,False,0.0,-0.024861763104559235,0.024861763104559235,False,0.0,False,False,False,none
2023-08-28,2023-08-29,0.0081122706600174,-0.0350936498034775,0.0350936498034775,False,0.0,-0.027352350279422302,0.027352350279422302,False,0.0,False,False,False,none
2023-08-29,2023-08-30,0.0189054913129344,-0.0350936498034775,0.0350936498034775,False,0.0,-0.026719748088272936,0.026719748088272936,False,0.0,False,False,False,none
2023-08-30,2023-08-31,0.0052789993903465,-0.0350936498034775,0.0350936498034775,False,0.0,-0.027002384576176583,0.027002384576176583,False,0.0,False,False,False,none
2023-08-31,2023-09-05,0.0057459027236099,-0.0350936498034775,0.0350936498034775,False,0.0,-0.026266040902174506,0.026266040902174506,False,0.0,False,False,False,none
2023-09-05,2023-09-06,0.0262951415774664,-0.0350936498034775,0.0350936498034775,False,0.0,-0.025570883560185047,0.025570883560185047,False,0.0,False,False,False,none
2023-09-06,2023-09-07,-0.007644208608121,-0.0350936498034775,0.0350936498034775,False,0.0,-0.02696071663057728,0.02696071663057728,False,0.0,False,False,False,none
2023-09-07,2023-09-08,0.0030632563629812,-0.0350936498034775,0.0350936498034775,False,0.0,-0.0263202043722454,0.0263202043722454,False,0.0,False,False,False,none
2023-09-08,2023-09-11,-0.0152786430756276,-0.0350936498034775,0.0350936498034775,False,0.0,-0.025548213697723546,0.025548213697723546,False,0.0,False,False,False,none
2023-09-11,2023-09-12,0.0219138966533047,-0.0350936498034775,0.0350936498034775,False,0.0,-0.025523380965641565,0.025523380965641565,False,0.0,False,False,False,none
2023-09-12,2023-09-13,0.0031904928599144,-0.0350936498034775,0.0350936498034775,False,0.0,-0.02627378118990334,0.02627378118990334,False,0.0,False,False,False,none
2023-09-13,2023-09-14,-0.0154859230778701,-0.0350936498034775,0.0350936498034775,False,0.0,-0.025505789669488917,0.025505789669488917,False,0.0,False,False,False,none
2023-09-14,2023-09-15,-0.0048781073170283,-0.0350936498034775,0.0350936498034775,False,0.0,-0.02550376815051681,0.02550376815051681,False,0.0,False,False,False,none
2023-09-15,2023-09-18,-0.0074087404792867,-0.0350936498034775,0.0350936498034775,False,0.0,-0.024804808283945455,0.024804808283945455,False,0.0,False,False,False,none
2023-09-18,2023-09-19,0.0147794226478277,-0.0350936498034775,0.0350936498034775,False,0.0,-0.02423369861033052,0.02423369861033052,False,0.0,False,False,False,none
2023-09-19,2023-09-20,0.0051632391998105,-0.0350936498034775,0.0350936498034775,False,0.0,-0.024238282681670692,0.024238282681670692,False,0.0,False,False,False,none
2023-09-20,2023-09-21,-0.0153170691307799,-0.0350936498034775,0.0350936498034775,False,0.0,-0.023591784964862497,0.023591784964862497,False,0.0,False,False,False,none
2023-09-21,2023-09-22,-0.0263244394815737,-0.0350936498034775,0.0350936498034775,False,0.0,-0.023690995228276248,0.023690995228276248,True,0.002633444253297451,False,False,True,ewma_only
2023-09-22,2023-09-25,-0.0310100371103666,-0.0350936498034775,0.0350936498034775,False,0.0,-0.025299803931247304,0.025299803931247304,True,0.005710233179119294,False,False,True,ewma_only
2023-09-25,2023-09-26,0.002932819853143,-0.0350936498034775,0.0350936498034775,False,0.0,-0.0275277668156606,0.0275277668156606,False,0.0,False,False,False,none
2023-09-26,2023-09-27,0.0098066826613449,-0.0350936498034775,0.0350936498034775,False,0.0,-0.02671530576347173,0.02671530576347173,False,0.0,False,False,False,none
2023-09-27,2023-09-28,0.0066651124177154,-0.0350936498034775,0.0350936498034775,False,0.0,-0.026201083975939145,0.026201083975939145,False,0.0,False,False,False,none
2023-09-28,2023-09-29,-0.0104644751502925,-0.0350936498034775,0.0350936498034775,False,0.0,-0.02554443994863267,0.02554443994863267,False,0.0,False,False,False,none
2023-09-29,2023-10-02,-0.0043445613310776,-0.0350936498034775,0.0350936498034775,False,0.0,-0.0251225711004265,0.0251225711004265,False,0.0,False,False,False,none
2023-10-02,2023-10-03,-0.0398765429937311,-0.0350936498034775,0.0350936498034775,True,0.004782893190253601,-0.024420053778374962,0.024420053778374962,True,0.015456489215356136,True,False,False,both
2023-10-03,2023-10-04,0.0083602040741856,-0.0350936498034775,0.0350936498034775,False,0.0,-0.028612760141878253,0.028612760141878253,False,0.0,False,False,False,none
2023-10-04,2023-10-05,-0.0227987736632848,-0.0350936498034775,0.0350936498034775,False,0.0,-0.027944848456432483,0.027944848456432483,False,0.0,False,False,False,none
2023-10-05,2023-10-06,0.0140538777668116,-0.0350936498034775,0.0350936498034775,False,0.0,-0.02860834820359699,0.02860834820359699,False,0.0,False,False,False,none
2023-10-06,2023-10-09,0.0152878010848466,-0.0313254540944397,0.0313254540944397,False,0.0,-0.028308901166903294,0.028308901166903294,False,0.0,False,False,False,none
2023-10-09,2023-10-10,0.0152483222605692,-0.0306800605500011,0.0306800605500011,False,0.0,-0.028129168486256306,0.028129168486256306,False,0.0,False,False,False,none
2023-10-10,2023-10-11,0.0079812858459831,-0.0306800605500011,0.0306800605500011,False,0.0,-0.027955666388831294,0.027955666388831294,False,0.0,False,False,False,none
2023-10-11,2023-10-12,-0.0132393225130859,-0.0302371686962302,0.0302371686962302,False,0.0,-0.02729411774148729,0.02729411774148729,False,0.0,False,False,False,none
2023-10-12,2023-10-13,0.0059532703145134,-0.0302371686962302,0.0302371686962302,False,0.0,-0.026994894624581108,0.026994894624581108,False,0.0,False,False,False,none
2023-10-13,2023-10-16,-0.0134033317533804,-0.0302371686962302,0.0302371686962302,False,0.0,-0.02628220262773214,0.02628220262773214,False,0.0,False,False,False,none
2023-10-16,2023-10-17,-0.0310406581756293,-0.0302371686962302,0.0302371686962302,True,0.0008034894793991013,-0.026047492471744677,0.026047492471744677,True,0.004993165703884625,True,False,False,both
2023-10-17,2023-10-18,-0.0225992729415142,-0.0306800605500011,0.0306800605500011,False,0.0,-0.028181104756368605,0.028181104756368605,False,0.0,False,False,False,none
2023-10-18,2023-10-19,-0.0206378003500223,-0.0306800605500011,0.0306800605500011,False,0.0,-0.028799858561999063,0.028799858561999063,False,0.0,False,False,False,none
2023-10-19,2023-10-20,0.0256243308682393,-0.0306800605500011,0.0306800605500011,False,0.0,-0.029134283101052975,0.029134283101052975,False,0.0,False,False,False,none
2023-10-20,2023-10-23,-0.0241678070570716,-0.0306800605500011,0.0306800605500011,False,0.0,-0.030074352571309217,0.030074352571309217,False,0.0,False,False,False,none
2023-10-23,2023-10-24,0.0036529680365296,-0.0302371686962302,0.0302371686962302,False,0.0,-0.030741086208849553,0.030741086208849553,False,0.0,False,False,False,none
2023-10-24,2023-10-25,0.0005156545492693,-0.0284498291749989,0.0284498291749989,False,0.0,-0.029840906709054156,0.029840906709054156,False,0.0,False,False,False,none
2023-10-25,2023-10-26,-0.0439282546408036,-0.0284498291749989,0.0284498291749989,True,0.015478425465804697,-0.02893257842991185,0.02893257842991185,True,0.014995676210891748,True,False,False,both
2023-10-26,2023-10-27,0.0089697494675953,-0.0302371686962302,0.0302371686962302,False,0.0,-0.03316806160085074,0.03316806160085074,False,0.0,False,False,False,none
2023-10-27,2023-10-30,-0.0246607118165481,-0.0302371686962302,0.0302371686962302,False,0.0,-0.03236006473746072,0.03236006473746072,False,0.0,False,False,False,none
2023-10-30,2023-10-31,-0.0308128641043745,-0.0302371686962302,0.0302371686962302,True,0.0005756954081443007,-0.03290996888995858,0.03290996888995858,False,0.0,False,True,False,historical_only
2023-10-31,2023-11-01,0.0003080301427086,-0.0305320282278257,0.0305320282278257,False,0.0,-0.03423749344851239,0.03423749344851239,False,0.0,False,False,False,none
2023-11-01,2023-11-02,0.0502322886863435,-0.0305320282278257,0.0305320282278257,False,0.0,-0.0331947134753938,0.0331947134753938,False,0.0,False,False,False,none
2023-11-02,2023-11-03,0.008112759392135,-0.0305320282278257,0.0305320282278257,False,0.0,-0.03801824223477574,0.03801824223477574,False,0.0,False,False,False,none
2023-11-03,2023-11-06,0.0067011685926845,-0.0305320282278257,0.0305320282278257,False,0.0,-0.03700469917934198,0.03700469917934198,False,0.0,False,False,False,none
2023-11-06,2023-11-07,0.0011568688511804,-0.0284498291749989,0.0284498291749989,False,0.0,-0.03597883473130646,0.03597883473130646,False,0.0,False,False,False,none
2023-11-07,2023-11-08,0.0434098326757769,-0.0261487549201186,0.0261487549201186,False,0.0,-0.034885888448282616,0.034885888448282616,False,0.0,False,False,False,none
2023-11-08,2023-11-09,0.0023449329831053,-0.0261487549201186,0.0261487549201186,False,0.0,-0.03807762424943117,0.03807762424943117,False,0.0,False,False,False,none
2023-11-09,2023-11-10,-0.0136530353899644,-0.0261487549201186,0.0261487549201186,False,0.0,-0.03692971378735106,0.03692971378735106,False,0.0,False,False,False,none
2023-11-10,2023-11-13,0.0136810984797282,-0.0255017123455006,0.0255017123455006,False,0.0,-0.036224787168145964,0.036224787168145964,False,0.0,False,False,False,none
2023-11-13,2023-11-14,0.014403207908915,-0.0255017123455006,0.0255017123455006,False,0.0,-0.035551164337879394,0.035551164337879394,False,0.0,False,False,False,none
2023-11-14,2023-11-15,0.0024212121599924,-0.0248326490133594,0.0248326490133594,False,0.0,-0.03495323242977447,0.03495323242977447,False,0.0,False,False,False,none
2023-11-15,2023-11-16,0.0016178517828278,-0.0245046023107471,0.0245046023107471,False,0.0,-0.03390245399899256,0.03390245399899256,False,0.0,False,False,False,none
2023-11-16,2023-11-17,-0.0167368888922546,-0.0245046023107471,0.0245046023107471,False,0.0,-0.03287611139561554,0.03287611139561554,False,0.0,False,False,False,none
2023-11-17,2023-11-20,-0.0061096013639952,-0.0245046023107471,0.0245046023107471,False,0.0,-0.03258007901191242,0.03258007901191242,False,0.0,False,False,False,none
2023-11-20,2023-11-21,0.0123310952887126,-0.0245046023107471,0.0245046023107471,False,0.0,-0.03168332813789995,0.03168332813789995,False,0.0,False,False,False,none
2023-11-21,2023-11-22,-0.0029441040598597,-0.0245046023107471,0.0245046023107471,False,0.0,-0.031117308968853664,0.031117308968853664,False,0.0,False,False,False,none
2023-11-22,2023-11-23,-0.0455359238893177,-0.0245046023107471,0.0245046023107471,True,0.021031321578570603,-0.03019266070857646,0.03019266070857646,True,0.01534326318074124,True,False,False,both
2023-11-23,2023-11-24,0.0198650111254855,-0.0248326490133594,0.0248326490133594,False,0.0,-0.034547082683814345,0.034547082683814345,False,0.0,False,False,False,none
2023-11-24,2023-11-27,-0.0078504060605255,-0.0248326490133594,0.0248326490133594,False,0.0,-0.034437629763516706,0.034437629763516706,False,0.0,False,False,False,none
2023-11-27,2023-11-28,0.0065409935570085,-0.0248326490133594,0.0248326490133594,False,0.0,-0.03353800380339945,0.03353800380339945,False,0.0,False,False,False,none
2023-11-28,2023-11-29,0.0129382353671259,-0.0248326490133594,0.0248326490133594,False,0.0,-0.032622924030567456,0.032622924030567456,False,0.0,False,False,False,none
2023-11-29,2023-11-30,-0.0073643732290581,-0.0248326490133594,0.0248326490133594,False,0.0,-0.032055795187564524,0.032055795187564524,False,0.0,False,False,False,none
2023-11-30,2023-12-01,0.0082395923829627,-0.0248326490133594,0.0248326490133594,False,0.0,-0.03122056229946744,0.03122056229946744,False,0.0,False,False,False,none
2023-12-01,2023-12-04,0.0221402555593758,-0.0248326490133594,0.0248326490133594,False,0.0,-0.03045096063614366,0.03045096063614366,False,0.0,False,False,False,none
2023-12-04,2023-12-05,0.0016745740213162,-0.0248326490133594,0.0248326490133594,False,0.0,-0.03084151930311873,0.03084151930311873,False,0.0,False,False,False,none
2023-12-05,2023-12-06,0.0129884595257326,-0.0248326490133594,0.0248326490133594,False,0.0,-0.0299095731655695,0.0299095731655695,False,0.0,False,False,False,none
2023-12-06,2023-12-07,-0.0033236610599616,-0.0245046023107471,0.0245046023107471,False,0.0,-0.029466814162663828,0.029466814162663828,False,0.0,False,False,False,none
2023-12-07,2023-12-08,0.0150492588668922,-0.0245046023107471,0.0245046023107471,False,0.0,-0.02860050335227564,0.02860050335227564,False,0.0,False,False,False,none
2023-12-08,2023-12-11,-0.0002857464951784,-0.0245046023107471,0.0245046023107471,False,0.0,-0.028384407420484592,0.028384407420484592,False,0.0,False,False,False,none
2023-12-11,2023-12-12,0.0116998647156552,-0.0245046023107471,0.0245046023107471,False,0.0,-0.027519944843053576,0.027519944843053576,False,0.0,False,False,False,none
2023-12-12,2023-12-13,-0.0188655193137406,-0.0245046023107471,0.0245046023107471,False,0.0,-0.02709479136356014,0.02709479136356014,False,0.0,False,False,False,none
2023-12-13,2023-12-14,-0.0010774681872047,-0.0245046023107471,0.0245046023107471,False,0.0,-0.027346946814707805,0.027346946814707805,False,0.0,False,False,False,none
2023-12-14,2023-12-15,-0.0097422740182738,-0.0245046023107471,0.0245046023107471,False,0.0,-0.02651740236380739,0.02651740236380739,False,0.0,False,False,False,none
2023-12-15,2023-12-18,-0.0195513426119977,-0.0245046023107471,0.0245046023107471,False,0.0,-0.0260074905963053,0.0260074905963053,False,0.0,False,False,False,none
2023-12-18,2023-12-19,0.0185442767197433,-0.0245046023107471,0.0245046023107471,False,0.0,-0.026417014281270676,0.026417014281270676,False,0.0,False,False,False,none
2023-12-19,2023-12-20,0.0146455891949909,-0.0245046023107471,0.0245046023107471,False,0.0,-0.02667979980329783,0.02667979980329783,False,0.0,False,False,False,none
2023-12-20,2023-12-21,0.0033732191013362,-0.0245046023107471,0.0245046023107471,False,0.0,-0.02653153347125144,0.02653153347125144,False,0.0,False,False,False,none
2023-12-21,2023-12-22,-0.0060963695723643,-0.0245046023107471,0.0245046023107471,False,0.0,-0.025759154706516425,0.025759154706516425,False,0.0,False,False,False,none
2023-12-22,2023-12-25,0.0124082336328947,-0.0245046023107471,0.0245046023107471,False,0.0,-0.025094924121602587,0.025094924121602587,False,0.0,False,False,False,none
2023-12-25,2023-12-26,0.0087228855793268,-0.0245046023107471,0.0245046023107471,False,0.0,-0.02483874642013714,0.02483874642013714,False,0.0,False,False,False,none
2023-12-26,2023-12-27,-0.0003614601351741,-0.0242481041676935,0.0242481041676935,False,0.0,-0.02433715691453636,0.02433715691453636,False,0.0,False,False,False,none
2023-12-27,2023-12-28,0.0027975025640321,-0.0242481041676935,0.0242481041676935,False,0.0,-0.023596198498775728,0.023596198498775728,False,0.0,False,False,False,none
2023-12-28,2023-12-29,-0.0036502474700669,-0.0242481041676935,0.0242481041676935,False,0.0,-0.02290511224390044,0.02290511224390044,False,0.0,False,False,False,none
2023-12-29,2024-01-02,-0.0092483697468886,-0.0242481041676935,0.0242481041676935,False,0.0,-0.022255976418038288,0.022255976418038288,False,0.0,False,False,False,none
2024-01-02,2024-01-03,0.011399925579851,-0.0242481041676935,0.0242481041676935,False,0.0,-0.021897339230601828,0.021897339230601828,False,0.0,False,False,False,none
2024-01-03,2024-01-04,0.0025836795266315,-0.0242481041676935,0.0242481041676935,False,0.0,-0.021721425543761635,0.021721425543761635,False,0.0,False,False,False,none
2024-01-04,2024-01-05,0.0062463670342195,-0.0242481041676935,0.0242481041676935,False,0.0,-0.021085415411216578,0.021085415411216578,False,0.0,False,False,False,none
2024-01-05,2024-01-08,-0.0045946094815102,-0.0242481041676935,0.0242481041676935,False,0.0,-0.020597398045208014,0.020597398045208014,False,0.0,False,False,False,none
2024-01-08,2024-01-09,-0.0082143646413126,-0.0242481041676935,0.0242481041676935,False,0.0,-0.020055536642569125,0.020055536642569125,False,0.0,False,False,False,none
2024-01-09,2024-01-10,-0.0141314944689594,-0.0242481041676935,0.0242481041676935,False,0.0,-0.01972421347892551,0.01972421347892551,False,0.0,False,False,False,none
2024-01-10,2024-01-11,0.0044328309811741,-0.0242481041676935,0.0242481041676935,False,0.0,-0.0199529346944282,0.0199529346944282,False,0.0,False,False,False,none
2024-01-11,2024-01-12,-0.0096964515912262,-0.0242481041676935,0.0242481041676935,False,0.0,-0.019427358568173164,0.019427358568173164,False,0.0,False,False,False,none
2024-01-12,2024-01-15,0.0098718215909379,-0.0242481041676935,0.0242481041676935,False,0.0,-0.019236414102020535,0.019236414102020535,False,0.0,False,False,False,none
2024-01-15,2024-01-16,0.0205142441294177,-0.0242481041676935,0.0242481041676935,False,0.0,-0.01906979357383778,0.01906979357383778,False,0.0,False,False,False,none
2024-01-16,2024-01-17,0.0027570202412817,-0.0242481041676935,0.0242481041676935,False,0.0,-0.020252227537155096,0.020252227537155096,False,0.0,False,False,False,none
2024-01-17,2024-01-18,0.006706284447455,-0.0242481041676935,0.0242481041676935,False,0.0,-0.019666658923766175,0.019666658923766175,False,0.0,False,False,False,none
2024-01-18,2024-01-19,0.0056816726170922,-0.0242481041676935,0.0242481041676935,False,0.0,-0.019258027216428966,0.019258027216428966,False,0.0,False,False,False,none
2024-01-19,2024-01-22,0.0070468127692916,-0.0242481041676935,0.0242481041676935,False,0.0,-0.018811157326578388,0.018811157326578388,False,0.0,False,False,False,none
2024-01-22,2024-01-23,-0.0076553052794819,-0.0242481041676935,0.0242481041676935,False,0.0,-0.018457765422940697,0.018457765422940697,False,0.0,False,False,False,none
2024-01-23,2024-01-24,-0.0104403838350971,-0.0242481041676935,0.0242481041676935,False,0.0,-0.018159324034337537,0.018159324034337537,False,0.0,False,False,False,none
2024-01-24,2024-01-25,0.0063426801873525,-0.0242481041676935,0.0242481041676935,False,0.0,-0.01810165469555084,0.01810165469555084,False,0.0,False,False,False,none
2024-01-25,2024-01-26,0.001642785585167,-0.0242481041676935,0.0242481041676935,False,0.0,-0.01773528356427046,0.01773528356427046,False,0.0,False,False,False,none
2024-01-26,2024-01-29,-0.0062390656235683,-0.0242481041676935,0.0242481041676935,False,0.0,-0.017207729668562207,0.017207729668562207,False,0.0,False,False,False,none
2024-01-29,2024-01-30,0.0049168229731659,-0.0238422172295184,0.0238422172295184,False,0.0,-0.016871827169329365,0.016871827169329365,False,0.0,False,False,False,none
2024-01-30,2024-01-31,-0.0055059302710746,-0.0238422172295184,0.0238422172295184,False,0.0,-0.016477361856179207,0.016477361856179207,False,0.0,False,False,False,none
2024-01-31,2024-02-01,0.0247057353824299,-0.0231537989073026,0.0231537989073026,False,0.0,-0.016128682619272836,0.016128682619272836,False,0.0,False,False,False,none
2024-02-01,2024-02-02,0.0162005825780483,-0.0231537989073026,0.0231537989073026,False,0.0,-0.018536715941640577,0.018536715941640577,False,0.0,False,False,False,none
2024-02-02,2024-02-05,0.0061717553457424,-0.0231537989073026,0.0231537989073026,False,0.0,-0.019120640189111564,0.019120640189111564,False,0.0,False,False,False,none
2024-02-05,2024-02-06,-0.0004011974601699,-0.0231537989073026,0.0231537989073026,False,0.0,-0.018704178381856385,0.018704178381856385,False,0.0,False,False,False,none
2024-02-06,2024-02-07,0.00100495582474,-0.0231537989073026,0.0231537989073026,False,0.0,-0.018135094170234695,0.018135094170234695,False,0.0,False,False,False,none
2024-02-07,2024-02-15,-0.001723854873404,-0.0231537989073026,0.0231537989073026,False,0.0,-0.01758728767341777,0.01758728767341777,False,0.0,False,False,False,none
2024-02-15,2024-02-16,0.0055493063401613,-0.0231537989073026,0.0231537989073026,False,0.0,-0.017065647549891642,0.017065647549891642,False,0.0,False,False,False,none
2024-02-16,2024-02-19,0.0103545894415427,-0.0231537989073026,0.0231537989073026,False,0.0,-0.01669614168099976,0.01669614168099976,False,0.0,False,False,False,none
2024-02-19,2024-02-20,-0.0022424482258277,-0.0231537989073026,0.0231537989073026,False,0.0,-0.0167164702667884,0.0167164702667884,False,0.0,False,False,False,none
2024-02-20,2024-02-21,-0.0043818206434664,-0.0231537989073026,0.0231537989073026,False,0.0,-0.016232382974324274,0.016232382974324274,False,0.0,False,False,False,none
2024-02-21,2024-02-22,-0.0127907402434262,-0.0231537989073026,0.0231537989073026,False,0.0,-0.015836593220399865,0.015836593220399865,False,0.0,False,False,False,none
2024-02-22,2024-02-23,-0.0135613358137871,-0.0231537989073026,0.0231537989073026,False,0.0,-0.0161959232871058,0.0161959232871058,False,0.0,False,False,False,none
2024-02-23,2024-02-26,0.020516839577511,-0.0231537989073026,0.0231537989073026,False,0.0,-0.016626004249458367,0.016626004249458367,False,0.0,False,False,False,none
2024-02-26,2024-02-27,0.0205161356038269,-0.0231537989073026,0.0231537989073026,False,0.0,-0.018115490018383064,0.018115490018383064,False,0.0,False,False,False,none
2024-02-27,2024-02-28,0.0087459778981719,-0.022708998338488,0.022708998338488,False,0.0,-0.019411554112680342,0.019411554112680342,False,0.0,False,False,False,none
2024-02-28,2024-02-29,0.0124563235867454,-0.022708998338488,0.022708998338488,False,0.0,-0.019147247684298242,0.019147247684298242,False,0.0,False,False,False,none
2024-02-29,2024-03-01,0.0068362966810266,-0.022708998338488,0.022708998338488,False,0.0,-0.01923038208545034,0.01923038208545034,False,0.0,False,False,False,none
2024-03-01,2024-03-04,0.0070307744658963,-0.022708998338488,0.022708998338488,False,0.0,-0.018846902825170413,0.018846902825170413,False,0.0,False,False,False,none
2024-03-04,2024-03-05,0.0198253245639566,-0.022708998338488,0.022708998338488,False,0.0,-0.018491019242333477,0.018491019242333477,False,0.0,False,False,False,none
2024-03-05,2024-03-06,-0.0170938294346607,-0.022708998338488,0.022708998338488,False,0.0,-0.019626678277687885,0.019626678277687885,False,0.0,False,False,False,none
2024-03-06,2024-03-07,0.0108719050862041,-0.022708998338488,0.022708998338488,False,0.0,-0.02023678671324008,0.02023678671324008,False,0.0,False,False,False,none
2024-03-07,2024-03-08,-0.0199278228989799,-0.022708998338488,0.022708998338488,False,0.0,-0.02010331628809605,0.02010331628809605,False,0.0,False,False,False,none
2024-03-08,2024-03-11,-0.0138210654802796,-0.022708998338488,0.022708998338488,False,0.0,-0.021079846937971478,0.021079846937971478,False,0.0,False,False,False,none
2024-03-11,2024-03-12,0.0115869072703465,-0.022708998338488,0.022708998338488,False,0.0,-0.021182715246823136,0.021182715246823136,False,0.0,False,False,False,none
2024-03-12,2024-03-13,0.0347659067290206,-0.022708998338488,0.022708998338488,False,0.0,-0.021061319389517406,0.021061319389517406,False,0.0,False,False,False,none
2024-03-13,2024-03-14,-0.0139475973569439,-0.022708998338488,0.022708998338488,False,0.0,-0.02476228373228268,0.02476228373228268,False,0.0,False,False,False,none
2024-03-14,2024-03-15,-0.0047102706962319,-0.022708998338488,0.022708998338488,False,0.0,-0.024656842950313545,0.024656842950313545,False,0.0,False,False,False,none
2024-03-15,2024-03-18,-0.024402876679069,-0.022708998338488,0.022708998338488,True,0.0016938783405810003,-0.023980907546745363,0.023980907546745363,True,0.0004219691323236359,True,False,False,both
2024-03-18,2024-03-19,-0.003681486655586,-0.0231537989073026,0.0231537989073026,False,0.0,-0.025243771947133346,0.025243771947133346,False,0.0,False,False,False,none
2024-03-19,2024-03-20,0.0281122932735289,-0.022708998338488,0.022708998338488,False,0.0,-0.024519651108027462,0.024519651108027462,False,0.0,False,False,False,none
2024-03-20,2024-03-21,0.0112160263596721,-0.022708998338488,0.022708998338488,False,0.0,-0.026333099328477043,0.026333099328477043,False,0.0,False,False,False,none
2024-03-21,2024-03-22,0.0035946253824189,-0.022708998338488,0.022708998338488,False,0.0,-0.0259277363615247,0.0259277363615247,False,0.0,False,False,False,none
2024-03-22,2024-03-25,-0.0118458194383208,-0.022708998338488,0.022708998338488,False,0.0,-0.02517955947821492,0.02517955947821492,False,0.0,False,False,False,none
2024-03-25,2024-03-26,0.0092019491029577,-0.022708998338488,0.022708998338488,False,0.0,-0.024874659237083072,0.024874659237083072,False,0.0,False,False,False,none
2024-03-26,2024-03-27,0.0151340553113619,-0.022708998338488,0.022708998338488,False,0.0,-0.024400192748006654,0.024400192748006654,False,0.0,False,False,False,none
2024-03-27,2024-03-28,0.0070267048251458,-0.022708998338488,0.022708998338488,False,0.0,-0.024430060214808074,0.024430060214808074,False,0.0,False,False,False,none
2024-03-28,2024-03-29,-0.0043538987375982,-0.022708998338488,0.022708998338488,False,0.0,-0.02385441837458735,0.02385441837458735,False,0.0,False,False,False,none
2024-03-29,2024-04-01,0.0012054552164804,-0.022708998338488,0.022708998338488,False,0.0,-0.023194148547015674,0.023194148547015674,False,0.0,False,False,False,none
2024-04-01,2024-04-02,0.0051104567331274,-0.022708998338488,0.022708998338488,False,0.0,-0.022492805612905533,0.022492805612905533,False,0.0,False,False,False,none
2024-04-02,2024-04-03,-0.0194932408953478,-0.022708998338488,0.022708998338488,False,0.0,-0.021904573246819152,0.021904573246819152,False,0.0,False,False,False,none
2024-04-03,2024-04-04,-0.0035797797412202,-0.022708998338488,0.022708998338488,False,0.0,-0.02264300993682221,0.02264300993682221,False,0.0,False,False,False,none
2024-04-04,2024-04-05,-0.0005779501046142,-0.022708998338488,0.022708998338488,False,0.0,-0.0220005410998767,0.0220005410998767,False,0.0,False,False,False,none
2024-04-05,2024-04-08,-0.0081153384154923,-0.022708998338488,0.022708998338488,False,0.0,-0.021331586990425536,0.021331586990425536,False,0.0,False,False,False,none
2024-04-08,2024-04-09,0.0232139340084989,-0.022708998338488,0.022708998338488,False,0.0,-0.02093861085783448,0.02093861085783448,False,0.0,False,False,False,none
2024-04-09,2024-04-10,-0.0055240891750562,-0.022708998338488,0.022708998338488,False,0.0,-0.022351706588461327,0.022351706588461327,False,0.0,False,False,False,none
2024-04-10,2024-04-11,0.0080050340884432,-0.022708998338488,0.022708998338488,False,0.0,-0.021784777501390653,0.021784777501390653,False,0.0,False,False,False,none
2024-04-11,2024-04-12,0.0003036580230672,-0.022708998338488,0.022708998338488,False,0.0,-0.02136596136528359,0.02136596136528359,False,0.0,False,False,False,none
2024-04-12,2024-04-15,-0.0406603801471682,-0.022708998338488,0.022708998338488,True,0.017951381808680198,-0.020715429398294474,0.020715429398294474,True,0.019944950748873723,True,False,False,both
2024-04-15,2024-04-16,0.0022742695932165,-0.0235517420298675,0.0235517420298675,False,0.0,-0.025918339798091543,0.025918339798091543,False,0.0,False,False,False,none
2024-04-16,2024-04-17,-0.0109563680554463,-0.0235517420298675,0.0235517420298675,False,0.0,-0.025145463823814124,0.025145463823814124,False,0.0,False,False,False,none
2024-04-17,2024-04-19,-0.018866418107036,-0.0235517420298675,0.0235517420298675,False,0.0,-0.024775863675273367,0.024775863675273367,False,0.0,False,False,False,none
2024-04-19,2024-04-22,0.0091949857467764,-0.0235517420298675,0.0235517420298675,False,0.0,-0.025195113911595374,0.025195113911595374,False,0.0,False,False,False,none
2024-04-22,2024-04-23,0.0095323592753889,-0.0235517420298675,0.0235517420298675,False,0.0,-0.024706901827279554,0.024706901827279554,False,0.0,False,False,False,none
2024-04-23,2024-04-24,0.0543731454656875,-0.0235517420298675,0.0235517420298675,False,0.0,-0.02426016554271739,0.02426016554271739,False,0.0,False,False,False,none
2024-04-24,2024-04-25,0.0152286047609058,-0.0235517420298675,0.0235517420298675,False,0.0,-0.03214294225479301,0.03214294225479301,False,0.0,False,False,False,none
2024-04-25,2024-04-26,0.0050917792000099,-0.0235517420298675,0.0235517420298675,False,0.0,-0.03176200927126295,0.03176200927126295,False,0.0,False,False,False,none
2024-04-26,2024-05-02,0.0146217653878146,-0.0235517420298675,0.0235517420298675,False,0.0,-0.030862669831308132,0.030862669831308132,False,0.0,False,False,False,none
2024-05-02,2024-05-03,0.0006149362909541,-0.0235517420298675,0.0235517420298675,False,0.0,-0.03049688822832343,0.03049688822832343,False,0.0,False,False,False,none
2024-05-03,2024-05-06,0.027621878518948,-0.0235517420298675,0.0235517420298675,False,0.0,-0.02956886818335303,0.02956886818335303,False,0.0,False,False,False,none
2024-05-06,2024-05-07,0.0250156332645892,-0.0235517420298675,0.0235517420298675,False,0.0,-0.030752455194028337,0.030752455194028337,False,0.0,False,False,False,none
2024-05-07,2024-05-08,0.004172126179043,-0.0235517420298675,0.0235517420298675,False,0.0,-0.031473091666781035,0.031473091666781035,False,0.0,False,False,False,none
2024-05-08,2024-05-09,-0.005665651558888,-0.0235517420298675,0.0235517420298675,False,0.0,-0.03056056010392368,0.03056056010392368,False,0.0,False,False,False,none
2024-05-09,2024-05-10,0.0017715419501133,-0.0235517420298675,0.0235517420298675,False,0.0,-0.029717364903785102,0.029717364903785102,False,0.0,False,False,False,none
2024-05-10,2024-05-13,-0.0094762696735039,-0.0235517420298675,0.0235517420298675,False,0.0,-0.02882089395767466,0.02882089395767466,False,0.0,False,False,False,none
2024-05-13,2024-05-14,0.0123959593094317,-0.0235517420298675,0.0235517420298675,False,0.0,-0.02820253020770896,0.02820253020770896,False,0.0,False,False,False,none
2024-05-14,2024-05-15,0.0241679991963664,-0.0235517420298675,0.0235517420298675,False,0.0,-0.027795750478113734,0.027795750478113734,False,0.0,False,False,False,none
2024-05-15,2024-05-16,0.0026095954708027,-0.0235517420298675,0.0235517420298675,False,0.0,-0.028654227039849156,0.028654227039849156,False,0.0,False,False,False,none
2024-05-16,2024-05-17,-0.0038919346371963,-0.0235517420298675,0.0235517420298675,False,0.0,-0.02780119290260967,0.02780119290260967,False,0.0,False,False,False,none
2024-05-17,2024-05-20,0.0027150567902941,-0.0235517420298675,0.0235517420298675,False,0.0,-0.026999830080926056,0.026999830080926056,False,0.0,False,False,False,none
2024-05-20,2024-05-21,0.0087249989463051,-0.0235517420298675,0.0235517420298675,False,0.0,-0.026200152960756385,0.026200152960756385,False,0.0,False,False,False,none
2024-05-21,2024-05-22,0.0019376361000815,-0.0235517420298675,0.0235517420298675,False,0.0,-0.02564407928658513,0.02564407928658513,False,0.0,False,False,False,none
2024-05-22,2024-05-23,0.0165932916324212,-0.0235517420298675,0.0235517420298675,False,0.0,-0.02487511088042482,0.02487511088042482,False,0.0,False,False,False,none
2024-05-23,2024-05-24,-0.0285325300372845,-0.0235517420298675,0.0235517420298675,True,0.0049807880074169975,-0.025026807607660195,0.025026807607660195,True,0.003505722429624304,True,False,False,both
2024-05-24,2024-05-27,-0.0004711162549743,-0.0242970953491701,0.0242970953491701,False,0.0,-0.026849887601141015,0.026849887601141015,False,0.0,False,False,False,none
2024-05-27,2024-05-28,0.0218475429220355,-0.0242970953491701,0.0242970953491701,False,0.0,-0.026032623881387527,0.026032623881387527,False,0.0,False,False,False,none
2024-05-28,2024-05-29,-0.0148998297668624,-0.0242970953491701,0.0242970953491701,False,0.0,-0.026730496920042437,0.026730496920042437,False,0.0,False,False,False,none
2024-05-29,2024-05-30,0.0068901211322012,-0.0242970953491701,0.0242970953491701,False,0.0,-0.02660238591351136,0.02660238591351136,False,0.0,False,False,False,none
2024-05-30,2024-05-31,0.0073790531396718,-0.0242970953491701,0.0242970953491701,False,0.0,-0.02594093793305449,0.02594093793305449,False,0.0,False,False,False,none
2024-05-31,2024-06-03,0.0125200191927479,-0.0242970953491701,0.0242970953491701,False,0.0,-0.02532578537163911,0.02532578537163911,False,0.0,False,False,False,none
2024-06-03,2024-06-04,0.0076820133042067,-0.0242970953491701,0.0242970953491701,False,0.0,-0.025067059251986944,0.025067059251986944,False,0.0,False,False,False,none
2024-06-04,2024-06-05,-0.0076083089388085,-0.0242970953491701,0.0242970953491701,False,0.0,-0.024499710190785163,0.024499710190785163,False,0.0,False,False,False,none
2024-06-05,2024-06-06,-0.0011313018768874,-0.0242970953491701,0.0242970953491701,False,0.0,-0.023950333943518722,0.023950333943518722,False,0.0,False,False,False,none
2024-06-06,2024-06-07,0.0067839286324276,-0.0242970953491701,0.0242970953491701,False,0.0,-0.02322518345780728,0.02322518345780728,False,0.0,False,False,False,none
2024-06-07,2024-06-10,0.0095640255744753,-0.0242970953491701,0.0242970953491701,False,0.0,-0.02268293231490192,0.02268293231490192,False,0.0,False,False,False,none
2024-06-10,2024-06-11,-0.0002059050854298,-0.0242970953491701,0.0242970953491701,False,0.0,-0.022326960202372702,0.022326960202372702,False,0.0,False,False,False,none
2024-06-11,2024-06-12,0.0260877103123863,-0.0242970953491701,0.0242970953491701,False,0.0,-0.0216469500199366,0.0216469500199366,False,0.0,False,False,False,none
2024-06-12,2024-06-13,-0.0029379626177712,-0.0242970953491701,0.0242970953491701,False,0.0,-0.02347239865174822,0.02347239865174822,False,0.0,False,False,False,none
2024-06-13,2024-06-14,-0.0072295781287423,-0.0242970953491701,0.0242970953491701,False,0.0,-0.02278809958384045,0.02278809958384045,False,0.0,False,False,False,none
2024-06-14,2024-06-17,-0.0068668270610379,-0.0242970953491701,0.0242970953491701,False,0.0,-0.022285067637047573,0.022285067637047573,False,0.0,False,False,False,none
2024-06-17,2024-06-18,-0.0016220853557602,-0.0242970953491701,0.0242970953491701,False,0.0,-0.021782591801618588,0.021782591801618588,False,0.0,False,False,False,none
2024-06-18,2024-06-19,0.0145350776676598,-0.0242970953491701,0.0242970953491701,False,0.0,-0.021129116178141182,0.021129116178141182,False,0.0,False,False,False,none
2024-06-19,2024-06-20,0.0056167710448199,-0.0242970953491701,0.0242970953491701,False,0.0,-0.02130607756213688,0.02130607756213688,False,0.0,False,False,False,none
2024-06-20,2024-06-21,0.0034844301085242,-0.0242970953491701,0.0242970953491701,False,0.0,-0.020780598949505437,0.020780598949505437,False,0.0,False,False,False,none
2024-06-21,2024-06-24,-0.0216469998528922,-0.0242970953491701,0.0242970953491701,False,0.0,-0.020196391173234594,0.020196391173234594,True,0.001450608679657607,False,False,True,ewma_only
2024-06-24,2024-06-25,-0.0053111231818456,-0.0242970953491701,0.0242970953491701,False,0.0,-0.021435681056550047,0.021435681056550047,False,0.0,False,False,False,none
2024-06-25,2024-06-26,0.0101818042121089,-0.0242970953491701,0.0242970953491701,False,0.0,-0.02089253933783487,0.02089253933783487,False,0.0,False,False,False,none
2024-06-26,2024-06-27,0.0061773036862317,-0.0242970953491701,0.0242970953491701,False,0.0,-0.020667297580630857,0.020667297580630857,False,0.0,False,False,False,none
2024-06-27,2024-06-28,-0.0146575587492205,-0.0242970953491701,0.0242970953491701,False,0.0,-0.020191667118163295,0.020191667118163295,False,0.0,False,False,False,none
2024-06-28,2024-07-01,0.0137790527273147,-0.0242970953491701,0.0242970953491701,False,0.0,-0.02044791938182267,0.02044791938182267,False,0.0,False,False,False,none
2024-07-01,2024-07-02,0.0036071050236831,-0.0242970953491701,0.0242970953491701,False,0.0,-0.02058764687465632,0.02058764687465632,False,0.0,False,False,False,none
2024-07-02,2024-07-03,0.0058929255546665,-0.0242970953491701,0.0242970953491701,False,0.0,-0.020013302443740413,0.020013302443740413,False,0.0,False,False,False,none
2024-07-03,2024-07-04,0.0095339482127314,-0.0242970953491701,0.0242970953491701,False,0.0,-0.019548339907258613,0.019548339907258613,False,0.0,False,False,False,none
2024-07-04,2024-07-05,0.0092200396755567,-0.0242970953491701,0.0242970953491701,False,0.0,-0.01933816820608739,0.01933816820608739,False,0.0,False,False,False,none
2024-07-05,2024-07-08,0.0110248407186978,-0.0242970953491701,0.0242970953491701,False,0.0,-0.019113519261724006,0.019113519261724006,False,0.0,False,False,False,none
2024-07-08,2024-07-09,-0.0037154960541724,-0.0242970953491701,0.0242970953491701,False,0.0,-0.01905618223018466,0.01905618223018466,False,0.0,False,False,False,none
2024-07-09,2024-07-10,-0.0170817311972603,-0.0242970953491701,0.0242970953491701,False,0.0,-0.018536201970803922,0.018536201970803922,False,0.0,False,False,False,none
2024-07-10,2024-07-11,-0.0057625505279677,-0.0242970953491701,0.0242970953491701,False,0.0,-0.019244262627338728,0.019244262627338728,False,0.0,False,False,False,none
2024-07-11,2024-07-12,-0.0020340758665086,-0.0242970953491701,0.0242970953491701,False,0.0,-0.018801907415524503,0.018801907415524503,False,0.0,False,False,False,none
2024-07-12,2024-07-15,-0.0057568957805702,-0.0242970953491701,0.0242970953491701,False,0.0,-0.018247538588399493,0.018247538588399493,False,0.0,False,False,False,none
2024-07-15,2024-07-16,0.0021763786509986,-0.0242970953491701,0.0242970953491701,False,0.0,-0.01784304647263848,0.01784304647263848,False,0.0,False,False,False,none
2024-07-16,2024-07-17,-0.0113082115544183,-0.0242970953491701,0.0242970953491701,False,0.0,-0.017321684603640447,0.017321684603640447,False,0.0,False,False,False,none
2024-07-17,2024-07-18,0.0001559798236947,-0.0242970953491701,0.0242970953491701,False,0.0,-0.01740105455113032,0.01740105455113032,False,0.0,False,False,False,none
2024-07-18,2024-07-19,-0.0042295060037718,-0.0242970953491701,0.0242970953491701,False,0.0,-0.01687106537911698,0.01687106537911698,False,0.0,False,False,False,none
2024-07-19,2024-07-22,-0.0082977426255588,-0.0242970953491701,0.0242970953491701,False,0.0,-0.016445631606323577,0.016445631606323577,False,0.0,False,False,False,none
2024-07-22,2024-07-23,-0.0135822503530146,-0.0242970953491701,0.0242970953491701,False,0.0,-0.016291356055911147,0.016291356055911147,False,0.0,False,False,False,none
2024-07-23,2024-07-24,-0.0056740987740725,-0.0242970953491701,0.0242970953491701,False,0.0,-0.016716174884435598,0.016716174884435598,False,0.0,False,False,False,none
2024-07-24,2024-07-25,-0.0090479261271676,-0.0242970953491701,0.0242970953491701,False,0.0,-0.016367377166814644,0.016367377166814644,False,0.0,False,False,False,none
2024-07-25,2024-07-26,0.0091525766930103,-0.0242970953491701,0.0242970953491701,False,0.0,-0.01628210449449384,0.01628210449449384,False,0.0,False,False,False,none
2024-07-26,2024-07-29,0.0136012898676336,-0.0242970953491701,0.0242970953491701,False,0.0,-0.016211078264539977,0.016211078264539977,False,0.0,False,False,False,none
2024-07-29,2024-07-30,0.00280771711279,-0.0242970953491701,0.0242970953491701,False,0.0,-0.01664517496565944,0.01664517496565944,False,0.0,False,False,False,none
2024-07-30,2024-07-31,-0.0025484057970421,-0.0242970953491701,0.0242970953491701,False,0.0,-0.01617769610624849,0.01617769610624849,False,0.0,False,False,False,none
2024-07-31,2024-08-01,-0.024838280179164,-0.0242970953491701,0.0242970953491701,True,0.0005411848299939001,-0.015718429583906127,0.015718429583906127,True,0.009119850595257873,True,False,False,both
2024-08-01,2024-08-02,0.0069177092768896,-0.0242970953491701,0.0242970953491701,False,0.0,-0.018231686480499,0.018231686480499,False,0.0,False,False,False,none
2024-08-02,2024-08-05,-0.0352636553481193,-0.0242970953491701,0.0242970953491701,True,0.010966559998949202,-0.01789466699589389,0.01789466699589389,True,0.01736898835222541,True,False,False,both
2024-08-05,2024-08-06,0.0144121659417245,-0.0245446860046825,0.0245446860046825,False,0.0,-0.022424778236886368,0.022424778236886368,False,0.0,False,False,False,none
2024-08-06,2024-08-07,6.04466077611665e-05,-0.0245446860046825,0.0245446860046825,False,0.0,-0.022503702576616366,0.022503702576616366,False,0.0,False,False,False,none
2024-08-07,2024-08-08,-0.0067644074025787,-0.0245446860046825,0.0245446860046825,False,0.0,-0.02181816273216071,0.02181816273216071,False,0.0,False,False,False,none
2024-08-08,2024-08-09,0.0380007745017299,-0.0245446860046825,0.0245446860046825,False,0.0,-0.02132834213673653,0.02132834213673653,False,0.0,False,False,False,none
2024-08-09,2024-08-12,0.0106310369090434,-0.0245446860046825,0.0245446860046825,False,0.0,-0.025729790667766074,0.025729790667766074,False,0.0,False,False,False,none
2024-08-12,2024-08-13,-0.0060287831572782,-0.0245446860046825,0.0245446860046825,False,0.0,-0.025311014603769968,0.025311014603769968,False,0.0,False,False,False,none
2024-08-13,2024-08-14,-0.0002796915558517,-0.0245446860046825,0.0245446860046825,False,0.0,-0.024659861928730955,0.024659861928730955,False,0.0,False,False,False,none
2024-08-14,2024-08-15,-0.008916039901147,-0.0245446860046825,0.0245446860046825,False,0.0,-0.023908888760788904,0.023908888760788904,False,0.0,False,False,False,none
2024-08-15,2024-08-16,0.0259486565352284,-0.0245446860046825,0.0245446860046825,False,0.0,-0.023457229573749017,0.023457229573749017,False,0.0,False,False,False,none
2024-08-16,2024-08-19,0.0029087162035138,-0.0245446860046825,0.0245446860046825,False,0.0,-0.025030601015325112,0.025030601015325112,False,0.0,False,False,False,none
2024-08-19,2024-08-20,0.004403645555919,-0.0245446860046825,0.0245446860046825,False,0.0,-0.024296348780757877,0.024296348780757877,False,0.0,False,False,False,none
2024-08-20,2024-08-21,0.0110941798692745,-0.0242970953491701,0.0242970953491701,False,0.0,-0.02362290793785148,0.02362290793785148,False,0.0,False,False,False,none
2024-08-21,2024-08-22,-0.0034628477519495,-0.0242970953491701,0.0242970953491701,False,0.0,-0.0233353659542354,0.0233353659542354,False,0.0,False,False,False,none
2024-08-22,2024-08-23,0.0020735818480939,-0.0242970953491701,0.0242970953491701,False,0.0,-0.02266745524580836,0.02266745524580836,False,0.0,False,False,False,none
2024-08-23,2024-08-26,-0.0056343013233524,-0.0242970953491701,0.0242970953491701,False,0.0,-0.021992787544079077,0.021992787544079077,False,0.0,False,False,False,none
2024-08-26,2024-08-27,-0.0005589779657042,-0.0242970953491701,0.0242970953491701,False,0.0,-0.02144329842590761,0.02144329842590761,False,0.0,False,False,False,none
2024-08-27,2024-08-28,-0.0005993316593435,-0.0242970953491701,0.0242970953491701,False,0.0,-0.02079126899436748,0.02079126899436748,False,0.0,False,False,False,none
2024-08-28,2024-08-29,-0.0016696015619562,-0.0242970953491701,0.0242970953491701,False,0.0,-0.020159329453910888,0.020159329453910888,False,0.0,False,False,False,none
2024-08-29,2024-08-30,0.0047209925025592,-0.0242970953491701,0.0242970953491701,False,0.0,-0.019556767718467014,0.019556767718467014,False,0.0,False,False,False,none
2024-08-30,2024-09-04,-0.0109475302274186,-0.0242970953491701,0.0242970953491701,False,0.0,-0.019056158207419075,0.019056158207419075,False,0.0,False,False,False,none
2024-09-04,2024-09-05,-0.0145024168135512,-0.0242970953491701,0.0242970953491701,False,0.0,-0.018994847771694724,0.018994847771694724,False,0.0,False,False,False,none
2024-09-05,2024-09-06,0.0090063873731622,-0.0242970953491701,0.0242970953491701,False,0.0,-0.01932091603627959,0.01932091603627959,False,0.0,False,False,False,none
2024-09-06,2024-09-09,-0.0018479155145194,-0.0242970953491701,0.0242970953491701,False,0.0,-0.019080553983646387,0.019080553983646387,False,0.0,False,False,False,none
2024-09-09,2024-09-10,-0.0077894805198032,-0.0242970953491701,0.0242970953491701,False,0.0,-0.01851425990827766,0.01851425990827766,False,0.0,False,False,False,none
2024-09-10,2024-09-11,0.0042084993967816,-0.0242970953491701,0.0242970953491701,False,0.0,-0.018222536736968168,0.018222536736968168,False,0.0,False,False,False,none
2024-09-11,2024-09-12,-0.0003190340855614,-0.0242970953491701,0.0242970953491701,False,0.0,-0.017748587072402087,0.017748587072402087,False,0.0,False,False,False,none
2024-09-12,2024-09-13,-0.0011266001573628,-0.0242970953491701,0.0242970953491701,False,0.0,-0.017208373692521182,0.017208373692521182,False,0.0,False,False,False,none
2024-09-13,2024-09-16,-0.0122070384018379,-0.0242970953491701,0.0242970953491701,False,0.0,-0.016690310803263338,0.016690310803263338,False,0.0,False,False,False,none
2024-09-16,2024-09-17,0.0135082312031119,-0.0242970953491701,0.0242970953491701,False,0.0,-0.016912774995457697,0.016912774995457697,False,0.0,False,False,False,none
2024-09-17,2024-09-18,0.0093277539655424,-0.0242970953491701,0.0242970953491701,False,0.0,-0.017277171250961166,0.017277171250961166,False,0.0,False,False,False,none
2024-09-18,2024-09-19,0.0034458108333098,-0.0242970953491701,0.0242970953491701,False,0.0,-0.01716725603701237,0.01716725603701237,False,0.0,False,False,False,none
2024-09-19,2024-09-20,0.0046068374551948,-0.0242970953491701,0.0242970953491701,False,0.0,-0.01670207392786392,0.01670207392786392,False,0.0,False,False,False,none
2024-09-20,2024-09-23,-0.0061210837300026,-0.0242970953491701,0.0242970953491701,False,0.0,-0.01629929121485237,0.01629929121485237,False,0.0,False,False,False,none
2024-09-23,2024-09-24,0.0070980463748147,-0.0242970953491701,0.0242970953491701,False,0.0,-0.01599403339918307,0.01599403339918307,False,0.0,False,False,False,none
2024-09-24,2024-09-25,0.0082278333025297,-0.0235517420298675,0.0235517420298675,False,0.0,-0.015768298643676296,0.015768298643676296,False,0.0,False,False,False,none
2024-09-25,2024-09-26,-0.0050451082957279,-0.022708998338488,0.022708998338488,False,0.0,-0.015643220806483577,0.015643220806483577,False,0.0,False,False,False,none
2024-09-26,2024-09-27,-0.004188710212491,-0.022708998338488,0.022708998338488,False,0.0,-0.01530227456065555,0.01530227456065555,False,0.0,False,False,False,none
2024-09-27,2024-09-30,0.0076534631878305,-0.022708998338488,0.022708998338488,False,0.0,-0.014931785007932942,0.014931785007932942,False,0.0,False,False,False,none
2024-09-30,2024-10-01,0.0069399594233064,-0.022708998338488,0.022708998338488,False,0.0,-0.014801669660797942,0.014801669660797942,False,0.0,False,False,False,none
2024-10-01,2024-10-02,-0.0087113168952345,-0.022708998338488,0.022708998338488,False,0.0,-0.01462061868043533,0.01462061868043533,False,0.0,False,False,False,none
2024-10-02,2024-10-03,-0.0102390848432361,-0.022708998338488,0.022708998338488,False,0.0,-0.014603276432184151,0.014603276432184151,False,0.0,False,False,False,none
2024-10-03,2024-10-04,0.0007338895435772,-0.0221707500516342,0.0221707500516342,False,0.0,-0.014747172841959108,0.014747172841959108,False,0.0,False,False,False,none
2024-10-04,2024-10-07,0.0021025763014691,-0.0221707500516342,0.0221707500516342,False,0.0,-0.014300971707078934,0.014300971707078934,False,0.0,False,False,False,none
2024-10-07,2024-10-08,0.0006807519293277,-0.0211928600766007,0.0211928600766007,False,0.0,-0.013891161529928501,0.013891161529928501,False,0.0,False,False,False,none
2024-10-08,2024-10-09,0.0057067128413433,-0.0211928600766007,0.0211928600766007,False,0.0,-0.013470773371492302,0.013470773371492302,False,0.0,False,False,False,none
2024-10-09,2024-10-10,0.0167226689703284,-0.0211928600766007,0.0211928600766007,False,0.0,-0.01326124607891917,0.01326124607891917,False,0.0,False,False,False,none
2024-10-10,2024-10-11,-0.0070183756018283,-0.0211928600766007,0.0211928600766007,False,0.0,-0.014515679180197307,0.014515679180197307,False,0.0,False,False,False,none
2024-10-11,2024-10-14,-0.0123863653819343,-0.0211928600766007,0.0211928600766007,False,0.0,-0.014354746933970854,0.014354746933970854,False,0.0,False,False,False,none
2024-10-14,2024-10-15,0.0038688580251147,-0.0211928600766007,0.0211928600766007,False,0.0,-0.01478514913436351,0.01478514913436351,False,0.0,False,False,False,none
2024-10-15,2024-10-16,0.0033572698479854,-0.0211928600766007,0.0211928600766007,False,0.0,-0.014419237199923537,0.014419237199923537,False,0.0,False,False,False,none
2024-10-16,2024-10-17,0.0052028444141178,-0.0211928600766007,0.0211928600766007,False,0.0,-0.014045256512425669,0.014045256512425669,False,0.0,False,False,False,none
2024-10-17,2024-10-18,-0.0042538436060043,-0.0203183104970532,0.0203183104970532,False,0.0,-0.013777784792600556,0.013777784792600556,False,0.0,False,False,False,none
2024-10-18,2024-10-21,-0.0056633105258353,-0.0197584067698379,0.0197584067698379,False,0.0,-0.013467559214359177,0.013467559214359177,False,0.0,False,False,False,none
2024-10-21,2024-10-22,-0.0045299350880716,-0.0195251968395052,0.0195251968395052,False,0.0,-0.013255155593644237,0.013255155593644237,False,0.0,False,False,False,none
2024-10-22,2024-10-23,-0.0027723504385511,-0.0195251968395052,0.0195251968395052,False,0.0,-0.01298030494848196,0.01298030494848196,False,0.0,False,False,False,none
2024-10-23,2024-10-24,-0.0013005337699335,-0.0192111706406074,0.0192111706406074,False,0.0,-0.012634345813053203,0.012634345813053203,False,0.0,False,False,False,none
2024-10-24,2024-10-25,-0.0002466425878262,-0.0192111706406074,0.0192111706406074,False,0.0,-0.012260654954543437,0.012260654954543437,False,0.0,False,False,False,none
2024-10-25,2024-10-28,0.0059911752197205,-0.0192111706406074,0.0192111706406074,False,0.0,-0.011887561374334667,0.011887561374334667,False,0.0,False,False,False,none
2024-10-28,2024-10-29,0.0101830635606544,-0.018866013650053,0.018866013650053,False,0.0,-0.011775485739898246,0.011775485739898246,False,0.0,False,False,False,none
2024-10-29,2024-10-30,-0.0019346292971645,-0.018866013650053,0.018866013650053,False,0.0,-0.01213158625679497,0.01213158625679497,False,0.0,False,False,False,none
2024-10-30,2024-10-31,0.0011685856694223,-0.0180682588681546,0.0180682588681546,False,0.0,-0.011787808911870134,0.011787808911870134,False,0.0,False,False,False,none
2024-10-31,2024-11-01,-0.0099823771850019,-0.0170883852278305,0.0170883852278305,False,0.0,-0.01143839904845807,0.01143839904845807,False,0.0,False,False,False,none
2024-11-01,2024-11-04,-0.0120914665017177,-0.0170883852278305,0.0170883852278305,False,0.0,-0.011796730496765629,0.011796730496765629,True,0.00029473600495207204,False,False,True,ewma_only
2024-11-04,2024-11-05,0.0046320153205518,-0.0170883852278305,0.0170883852278305,False,0.0,-0.012431680691801774,0.012431680691801774,False,0.0,False,False,False,none
2024-11-05,2024-11-06,0.0106347169296459,-0.0170883852278305,0.0170883852278305,False,0.0,-0.012196590576503883,0.012196590576503883,False,0.0,False,False,False,none
2024-11-06,2024-11-07,0.0001673739644468,-0.0170883852278305,0.0170883852278305,False,0.0,-0.012577391478964542,0.012577391478964542,False,0.0,False,False,False,none
2024-11-07,2024-11-08,0.0004113183152858,-0.0170883852278305,0.0170883852278305,False,0.0,-0.012194419929747376,0.012194419929747376,False,0.0,False,False,False,none
2024-11-08,2024-11-11,0.0044706592965746,-0.0170883852278305,0.0170883852278305,False,0.0,-0.011824090182995085,0.011824090182995085,False,0.0,False,False,False,none
2024-11-11,2024-11-12,-0.0176711176738705,-0.0170883852278305,0.0170883852278305,True,0.0005827324460400025,-0.011604528021656438,0.011604528021656438,True,0.006066589652214063,True,False,False,both
2024-11-12,2024-11-13,0.0031095249344387,-0.017411337966226,0.017411337966226,False,0.0,-0.013314522517768936,0.013314522517768936,False,0.0,False,False,False,none
2024-11-13,2024-11-14,-0.0168946736521861,-0.017411337966226,0.017411337966226,False,0.0,-0.012969561937586685,0.012969561937586685,True,0.003925111714599415,False,False,True,ewma_only
2024-11-14,2024-11-15,-0.0178930068716532,-0.017411337966226,0.017411337966226,True,0.00048166890542719956,-0.014298655893929008,0.014298655893929008,True,0.003594350977724193,True,False,False,both
2024-11-15,2024-11-18,-0.0065352297526547,-0.0177931567326509,0.0177931567326509,False,0.0,-0.01562551838372698,0.01562551838372698,False,0.0,False,False,False,none
2024-11-18,2024-11-19,-0.0223267841982983,-0.0177931567326509,0.0177931567326509,True,0.004533627465647401,-0.01537662237281911,0.01537662237281911,True,0.00695016182547919,True,False,False,both
2024-11-19,2024-11-20,0.0040410667409221,-0.0184278887148012,0.0184278887148012,False,0.0,-0.01741190689981941,0.01741190689981941,False,0.0,False,False,False,none
2024-11-20,2024-11-21,0.0157815526142645,-0.0184278887148012,0.0184278887148012,False,0.0,-0.01695980421555255,0.01695980421555255,False,0.0,False,False,False,none
2024-11-21,2024-11-22,0.0072413949559723,-0.0184278887148012,0.0184278887148012,False,0.0,-0.017629719199618994,0.017629719199618994,False,0.0,False,False,False,none
2024-11-22,2024-11-25,0.0025773195876289,-0.0184278887148012,0.0184278887148012,False,0.0,-0.017339865744972174,0.017339865744972174,False,0.0,False,False,False,none
2024-11-25,2024-11-26,0.0095729900483854,-0.0177931567326509,0.0177931567326509,False,0.0,-0.016843663322835406,0.016843663322835406,False,0.0,False,False,False,none
2024-11-26,2024-11-27,0.0095750821072508,-0.0177931567326509,0.0177931567326509,False,0.0,-0.01677983795380299,0.01677983795380299,False,0.0,False,False,False,none
2024-11-27,2024-11-28,0.0012581914335936,-0.0177931567326509,0.0177931567326509,False,0.0,-0.016719814418410764,0.016719814418410764,False,0.0,False,False,False,none
2024-11-28,2024-11-29,0.0189467541969973,-0.0177931567326509,0.0177931567326509,False,0.0,-0.01621838593905489,0.01621838593905489,False,0.0,False,False,False,none
2024-11-29,2024-12-02,-0.0012923720881965,-0.0177931567326509,0.0177931567326509,False,0.0,-0.017479358032446414,0.017479358032446414,False,0.0,False,False,False,none
2024-12-02,2024-12-03,0.0046068236587585,-0.0177931567326509,0.0177931567326509,False,0.0,-0.016954863959098225,0.016954863959098225,False,0.0,False,False,False,none
2024-12-03,2024-12-04,-0.0165958564096989,-0.0177931567326509,0.0177931567326509,False,0.0,-0.016542808816777665,0.016542808816777665,True,5.3047592921233455e-05,False,False,True,ewma_only
2024-12-04,2024-12-05,0.0425239485933109,-0.0177931567326509,0.0177931567326509,False,0.0,-0.017376843687315683,0.017376843687315683,False,0.0,False,False,False,none
2024-12-05,2024-12-06,-9.629932821238652e-05,-0.0177931567326509,0.0177931567326509,False,0.0,-0.02402875837153812,0.02402875837153812,False,0.0,False,False,False,none
2024-12-06,2024-12-09,-0.0051000024157417,-0.0177931567326509,0.0177931567326509,False,0.0,-0.02329677790052458,0.02329677790052458,False,0.0,False,False,False,none
2024-12-09,2024-12-10,0.0071346428798838,-0.0177931567326509,0.0177931567326509,False,0.0,-0.022680338269699982,0.022680338269699982,False,0.0,False,False,False,none
2024-12-10,2024-12-11,-0.0039488659845984,-0.0177931567326509,0.0177931567326509,False,0.0,-0.022176499206089384,0.022176499206089384,False,0.0,False,False,False,none
2024-12-11,2024-12-12,-0.0037275806824097,-0.0177931567326509,0.0177931567326509,False,0.0,-0.021559699219518,0.021559699219518,False,0.0,False,False,False,none
2024-12-12,2024-12-13,0.000408957469829,-0.0177931567326509,0.0177931567326509,False,0.0,-0.020956788425109212,0.020956788425109212,False,0.0,False,False,False,none
2024-12-13,2024-12-16,-0.0015989510993937,-0.017411337966226,0.017411337966226,False,0.0,-0.020319028316894753,0.020319028316894753,False,0.0,False,False,False,none
2024-12-16,2024-12-17,-0.0080539434737428,-0.017411337966226,0.017411337966226,False,0.0,-0.019710559703491073,0.019710559703491073,False,0.0,False,False,False,none
2024-12-17,2024-12-18,0.0053839193988423,-0.017411337966226,0.017411337966226,False,0.0,-0.019383644182307203,0.019383644182307203,False,0.0,False,False,False,none
2024-12-18,2024-12-19,-0.009622275462309,-0.0170883852278305,0.0170883852278305,False,0.0,-0.018917917181852928,0.018917917181852928,False,0.0,False,False,False,none
2024-12-19,2024-12-20,0.0057387052263466,-0.0170883852278305,0.0170883852278305,False,0.0,-0.018746850843607225,0.018746850843607225,False,0.0,False,False,False,none
2024-12-20,2024-12-23,0.0065665132266043,-0.0170883852278305,0.0170883852278305,False,0.0,-0.01832222171926252,0.01832222171926252,False,0.0,False,False,False,none
2024-12-23,2024-12-24,-0.0006998830027437,-0.0170883852278305,0.0170883852278305,False,0.0,-0.01795998929494412,0.01795998929494412,False,0.0,False,False,False,none
2024-12-24,2024-12-25,0.0113665296215134,-0.0170883852278305,0.0170883852278305,False,0.0,-0.017415138786020395,0.017415138786020395,False,0.0,False,False,False,none
2024-12-25,2024-12-26,-0.0077762282713583,-0.0170883852278305,0.0170883852278305,False,0.0,-0.017494652979776558,0.017494652979776558,False,0.0,False,False,False,none
2024-12-26,2024-12-27,-0.0028345582539053,-0.0170883852278305,0.0170883852278305,False,0.0,-0.01724863235771677,0.01724863235771677,False,0.0,False,False,False,none
2024-12-27,2024-12-30,-0.0015059929044343,-0.0170883852278305,0.0170883852278305,False,0.0,-0.016762120875515193,0.016762120875515193,False,0.0,False,False,False,none
2024-12-30,2024-12-31,0.0032454829990041,-0.0170883852278305,0.0170883852278305,False,0.0,-0.016262802562858822,0.016262802562858822,False,0.0,False,False,False,none
2024-12-31,2025-01-02,0.0010889770833526,-0.0170883852278305,0.0170883852278305,False,0.0,-0.015821501119527293,0.015821501119527293,False,0.0,False,False,False,none
2025-01-02,2025-01-03,-0.0225400795601517,-0.0170883852278305,0.0170883852278305,True,0.005451694332321202,-0.015345788000629832,0.015345788000629832,True,0.007194291559521868,True,False,False,both
2025-01-03,2025-01-06,-0.0153320590992006,-0.017411337966226,0.017411337966226,False,0.0,-0.017430936287548437,0.017430936287548437,False,0.0,False,False,False,none
2025-01-06,2025-01-07,0.0023790216470741,-0.017411337966226,0.017411337966226,False,0.0,-0.01799353061517713,0.01799353061517713,False,0.0,False,False,False,none
2025-01-07,2025-01-08,0.0044331299374319,-0.017411337966226,0.017411337966226,False,0.0,-0.01747168785088533,0.01747168785088533,False,0.0,False,False,False,none
2025-01-08,2025-01-09,-0.0044299970570219,-0.017411337966226,0.017411337966226,False,0.0,-0.01703333638007789,0.01703333638007789,False,0.0,False,False,False,none
2025-01-09,2025-01-10,-0.0102031600279681,-0.017411337966226,0.017411337966226,False,0.0,-0.016610606018258995,0.016610606018258995,False,0.0,False,False,False,none
2025-01-10,2025-01-13,0.0040683024709267,-0.017411337966226,0.017411337966226,False,0.0,-0.01662098219531166,0.01662098219531166,False,0.0,False,False,False,none
2025-01-13,2025-01-14,-0.00695120952653,-0.017411337966226,0.017411337966226,False,0.0,-0.01619779018781978,0.01619779018781978,False,0.0,False,False,False,none
2025-01-14,2025-01-15,0.0060395924698202,-0.017411337966226,0.017411337966226,False,0.0,-0.015952119067799652,0.015952119067799652,False,0.0,False,False,False,none
2025-01-15,2025-01-16,0.0065917497517763,-0.017411337966226,0.017411337966226,False,0.0,-0.015656412446721103,0.015656412446721103,False,0.0,False,False,False,none
2025-01-16,2025-01-17,0.0076654057586353,-0.017411337966226,0.017411337966226,False,0.0,-0.015410042067689629,0.015410042067689629,False,0.0,False,False,False,none
2025-01-17,2025-01-20,0.0004242176115948,-0.017411337966226,0.017411337966226,False,0.0,-0.015256462381004343,0.015256462381004343,False,0.0,False,False,False,none
2025-01-20,2025-01-21,-0.0009679693801841,-0.017411337966226,0.017411337966226,False,0.0,-0.014792676539101914,0.014792676539101914,False,0.0,False,False,False,none
2025-01-21,2025-01-22,-0.004050402242589,-0.017411337966226,0.017411337966226,False,0.0,-0.014347333632599447,0.014347333632599447,False,0.0,False,False,False,none
2025-01-22,2025-01-23,0.0270147887826902,-0.017411337966226,0.017411337966226,False,0.0,-0.014005656462523988,0.014005656462523988,False,0.0,False,False,False,none
2025-01-23,2025-01-24,0.0018089611944557,-0.017411337966226,0.017411337966226,False,0.0,-0.01740284609609207,0.01740284609609207,False,0.0,False,False,False,none
2025-01-24,2025-02-03,-0.0218202781796311,-0.017411337966226,0.017411337966226,True,0.004408940213405099,-0.01688841960313337,0.01688841960313337,True,0.004931858576497729,True,False,False,both
2025-02-03,2025-02-04,0.0073817297515194,-0.0177931567326509,0.0177931567326509,False,0.0,-0.01858483606641009,0.01858483606641009,False,0.0,False,False,False,none
2025-02-04,2025-02-05,-0.0015461619871765,-0.0177931567326509,0.0177931567326509,False,0.0,-0.018262471267424064,0.018262471267424064,False,0.0,False,False,False,none
2025-02-05,2025-02-06,-0.0012164630020381,-0.0177931567326509,0.0177931567326509,False,0.0,-0.017717078214498437,0.017717078214498437,False,0.0,False,False,False,none
2025-02-06,2025-02-07,-0.0039215384030136,-0.0177931567326509,0.0177931567326509,False,0.0,-0.017184335475646198,0.017184335475646198,False,0.0,False,False,False,none
2025-02-07,2025-02-10,-0.0334518132524537,-0.0177931567326509,0.0177931567326509,True,0.0156586565198028,-0.01673558271055573,0.01673558271055573,True,0.01671623054189797,True,False,False,both
2025-02-10,2025-02-11,0.0113516485942213,-0.0184283830511137,0.0184283830511137,False,0.0,-0.02109334012359173,0.02109334012359173,False,0.0,False,False,False,none
2025-02-11,2025-02-12,-0.0041631508002139,-0.0184283830511137,0.0184283830511137,False,0.0,-0.020955940099194867,0.020955940099194867,False,0.0,False,False,False,none
2025-02-12,2025-02-13,-0.0131719960892866,-0.0184283830511137,0.0184283830511137,False,0.0,-0.02038665887750716,0.02038665887750716,False,0.0,False,False,False,none
2025-02-13,2025-02-14,0.0092188578130709,-0.0184283830511137,0.0184283830511137,False,0.0,-0.0204656750766846,0.0204656750766846,False,0.0,False,False,False,none
2025-02-14,2025-02-17,-0.0088853572886208,-0.0184283830511137,0.0184283830511137,False,0.0,-0.02018686308835054,0.02018686308835054,False,0.0,False,False,False,none
2025-02-17,2025-02-18,0.0080735626728075,-0.0184283830511137,0.0184283830511137,False,0.0,-0.019896606873511705,0.019896606873511705,False,0.0,False,False,False,none
2025-02-18,2025-02-19,0.0076802726053763,-0.0184283830511137,0.0184283830511137,False,0.0,-0.019562814174426433,0.019562814174426433,False,0.0,False,False,False,none
2025-02-19,2025-02-20,0.0035868956600501,-0.0184283830511137,0.0184283830511137,False,0.0,-0.019217620118670634,0.019217620118670634,False,0.0,False,False,False,none
2025-02-20,2025-02-21,0.0047282205117928,-0.0184283830511137,0.0184283830511137,False,0.0,-0.018688136606581213,0.018688136606581213,False,0.0,False,False,False,none
2025-02-21,2025-02-24,0.0139691243969466,-0.0184283830511137,0.0184283830511137,False,0.0,-0.018218693197894004,0.018218693197894004,False,0.0,False,False,False,none
2025-02-24,2025-02-25,-0.0065666523204143,-0.0184283830511137,0.0184283830511137,False,0.0,-0.01853867690588843,0.01853867690588843,False,0.0,False,False,False,none
2025-02-25,2025-02-26,0.0120885938670594,-0.0184283830511137,0.0184283830511137,False,0.0,-0.01816759534842033,0.01816759534842033,False,0.0,False,False,False,none
2025-02-26,2025-02-27,0.00664437544645,-0.0184283830511137,0.0184283830511137,False,0.0,-0.018275124055200632,0.018275124055200632,False,0.0,False,False,False,none
2025-02-27,2025-02-28,-0.009411568838319,-0.0184283830511137,0.0184283830511137,False,0.0,-0.017919485623034075,0.017919485623034075,False,0.0,False,False,False,none
2025-02-28,2025-03-03,0.0040066729904168,-0.0184283830511137,0.0184283830511137,False,0.0,-0.017782590485952897,0.017782590485952897,False,0.0,False,False,False,none
2025-03-03,2025-03-04,0.0003895213175172,-0.0184283830511137,0.0184283830511137,False,0.0,-0.01731627234203436,0.01731627234203436,False,0.0,False,False,False,none
2025-03-04,2025-03-05,-0.0051723606847522,-0.0184283830511137,0.0184283830511137,False,0.0,-0.016789482444981664,0.016789482444981664,False,0.0,False,False,False,none
2025-03-05,2025-03-06,0.0237665317003061,-0.0184283830511137,0.0184283830511137,False,0.0,-0.016410863868461467,0.016410863868461467,False,0.0,False,False,False,none
2025-03-06,2025-03-07,0.0006755223249055,-0.0184283830511137,0.0184283830511137,False,0.0,-0.018570156676501443,0.018570156676501443,False,0.0,False,False,False,none
2025-03-07,2025-03-10,-0.0044658912818104,-0.0184283830511137,0.0184283830511137,False,0.0,-0.01800649197250475,0.01800649197250475,False,0.0,False,False,False,none
2025-03-10,2025-03-11,0.0021768276190319,-0.0184283830511137,0.0184283830511137,False,0.0,-0.017550422203108977,0.017550422203108977,False,0.0,False,False,False,none
2025-03-11,2025-03-12,-0.0095818029442752,-0.0177931567326509,0.0177931567326509,False,0.0,-0.017038353973806226,0.017038353973806226,False,0.0,False,False,False,none
2025-03-12,2025-03-13,-0.0060262814110891,-0.0177931567326509,0.0177931567326509,False,0.0,-0.01696440645222632,0.01696440645222632,False,0.0,False,False,False,none
2025-03-13,2025-03-14,-0.0142231559578022,-0.0177931567326509,0.0177931567326509,False,0.0,-0.016625850445784306,0.016625850445784306,False,0.0,False,False,False,none
2025-03-14,2025-03-17,0.0027057226566521,-0.0177931567326509,0.0177931567326509,False,0.0,-0.017107698778422952,0.017107698778422952,False,0.0,False,False,False,none
2025-03-17,2025-03-18,-0.0039509490851117,-0.0177931567326509,0.0177931567326509,False,0.0,-0.016622315799101568,0.016622315799101568,False,0.0,False,False,False,none
2025-03-18,2025-03-19,-0.0304703744692766,-0.0177931567326509,0.0177931567326509,True,0.012677217736625702,-0.016194360480033528,0.016194360480033528,True,0.014276013989243073,True,False,False,both
2025-03-19,2025-03-20,0.0025341517040167,-0.0177931567326509,0.0177931567326509,False,0.0,-0.01993084449973762,0.01993084449973762,False,0.0,False,False,False,none
2025-03-20,2025-03-21,0.0096407961595016,-0.0177931567326509,0.0177931567326509,False,0.0,-0.01935062625679724,0.01935062625679724,False,0.0,False,False,False,none
2025-03-21,2025-03-24,0.0026290557050509,-0.0177931567326509,0.0177931567326509,False,0.0,-0.019159016898000876,0.019159016898000876,False,0.0,False,False,False,none
2025-03-24,2025-03-25,-0.004675436174038,-0.0177931567326509,0.0177931567326509,False,0.0,-0.018605533720889317,0.018605533720889317,False,0.0,False,False,False,none
2025-03-25,2025-03-26,-0.0033001742656987,-0.0177931567326509,0.0177931567326509,False,0.0,-0.018136826475052964,0.018136826475052964,False,0.0,False,False,False,none
2025-03-26,2025-03-27,0.0058369292982595,-0.0177931567326509,0.0177931567326509,False,0.0,-0.017634505803006826,0.017634505803006826,False,0.0,False,False,False,none
2025-03-27,2025-03-28,-0.0133409430464879,-0.0177931567326509,0.0177931567326509,False,0.0,-0.017258269830241483,0.017258269830241483,False,0.0,False,False,False,none
2025-03-28,2025-03-31,-0.017511430709734,-0.0177931567326509,0.0177931567326509,False,0.0,-0.017574671715685896,0.017574671715685896,False,0.0,False,False,False,none
2025-03-31,2025-04-01,-0.0004583336929923,-0.0177931567326509,0.0177931567326509,False,0.0,-0.018442241407454492,0.018442241407454492,False,0.0,False,False,False,none
2025-04-01,2025-04-02,0.008467242512905,-0.0177931567326509,0.0177931567326509,False,0.0,-0.017881370003920774,0.017881370003920774,False,0.0,False,False,False,none
2025-04-02,2025-04-03,-0.0698398647427835,-0.0177931567326509,0.0177931567326509,True,0.0520467080101326,-0.01766910001523,0.01766910001523,True,0.0521707647275535,True,False,False,both
2025-04-03,2025-04-04,-0.0229863535299172,-0.0184283830511137,0.0184283830511137,True,0.004557970478803502,-0.032943282828840514,0.032943282828840514,False,0.0,False,True,False,historical_only
2025-04-04,2025-04-08,-0.0692993181899275,-0.0184283830511137,0.0184283830511137,True,0.0508709351388138,-0.0332553208931585,0.0332553208931585,True,0.036043997296769,True,False,False,both
2025-04-08,2025-04-09,-0.0422980428547177,-0.0203957380672568,0.0203957380672568,True,0.0219023047874609,-0.042651456815009044,0.042651456815009044,False,0.0,False,True,False,historical_only
2025-04-09,2025-04-10,0.0688777744873257,-0.0217423029325985,0.0217423029325985,False,0.0,-0.044726180203967035,0.044726180203967035,False,0.0,False,False,False,none
2025-04-10,2025-04-11,0.0634064645981626,-0.0217423029325985,0.0217423029325985,False,0.0,-0.05148334884608413,0.05148334884608413,False,0.0,False,False,False,none
2025-04-11,2025-04-14,0.0377005782952206,-0.0217423029325985,0.0217423029325985,False,0.0,-0.05607264772863201,0.05607264772863201,False,0.0,False,False,False,none
2025-04-14,2025-04-15,0.0024704546665769,-0.0217423029325985,0.0217423029325985,False,0.0,-0.05644663057766297,0.05644663057766297,False,0.0,False,False,False,none
2025-04-15,2025-04-16,-0.029531136557232,-0.0217423029325985,0.0217423029325985,True,0.0077888336246335,-0.05473608971237909,0.05473608971237909,False,0.0,False,True,False,historical_only
2025-04-16,2025-04-17,0.0046230049532195,-0.022098856489898,0.022098856489898,False,0.0,-0.05438607789727641,0.05438607789727641,False,0.0,False,False,False,none
2025-04-17,2025-04-18,0.0026005105438235,-0.0217423029325985,0.0217423029325985,False,0.0,-0.052762146864613925,0.052762146864613925,False,0.0,False,False,False,none
2025-04-18,2025-04-21,-0.009743539419969,-0.0217423029325985,0.0217423029325985,False,0.0,-0.05116552836324207,0.05116552836324207,False,0.0,False,False,False,none
2025-04-21,2025-04-22,0.0075855150650647,-0.0217423029325985,0.0217423029325985,False,0.0,-0.04976191228746784,0.04976191228746784,False,0.0,False,False,False,none
2025-04-22,2025-04-23,0.0153735522862222,-0.0217423029325985,0.0217423029325985,False,0.0,-0.048342669187324626,0.048342669187324626,False,0.0,False,False,False,none
2025-04-23,2025-04-24,0.0105876465941865,-0.0217423029325985,0.0217423029325985,False,0.0,-0.04727747375376351,0.04727747375376351,False,0.0,False,False,False,none
2025-04-24,2025-04-25,0.0069145986815193,-0.0217423029325985,0.0217423029325985,False,0.0,-0.04603528164293689,0.04603528164293689,False,0.0,False,False,False,none
2025-04-25,2025-04-28,-0.0069040108458571,-0.0217423029325985,0.0217423029325985,False,0.0,-0.04471972406484022,0.04471972406484022,False,0.0,False,False,False,none
2025-04-28,2025-04-29,-0.0029867399941777,-0.0217423029325985,0.0217423029325985,False,0.0,-0.04344652046261493,0.04344652046261493,False,0.0,False,False,False,none
2025-04-29,2025-05-05,0.0012869677891866,-0.0217423029325985,0.0217423029325985,False,0.0,-0.042140149960694234,0.042140149960694234,False,0.0,False,False,False,none
2025-05-05,2025-05-06,-0.0024534062738863,-0.0217423029325985,0.0217423029325985,False,0.0,-0.04085968151646083,0.04085968151646083,False,0.0,False,False,False,none
2025-05-06,2025-05-07,-0.0029182411309528,-0.0217423029325985,0.0217423029325985,False,0.0,-0.03962726172749229,0.03962726172749229,False,0.0,False,False,False,none
2025-05-07,2025-05-08,0.0189353442472855,-0.0217423029325985,0.0217423029325985,False,0.0,-0.03843804268553926,0.03843804268553926,False,0.0,False,False,False,none
2025-05-08,2025-05-09,0.0049988438436587,-0.0217423029325985,0.0217423029325985,False,0.0,-0.03803995333578178,0.03803995333578178,False,0.0,False,False,False,none
2025-05-09,2025-05-12,0.0055171316291288,-0.0217423029325985,0.0217423029325985,False,0.0,-0.03693605562834976,0.03693605562834976,False,0.0,False,False,False,none
2025-05-12,2025-05-13,0.0234737021157811,-0.0217423029325985,0.0217423029325985,False,0.0,-0.03587975854590702,0.03587975854590702,False,0.0,False,False,False,none
2025-05-13,2025-05-14,0.0260634945661907,-0.0217423029325985,0.0217423029325985,False,0.0,-0.036049456311266,0.036049456311266,False,0.0,False,False,False,none
2025-05-14,2025-05-15,-0.0018069261776133,-0.0217423029325985,0.0217423029325985,False,0.0,-0.03649469791175265,0.03649469791175265,False,0.0,False,False,False,none
2025-05-15,2025-05-16,-0.0177478453445079,-0.0217423029325985,0.0217423029325985,False,0.0,-0.03539041127487581,0.03539041127487581,False,0.0,False,False,False,none
2025-05-16,2025-05-19,-0.0101714581129919,-0.0217423029325985,0.0217423029325985,False,0.0,-0.03504946274269556,0.03504946274269556,False,0.0,False,False,False,none
2025-05-19,2025-05-20,0.0080428972432277,-0.0217423029325985,0.0217423029325985,False,0.0,-0.034227936631480264,0.034227936631480264,False,0.0,False,False,False,none
2025-05-20,2025-05-21,-0.0032844551075018,-0.0217423029325985,0.0217423029325985,False,0.0,-0.03334305851014547,0.03334305851014547,False,0.0,False,False,False,none
2025-05-21,2025-05-22,-0.0054689954004176,-0.0217423029325985,0.0217423029325985,False,0.0,-0.03235436855138038,0.03235436855138038,False,0.0,False,False,False,none
2025-05-22,2025-05-23,-0.0003518991569269,-0.0217423029325985,0.0217423029325985,False,0.0,-0.0314460205476273,0.0314460205476273,False,0.0,False,False,False,none
2025-05-23,2025-05-26,0.0013913918504793,-0.0217423029325985,0.0217423029325985,False,0.0,-0.030488377751552245,0.030488377751552245,False,0.0,False,False,False,none
2025-05-26,2025-05-27,0.003848714314649,-0.0217423029325985,0.0217423029325985,False,0.0,-0.029564894359895098,0.029564894359895098,False,0.0,False,False,False,none
2025-05-27,2025-05-28,-0.0005138676741144,-0.0199577030113346,0.0199577030113346,False,0.0,-0.02870614164396951,0.02870614164396951,False,0.0,False,False,False,none
2025-05-28,2025-05-29,-0.0048252030033553,-0.0199577030113346,0.0199577030113346,False,0.0,-0.02783240700235428,0.02783240700235428,False,0.0,False,False,False,none
2025-05-29,2025-05-30,-0.0105191343363331,-0.0199577030113346,0.0199577030113346,False,0.0,-0.027054460433355243,0.027054460433355243,False,0.0,False,False,False,none
2025-05-30,2025-06-02,-0.0096845642597274,-0.0199577030113346,0.0199577030113346,False,0.0,-0.02657046589021167,0.02657046589021167,False,0.0,False,False,False,none
2025-06-02,2025-06-03,0.0171999523767172,-0.0199577030113346,0.0199577030113346,False,0.0,-0.02605485714438089,0.02605485714438089,False,0.0,False,False,False,none
2025-06-03,2025-06-04,-0.0072491301605032,-0.0199577030113346,0.0199577030113346,False,0.0,-0.026194435641053084,0.026194435641053084,False,0.0,False,False,False,none
2025-06-04,2025-06-05,-0.0012861149178928,-0.0199577030113346,0.0199577030113346,False,0.0,-0.025563843830363406,0.025563843830363406,False,0.0,False,False,False,none
2025-06-05,2025-06-06,-0.0077431603996217,-0.0199577030113346,0.0199577030113346,False,0.0,-0.024790482401505425,0.024790482401505425,False,0.0,False,False,False,none
2025-06-06,2025-06-09,0.006748233748107,-0.0199577030113346,0.0199577030113346,False,0.0,-0.02423689000174149,0.02423689000174149,False,0.0,False,False,False,none
2025-06-09,2025-06-10,0.0027104888102501,-0.0199577030113346,0.0199577030113346,False,0.0,-0.0236553088320459,0.0236553088320459,False,0.0,False,False,False,none
2025-06-10,2025-06-11,0.0073091096662792,-0.0199577030113346,0.0199577030113346,False,0.0,-0.02296065841388061,0.02296065841388061,False,0.0,False,False,False,none
2025-06-11,2025-06-12,0.0178351277987688,-0.0199577030113346,0.0199577030113346,False,0.0,-0.022455124877013174,0.022455124877013174,False,0.0,False,False,False,none
2025-06-12,2025-06-13,-0.0111508595972082,-0.0199577030113346,0.0199577030113346,False,0.0,-0.022926302445503383,0.022926302445503383,False,0.0,False,False,False,none
2025-06-13,2025-06-16,0.0206050485563378,-0.0199577030113346,0.0199577030113346,False,0.0,-0.022677370452374248,0.022677370452374248,False,0.0,False,False,False,none
2025-06-16,2025-06-17,0.0012612183180162,-0.0199577030113346,0.0199577030113346,False,0.0,-0.023501671800350322,0.023501671800350322,False,0.0,False,False,False,none
2025-06-17,2025-06-18,-0.0049745407367637,-0.0199577030113346,0.0199577030113346,False,0.0,-0.02279138171858426,0.02279138171858426,False,0.0,False,False,False,none
2025-06-18,2025-06-19,-0.0044265777464666,-0.0199577030113346,0.0199577030113346,False,0.0,-0.022187774731117566,0.022187774731117566,False,0.0,False,False,False,none
2025-06-19,2025-06-20,0.0021412962676452,-0.0199577030113346,0.0199577030113346,False,0.0,-0.02158565142956903,0.02158565142956903,False,0.0,False,False,False,none
2025-06-20,2025-06-23,0.0023127441040994,-0.0199577030113346,0.0199577030113346,False,0.0,-0.02094584078252491,0.02094584078252491,False,0.0,False,False,False,none
2025-06-23,2025-06-24,0.0030360365310438,-0.0199577030113346,0.0199577030113346,False,0.0,-0.02032911295614159,0.02032911295614159,False,0.0,False,False,False,none
2025-06-24,2025-06-25,0.0047387677853844,-0.0199577030113346,0.0199577030113346,False,0.0,-0.019747728154606868,0.019747728154606868,False,0.0,False,False,False,none
2025-06-25,2025-06-26,-0.000713559650226,-0.0178276841844378,0.0178276841844378,False,0.0,-0.0192410948049729,0.0192410948049729,False,0.0,False,False,False,none
2025-06-26,2025-06-27,0.0083658954181616,-0.0178276841844378,0.0178276841844378,False,0.0,-0.01865714876404575,0.01865714876404575,False,0.0,False,False,False,none
2025-06-27,2025-06-30,-0.0012578206282988,-0.0178276841844378,0.0178276841844378,False,0.0,-0.01840014173814712,0.01840014173814712,False,0.0,False,False,False,none
2025-06-30,2025-07-01,-0.0040498346761391,-0.0178276841844378,0.0178276841844378,False,0.0,-0.017846796113301956,0.017846796113301956,False,0.0,False,False,False,none
2025-07-01,2025-07-02,0.0046089979887691,-0.0178276841844378,0.0178276841844378,False,0.0,-0.01737987591528191,0.01737987591528191,False,0.0,False,False,False,none
2025-07-02,2025-07-03,0.0043210675479904,-0.0178276841844378,0.0178276841844378,False,0.0,-0.01695243023490532,0.01695243023490532,False,0.0,False,False,False,none
2025-07-03,2025-07-04,0.0194303150254477,-0.0178276841844378,0.0178276841844378,False,0.0,-0.016527940311637464,0.016527940311637464,False,0.0,False,False,False,none
2025-07-04,2025-07-07,0.0095209760093347,-0.0178276841844378,0.0178276841844378,False,0.0,-0.017834489924844547,0.017834489924844547,False,0.0,False,False,False,none
2025-07-07,2025-07-08,0.0210517052392439,-0.0178276841844378,0.0178276841844378,False,0.0,-0.01771158307354722,0.01771158307354722,False,0.0,False,False,False,none
2025-07-08,2025-07-09,-0.0014316484547664,-0.0178276841844378,0.0178276841844378,False,0.0,-0.01915254037974562,0.01915254037974562,False,0.0,False,False,False,none
2025-07-09,2025-07-10,0.0098759745383563,-0.0178276841844378,0.0178276841844378,False,0.0,-0.018578033656384767,0.018578033656384767,False,0.0,False,False,False,none
2025-07-10,2025-07-11,0.0180663748417027,-0.0178276841844378,0.0178276841844378,False,0.0,-0.018446349902089675,0.018446349902089675,False,0.0,False,False,False,none
2025-07-11,2025-07-14,0.0034104501394134,-0.0178276841844378,0.0178276841844378,False,0.0,-0.019308964964258588,0.019308964964258588,False,0.0,False,False,False,none
2025-07-14,2025-07-15,-0.0046201958584354,-0.0178276841844378,0.0178276841844378,False,0.0,-0.018771096890907356,0.018771096890907356,False,0.0,False,False,False,none
2025-07-15,2025-07-16,0.0120569337696367,-0.0178276841844378,0.0178276841844378,False,0.0,-0.018294207270756212,0.018294207270756212,False,0.0,False,False,False,none
2025-07-16,2025-07-17,0.0029319207700812,-0.0178276841844378,0.0178276841844378,False,0.0,-0.01839009442871136,0.01839009442871136,False,0.0,False,False,False,none
2025-07-17,2025-07-18,-0.0029454202892264,-0.0178276841844378,0.0178276841844378,False,0.0,-0.0178689472459666,0.0178689472459666,False,0.0,False,False,False,none
2025-07-18,2025-07-21,0.0027083791564566,-0.0178276841844378,0.0178276841844378,False,0.0,-0.01736518458822036,0.01736518458822036,False,0.0,False,False,False,none
2025-07-21,2025-07-22,0.01049665613474,-0.0178276841844378,0.0178276841844378,False,0.0,-0.016871497232786442,0.016871497232786442,False,0.0,False,False,False,none
2025-07-22,2025-07-23,-0.0011806766997816,-0.0178276841844378,0.0178276841844378,False,0.0,-0.01689539423398085,0.01689539423398085,False,0.0,False,False,False,none
2025-07-23,2025-07-24,-0.0070287390670425,-0.0178276841844378,0.0178276841844378,False,0.0,-0.016387598261674532,0.016387598261674532,False,0.0,False,False,False,none
2025-07-24,2025-07-25,0.0022985611922955,-0.0178276841844378,0.0178276841844378,False,0.0,-0.016138770710233518,0.016138770710233518,False,0.0,False,False,False,none
2025-07-25,2025-07-28,0.0061253695459072,-0.0178276841844378,0.0178276841844378,False,0.0,-0.015674501276364737,0.015674501276364737,False,0.0,False,False,False,none
2025-07-28,2025-07-29,-0.0455756833763016,-0.0178276841844378,0.0178276841844378,True,0.027747999191863798,-0.015396081805362394,0.015396081805362394,True,0.030179601570939206,True,False,False,both
2025-07-29,2025-07-30,0.0034019085573343,-0.020053006091041,0.020053006091041,False,0.0,-0.023664424774524115,0.023664424774524115,False,0.0,False,False,False,none
2025-07-30,2025-07-31,-0.0214085660035722,-0.020053006091041,0.020053006091041,True,0.0013555599125311991,-0.022984415855727882,0.022984415855727882,False,0.0,False,True,False,historical_only
2025-07-31,2025-08-01,0.0117952926289207,-0.0216350077004045,0.0216350077004045,False,0.0,-0.023895349710883383,0.023895349710883383,False,0.0,False,False,False,none
2025-08-01,2025-08-04,0.0098757509452221,-0.0216350077004045,0.0216350077004045,False,0.0,-0.023649812582669714,0.023649812582669714,False,0.0,False,False,False,none
2025-08-04,2025-08-05,0.0234386216096887,-0.0198265643942086,0.0198265643942086,False,0.0,-0.023272025919778866,0.023272025919778866,False,0.0,False,False,False,none
2025-08-05,2025-08-06,0.0209719097718336,-0.0198265643942086,0.0198265643942086,False,0.0,-0.024459608711718765,0.024459608711718765,False,0.0,False,False,False,none
2025-08-06,2025-08-07,0.0213584594192998,-0.0178276841844378,0.0178276841844378,False,0.0,-0.02517485651194934,0.02517485651194934,False,0.0,False,False,False,none
2025-08-07,2025-08-08,-0.0096166262180784,-0.0178276841844378,0.0178276841844378,False,0.0,-0.02588050424908683,0.02588050424908683,False,0.0,False,False,False,none
2025-08-08,2025-08-11,0.0048126128986209,-0.0178276841844378,0.0178276841844378,False,0.0,-0.025389464517749396,0.025389464517749396,False,0.0,False,False,False,none
2025-08-11,2025-08-12,0.0080473716890345,-0.0178276841844378,0.0178276841844378,False,0.0,-0.024692250584690014,0.024692250584690014,False,0.0,False,False,False,none
2025-08-12,2025-08-13,-0.0181826345959705,-0.0178276841844378,0.0178276841844378,True,0.0003549504115327,-0.024158590506652713,0.024158590506652713,False,0.0,False,True,False,historical_only
2025-08-13,2025-08-14,0.0018297214563019,-0.0180523021200277,0.0180523021200277,False,0.0,-0.02454155122996377,0.02454155122996377,False,0.0,False,False,False,none
2025-08-14,2025-08-15,-0.0166107199891095,-0.0180523021200277,0.0180523021200277,False,0.0,-0.023805334334017395,0.023805334334017395,False,0.0,False,False,False,none
2025-08-15,2025-08-18,-0.0005141697096028,-0.0180523021200277,0.0180523021200277,False,0.0,-0.02403086500445291,0.02403086500445291,False,0.0,False,False,False,none
2025-08-18,2025-08-19,-0.0130649404382563,-0.0180523021200277,0.0180523021200277,False,0.0,-0.02329970902053221,0.02329970902053221,False,0.0,False,False,False,none
2025-08-19,2025-08-20,-0.0106638614701478,-0.0180523021200277,0.0180523021200277,False,0.0,-0.023195103792729804,0.023195103792729804,False,0.0,False,False,False,none
2025-08-20,2025-08-21,0.0212874812432314,-0.0180523021200277,0.0180523021200277,False,0.0,-0.022895244036373674,0.022895244036373674,False,0.0,False,False,False,none
2025-08-21,2025-08-22,-0.0291548029768585,-0.0180523021200277,0.0180523021200277,True,0.011102500856830802,-0.023797117508526595,0.023797117508526595,True,0.005357685468331905,True,False,False,both
2025-08-22,2025-08-25,-0.0085348899615331,-0.0199568968701513,0.0199568968701513,False,0.0,-0.025890302461475008,0.025890302461475008,False,0.0,False,False,False,none
2025-08-25,2025-08-26,0.043438560750654,-0.0199568968701513,0.0199568968701513,False,0.0,-0.02533602787671253,0.02533602787671253,False,0.0,False,False,False,none
2025-08-26,2025-08-27,0.0175533639998104,-0.0199568968701513,0.0199568968701513,False,0.0,-0.03016133677821301,0.03016133677821301,False,0.0,False,False,False,none
2025-08-27,2025-08-28,0.0129347086202367,-0.0199568968701513,0.0199568968701513,False,0.0,-0.03008557595298586,0.03008557595298586,False,0.0,False,False,False,none
2025-08-28,2025-08-29,-0.0012638834639342,-0.0199568968701513,0.0199568968701513,False,0.0,-0.029630941569962665,0.029630941569962665,False,0.0,False,False,False,none
2025-08-29,2025-09-03,0.0037425488188885,-0.0199568968701513,0.0199568968701513,False,0.0,-0.028732776523666455,0.028732776523666455,False,0.0,False,False,False,none
2025-09-03,2025-09-04,0.0333101965208475,-0.0199568968701513,0.0199568968701513,False,0.0,-0.027898240795489408,0.027898240795489408,False,0.0,False,False,False,none
2025-09-04,2025-09-05,-0.0274874723988386,-0.0199568968701513,0.0199568968701513,True,0.0075305755286873,-0.030194906673358224,0.030194906673358224,False,0.0,False,True,False,historical_only
2025-09-05,2025-09-08,-0.0081230021353356,-0.0216350077004045,0.0216350077004045,False,0.0,-0.031299850722958454,0.031299850722958454,False,0.0,False,False,False,none
2025-09-08,2025-09-09,0.0090368750776727,-0.0216350077004045,0.0216350077004045,False,0.0,-0.030522303893365278,0.030522303893365278,False,0.0,False,False,False,none
2025-09-09,2025-09-10,-0.0051254754221929,-0.0216350077004045,0.0216350077004045,False,0.0,-0.029815621463899683,0.029815621463899683,False,0.0,False,False,False,none
2025-09-10,2025-09-11,0.0206994086426458,-0.0216350077004045,0.0216350077004045,False,0.0,-0.028980986262808484,0.028980986262808484,False,0.0,False,False,False,none
2025-09-11,2025-09-12,0.0092898346599242,-0.0216350077004045,0.0216350077004045,False,0.0,-0.029309685012913714,0.029309685012913714,False,0.0,False,False,False,none
2025-09-12,2025-09-15,0.0069328316054166,-0.0216350077004045,0.0216350077004045,False,0.0,-0.028662233833173033,0.028662233833173033,False,0.0,False,False,False,none
2025-09-15,2025-09-16,0.0041614950002356,-0.0216350077004045,0.0216350077004045,False,0.0,-0.027929099678545503,0.027929099678545503,False,0.0,False,False,False,none
2025-09-16,2025-09-17,-0.0114586501620866,-0.0216350077004045,0.0216350077004045,False,0.0,-0.027130127441865663,0.027130127441865663,False,0.0,False,False,False,none
2025-09-17,2025-09-18,-0.0062703035056847,-0.0216350077004045,0.0216350077004045,False,0.0,-0.02670572158089403,0.02670572158089403,False,0.0,False,False,False,none
2025-09-18,2025-09-19,0.0015841796157067,-0.0216350077004045,0.0216350077004045,False,0.0,-0.02601511511888459,0.02601511511888459,False,0.0,False,False,False,none
2025-09-19,2025-09-22,-0.0292918921231531,-0.0216350077004045,0.0216350077004045,True,0.007656884422748599,-0.025230664591885932,0.025230664591885932,True,0.004061227531267166,True,False,False,both
2025-09-22,2025-09-23,0.0028716748912995,-0.022098856489898,0.022098856489898,False,0.0,-0.02716017401534344,0.02716017401534344,False,0.0,False,False,False,none
2025-09-23,2025-09-24,0.0157757000116179,-0.022098856489898,0.022098856489898,False,0.0,-0.026358171938597845,0.026358171938597845,False,0.0,False,False,False,none
2025-09-24,2025-09-25,-0.0086845670781618,-0.022098856489898,0.022098856489898,False,0.0,-0.026333784200028344,0.026333784200028344,False,0.0,False,False,False,none
2025-09-25,2025-09-26,-0.0093599306698716,-0.022098856489898,0.022098856489898,False,0.0,-0.02577020568303651,0.02577020568303651,False,0.0,False,False,False,none
2025-09-26,2025-09-29,-0.0099994821575749,-0.022098856489898,0.022098856489898,False,0.0,-0.0252681415025479,0.0252681415025479,False,0.0,False,False,False,none
2025-09-29,2025-09-30,-0.0109130578895698,-0.022098856489898,0.022098856489898,False,0.0,-0.02482744078649872,0.02482744078649872,False,0.0,False,False,False,none
2025-09-30,2025-10-01,0.0031562423841156,-0.022098856489898,0.022098856489898,False,0.0,-0.024469382536469342,0.024469382536469342,False,0.0,False,False,False,none
2025-10-01,2025-10-02,-0.0095885980333664,-0.022098856489898,0.022098856489898,False,0.0,-0.02375800447200597,0.02375800447200597,False,0.0,False,False,False,none
2025-10-02,2025-10-03,-0.0010469676482119,-0.022098856489898,0.022098856489898,False,0.0,-0.023355968543382764,0.023355968543382764,False,0.0,False,False,False,none
2025-10-03,2025-10-06,0.0287267699537723,-0.022098856489898,0.022098856489898,False,0.0,-0.022648380296868418,0.022648380296868418,False,0.0,False,False,False,none
2025-10-06,2025-10-07,-0.0006010311339953,-0.022098856489898,0.022098856489898,False,0.0,-0.024822036245861923,0.024822036245861923,False,0.0,False,False,False,none
2025-10-07,2025-10-08,0.0108294338232332,-0.022098856489898,0.022098856489898,False,0.0,-0.024067075334627607,0.024067075334627607,False,0.0,False,False,False,none
2025-10-08,2025-10-09,-0.0010070123258442,-0.022098856489898,0.022098856489898,False,0.0,-0.023738333776721344,0.023738333776721344,False,0.0,False,False,False,none
2025-10-09,2025-10-10,0.0162593082448358,-0.022098856489898,0.022098856489898,False,0.0,-0.023018744499063853,0.023018744499063853,False,0.0,False,False,False,none
2025-10-10,2025-10-13,-0.010009277557694,-0.022098856489898,0.022098856489898,False,0.0,-0.023259104004862124,0.023259104004862124,False,0.0,False,False,False,none
2025-10-13,2025-10-14,-0.0083241215426329,-0.022098856489898,0.022098856489898,False,0.0,-0.02290829892554399,0.02290829892554399,False,0.0,False,False,False,none
2025-10-14,2025-10-15,-0.0147567198434056,-0.022098856489898,0.022098856489898,False,0.0,-0.02246221134890318,0.02246221134890318,False,0.0,False,False,False,none
2025-10-15,2025-10-16,0.0055577443902203,-0.022098856489898,0.022098856489898,False,0.0,-0.022574932062405496,0.022574932062405496,False,0.0,False,False,False,none
2025-10-16,2025-10-17,-0.0093514625005137,-0.022098856489898,0.022098856489898,False,0.0,-0.022001457192420013,0.022001457192420013,False,0.0,False,False,False,none
2025-10-17,2025-10-20,-0.0415775358398034,-0.022098856489898,0.022098856489898,True,0.0194786793499054,-0.02166139962638847,0.02166139962638847,True,0.01991613621341493,True,False,False,both
2025-10-20,2025-10-21,0.0412668802548782,-0.0224440966473176,0.0224440966473176,False,0.0,-0.026864218877092533,0.026864218877092533,False,0.0,False,False,False,none
2025-10-21,2025-10-22,0.019096642277895,-0.0224440966473176,0.0224440966473176,False,0.0,-0.03090032801764636,0.03090032801764636,False,0.0,False,False,False,none
2025-10-22,2025-10-23,-0.0046491856897269,-0.0224440966473176,0.0224440966473176,False,0.0,-0.030931217143727367,0.030931217143727367,False,0.0,False,False,False,none
2025-10-23,2025-10-24,0.0082203947383419,-0.0224440966473176,0.0224440966473176,False,0.0,-0.030047372429248483,0.030047372429248483,False,0.0,False,False,False,none
2025-10-24,2025-10-27,-0.0191138925140304,-0.0224440966473176,0.0224440966473176,False,0.0,-0.029319678076843648,0.029319678076843648,False,0.0,False,False,False,none
2025-10-27,2025-10-28,0.0344208296705948,-0.0224440966473176,0.0224440966473176,False,0.0,-0.02945117399874393,0.02945117399874393,False,0.0,False,False,False,none
2025-10-28,2025-10-29,0.0035349949734003,-0.0224440966473176,0.0224440966473176,False,0.0,-0.031743660332139406,0.031743660332139406,False,0.0,False,False,False,none
2025-10-29,2025-10-30,-0.0017636020200966,-0.0224440966473176,0.0224440966473176,False,0.0,-0.030809558776803404,0.030809558776803404,False,0.0,False,False,False,none
2025-10-30,2025-10-31,-0.0037739032022918,-0.0224440966473176,0.0224440966473176,False,0.0,-0.029879425682625256,0.029879425682625256,False,0.0,False,False,False,none
2025-10-31,2025-11-03,-0.0109984669614302,-0.0224440966473176,0.0224440966473176,False,0.0,-0.02900905499038167,0.02900905499038167,False,0.0,False,False,False,none
2025-11-03,2025-11-04,0.0068941900380453,-0.0224440966473176,0.0224440966473176,False,0.0,-0.02847227644639394,0.02847227644639394,False,0.0,False,False,False,none
2025-11-04,2025-11-05,-0.0198485905813637,-0.0224440966473176,0.0224440966473176,False,0.0,-0.02774429562936396,0.02774429562936396,False,0.0,False,False,False,none
2025-11-05,2025-11-06,-0.0044344494824568,-0.0224440966473176,0.0224440966473176,False,0.0,-0.02806269410599454,0.02806269410599454,False,0.0,False,False,False,none
2025-11-06,2025-11-07,-0.0138239847156066,-0.0224440966473176,0.0224440966473176,False,0.0,-0.02726639096760964,0.02726639096760964,False,0.0,False,False,False,none
2025-11-07,2025-11-10,-0.0093769680702632,-0.0224440966473176,0.0224440966473176,False,0.0,-0.027016122733697034,0.027016122733697034,False,0.0,False,False,False,none
2025-11-10,2025-11-11,0.0066819143322843,-0.0224440966473176,0.0224440966473176,False,0.0,-0.02646416708557044,0.02646416708557044,False,0.0,False,False,False,none
2025-11-11,2025-11-12,0.0313290861797264,-0.0224440966473176,0.0224440966473176,False,0.0,-0.02579881458562983,0.02579881458562983,False,0.0,False,False,False,none
2025-11-12,2025-11-13,-0.0128068602942918,-0.0224440966473176,0.0224440966473176,False,0.0,-0.02801741329396034,0.02801741329396034,False,0.0,False,False,False,none
2025-11-13,2025-11-14,0.0134639158396721,-0.0224440966473176,0.0224440966473176,False,0.0,-0.027649629513987344,0.027649629513987344,False,0.0,False,False,False,none
2025-11-14,2025-11-17,0.0124615064506728,-0.0224440966473176,0.0224440966473176,False,0.0,-0.027350668445144225,0.027350668445144225,False,0.0,False,False,False,none
2025-11-17,2025-11-18,0.001572788403484,-0.0224440966473176,0.0224440966473176,False,0.0,-0.026988590404017996,0.026988590404017996,False,0.0,False,False,False,none
2025-11-18,2025-11-19,-0.0078427728552934,-0.0224440966473176,0.0224440966473176,False,0.0,-0.026174081215949576,0.026174081215949576,False,0.0,False,False,False,none
2025-11-19,2025-11-20,-0.0065837028600248,-0.0224440966473176,0.0224440966473176,False,0.0,-0.025572690631972112,0.025572690631972112,False,0.0,False,False,False,none
2025-11-20,2025-11-21,0.0038514594834593,-0.0222161689389174,0.0222161689389174,False,0.0,-0.02493513757572514,0.02493513757572514,False,0.0,False,False,False,none
2025-11-21,2025-11-24,-0.0085978119498255,-0.0222161689389174,0.0222161689389174,False,0.0,-0.024225264095140787,0.024225264095140787,False,0.0,False,False,False,none
2025-11-24,2025-11-25,-0.0074800153436355,-0.0222161689389174,0.0222161689389174,False,0.0,-0.023741348452839164,0.023741348452839164,False,0.0,False,False,False,none
2025-11-25,2025-11-26,0.0073714917939941,-0.0222161689389174,0.0222161689389174,False,0.0,-0.02321454587856533,0.02321454587856533,False,0.0,False,False,False,none
2025-11-26,2025-11-27,-0.0016346196839264,-0.0222161689389174,0.0222161689389174,False,0.0,-0.022702449335295517,0.022702449335295517,False,0.0,False,False,False,none
2025-11-27,2025-11-28,-0.01274858064253,-0.0222161689389174,0.0222161689389174,False,0.0,-0.022020692159820186,0.022020692159820186,False,0.0,False,False,False,none
2025-11-28,2025-12-01,0.0014363290990341,-0.0222161689389174,0.0222161689389174,False,0.0,-0.021959042547300626,0.021959042547300626,False,0.0,False,False,False,none
2025-12-01,2025-12-02,0.0,-0.0222161689389174,0.0222161689389174,False,0.0,-0.021297945334901827,0.021297945334901827,False,0.0,False,False,False,none
2025-12-02,2025-12-03,0.0233984044500975,-0.0222161689389174,0.0222161689389174,False,0.0,-0.020649124120871533,0.020649124120871533,False,0.0,False,False,False,none
2025-12-03,2025-12-04,0.0137007530223522,-0.0222161689389174,0.0222161689389174,False,0.0,-0.02212866621649032,0.02212866621649032,False,0.0,False,False,False,none
2025-12-04,2025-12-05,-0.010846929999,-0.0222161689389174,0.0222161689389174,False,0.0,-0.02215330117462924,0.02215330117462924,False,0.0,False,False,False,none
2025-12-05,2025-12-08,-0.0062622810554833,-0.0222161689389174,0.0222161689389174,False,0.0,-0.02191853131951977,0.02191853131951977,False,0.0,False,False,False,none
2025-12-08,2025-12-09,-0.0031321954980223,-0.0222161689389174,0.0222161689389174,False,0.0,-0.021400064402792785,0.021400064402792785,False,0.0,False,False,False,none
2025-12-09,2025-12-10,-0.0051594139112005,-0.0222161689389174,0.0222161689389174,False,0.0,-0.020786475873250113,0.020786475873250113,False,0.0,False,False,False,none
2025-12-10,2025-12-11,-0.0026612509982904,-0.0222161689389174,0.0222161689389174,False,0.0,-0.02026016154279741,0.02026016154279741,False,0.0,False,False,False,none
2025-12-11,2025-12-12,-0.0302651959299064,-0.0222161689389174,0.0222161689389174,True,0.008049026990989,-0.01967219810340678,0.01967219810340678,True,0.010592997826499619,True,False,False,both
2025-12-12,2025-12-15,0.0001135501405075,-0.0227855302435227,0.0227855302435227,False,0.0,-0.0226377873371553,0.0226377873371553,False,0.0,False,False,False,none
2025-12-15,2025-12-16,0.028010303516165,-0.0227855302435227,0.0227855302435227,False,0.0,-0.021948196819971868,0.021948196819971868,False,0.0,False,False,False,none
2025-12-16,2025-12-17,-0.000664335422748,-0.0227855302435227,0.0227855302435227,False,0.0,-0.024086975521131853,0.024086975521131853,False,0.0,False,False,False,none
2025-12-17,2025-12-18,-0.0064136834849044,-0.0227855302435227,0.0227855302435227,False,0.0,-0.023354723087534182,0.023354723087534182,False,0.0,False,False,False,none
2025-12-18,2025-12-19,0.0073403303253348,-0.0227855302435227,0.0227855302435227,False,0.0,-0.02279021964315504,0.02279021964315504,False,0.0,False,False,False,none
2025-12-19,2025-12-22,0.0102868117814572,-0.0227855302435227,0.0227855302435227,False,0.0,-0.022292981373344053,0.022292981373344053,False,0.0,False,False,False,none
2025-12-22,2025-12-23,0.0090379266026611,-0.0227855302435227,0.0227855302435227,False,0.0,-0.02200763935213937,0.02200763935213937,False,0.0,False,False,False,none
2025-12-23,2025-12-24,-0.0020189356383788,-0.0227855302435227,0.0227855302435227,False,0.0,-0.021645692739906342,0.021645692739906342,False,0.0,False,False,False,none
2025-12-24,2025-12-25,-0.0135058896079072,-0.0227855302435227,0.0227855302435227,False,0.0,-0.021002036507441427,0.021002036507441427,False,0.0,False,False,False,none
2025-12-25,2025-12-26,0.0103318250335508,-0.0227855302435227,0.0227855302435227,False,0.0,-0.021076796306596177,0.021076796306596177,False,0.0,False,False,False,none
2025-12-26,2025-12-29,0.0043542179217244,-0.0227855302435227,0.0227855302435227,False,0.0,-0.02085439803190411,0.02085439803190411,False,0.0,False,False,False,none
2025-12-29,2025-12-30,0.0106220768049844,-0.0227855302435227,0.0227855302435227,False,0.0,-0.02029505508318596,0.02029505508318596,False,0.0,False,False,False,none
2025-12-30,2025-12-31,-0.0040672453371589,-0.0227855302435227,0.0227855302435227,False,0.0,-0.020136823292095235,0.020136823292095235,False,0.0,False,False,False,none
2025-12-31,2026-01-05,-0.0121989694096528,-0.0227855302435227,0.0227855302435227,False,0.0,-0.019592027404533297,0.019592027404533297,False,0.0,False,False,False,none
2026-01-05,2026-01-06,0.0018236055564046,-0.0227855302435227,0.0227855302435227,False,0.0,-0.019620759131701655,0.019620759131701655,False,0.0,False,False,False,none
2026-01-06,2026-01-07,0.0245225051497573,-0.0227855302435227,0.0227855302435227,False,0.0,-0.019037215676098285,0.019037215676098285,False,0.0,False,False,False,none
2026-01-07,2026-01-08,-0.014478389397027,-0.0224616196222884,0.0224616196222884,False,0.0,-0.02093537408876012,0.02093537408876012,False,0.0,False,False,False,none
2026-01-08,2026-01-09,-0.005014414186793,-0.0224616196222884,0.0224616196222884,False,0.0,-0.02111921557178723,0.02111921557178723,False,0.0,False,False,False,none
2026-01-09,2026-01-12,0.0295386507743107,-0.0224616196222884,0.0224616196222884,False,0.0,-0.02057527006431722,0.02057527006431722,False,0.0,False,False,False,none
2026-01-12,2026-01-13,-0.0066741227691609,-0.0224616196222884,0.0224616196222884,False,0.0,-0.023228896023375977,0.023228896023375977,False,0.0,False,False,False,none
2026-01-13,2026-01-14,-0.0011910644603958,-0.0224616196222884,0.0224616196222884,False,0.0,-0.022681217860892017,0.022681217860892017,False,0.0,False,False,False,none
2026-01-14,2026-01-15,-0.0077030008468063,-0.0224616196222884,0.0224616196222884,False,0.0,-0.02199549216723942,0.02199549216723942,False,0.0,False,False,False,none
2026-01-15,2026-01-16,0.0349496780172587,-0.0224616196222884,0.0224616196222884,False,0.0,-0.021550076073349887,0.021550076073349887,False,0.0,False,False,False,none
2026-01-16,2026-01-19,0.0014874597447464,-0.0224616196222884,0.0224616196222884,False,0.0,-0.025195782664686483,0.025195782664686483,False,0.0,False,False,False,none
2026-01-19,2026-01-20,-0.0134219980237224,-0.0224616196222884,0.0224616196222884,False,0.0,-0.02443556799131873,0.02443556799131873,False,0.0,False,False,False,none
2026-01-20,2026-01-21,-0.0049484313888462,-0.0224616196222884,0.0224616196222884,False,0.0,-0.02430052238726931,0.02430052238726931,False,0.0,False,False,False,none
2026-01-21,2026-01-22,0.000214610273379,-0.0224616196222884,0.0224616196222884,False,0.0,-0.02364443907563216,0.02364443907563216,False,0.0,False,False,False,none
2026-01-22,2026-01-23,-0.0119841743597865,-0.0224616196222884,0.0224616196222884,False,0.0,-0.022924297282458508,0.022924297282458508,False,0.0,False,False,False,none
2026-01-23,2026-01-26,-0.0204367135278289,-0.0224616196222884,0.0224616196222884,False,0.0,-0.022744368120967882,0.022744368120967882,False,0.0,False,False,False,none
2026-01-26,2026-01-27,0.0176072636678249,-0.0224616196222884,0.0224616196222884,False,0.0,-0.0235386410171751,0.0235386410171751,False,0.0,False,False,False,none
2026-01-27,2026-01-28,0.0129017477297967,-0.0224616196222884,0.0224616196222884,False,0.0,-0.023898728544534557,0.023898728544534557,False,0.0,False,False,False,none
2026-01-28,2026-01-29,0.025744605288821,-0.0224616196222884,0.0224616196222884,False,0.0,-0.023746607377885365,0.023746607377885365,False,0.0,False,False,False,none
2026-01-29,2026-01-30,0.0039179625614337,-0.0222763491430619,0.0222763491430619,False,0.0,-0.025251907826444424,0.025251907826444424,False,0.0,False,False,False,none
2026-01-30,2026-02-02,-0.0008703703782835,-0.0222763491430619,0.0222763491430619,False,0.0,-0.024533470878978718,0.024533470878978718,False,0.0,False,False,False,none
2026-02-02,2026-02-03,-0.0065359946007145,-0.0222763491430619,0.0222763491430619,False,0.0,-0.02378866738505522,0.02378866738505522,False,0.0,False,False,False,none
2026-02-03,2026-02-04,0.0139287344067097,-0.0222763491430619,0.0222763491430619,False,0.0,-0.023213818674259982,0.023213818674259982,False,0.0,False,False,False,none
2026-02-04,2026-02-05,-0.0241151254005902,-0.0222763491430619,0.0222763491430619,True,0.001838776257528301,-0.023195744994279316,0.023195744994279316,True,0.0009193804063108851,True,False,False,both
2026-02-05,2026-02-06,-0.0205068110583045,-0.0222763491430619,0.0222763491430619,False,0.0,-0.024498220692636453,0.024498220692636453,False,0.0,False,False,False,none
2026-02-06,2026-02-09,0.0076638337475073,-0.0222763491430619,0.0222763491430619,False,0.0,-0.025147935615781315,0.025147935615781315,False,0.0,False,False,False,none
2026-02-09,2026-02-10,-0.0065742735110462,-0.0222763491430619,0.0222763491430619,False,0.0,-0.02457657513954909,0.02457657513954909,False,0.0,False,False,False,none
2026-02-10,2026-02-11,0.0162318491318527,-0.0222763491430619,0.0222763491430619,False,0.0,-0.023974648114046898,0.023974648114046898,False,0.0,False,False,False,none
2026-02-11,2026-02-12,0.00488851061178,-0.0222763491430619,0.0222763491430619,False,0.0,-0.024146779787704704,0.024146779787704704,False,0.0,False,False,False,none
2026-02-12,2026-02-13,-0.0093676127947638,-0.0222763491430619,0.0222763491430619,False,0.0,-0.023493878032262362,0.023493878032262362,False,0.0,False,False,False,none
2026-02-13,2026-02-23,-0.0010272817789785,-0.0222763491430619,0.0222763491430619,False,0.0,-0.023088733294771506,0.023088733294771506,False,0.0,False,False,False,none
2026-02-23,2026-02-24,0.0032960807426041,-0.0222763491430619,0.0222763491430619,False,0.0,-0.02238918354301821,0.02238918354301821,False,0.0,False,False,False,none
2026-02-24,2026-02-25,0.0023694909764975,-0.0222763491430619,0.0222763491430619,False,0.0,-0.021747703622507285,0.021747703622507285,False,0.0,False,False,False,none
2026-02-25,2026-02-26,0.0085287619426779,-0.0222763491430619,0.0222763491430619,False,0.0,-0.021106782570384782,0.021106782570384782,False,0.0,False,False,False,none
2026-02-26,2026-02-27,0.0003445538522955,-0.0222763491430619,0.0222763491430619,False,0.0,-0.0207502899359886,0.0207502899359886,False,0.0,False,False,False,none
2026-02-27,2026-03-02,-0.0264490842834672,-0.0222763491430619,0.0222763491430619,True,0.004172735140405299,-0.020118631468865937,0.020118631468865937,True,0.006330452814601262,True,False,False,both
2026-03-02,2026-03-03,-0.0257468780809326,-0.0236071780587873,0.0236071780587873,True,0.002139700022145301,-0.022226880272014887,0.022226880272014887,True,0.0035199978089177145,True,False,False,both
2026-03-03,2026-03-04,-0.0050376645749778,-0.0250125893747785,0.0250125893747785,False,0.0,-0.02391657836221426,0.02391657836221426,False,0.0,False,False,False,none
2026-03-04,2026-03-05,-0.0216668850327261,-0.0250125893747785,0.0250125893747785,False,0.0,-0.023276645906973127,0.023276645906973127,False,0.0,False,False,False,none
2026-03-05,2026-03-06,-0.0208257560218461,-0.0250125893747785,0.0250125893747785,False,0.0,-0.024197144184931484,0.024197144184931484,False,0.0,False,False,False,none
2026-03-06,2026-03-09,-0.069401999313773,-0.0250125893747785,0.0250125893747785,True,0.0443894099389945,-0.024915402821235173,0.024915402821235173,True,0.044486596492537826,True,False,False,both
2026-03-09,2026-03-10,0.0561052476352859,-0.0261330914923266,0.0261330914923266,False,0.0,-0.036951697996607934,0.036951697996607934,False,0.0,False,False,False,none
2026-03-10,2026-03-11,0.0292629661063208,-0.0261330914923266,0.0261330914923266,False,0.0,-0.04236145292615339,0.04236145292615339,False,0.0,False,False,False,none
2026-03-11,2026-03-12,-0.0250850988775762,-0.0261330914923266,0.0261330914923266,False,0.0,-0.04272975524186591,0.04272975524186591,False,0.0,False,False,False,none
2026-03-12,2026-03-13,-0.0150567356832903,-0.0261330914923266,0.0261330914923266,False,0.0,-0.042643074880846066,0.042643074880846066,False,0.0,False,False,False,none
2026-03-13,2026-03-16,0.0007864683276824,-0.0261330914923266,0.0261330914923266,False,0.0,-0.04178669149246511,0.04178669149246511,False,0.0,False,False,False,none
2026-03-16,2026-03-17,0.0156081394329211,-0.0261330914923266,0.0261330914923266,False,0.0,-0.04051493969778764,0.04051493969778764,False,0.0,False,False,False,none
2026-03-17,2026-03-18,-0.0005591933318852,-0.0261330914923266,0.0261330914923266,False,0.0,-0.03978089009639968,0.03978089009639968,False,0.0,False,False,False,none
2026-03-18,2026-03-19,-0.0140408750757737,-0.0261330914923266,0.0261330914923266,False,0.0,-0.038569661974134826,0.038569661974134826,False,0.0,False,False,False,none
2026-03-19,2026-03-20,-0.0304067682412019,-0.0261330914923266,0.0261330914923266,True,0.004273676748875299,-0.03782016588495344,0.03782016588495344,False,0.0,False,True,False,historical_only
2026-03-20,2026-03-23,-0.034914847962245,-0.0270201977469214,0.0270201977469214,True,0.007894650215323599,-0.03866045992741717,0.03866045992741717,False,0.0,False,True,False,historical_only
2026-03-23,2026-03-24,0.0244270130919907,-0.0270201977469214,0.0270201977469214,False,0.0,-0.0400355380425811,0.0400355380425811,False,0.0,False,False,False,none
2026-03-24,2026-03-25,0.0262490941372421,-0.0270201977469214,0.0270201977469214,False,0.0,-0.04004415189061127,0.04004415189061127,False,0.0,False,False,False,none
2026-03-25,2026-03-26,-0.0206888948510042,-0.0270201977469214,0.0270201977469214,False,0.0,-0.040238931978032015,0.040238931978032015,False,0.0,False,False,False,none
2026-03-26,2026-03-27,0.0268115022438999,-0.0270201977469214,0.0270201977469214,False,0.0,-0.03989366658877681,0.03989366658877681,False,0.0,False,False,False,none
2026-03-27,2026-03-30,-0.0049532664243133,-0.0270201977469214,0.0270201977469214,False,0.0,-0.040158538699896384,0.040158538699896384,False,0.0,False,False,False,none
2026-03-30,2026-03-31,0.0072109387016719,-0.0270201977469214,0.0270201977469214,False,0.0,-0.038986260946242274,0.038986260946242274,False,0.0,False,False,False,none
2026-03-31,2026-04-01,0.0082519619053926,-0.0270201977469214,0.0270201977469214,False,0.0,-0.03791007441291299,0.03791007441291299,False,0.0,False,False,False,none
2026-04-01,2026-04-02,-0.0026811212447098,-0.0270201977469214,0.0270201977469214,False,0.0,-0.03690524808368894,0.03690524808368894,False,0.0,False,False,False,none
2026-04-02,2026-04-03,-0.0217241181411419,-0.0270201977469214,0.0270201977469214,False,0.0,-0.0357972681844859,0.0357972681844859,False,0.0,False,False,False,none
2026-04-03,2026-04-06,-0.0021182960781265,-0.0270201977469214,0.0270201977469214,False,0.0,-0.03579341501913247,0.03579341501913247,False,0.0,False,False,False,none
2026-04-06,2026-04-07,-0.001535083076819,-0.0270201977469214,0.0270201977469214,False,0.0,-0.03471349680681045,0.03471349680681045,False,0.0,False,False,False,none
2026-04-07,2026-04-08,0.0545455170202042,-0.0261330914923266,0.0261330914923266,False,0.0,-0.03366166636507967,0.03366166636507967,False,0.0,False,False,False,none
2026-04-08,2026-04-09,-0.005184522065907,-0.0261330914923266,0.0261330914923266,False,0.0,-0.03934584435798936,0.03934584435798936,False,0.0,False,False,False,none
2026-04-09,2026-04-10,-0.0023152109509549,-0.0254490774394222,0.0254490774394222,False,0.0,-0.038204359986454245,0.038204359986454245,False,0.0,False,False,False,none
2026-04-10,2026-04-13,-0.0104950936273025,-0.0246486108129324,0.0246486108129324,False,0.0,-0.03705224514359599,0.03705224514359599,False,0.0,False,False,False,none
2026-04-13,2026-04-14,0.0111402104322505,-0.0246486108129324,0.0246486108129324,False,0.0,-0.03617149687360397,0.03617149687360397,False,0.0,False,False,False,none
2026-04-14,2026-04-15,-0.0171442938606112,-0.0246486108129324,0.0246486108129324,False,0.0,-0.03535563219108106,0.03535563219108106,False,0.0,False,False,False,none
2026-04-15,2026-04-16,-0.0002361129255545,-0.0246486108129324,0.0246486108129324,False,0.0,-0.03496760486080109,0.03496760486080109,False,0.0,False,False,False,none
2026-04-16,2026-04-17,0.0320939404352479,-0.0246486108129324,0.0246486108129324,False,0.0,-0.03390248421945631,0.03390248421945631,False,0.0,False,False,False,none
2026-04-17,2026-04-20,0.0108118299583737,-0.0230391721338384,0.0230391721338384,False,0.0,-0.0353216891807093,0.0353216891807093,False,0.0,False,False,False,none
2026-04-20,2026-04-21,-0.0131157381409185,-0.0230391721338384,0.0230391721338384,False,0.0,-0.034521593262647594,0.034521593262647594,False,0.0,False,False,False,none
2026-04-21,2026-04-22,-0.0031361570243012,-0.0230391721338384,0.0230391721338384,False,0.0,-0.03388452231267218,0.03388452231267218,False,0.0,False,False,False,none
2026-04-22,2026-04-23,-0.0134920774100696,-0.0230391721338384,0.0230391721338384,False,0.0,-0.03287655426700675,0.03287655426700675,False,0.0,False,False,False,none
2026-04-23,2026-04-24,-0.0067649386631999,-0.0230391721338384,0.0230391721338384,False,0.0,-0.03233521539353867,0.03233521539353867,False,0.0,False,False,False,none
2026-04-24,2026-04-28,0.0112098352442558,-0.0230391721338384,0.0230391721338384,False,0.0,-0.03146841652915015,0.03146841652915015,False,0.0,False,False,False,none
2026-04-28,2026-04-29,-0.0013429694123319,-0.0230391721338384,0.0230391721338384,False,0.0,-0.030842249364913598,0.030842249364913598,False,0.0,False,False,False,none
2026-04-29,2026-05-04,-0.0060852520045311,-0.0230391721338384,0.0230391721338384,False,0.0,-0.029907565311174042,0.029907565311174042,False,0.0,False,False,False,none
2026-05-04,2026-05-05,-0.0013461403759491,-0.0230391721338384,0.0230391721338384,False,0.0,-0.029099930221777686,0.029099930221777686,False,0.0,False,False,False,none
2026-05-05,2026-05-06,0.0039009834233488,-0.0230391721338384,0.0230391721338384,False,0.0,-0.02821864179061176,0.02821864179061176,False,0.0,False,False,False,none
2026-05-06,2026-05-07,0.0004216363396861,-0.0230391721338384,0.0230391721338384,False,0.0,-0.02740409757964539,0.02740409757964539,False,0.0,False,False,False,none
2026-05-07,2026-05-08,-0.0092666684071885,-0.0230391721338384,0.0230391721338384,False,0.0,-0.026569801454702394,0.026569801454702394,False,0.0,False,False,False,none
2026-05-08,2026-05-11,-0.0174016693465486,-0.0230391721338384,0.0230391721338384,False,0.0,-0.026029536587730363,0.026029536587730363,False,0.0,False,False,False,none
2026-05-11,2026-05-12,0.0028419328493292,-0.0230391721338384,0.0230391721338384,False,0.0,-0.0261924000337141,0.0261924000337141,False,0.0,False,False,False,none
2026-05-12,2026-05-13,0.0025286973671126,-0.0230391721338384,0.0230391721338384,False,0.0,-0.025420275431635195,0.025420275431635195,False,0.0,False,False,False,none
2026-05-13,2026-05-14,0.0165440929781562,-0.0230391721338384,0.0230391721338384,False,0.0,-0.02466692084378603,0.02466692084378603,False,0.0,False,False,False,none
2026-05-14,2026-05-15,-0.0194866656406763,-0.0230391721338384,0.0230391721338384,False,0.0,-0.024827024345145807,0.024827024345145807,False,0.0,False,False,False,none
2026-05-15,2026-05-18,-0.0042904913592914,-0.0230391721338384,0.0230391721338384,False,0.0,-0.02531878458539963,0.02531878458539963,False,0.0,False,False,False,none
2026-05-18,2026-05-19,-0.0076406327733823,-0.0230391721338384,0.0230391721338384,False,0.0,-0.02460826429590572,0.02460826429590572,False,0.0,False,False,False,none
2026-05-19,2026-05-20,0.0093467148029383,-0.0230391721338384,0.0230391721338384,False,0.0,-0.024056382320133525,0.024056382320133525,False,0.0,False,False,False,none
2026-05-20,2026-05-21,0.0092573633923154,-0.0230391721338384,0.0230391721338384,False,0.0,-0.023625590151619556,0.023625590151619556,False,0.0,False,False,False,none
2026-05-21,2026-05-22,-0.0090082979964508,-0.0230391721338384,0.0230391721338384,False,0.0,-0.023207544146593213,0.023207544146593213,False,0.0,False,False,False,none
2026-05-22,2026-05-25,-0.0079636774553335,-0.0230391721338384,0.0230391721338384,False,0.0,-0.02279139964984347,0.02279139964984347,False,0.0,False,False,False,none
2026-05-25,2026-05-26,0.0058091031742123,-0.0230391721338384,0.0230391721338384,False,0.0,-0.022328819579603185,0.022328819579603185,False,0.0,False,False,False,none
2026-05-26,2026-05-27,0.0009275383434294,-0.0230391721338384,0.0230391721338384,False,0.0,-0.02177474768984704,0.02177474768984704,False,0.0,False,False,False,none
2026-05-27,2026-05-28,-0.0180620175813063,-0.0230391721338384,0.0230391721338384,False,0.0,-0.02111470856833101,0.02111470856833101,False,0.0,False,False,False,none
2026-05-28,2026-05-29,-0.0041396267996595,-0.0230391721338384,0.0230391721338384,False,0.0,-0.02172647880081332,0.02172647880081332,False,0.0,False,False,False,none
2026-05-29,2026-06-01,0.0189920272066387,-0.0230391721338384,0.0230391721338384,False,0.0,-0.021130530106251936,0.021130530106251936,False,0.0,False,False,False,none
2026-06-01,2026-06-02,-0.0012559568359216,-0.0230391721338384,0.0230391721338384,False,0.0,-0.021869207682646562,0.021869207682646562,False,0.0,False,False,False,none
2026-06-02,2026-06-03,0.0165124334294039,-0.0230391721338384,0.0230391721338384,False,0.0,-0.021209021144727624,0.021209021144727624,False,0.0,False,False,False,none
2026-06-03,2026-06-04,-0.0049346642432338,-0.0230391721338384,0.0230391721338384,False,0.0,-0.021612378542019094,0.021612378542019094,False,0.0,False,False,False,none
2026-06-04,2026-06-05,-0.0093289142512601,-0.0230391721338384,0.0230391721338384,False,0.0,-0.021048091570775668,0.021048091570775668,False,0.0,False,False,False,none
2026-06-05,2026-06-08,-0.0224633589181285,-0.0230391721338384,0.0230391721338384,False,0.0,-0.020750142540750485,0.020750142540750485,True,0.0017132163773780143,False,False,True,ewma_only
2026-06-08,2026-06-09,0.01157675623279,-0.0233718304834824,0.0233718304834824,False,0.0,-0.022060094038529564,0.022060094038529564,False,0.0,False,False,False,none
2026-06-09,2026-06-10,0.006424498818209,-0.0233718304834824,0.0233718304834824,False,0.0,-0.021890749385285315,0.021890749385285315,False,0.0,False,False,False,none
2026-06-10,2026-06-11,-0.0147200129579407,-0.0233718304834824,0.0233718304834824,False,0.0,-0.021381130938375983,0.021381130938375983,False,0.0,False,False,False,none
2026-06-11,2026-06-12,-0.0017636996630776,-0.0233718304834824,0.0233718304834824,False,0.0,-0.021561484784785354,0.021561484784785354,False,0.0,False,False,False,none
2026-06-12,2026-06-15,0.0300475298744236,-0.0233718304834824,0.0233718304834824,False,0.0,-0.02091670926055404,0.02091670926055404,False,0.0,False,False,False,none
2026-06-15,2026-06-16,-0.0038649822932476,-0.0233718304834824,0.0233718304834824,False,0.0,-0.02361823140847559,0.02361823140847559,False,0.0,False,False,False,none
2026-06-16,2026-06-17,-0.0080896444558543,-0.0233718304834824,0.0233718304834824,False,0.0,-0.022951613066740775,0.022951613066740775,False,0.0,False,False,False,none
2026-06-17,2026-06-18,-0.0098002206034553,-0.0233718304834824,0.0233718304834824,False,0.0,-0.022489850526510362,0.022489850526510362,False,0.0,False,False,False,none
2026-06-18,2026-06-19,-0.0041383959025294,-0.0233718304834824,0.0233718304834824,False,0.0,-0.022159352418527463,0.022159352418527463,False,0.0,False,False,False,none
2026-06-19,2026-06-22,-0.0075812208624708,-0.0233718304834824,0.0233718304834824,False,0.0,-0.02154889430840924,0.02154889430840924,False,0.0,False,False,False,none
2026-06-22,2026-06-23,-0.0085109261797539,-0.0233718304834824,0.0233718304834824,False,0.0,-0.021114535446311603,0.021114535446311603,False,0.0,False,False,False,none
2026-06-23,2026-06-24,0.0107903140298744,-0.0233718304834824,0.0233718304834824,False,0.0,-0.020756514481456854,0.020756514481456854,False,0.0,False,False,False,none
2026-06-24,2026-06-25,-0.0030439349546249,-0.0233718304834824,0.0233718304834824,False,0.0,-0.02058842994545525,0.02058842994545525,False,0.0,False,False,False,none
2026-06-25,2026-06-26,0.0060980923870971,-0.0233718304834824,0.0233718304834824,False,0.0,-0.01999886346842789,0.01999886346842789,False,0.0,False,False,False,none
2026-06-26,2026-06-29,0.0023574001357367,-0.0233718304834824,0.0233718304834824,False,0.0,-0.019544663890345138,0.019544663890345138,False,0.0,False,False,False,none
2026-06-29,2026-06-30,-0.0096937075623543,-0.0233718304834824,0.0233718304834824,False,0.0,-0.01897304377626805,0.01897304377626805,False,0.0,False,False,False,none
2026-06-30,2026-07-01,0.0230722006301461,-0.0233718304834824,0.0233718304834824,False,0.0,-0.01880510227825926,0.01880510227825926,False,0.0,False,False,False,none
2026-07-01,2026-07-02,-0.0037669230946025,-0.0233718304834824,0.0233718304834824,False,0.0,-0.020465285207306217,0.020465285207306217,False,0.0,False,False,False,none
2026-07-02,2026-07-03,-0.0064117120064605,-0.0233718304834824,0.0233718304834824,False,0.0,-0.019899790884703703,0.019899790884703703,False,0.0,False,False,False,none
2026-07-03,2026-07-06,-0.0027418392224901,-0.0233718304834824,0.0233718304834824,False,0.0,-0.019465741145888598,0.019465741145888598,False,0.0,False,False,False,none
2026-07-06,2026-07-07,-0.0012134941019786,-0.0233718304834824,0.0233718304834824,False,0.0,-0.018905040032461948,0.018905040032461948,False,0.0,False,False,False,none
2026-07-07,2026-07-08,0.0020251227347604,-0.0233718304834824,0.0233718304834824,False,0.0,-0.018335636124868198,0.018335636124868198,False,0.0,False,False,False,none
2026-07-08,2026-07-09,-0.0012458650169695,-0.0233718304834824,0.0233718304834824,False,0.0,-0.017795773790959386,0.017795773790959386,False,0.0,False,False,False,none
2026-07-09,2026-07-10,-0.0186337094307369,-0.0233718304834824,0.0233718304834824,False,0.0,-0.01726094320417672,0.01726094320417672,True,0.0013727662265601778,False,False,True,ewma_only
2026-07-10,2026-07-13,-0.0110681436217607,-0.0233718304834824,0.0233718304834824,False,0.0,-0.018341976107966677,0.018341976107966677,False,0.0,False,False,False,none
2026-07-13,2026-07-14,0.0040615564704741,-0.0233718304834824,0.0233718304834824,False,0.0,-0.018333814771308844,0.018333814771308844,False,0.0,False,False,False,none
2026-07-14,2026-07-15,-0.0206777473056235,-0.0233718304834824,0.0233718304834824,False,0.0,-0.01785045982684468,0.01785045982684468,True,0.00282728747877882,False,False,True,ewma_only
2026-07-15,2026-07-16,0.0051887404908771,-0.0233718304834824,0.0233718304834824,False,0.0,-0.019207524815604688,0.019207524815604688,False,0.0,False,False,False,none
2026-07-16,2026-07-17,-0.0101572160395689,-0.0233718304834824,0.0233718304834824,False,0.0,-0.01873936376402694,0.01873936376402694,False,0.0,False,False,False,none
2026-07-17,2026-07-20,-0.0250602476819062,-0.0233718304834824,0.0233718304834824,True,0.0016884171984237993,-0.018623684595064013,0.018623684595064013,True,0.0064365630868421855,True,False,False,both
2026-07-20,2026-07-21,-0.0050834773294433,-0.0246349426553139,0.0246349426553139,False,0.0,-0.020687643827840833,0.020687643827840833,False,0.0,False,False,False,none
2026-07-21,2026-07-22,-0.0259120771359495,-0.0246349426553139,0.0246349426553139,True,0.0012771344806356,-0.020161717388016535,0.020161717388016535,True,0.005750359747932966,True,False,False,both
2026-07-22,2026-07-23,0.0063457111128656,-0.0250739158395247,0.0250739158395247,False,0.0,-0.022160800339061697,0.022160800339061697,False,0.0,False,False,False,none
2026-07-23,2026-07-24,-0.0255614491124538,-0.0250739158395247,0.0250739158395247,True,0.00048753327292910126,-0.02163727859127074,0.02163727859127074,True,0.00392417052118306,True,False,False,both
2026-07-24,2026-07-27,-0.0339697166270536,-0.0253470915067588,0.0253470915067588,True,0.0086226251202948,-0.023369801905471783,0.023369801905471783,True,0.010599914721581817,True,False,False,both
2026-07-27,2026-07-28,0.0249347908797688,-0.0256634350451171,0.0256634350451171,False,0.0,-0.026470760074450556,0.026470760074450556,False,0.0,False,False,False,none
