forecast_date,target_date,method,actual_return,quantile_return,var,violation,runtime_seconds,config_id
2024-12-17,2024-12-18,ewma,0.0053839193988423004,-0.019383644182307203,0.019383644182307203,False,0.44581960001960397,ewma_d094
2024-12-17,2024-12-18,gradient_boosting,0.0053839193988423004,-0.020355131218475351,0.020355131218475351,False,106.31328299990855,gb_G04
2024-12-17,2024-12-18,historical_simulation,0.0053839193988423004,-0.017411337966226091,0.017411337966226091,False,0.28184160008095205,historical_w250
2024-12-18,2024-12-19,ewma,-0.0096222754623089997,-0.018917917181852928,0.018917917181852928,False,0.44581960001960397,ewma_d094
2024-12-18,2024-12-19,gradient_boosting,-0.0096222754623089997,-0.018976631604272487,0.018976631604272487,False,106.31328299990855,gb_G04
2024-12-18,2024-12-19,historical_simulation,-0.0096222754623089997,-0.017088385227830519,0.017088385227830519,False,0.28184160008095205,historical_w250
2024-12-19,2024-12-20,ewma,0.0057387052263465996,-0.018746850843607225,0.018746850843607225,False,0.44581960001960397,ewma_d094
2024-12-19,2024-12-20,gradient_boosting,0.0057387052263465996,-0.018862836357278485,0.018862836357278485,False,106.31328299990855,gb_G04
2024-12-19,2024-12-20,historical_simulation,0.0057387052263465996,-0.017088385227830519,0.017088385227830519,False,0.28184160008095205,historical_w250
2024-12-20,2024-12-23,ewma,0.0065665132266042999,-0.018322221719262521,0.018322221719262521,False,0.44581960001960397,ewma_d094
2024-12-20,2024-12-23,gradient_boosting,0.0065665132266042999,-0.018710889279556043,0.018710889279556043,False,106.31328299990855,gb_G04
2024-12-20,2024-12-23,historical_simulation,0.0065665132266042999,-0.017088385227830519,0.017088385227830519,False,0.28184160008095205,historical_w250
2024-12-23,2024-12-24,ewma,-0.00069988300274370001,-0.01795998929494412,0.01795998929494412,False,0.44581960001960397,ewma_d094
2024-12-23,2024-12-24,gradient_boosting,-0.00069988300274370001,-0.023186075481197142,0.023186075481197142,False,106.31328299990855,gb_G04
2024-12-23,2024-12-24,historical_simulation,-0.00069988300274370001,-0.017088385227830519,0.017088385227830519,False,0.28184160008095205,historical_w250
2024-12-24,2024-12-25,ewma,0.0113665296215134,-0.017415138786020395,0.017415138786020395,False,0.44581960001960397,ewma_d094
2024-12-24,2024-12-25,gradient_boosting,0.0113665296215134,-0.019204306565765973,0.019204306565765973,False,106.31328299990855,gb_G04
2024-12-24,2024-12-25,historical_simulation,0.0113665296215134,-0.017088385227830519,0.017088385227830519,False,0.28184160008095205,historical_w250
2024-12-25,2024-12-26,ewma,-0.0077762282713583,-0.017494652979776558,0.017494652979776558,False,0.44581960001960397,ewma_d094
2024-12-25,2024-12-26,gradient_boosting,-0.0077762282713583,-0.023247088798404172,0.023247088798404172,False,106.31328299990855,gb_G04
2024-12-25,2024-12-26,historical_simulation,-0.0077762282713583,-0.017088385227830519,0.017088385227830519,False,0.28184160008095205,historical_w250
2024-12-26,2024-12-27,ewma,-0.0028345582539053,-0.017248632357716769,0.017248632357716769,False,0.44581960001960397,ewma_d094
2024-12-26,2024-12-27,gradient_boosting,-0.0028345582539053,-0.018874951020022811,0.018874951020022811,False,106.31328299990855,gb_G04
2024-12-26,2024-12-27,historical_simulation,-0.0028345582539053,-0.017088385227830519,0.017088385227830519,False,0.28184160008095205,historical_w250
2024-12-27,2024-12-30,ewma,-0.0015059929044343001,-0.016762120875515193,0.016762120875515193,False,0.44581960001960397,ewma_d094
2024-12-27,2024-12-30,gradient_boosting,-0.0015059929044343001,-0.019176264010115133,0.019176264010115133,False,106.31328299990855,gb_G04
2024-12-27,2024-12-30,historical_simulation,-0.0015059929044343001,-0.017088385227830519,0.017088385227830519,False,0.28184160008095205,historical_w250
2024-12-30,2024-12-31,ewma,0.0032454829990041,-0.016262802562858822,0.016262802562858822,False,0.44581960001960397,ewma_d094
2024-12-30,2024-12-31,gradient_boosting,0.0032454829990041,-0.018808117572182707,0.018808117572182707,False,106.31328299990855,gb_G04
2024-12-30,2024-12-31,historical_simulation,0.0032454829990041,-0.017088385227830519,0.017088385227830519,False,0.28184160008095205,historical_w250
2024-12-31,2025-01-02,ewma,0.0010889770833526001,-0.015821501119527293,0.015821501119527293,False,0.44581960001960397,ewma_d094
2024-12-31,2025-01-02,gradient_boosting,0.0010889770833526001,-0.019102379115613681,0.019102379115613681,False,106.31328299990855,gb_G04
2024-12-31,2025-01-02,historical_simulation,0.0010889770833526001,-0.017088385227830519,0.017088385227830519,False,0.28184160008095205,historical_w250
2025-01-02,2025-01-03,ewma,-0.0225400795601517,-0.015345788000629832,0.015345788000629832,True,0.44581960001960397,ewma_d094
2025-01-02,2025-01-03,gradient_boosting,-0.0225400795601517,-0.023074368865933101,0.023074368865933101,False,106.31328299990855,gb_G04
2025-01-02,2025-01-03,historical_simulation,-0.0225400795601517,-0.017088385227830519,0.017088385227830519,True,0.28184160008095205,historical_w250
2025-01-03,2025-01-06,ewma,-0.015332059099200599,-0.017430936287548437,0.017430936287548437,False,0.44581960001960397,ewma_d094
2025-01-03,2025-01-06,gradient_boosting,-0.015332059099200599,-0.027171144529171659,0.027171144529171659,False,106.31328299990855,gb_G04
2025-01-03,2025-01-06,historical_simulation,-0.015332059099200599,-0.017411337966226091,0.017411337966226091,False,0.28184160008095205,historical_w250
2025-01-06,2025-01-07,ewma,0.0023790216470740999,-0.017993530615177129,0.017993530615177129,False,0.44581960001960397,ewma_d094
2025-01-06,2025-01-07,gradient_boosting,0.0023790216470740999,-0.019365215437456607,0.019365215437456607,False,106.31328299990855,gb_G04
2025-01-06,2025-01-07,historical_simulation,0.0023790216470740999,-0.017411337966226091,0.017411337966226091,False,0.28184160008095205,historical_w250
2025-01-07,2025-01-08,ewma,0.0044331299374319004,-0.017471687850885331,0.017471687850885331,False,0.44581960001960397,ewma_d094
2025-01-07,2025-01-08,gradient_boosting,0.0044331299374319004,-0.019534376834472674,0.019534376834472674,False,106.31328299990855,gb_G04
2025-01-07,2025-01-08,historical_simulation,0.0044331299374319004,-0.017411337966226091,0.017411337966226091,False,0.28184160008095205,historical_w250
2025-01-08,2025-01-09,ewma,-0.0044299970570219,-0.017033336380077889,0.017033336380077889,False,0.44581960001960397,ewma_d094
2025-01-08,2025-01-09,gradient_boosting,-0.0044299970570219,-0.01751893678381691,0.01751893678381691,False,106.31328299990855,gb_G04
2025-01-08,2025-01-09,historical_simulation,-0.0044299970570219,-0.017411337966226091,0.017411337966226091,False,0.28184160008095205,historical_w250
2025-01-09,2025-01-10,ewma,-0.010203160027968099,-0.016610606018258995,0.016610606018258995,False,0.44581960001960397,ewma_d094
2025-01-09,2025-01-10,gradient_boosting,-0.010203160027968099,-0.022054998037919445,0.022054998037919445,False,106.31328299990855,gb_G04
2025-01-09,2025-01-10,historical_simulation,-0.010203160027968099,-0.017411337966226091,0.017411337966226091,False,0.28184160008095205,historical_w250
2025-01-10,2025-01-13,ewma,0.0040683024709266997,-0.016620982195311659,0.016620982195311659,False,0.44581960001960397,ewma_d094
2025-01-10,2025-01-13,gradient_boosting,0.0040683024709266997,-0.02221953543208767,0.02221953543208767,False,106.31328299990855,gb_G04
2025-01-10,2025-01-13,historical_simulation,0.0040683024709266997,-0.017411337966226091,0.017411337966226091,False,0.28184160008095205,historical_w250
2025-01-13,2025-01-14,ewma,-0.00695120952653,-0.016197790187819781,0.016197790187819781,False,0.44581960001960397,ewma_d094
2025-01-13,2025-01-14,gradient_boosting,-0.00695120952653,-0.017075030649289055,0.017075030649289055,False,106.31328299990855,gb_G04
2025-01-13,2025-01-14,historical_simulation,-0.00695120952653,-0.017411337966226091,0.017411337966226091,False,0.28184160008095205,historical_w250
2025-01-14,2025-01-15,ewma,0.0060395924698202,-0.015952119067799652,0.015952119067799652,False,0.44581960001960397,ewma_d094
2025-01-14,2025-01-15,gradient_boosting,0.0060395924698202,-0.018724772560848025,0.018724772560848025,False,106.31328299990855,gb_G04
2025-01-14,2025-01-15,historical_simulation,0.0060395924698202,-0.017411337966226091,0.017411337966226091,False,0.28184160008095205,historical_w250
2025-01-15,2025-01-16,ewma,0.0065917497517763001,-0.015656412446721103,0.015656412446721103,False,0.44581960001960397,ewma_d094
2025-01-15,2025-01-16,gradient_boosting,0.0065917497517763001,-0.01924726877316105,0.01924726877316105,False,106.31328299990855,gb_G04
2025-01-15,2025-01-16,historical_simulation,0.0065917497517763001,-0.017411337966226091,0.017411337966226091,False,0.28184160008095205,historical_w250
2025-01-16,2025-01-17,ewma,0.0076654057586352997,-0.015410042067689629,0.015410042067689629,False,0.44581960001960397,ewma_d094
2025-01-16,2025-01-17,gradient_boosting,0.0076654057586352997,-0.023390080050180107,0.023390080050180107,False,106.31328299990855,gb_G04
2025-01-16,2025-01-17,historical_simulation,0.0076654057586352997,-0.017411337966226091,0.017411337966226091,False,0.28184160008095205,historical_w250
2025-01-17,2025-01-20,ewma,0.00042421761159479999,-0.015256462381004343,0.015256462381004343,False,0.44581960001960397,ewma_d094
2025-01-17,2025-01-20,gradient_boosting,0.00042421761159479999,-0.018826239663548464,0.018826239663548464,False,106.31328299990855,gb_G04
2025-01-17,2025-01-20,historical_simulation,0.00042421761159479999,-0.017411337966226091,0.017411337966226091,False,0.28184160008095205,historical_w250
2025-01-20,2025-01-21,ewma,-0.00096796938018409997,-0.014792676539101914,0.014792676539101914,False,0.44581960001960397,ewma_d094
2025-01-20,2025-01-21,gradient_boosting,-0.00096796938018409997,-0.021128829429037689,0.021128829429037689,False,106.31328299990855,gb_G04
2025-01-20,2025-01-21,historical_simulation,-0.00096796938018409997,-0.017411337966226091,0.017411337966226091,False,0.28184160008095205,historical_w250
2025-01-21,2025-01-22,ewma,-0.0040504022425889999,-0.014347333632599447,0.014347333632599447,False,0.44581960001960397,ewma_d094
2025-01-21,2025-01-22,gradient_boosting,-0.0040504022425889999,-0.015187366170927703,0.015187366170927703,False,106.31328299990855,gb_G04
2025-01-21,2025-01-22,historical_simulation,-0.0040504022425889999,-0.017411337966226091,0.017411337966226091,False,0.28184160008095205,historical_w250
2025-01-22,2025-01-23,ewma,0.027014788782690199,-0.014005656462523988,0.014005656462523988,False,0.44581960001960397,ewma_d094
2025-01-22,2025-01-23,gradient_boosting,0.027014788782690199,-0.015814798102785754,0.015814798102785754,False,106.31328299990855,gb_G04
2025-01-22,2025-01-23,historical_simulation,0.027014788782690199,-0.017411337966226091,0.017411337966226091,False,0.28184160008095205,historical_w250
2025-01-23,2025-01-24,ewma,0.0018089611944557,-0.017402846096092071,0.017402846096092071,False,0.44581960001960397,ewma_d094
2025-01-23,2025-01-24,gradient_boosting,0.0018089611944557,-0.019333354808641134,0.019333354808641134,False,106.31328299990855,gb_G04
2025-01-23,2025-01-24,historical_simulation,0.0018089611944557,-0.017411337966226091,0.017411337966226091,False,0.28184160008095205,historical_w250
2025-01-24,2025-02-03,ewma,-0.0218202781796311,-0.016888419603133371,0.016888419603133371,True,0.44581960001960397,ewma_d094
2025-01-24,2025-02-03,gradient_boosting,-0.0218202781796311,-0.01939223436865041,0.01939223436865041,True,106.31328299990855,gb_G04
2025-01-24,2025-02-03,historical_simulation,-0.0218202781796311,-0.017411337966226091,0.017411337966226091,True,0.28184160008095205,historical_w250
2025-02-03,2025-02-04,ewma,0.0073817297515193997,-0.01858483606641009,0.01858483606641009,False,0.44581960001960397,ewma_d094
2025-02-03,2025-02-04,gradient_boosting,0.0073817297515193997,-0.019490214469050672,0.019490214469050672,False,106.31328299990855,gb_G04
2025-02-03,2025-02-04,historical_simulation,0.0073817297515193997,-0.017793156732650986,0.017793156732650986,False,0.28184160008095205,historical_w250
2025-02-04,2025-02-05,ewma,-0.0015461619871764999,-0.018262471267424064,0.018262471267424064,False,0.44581960001960397,ewma_d094
2025-02-04,2025-02-05,gradient_boosting,-0.0015461619871764999,-0.020557969198283833,0.020557969198283833,False,106.31328299990855,gb_G04
2025-02-04,2025-02-05,historical_simulation,-0.0015461619871764999,-0.017793156732650986,0.017793156732650986,False,0.28184160008095205,historical_w250
2025-02-05,2025-02-06,ewma,-0.0012164630020381,-0.017717078214498437,0.017717078214498437,False,0.44581960001960397,ewma_d094
2025-02-05,2025-02-06,gradient_boosting,-0.0012164630020381,-0.019795496776449376,0.019795496776449376,False,106.31328299990855,gb_G04
2025-02-05,2025-02-06,historical_simulation,-0.0012164630020381,-0.017793156732650986,0.017793156732650986,False,0.28184160008095205,historical_w250
2025-02-06,2025-02-07,ewma,-0.0039215384030136004,-0.017184335475646198,0.017184335475646198,False,0.44581960001960397,ewma_d094
2025-02-06,2025-02-07,gradient_boosting,-0.0039215384030136004,-0.018977390032986683,0.018977390032986683,False,106.31328299990855,gb_G04
2025-02-06,2025-02-07,historical_simulation,-0.0039215384030136004,-0.017793156732650986,0.017793156732650986,False,0.28184160008095205,historical_w250
2025-02-07,2025-02-10,ewma,-0.033451813252453701,-0.016735582710555731,0.016735582710555731,True,0.44581960001960397,ewma_d094
2025-02-07,2025-02-10,gradient_boosting,-0.033451813252453701,-0.024254022762496764,0.024254022762496764,True,106.31328299990855,gb_G04
2025-02-07,2025-02-10,historical_simulation,-0.033451813252453701,-0.017793156732650986,0.017793156732650986,True,0.28184160008095205,historical_w250
2025-02-10,2025-02-11,ewma,0.0113516485942213,-0.021093340123591729,0.021093340123591729,False,0.44581960001960397,ewma_d094
2025-02-10,2025-02-11,gradient_boosting,0.0113516485942213,-0.022347370121555986,0.022347370121555986,False,106.31328299990855,gb_G04
2025-02-10,2025-02-11,historical_simulation,0.0113516485942213,-0.018428383051113741,0.018428383051113741,False,0.28184160008095205,historical_w250
2025-02-11,2025-02-12,ewma,-0.0041631508002139004,-0.020955940099194867,0.020955940099194867,False,0.44581960001960397,ewma_d094
2025-02-11,2025-02-12,gradient_boosting,-0.0041631508002139004,-0.020605631501775471,0.020605631501775471,False,106.31328299990855,gb_G04
2025-02-11,2025-02-12,historical_simulation,-0.0041631508002139004,-0.018428383051113741,0.018428383051113741,False,0.28184160008095205,historical_w250
2025-02-12,2025-02-13,ewma,-0.013171996089286601,-0.020386658877507159,0.020386658877507159,False,0.44581960001960397,ewma_d094
2025-02-12,2025-02-13,gradient_boosting,-0.013171996089286601,-0.019308498720348632,0.019308498720348632,False,106.31328299990855,gb_G04
2025-02-12,2025-02-13,historical_simulation,-0.013171996089286601,-0.018428383051113741,0.018428383051113741,False,0.28184160008095205,historical_w250
2025-02-13,2025-02-14,ewma,0.0092188578130708992,-0.020465675076684599,0.020465675076684599,False,0.44581960001960397,ewma_d094
2025-02-13,2025-02-14,gradient_boosting,0.0092188578130708992,-0.019595456315217905,0.019595456315217905,False,106.31328299990855,gb_G04
2025-02-13,2025-02-14,historical_simulation,0.0092188578130708992,-0.018428383051113741,0.018428383051113741,False,0.28184160008095205,historical_w250
2025-02-14,2025-02-17,ewma,-0.0088853572886208008,-0.020186863088350541,0.020186863088350541,False,0.44581960001960397,ewma_d094
2025-02-14,2025-02-17,gradient_boosting,-0.0088853572886208008,-0.025040218199392165,0.025040218199392165,False,106.31328299990855,gb_G04
2025-02-14,2025-02-17,historical_simulation,-0.0088853572886208008,-0.018428383051113741,0.018428383051113741,False,0.28184160008095205,historical_w250
2025-02-17,2025-02-18,ewma,0.0080735626728075001,-0.019896606873511705,0.019896606873511705,False,0.44581960001960397,ewma_d094
2025-02-17,2025-02-18,gradient_boosting,0.0080735626728075001,-0.018839568970031542,0.018839568970031542,False,106.31328299990855,gb_G04
2025-02-17,2025-02-18,historical_simulation,0.0080735626728075001,-0.018428383051113741,0.018428383051113741,False,0.28184160008095205,historical_w250
2025-02-18,2025-02-19,ewma,0.0076802726053762996,-0.019562814174426433,0.019562814174426433,False,0.44581960001960397,ewma_d094
2025-02-18,2025-02-19,gradient_boosting,0.0076802726053762996,-0.019552025452826617,0.019552025452826617,False,106.31328299990855,gb_G04
2025-02-18,2025-02-19,historical_simulation,0.0076802726053762996,-0.018428383051113741,0.018428383051113741,False,0.28184160008095205,historical_w250
2025-02-19,2025-02-20,ewma,0.0035868956600501002,-0.019217620118670634,0.019217620118670634,False,0.44581960001960397,ewma_d094
2025-02-19,2025-02-20,gradient_boosting,0.0035868956600501002,-0.02470177213977949,0.02470177213977949,False,106.31328299990855,gb_G04
2025-02-19,2025-02-20,historical_simulation,0.0035868956600501002,-0.018428383051113741,0.018428383051113741,False,0.28184160008095205,historical_w250
2025-02-20,2025-02-21,ewma,0.0047282205117928,-0.018688136606581213,0.018688136606581213,False,0.44581960001960397,ewma_d094
2025-02-20,2025-02-21,gradient_boosting,0.0047282205117928,-0.01932471175448764,0.01932471175448764,False,106.31328299990855,gb_G04
2025-02-20,2025-02-21,historical_simulation,0.0047282205117928,-0.018428383051113741,0.018428383051113741,False,0.28184160008095205,historical_w250
2025-02-21,2025-02-24,ewma,0.0139691243969466,-0.018218693197894004,0.018218693197894004,False,0.44581960001960397,ewma_d094
2025-02-21,2025-02-24,gradient_boosting,0.0139691243969466,-0.022837193803412491,0.022837193803412491,False,106.31328299990855,gb_G04
2025-02-21,2025-02-24,historical_simulation,0.0139691243969466,-0.018428383051113741,0.018428383051113741,False,0.28184160008095205,historical_w250
2025-02-24,2025-02-25,ewma,-0.0065666523204143002,-0.018538676905888431,0.018538676905888431,False,0.44581960001960397,ewma_d094
2025-02-24,2025-02-25,gradient_boosting,-0.0065666523204143002,-0.019000007524658021,0.019000007524658021,False,106.31328299990855,gb_G04
2025-02-24,2025-02-25,historical_simulation,-0.0065666523204143002,-0.018428383051113741,0.018428383051113741,False,0.28184160008095205,historical_w250
2025-02-25,2025-02-26,ewma,0.0120885938670594,-0.018167595348420329,0.018167595348420329,False,0.44581960001960397,ewma_d094
2025-02-25,2025-02-26,gradient_boosting,0.0120885938670594,-0.019123312889366969,0.019123312889366969,False,106.31328299990855,gb_G04
2025-02-25,2025-02-26,historical_simulation,0.0120885938670594,-0.018428383051113741,0.018428383051113741,False,0.28184160008095205,historical_w250
2025-02-26,2025-02-27,ewma,0.0066443754464500003,-0.018275124055200632,0.018275124055200632,False,0.44581960001960397,ewma_d094
2025-02-26,2025-02-27,gradient_boosting,0.0066443754464500003,-0.01848972224873846,0.01848972224873846,False,106.31328299990855,gb_G04
2025-02-26,2025-02-27,historical_simulation,0.0066443754464500003,-0.018428383051113741,0.018428383051113741,False,0.28184160008095205,historical_w250
2025-02-27,2025-02-28,ewma,-0.0094115688383189997,-0.017919485623034075,0.017919485623034075,False,0.44581960001960397,ewma_d094
2025-02-27,2025-02-28,gradient_boosting,-0.0094115688383189997,-0.019033147403296674,0.019033147403296674,False,106.31328299990855,gb_G04
2025-02-27,2025-02-28,historical_simulation,-0.0094115688383189997,-0.018428383051113741,0.018428383051113741,False,0.28184160008095205,historical_w250
2025-02-28,2025-03-03,ewma,0.0040066729904168,-0.017782590485952897,0.017782590485952897,False,0.44581960001960397,ewma_d094
2025-02-28,2025-03-03,gradient_boosting,0.0040066729904168,-0.018954291112859019,0.018954291112859019,False,106.31328299990855,gb_G04
2025-02-28,2025-03-03,historical_simulation,0.0040066729904168,-0.018428383051113741,0.018428383051113741,False,0.28184160008095205,historical_w250
2025-03-03,2025-03-04,ewma,0.00038952131751720002,-0.01731627234203436,0.01731627234203436,False,0.44581960001960397,ewma_d094
2025-03-03,2025-03-04,gradient_boosting,0.00038952131751720002,-0.02018487098532528,0.02018487098532528,False,106.31328299990855,gb_G04
2025-03-03,2025-03-04,historical_simulation,0.00038952131751720002,-0.018428383051113741,0.018428383051113741,False,0.28184160008095205,historical_w250
2025-03-04,2025-03-05,ewma,-0.0051723606847522002,-0.016789482444981664,0.016789482444981664,False,0.44581960001960397,ewma_d094
2025-03-04,2025-03-05,gradient_boosting,-0.0051723606847522002,-0.019105532804782294,0.019105532804782294,False,106.31328299990855,gb_G04
2025-03-04,2025-03-05,historical_simulation,-0.0051723606847522002,-0.018428383051113741,0.018428383051113741,False,0.28184160008095205,historical_w250
2025-03-05,2025-03-06,ewma,0.023766531700306098,-0.016410863868461467,0.016410863868461467,False,0.44581960001960397,ewma_d094
2025-03-05,2025-03-06,gradient_boosting,0.023766531700306098,-0.019213010627677499,0.019213010627677499,False,106.31328299990855,gb_G04
2025-03-05,2025-03-06,historical_simulation,0.023766531700306098,-0.018428383051113741,0.018428383051113741,False,0.28184160008095205,historical_w250
2025-03-06,2025-03-07,ewma,0.00067552232490549998,-0.018570156676501443,0.018570156676501443,False,0.44581960001960397,ewma_d094
2025-03-06,2025-03-07,gradient_boosting,0.00067552232490549998,-0.023975920326018939,0.023975920326018939,False,106.31328299990855,gb_G04
2025-03-06,2025-03-07,historical_simulation,0.00067552232490549998,-0.018428383051113741,0.018428383051113741,False,0.28184160008095205,historical_w250
2025-03-07,2025-03-10,ewma,-0.0044658912818104001,-0.01800649197250475,0.01800649197250475,False,0.44581960001960397,ewma_d094
2025-03-07,2025-03-10,gradient_boosting,-0.0044658912818104001,-0.018942843896589682,0.018942843896589682,False,106.31328299990855,gb_G04
2025-03-07,2025-03-10,historical_simulation,-0.0044658912818104001,-0.018428383051113741,0.018428383051113741,False,0.28184160008095205,historical_w250
2025-03-10,2025-03-11,ewma,0.0021768276190319001,-0.017550422203108977,0.017550422203108977,False,0.44581960001960397,ewma_d094
2025-03-10,2025-03-11,gradient_boosting,0.0021768276190319001,-0.018855169853577457,0.018855169853577457,False,106.31328299990855,gb_G04
2025-03-10,2025-03-11,historical_simulation,0.0021768276190319001,-0.018428383051113741,0.018428383051113741,False,0.28184160008095205,historical_w250
2025-03-11,2025-03-12,ewma,-0.0095818029442752001,-0.017038353973806226,0.017038353973806226,False,0.44581960001960397,ewma_d094
2025-03-11,2025-03-12,gradient_boosting,-0.0095818029442752001,-0.019623422223347658,0.019623422223347658,False,106.31328299990855,gb_G04
2025-03-11,2025-03-12,historical_simulation,-0.0095818029442752001,-0.017793156732650986,0.017793156732650986,False,0.28184160008095205,historical_w250
2025-03-12,2025-03-13,ewma,-0.0060262814110890999,-0.01696440645222632,0.01696440645222632,False,0.44581960001960397,ewma_d094
2025-03-12,2025-03-13,gradient_boosting,-0.0060262814110890999,-0.019843870423108253,0.019843870423108253,False,106.31328299990855,gb_G04
2025-03-12,2025-03-13,historical_simulation,-0.0060262814110890999,-0.017793156732650986,0.017793156732650986,False,0.28184160008095205,historical_w250
2025-03-13,2025-03-14,ewma,-0.0142231559578022,-0.016625850445784306,0.016625850445784306,False,0.44581960001960397,ewma_d094
2025-03-13,2025-03-14,gradient_boosting,-0.0142231559578022,-0.018834263336282329,0.018834263336282329,False,106.31328299990855,gb_G04
2025-03-13,2025-03-14,historical_simulation,-0.0142231559578022,-0.017793156732650986,0.017793156732650986,False,0.28184160008095205,historical_w250
2025-03-14,2025-03-17,ewma,0.0027057226566521001,-0.017107698778422952,0.017107698778422952,False,0.44581960001960397,ewma_d094
2025-03-14,2025-03-17,gradient_boosting,0.0027057226566521001,-0.019309681817022781,0.019309681817022781,False,106.31328299990855,gb_G04
2025-03-14,2025-03-17,historical_simulation,0.0027057226566521001,-0.017793156732650986,0.017793156732650986,False,0.28184160008095205,historical_w250
2025-03-17,2025-03-18,ewma,-0.0039509490851117003,-0.016622315799101568,0.016622315799101568,False,0.44581960001960397,ewma_d094
2025-03-17,2025-03-18,gradient_boosting,-0.0039509490851117003,-0.020585247449263318,0.020585247449263318,False,106.31328299990855,gb_G04
2025-03-17,2025-03-18,historical_simulation,-0.0039509490851117003,-0.017793156732650986,0.017793156732650986,False,0.28184160008095205,historical_w250
2025-03-18,2025-03-19,ewma,-0.030470374469276602,-0.016194360480033528,0.016194360480033528,True,0.44581960001960397,ewma_d094
2025-03-18,2025-03-19,gradient_boosting,-0.030470374469276602,-0.02403381449804106,0.02403381449804106,True,106.31328299990855,gb_G04
2025-03-18,2025-03-19,historical_simulation,-0.030470374469276602,-0.017793156732650986,0.017793156732650986,True,0.28184160008095205,historical_w250
2025-03-19,2025-03-20,ewma,0.0025341517040167001,-0.019930844499737619,0.019930844499737619,False,0.44581960001960397,ewma_d094
2025-03-19,2025-03-20,gradient_boosting,0.0025341517040167001,-0.022090439073375892,0.022090439073375892,False,106.31328299990855,gb_G04
2025-03-19,2025-03-20,historical_simulation,0.0025341517040167001,-0.017793156732650986,0.017793156732650986,False,0.28184160008095205,historical_w250
2025-03-20,2025-03-21,ewma,0.0096407961595015995,-0.019350626256797239,0.019350626256797239,False,0.44581960001960397,ewma_d094
2025-03-20,2025-03-21,gradient_boosting,0.0096407961595015995,-0.026295658574146778,0.026295658574146778,False,106.31328299990855,gb_G04
2025-03-20,2025-03-21,historical_simulation,0.0096407961595015995,-0.017793156732650986,0.017793156732650986,False,0.28184160008095205,historical_w250
2025-03-21,2025-03-24,ewma,0.0026290557050509,-0.019159016898000876,0.019159016898000876,False,0.44581960001960397,ewma_d094
2025-03-21,2025-03-24,gradient_boosting,0.0026290557050509,-0.01901406788062264,0.01901406788062264,False,106.31328299990855,gb_G04
2025-03-21,2025-03-24,historical_simulation,0.0026290557050509,-0.017793156732650986,0.017793156732650986,False,0.28184160008095205,historical_w250
2025-03-24,2025-03-25,ewma,-0.004675436174038,-0.018605533720889317,0.018605533720889317,False,0.44581960001960397,ewma_d094
2025-03-24,2025-03-25,gradient_boosting,-0.004675436174038,-0.018635890469271218,0.018635890469271218,False,106.31328299990855,gb_G04
2025-03-24,2025-03-25,historical_simulation,-0.004675436174038,-0.017793156732650986,0.017793156732650986,False,0.28184160008095205,historical_w250
2025-03-25,2025-03-26,ewma,-0.0033001742656986999,-0.018136826475052964,0.018136826475052964,False,0.44581960001960397,ewma_d094
2025-03-25,2025-03-26,gradient_boosting,-0.0033001742656986999,-0.024970512631827431,0.024970512631827431,False,106.31328299990855,gb_G04
2025-03-25,2025-03-26,historical_simulation,-0.0033001742656986999,-0.017793156732650986,0.017793156732650986,False,0.28184160008095205,historical_w250
2025-03-26,2025-03-27,ewma,0.0058369292982594998,-0.017634505803006826,0.017634505803006826,False,0.44581960001960397,ewma_d094
2025-03-26,2025-03-27,gradient_boosting,0.0058369292982594998,-0.018912211073106359,0.018912211073106359,False,106.31328299990855,gb_G04
2025-03-26,2025-03-27,historical_simulation,0.0058369292982594998,-0.017793156732650986,0.017793156732650986,False,0.28184160008095205,historical_w250
2025-03-27,2025-03-28,ewma,-0.0133409430464879,-0.017258269830241483,0.017258269830241483,False,0.44581960001960397,ewma_d094
2025-03-27,2025-03-28,gradient_boosting,-0.0133409430464879,-0.018808423719442181,0.018808423719442181,False,106.31328299990855,gb_G04
2025-03-27,2025-03-28,historical_simulation,-0.0133409430464879,-0.017793156732650986,0.017793156732650986,False,0.28184160008095205,historical_w250
2025-03-28,2025-03-31,ewma,-0.017511430709733999,-0.017574671715685896,0.017574671715685896,False,0.44581960001960397,ewma_d094
2025-03-28,2025-03-31,gradient_boosting,-0.017511430709733999,-0.018649480051098288,0.018649480051098288,False,106.31328299990855,gb_G04
2025-03-28,2025-03-31,historical_simulation,-0.017511430709733999,-0.017793156732650986,0.017793156732650986,False,0.28184160008095205,historical_w250
2025-03-31,2025-04-01,ewma,-0.0004583336929923,-0.018442241407454492,0.018442241407454492,False,0.44581960001960397,ewma_d094
2025-03-31,2025-04-01,gradient_boosting,-0.0004583336929923,-0.020299521387885718,0.020299521387885718,False,106.31328299990855,gb_G04
2025-03-31,2025-04-01,historical_simulation,-0.0004583336929923,-0.017793156732650986,0.017793156732650986,False,0.28184160008095205,historical_w250
2025-04-01,2025-04-02,ewma,0.0084672425129049995,-0.017881370003920774,0.017881370003920774,False,0.44581960001960397,ewma_d094
2025-04-01,2025-04-02,gradient_boosting,0.0084672425129049995,-0.023202221430219598,0.023202221430219598,False,106.31328299990855,gb_G04
2025-04-01,2025-04-02,historical_simulation,0.0084672425129049995,-0.017793156732650986,0.017793156732650986,False,0.28184160008095205,historical_w250
2025-04-02,2025-04-03,ewma,-0.069839864742783503,-0.017669100015230001,0.017669100015230001,True,0.44581960001960397,ewma_d094
2025-04-02,2025-04-03,gradient_boosting,-0.069839864742783503,-0.019924542720263044,0.019924542720263044,True,106.31328299990855,gb_G04
2025-04-02,2025-04-03,historical_simulation,-0.069839864742783503,-0.017793156732650986,0.017793156732650986,True,0.28184160008095205,historical_w250
2025-04-03,2025-04-04,ewma,-0.022986353529917201,-0.032943282828840514,0.032943282828840514,False,0.44581960001960397,ewma_d094
2025-04-03,2025-04-04,gradient_boosting,-0.022986353529917201,-0.042428496799451883,0.042428496799451883,False,106.31328299990855,gb_G04
2025-04-03,2025-04-04,historical_simulation,-0.022986353529917201,-0.018428383051113741,0.018428383051113741,True,0.28184160008095205,historical_w250
2025-04-04,2025-04-08,ewma,-0.069299318189927503,-0.033255320893158503,0.033255320893158503,True,0.44581960001960397,ewma_d094
2025-04-04,2025-04-08,gradient_boosting,-0.069299318189927503,-0.031015403438636163,0.031015403438636163,True,106.31328299990855,gb_G04
2025-04-04,2025-04-08,historical_simulation,-0.069299318189927503,-0.018428383051113741,0.018428383051113741,True,0.28184160008095205,historical_w250
2025-04-08,2025-04-09,ewma,-0.0422980428547177,-0.042651456815009044,0.042651456815009044,False,0.44581960001960397,ewma_d094
2025-04-08,2025-04-09,gradient_boosting,-0.0422980428547177,-0.035667159159738136,0.035667159159738136,True,106.31328299990855,gb_G04
2025-04-08,2025-04-09,historical_simulation,-0.0422980428547177,-0.020395738067256908,0.020395738067256908,True,0.28184160008095205,historical_w250
2025-04-09,2025-04-10,ewma,0.068877774487325696,-0.044726180203967035,0.044726180203967035,False,0.44581960001960397,ewma_d094
2025-04-09,2025-04-10,gradient_boosting,0.068877774487325696,-0.040577003280922834,0.040577003280922834,False,106.31328299990855,gb_G04
2025-04-09,2025-04-10,historical_simulation,0.068877774487325696,-0.021742302932598597,0.021742302932598597,False,0.28184160008095205,historical_w250
2025-04-10,2025-04-11,ewma,0.063406464598162599,-0.051483348846084132,0.051483348846084132,False,0.44581960001960397,ewma_d094
2025-04-10,2025-04-11,gradient_boosting,0.063406464598162599,-0.03348849323213518,0.03348849323213518,False,106.31328299990855,gb_G04
2025-04-10,2025-04-11,historical_simulation,0.063406464598162599,-0.021742302932598597,0.021742302932598597,False,0.28184160008095205,historical_w250
2025-04-11,2025-04-14,ewma,0.037700578295220603,-0.056072647728632012,0.056072647728632012,False,0.44581960001960397,ewma_d094
2025-04-11,2025-04-14,gradient_boosting,0.037700578295220603,-0.035310613924141067,0.035310613924141067,False,106.31328299990855,gb_G04
2025-04-11,2025-04-14,historical_simulation,0.037700578295220603,-0.021742302932598597,0.021742302932598597,False,0.28184160008095205,historical_w250
2025-04-14,2025-04-15,ewma,0.0024704546665769,-0.056446630577662971,0.056446630577662971,False,0.44581960001960397,ewma_d094
2025-04-14,2025-04-15,gradient_boosting,0.0024704546665769,-0.034626170737604343,0.034626170737604343,False,106.31328299990855,gb_G04
2025-04-14,2025-04-15,historical_simulation,0.0024704546665769,-0.021742302932598597,0.021742302932598597,False,0.28184160008095205,historical_w250
2025-04-15,2025-04-16,ewma,-0.029531136557232,-0.054736089712379088,0.054736089712379088,False,0.44581960001960397,ewma_d094
2025-04-15,2025-04-16,gradient_boosting,-0.029531136557232,-0.039228724428392016,0.039228724428392016,False,106.31328299990855,gb_G04
2025-04-15,2025-04-16,historical_simulation,-0.029531136557232,-0.021742302932598597,0.021742302932598597,True,0.28184160008095205,historical_w250
2025-04-16,2025-04-17,ewma,0.0046230049532194999,-0.054386077897276411,0.054386077897276411,False,0.44581960001960397,ewma_d094
2025-04-16,2025-04-17,gradient_boosting,0.0046230049532194999,-0.035743772352696393,0.035743772352696393,False,106.31328299990855,gb_G04
2025-04-16,2025-04-17,historical_simulation,0.0046230049532194999,-0.02209885648989806,0.02209885648989806,False,0.28184160008095205,historical_w250
2025-04-17,2025-04-18,ewma,0.0026005105438235,-0.052762146864613925,0.052762146864613925,False,0.44581960001960397,ewma_d094
2025-04-17,2025-04-18,gradient_boosting,0.0026005105438235,-0.030953463164456147,0.030953463164456147,False,106.31328299990855,gb_G04
2025-04-17,2025-04-18,historical_simulation,0.0026005105438235,-0.021742302932598597,0.021742302932598597,False,0.28184160008095205,historical_w250
2025-04-18,2025-04-21,ewma,-0.0097435394199689995,-0.05116552836324207,0.05116552836324207,False,0.44581960001960397,ewma_d094
2025-04-18,2025-04-21,gradient_boosting,-0.0097435394199689995,-0.027649645844899165,0.027649645844899165,False,106.31328299990855,gb_G04
2025-04-18,2025-04-21,historical_simulation,-0.0097435394199689995,-0.021742302932598597,0.021742302932598597,False,0.28184160008095205,historical_w250
2025-04-21,2025-04-22,ewma,0.0075855150650647003,-0.04976191228746784,0.04976191228746784,False,0.44581960001960397,ewma_d094
2025-04-21,2025-04-22,gradient_boosting,0.0075855150650647003,-0.025821282467686606,0.025821282467686606,False,106.31328299990855,gb_G04
2025-04-21,2025-04-22,historical_simulation,0.0075855150650647003,-0.021742302932598597,0.021742302932598597,False,0.28184160008095205,historical_w250
2025-04-22,2025-04-23,ewma,0.015373552286222201,-0.048342669187324626,0.048342669187324626,False,0.44581960001960397,ewma_d094
2025-04-22,2025-04-23,gradient_boosting,0.015373552286222201,-0.027782690010420996,0.027782690010420996,False,106.31328299990855,gb_G04
2025-04-22,2025-04-23,historical_simulation,0.015373552286222201,-0.021742302932598597,0.021742302932598597,False,0.28184160008095205,historical_w250
2025-04-23,2025-04-24,ewma,0.0105876465941865,-0.04727747375376351,0.04727747375376351,False,0.44581960001960397,ewma_d094
2025-04-23,2025-04-24,gradient_boosting,0.0105876465941865,-0.026219251742204328,0.026219251742204328,False,106.31328299990855,gb_G04
2025-04-23,2025-04-24,historical_simulation,0.0105876465941865,-0.021742302932598597,0.021742302932598597,False,0.28184160008095205,historical_w250
2025-04-24,2025-04-25,ewma,0.0069145986815193003,-0.046035281642936889,0.046035281642936889,False,0.44581960001960397,ewma_d094
2025-04-24,2025-04-25,gradient_boosting,0.0069145986815193003,-0.032270518626754605,0.032270518626754605,False,106.31328299990855,gb_G04
2025-04-24,2025-04-25,historical_simulation,0.0069145986815193003,-0.021742302932598597,0.021742302932598597,False,0.28184160008095205,historical_w250
2025-04-25,2025-04-28,ewma,-0.0069040108458571,-0.044719724064840219,0.044719724064840219,False,0.44581960001960397,ewma_d094
2025-04-25,2025-04-28,gradient_boosting,-0.0069040108458571,-0.031132990951345564,0.031132990951345564,False,106.31328299990855,gb_G04
2025-04-25,2025-04-28,historical_simulation,-0.0069040108458571,-0.021742302932598597,0.021742302932598597,False,0.28184160008095205,historical_w250
2025-04-28,2025-04-29,ewma,-0.0029867399941777002,-0.043446520462614928,0.043446520462614928,False,0.44581960001960397,ewma_d094
2025-04-28,2025-04-29,gradient_boosting,-0.0029867399941777002,-0.026553962372679613,0.026553962372679613,False,106.31328299990855,gb_G04
2025-04-28,2025-04-29,historical_simulation,-0.0029867399941777002,-0.021742302932598597,0.021742302932598597,False,0.28184160008095205,historical_w250
2025-04-29,2025-05-05,ewma,0.0012869677891865999,-0.042140149960694234,0.042140149960694234,False,0.44581960001960397,ewma_d094
2025-04-29,2025-05-05,gradient_boosting,0.0012869677891865999,-0.026758452480516112,0.026758452480516112,False,106.31328299990855,gb_G04
2025-04-29,2025-05-05,historical_simulation,0.0012869677891865999,-0.021742302932598597,0.021742302932598597,False,0.28184160008095205,historical_w250
2025-05-05,2025-05-06,ewma,-0.0024534062738862999,-0.040859681516460827,0.040859681516460827,False,0.44581960001960397,ewma_d094
2025-05-05,2025-05-06,gradient_boosting,-0.0024534062738862999,-0.027221020793512039,0.027221020793512039,False,106.31328299990855,gb_G04
2025-05-05,2025-05-06,historical_simulation,-0.0024534062738862999,-0.021742302932598597,0.021742302932598597,False,0.28184160008095205,historical_w250
2025-05-06,2025-05-07,ewma,-0.0029182411309528001,-0.039627261727492293,0.039627261727492293,False,0.44581960001960397,ewma_d094
2025-05-06,2025-05-07,gradient_boosting,-0.0029182411309528001,-0.028796449946130821,0.028796449946130821,False,106.31328299990855,gb_G04
2025-05-06,2025-05-07,historical_simulation,-0.0029182411309528001,-0.021742302932598597,0.021742302932598597,False,0.28184160008095205,historical_w250
2025-05-07,2025-05-08,ewma,0.018935344247285501,-0.038438042685539263,0.038438042685539263,False,0.44581960001960397,ewma_d094
2025-05-07,2025-05-08,gradient_boosting,0.018935344247285501,-0.026834745843815785,0.026834745843815785,False,106.31328299990855,gb_G04
2025-05-07,2025-05-08,historical_simulation,0.018935344247285501,-0.021742302932598597,0.021742302932598597,False,0.28184160008095205,historical_w250
2025-05-08,2025-05-09,ewma,0.0049988438436587004,-0.038039953335781779,0.038039953335781779,False,0.44581960001960397,ewma_d094
2025-05-08,2025-05-09,gradient_boosting,0.0049988438436587004,-0.024474175864485942,0.024474175864485942,False,106.31328299990855,gb_G04
2025-05-08,2025-05-09,historical_simulation,0.0049988438436587004,-0.021742302932598597,0.021742302932598597,False,0.28184160008095205,historical_w250
2025-05-09,2025-05-12,ewma,0.0055171316291288,-0.036936055628349763,0.036936055628349763,False,0.44581960001960397,ewma_d094
2025-05-09,2025-05-12,gradient_boosting,0.0055171316291288,-0.027755684873845016,0.027755684873845016,False,106.31328299990855,gb_G04
2025-05-09,2025-05-12,historical_simulation,0.0055171316291288,-0.021742302932598597,0.021742302932598597,False,0.28184160008095205,historical_w250
2025-05-12,2025-05-13,ewma,0.023473702115781099,-0.035879758545907019,0.035879758545907019,False,0.44581960001960397,ewma_d094
2025-05-12,2025-05-13,gradient_boosting,0.023473702115781099,-0.024257510433235159,0.024257510433235159,False,106.31328299990855,gb_G04
2025-05-12,2025-05-13,historical_simulation,0.023473702115781099,-0.021742302932598597,0.021742302932598597,False,0.28184160008095205,historical_w250
2025-05-13,2025-05-14,ewma,0.026063494566190702,-0.036049456311266,0.036049456311266,False,0.44581960001960397,ewma_d094
2025-05-13,2025-05-14,gradient_boosting,0.026063494566190702,-0.023600173819499304,0.023600173819499304,False,106.31328299990855,gb_G04
2025-05-13,2025-05-14,historical_simulation,0.026063494566190702,-0.021742302932598597,0.021742302932598597,False,0.28184160008095205,historical_w250
2025-05-14,2025-05-15,ewma,-0.0018069261776133001,-0.036494697911752652,0.036494697911752652,False,0.44581960001960397,ewma_d094
2025-05-14,2025-05-15,gradient_boosting,-0.0018069261776133001,-0.021257644016278693,0.021257644016278693,False,106.31328299990855,gb_G04
2025-05-14,2025-05-15,historical_simulation,-0.0018069261776133001,-0.021742302932598597,0.021742302932598597,False,0.28184160008095205,historical_w250
2025-05-15,2025-05-16,ewma,-0.0177478453445079,-0.035390411274875813,0.035390411274875813,False,0.44581960001960397,ewma_d094
2025-05-15,2025-05-16,gradient_boosting,-0.0177478453445079,-0.021137935685003946,0.021137935685003946,False,106.31328299990855,gb_G04
2025-05-15,2025-05-16,historical_simulation,-0.0177478453445079,-0.021742302932598597,0.021742302932598597,False,0.28184160008095205,historical_w250
2025-05-16,2025-05-19,ewma,-0.0101714581129919,-0.035049462742695561,0.035049462742695561,False,0.44581960001960397,ewma_d094
2025-05-16,2025-05-19,gradient_boosting,-0.0101714581129919,-0.021396156218674942,0.021396156218674942,False,106.31328299990855,gb_G04
2025-05-16,2025-05-19,historical_simulation,-0.0101714581129919,-0.021742302932598597,0.021742302932598597,False,0.28184160008095205,historical_w250
2025-05-19,2025-05-20,ewma,0.0080428972432277004,-0.034227936631480264,0.034227936631480264,False,0.44581960001960397,ewma_d094
2025-05-19,2025-05-20,gradient_boosting,0.0080428972432277004,-0.023454916529733322,0.023454916529733322,False,106.31328299990855,gb_G04
2025-05-19,2025-05-20,historical_simulation,0.0080428972432277004,-0.021742302932598597,0.021742302932598597,False,0.28184160008095205,historical_w250
2025-05-20,2025-05-21,ewma,-0.0032844551075017999,-0.033343058510145469,0.033343058510145469,False,0.44581960001960397,ewma_d094
2025-05-20,2025-05-21,gradient_boosting,-0.0032844551075017999,-0.021627102642860854,0.021627102642860854,False,106.31328299990855,gb_G04
2025-05-20,2025-05-21,historical_simulation,-0.0032844551075017999,-0.021742302932598597,0.021742302932598597,False,0.28184160008095205,historical_w250
2025-05-21,2025-05-22,ewma,-0.0054689954004176001,-0.03235436855138038,0.03235436855138038,False,0.44581960001960397,ewma_d094
2025-05-21,2025-05-22,gradient_boosting,-0.0054689954004176001,-0.023520372365847586,0.023520372365847586,False,106.31328299990855,gb_G04
2025-05-21,2025-05-22,historical_simulation,-0.0054689954004176001,-0.021742302932598597,0.021742302932598597,False,0.28184160008095205,historical_w250
2025-05-22,2025-05-23,ewma,-0.0003518991569269,-0.031446020547627303,0.031446020547627303,False,0.44581960001960397,ewma_d094
2025-05-22,2025-05-23,gradient_boosting,-0.0003518991569269,-0.026756317908679338,0.026756317908679338,False,106.31328299990855,gb_G04
2025-05-22,2025-05-23,historical_simulation,-0.0003518991569269,-0.021742302932598597,0.021742302932598597,False,0.28184160008095205,historical_w250
2025-05-23,2025-05-26,ewma,0.0013913918504792999,-0.030488377751552245,0.030488377751552245,False,0.44581960001960397,ewma_d094
2025-05-23,2025-05-26,gradient_boosting,0.0013913918504792999,-0.026409586125329138,0.026409586125329138,False,106.31328299990855,gb_G04
2025-05-23,2025-05-26,historical_simulation,0.0013913918504792999,-0.021742302932598597,0.021742302932598597,False,0.28184160008095205,historical_w250
2025-05-26,2025-05-27,ewma,0.003848714314649,-0.029564894359895098,0.029564894359895098,False,0.44581960001960397,ewma_d094
2025-05-26,2025-05-27,gradient_boosting,0.003848714314649,-0.022064423743808428,0.022064423743808428,False,106.31328299990855,gb_G04
2025-05-26,2025-05-27,historical_simulation,0.003848714314649,-0.021742302932598597,0.021742302932598597,False,0.28184160008095205,historical_w250
2025-05-27,2025-05-28,ewma,-0.00051386767411440003,-0.028706141643969511,0.028706141643969511,False,0.44581960001960397,ewma_d094
2025-05-27,2025-05-28,gradient_boosting,-0.00051386767411440003,-0.022436255899582067,0.022436255899582067,False,106.31328299990855,gb_G04
2025-05-27,2025-05-28,historical_simulation,-0.00051386767411440003,-0.019957703011334649,0.019957703011334649,False,0.28184160008095205,historical_w250
2025-05-28,2025-05-29,ewma,-0.0048252030033552997,-0.02783240700235428,0.02783240700235428,False,0.44581960001960397,ewma_d094
2025-05-28,2025-05-29,gradient_boosting,-0.0048252030033552997,-0.021999560771407724,0.021999560771407724,False,106.31328299990855,gb_G04
2025-05-28,2025-05-29,historical_simulation,-0.0048252030033552997,-0.019957703011334649,0.019957703011334649,False,0.28184160008095205,historical_w250
2025-05-29,2025-05-30,ewma,-0.0105191343363331,-0.027054460433355243,0.027054460433355243,False,0.44581960001960397,ewma_d094
2025-05-29,2025-05-30,gradient_boosting,-0.0105191343363331,-0.023026848204241279,0.023026848204241279,False,106.31328299990855,gb_G04
2025-05-29,2025-05-30,historical_simulation,-0.0105191343363331,-0.019957703011334649,0.019957703011334649,False,0.28184160008095205,historical_w250
2025-05-30,2025-06-02,ewma,-0.0096845642597274007,-0.02657046589021167,0.02657046589021167,False,0.44581960001960397,ewma_d094
2025-05-30,2025-06-02,gradient_boosting,-0.0096845642597274007,-0.021762115646117911,0.021762115646117911,False,106.31328299990855,gb_G04
2025-05-30,2025-06-02,historical_simulation,-0.0096845642597274007,-0.019957703011334649,0.019957703011334649,False,0.28184160008095205,historical_w250
2025-06-02,2025-06-03,ewma,0.0171999523767172,-0.02605485714438089,0.02605485714438089,False,0.44581960001960397,ewma_d094
2025-06-02,2025-06-03,gradient_boosting,0.0171999523767172,-0.022473217515197569,0.022473217515197569,False,106.31328299990855,gb_G04
2025-06-02,2025-06-03,historical_simulation,0.0171999523767172,-0.019957703011334649,0.019957703011334649,False,0.28184160008095205,historical_w250
2025-06-03,2025-06-04,ewma,-0.0072491301605031996,-0.026194435641053084,0.026194435641053084,False,0.44581960001960397,ewma_d094
2025-06-03,2025-06-04,gradient_boosting,-0.0072491301605031996,-0.022575061411197934,0.022575061411197934,False,106.31328299990855,gb_G04
2025-06-03,2025-06-04,historical_simulation,-0.0072491301605031996,-0.019957703011334649,0.019957703011334649,False,0.28184160008095205,historical_w250
2025-06-04,2025-06-05,ewma,-0.0012861149178928001,-0.025563843830363406,0.025563843830363406,False,0.44581960001960397,ewma_d094
2025-06-04,2025-06-05,gradient_boosting,-0.0012861149178928001,-0.022563017763920949,0.022563017763920949,False,106.31328299990855,gb_G04
2025-06-04,2025-06-05,historical_simulation,-0.0012861149178928001,-0.019957703011334649,0.019957703011334649,False,0.28184160008095205,historical_w250
2025-06-05,2025-06-06,ewma,-0.0077431603996217001,-0.024790482401505425,0.024790482401505425,False,0.44581960001960397,ewma_d094
2025-06-05,2025-06-06,gradient_boosting,-0.0077431603996217001,-0.025931393890087154,0.025931393890087154,False,106.31328299990855,gb_G04
2025-06-05,2025-06-06,historical_simulation,-0.0077431603996217001,-0.019957703011334649,0.019957703011334649,False,0.28184160008095205,historical_w250
2025-06-06,2025-06-09,ewma,0.0067482337481070001,-0.024236890001741489,0.024236890001741489,False,0.44581960001960397,ewma_d094
2025-06-06,2025-06-09,gradient_boosting,0.0067482337481070001,-0.025872683125863317,0.025872683125863317,False,106.31328299990855,gb_G04
2025-06-06,2025-06-09,historical_simulation,0.0067482337481070001,-0.019957703011334649,0.019957703011334649,False,0.28184160008095205,historical_w250
2025-06-09,2025-06-10,ewma,0.0027104888102501001,-0.023655308832045901,0.023655308832045901,False,0.44581960001960397,ewma_d094
2025-06-09,2025-06-10,gradient_boosting,0.0027104888102501001,-0.021767428877323206,0.021767428877323206,False,106.31328299990855,gb_G04
2025-06-09,2025-06-10,historical_simulation,0.0027104888102501001,-0.019957703011334649,0.019957703011334649,False,0.28184160008095205,historical_w250
2025-06-10,2025-06-11,ewma,0.0073091096662791996,-0.022960658413880609,0.022960658413880609,False,0.44581960001960397,ewma_d094
2025-06-10,2025-06-11,gradient_boosting,0.0073091096662791996,-0.023562852826735724,0.023562852826735724,False,106.31328299990855,gb_G04
2025-06-10,2025-06-11,historical_simulation,0.0073091096662791996,-0.019957703011334649,0.019957703011334649,False,0.28184160008095205,historical_w250
2025-06-11,2025-06-12,ewma,0.0178351277987688,-0.022455124877013174,0.022455124877013174,False,0.44581960001960397,ewma_d094
2025-06-11,2025-06-12,gradient_boosting,0.0178351277987688,-0.020037352295137669,0.020037352295137669,False,106.31328299990855,gb_G04
2025-06-11,2025-06-12,historical_simulation,0.0178351277987688,-0.019957703011334649,0.019957703011334649,False,0.28184160008095205,historical_w250
2025-06-12,2025-06-13,ewma,-0.0111508595972082,-0.022926302445503383,0.022926302445503383,False,0.44581960001960397,ewma_d094
2025-06-12,2025-06-13,gradient_boosting,-0.0111508595972082,-0.023644483353436423,0.023644483353436423,False,106.31328299990855,gb_G04
2025-06-12,2025-06-13,historical_simulation,-0.0111508595972082,-0.019957703011334649,0.019957703011334649,False,0.28184160008095205,historical_w250
2025-06-13,2025-06-16,ewma,0.0206050485563378,-0.022677370452374248,0.022677370452374248,False,0.44581960001960397,ewma_d094
2025-06-13,2025-06-16,gradient_boosting,0.0206050485563378,-0.022217303008069289,0.022217303008069289,False,106.31328299990855,gb_G04
2025-06-13,2025-06-16,historical_simulation,0.0206050485563378,-0.019957703011334649,0.019957703011334649,False,0.28184160008095205,historical_w250
2025-06-16,2025-06-17,ewma,0.0012612183180161999,-0.023501671800350322,0.023501671800350322,False,0.44581960001960397,ewma_d094
2025-06-16,2025-06-17,gradient_boosting,0.0012612183180161999,-0.019665692995776685,0.019665692995776685,False,106.31328299990855,gb_G04
2025-06-16,2025-06-17,historical_simulation,0.0012612183180161999,-0.019957703011334649,0.019957703011334649,False,0.28184160008095205,historical_w250
2025-06-17,2025-06-18,ewma,-0.0049745407367636999,-0.022791381718584261,0.022791381718584261,False,0.44581960001960397,ewma_d094
2025-06-17,2025-06-18,gradient_boosting,-0.0049745407367636999,-0.020162692140401711,0.020162692140401711,False,106.31328299990855,gb_G04
2025-06-17,2025-06-18,historical_simulation,-0.0049745407367636999,-0.019957703011334649,0.019957703011334649,False,0.28184160008095205,historical_w250
2025-06-18,2025-06-19,ewma,-0.0044265777464665996,-0.022187774731117566,0.022187774731117566,False,0.44581960001960397,ewma_d094
2025-06-18,2025-06-19,gradient_boosting,-0.0044265777464665996,-0.02002578975623627,0.02002578975623627,False,106.31328299990855,gb_G04
2025-06-18,2025-06-19,historical_simulation,-0.0044265777464665996,-0.019957703011334649,0.019957703011334649,False,0.28184160008095205,historical_w250
2025-06-19,2025-06-20,ewma,0.0021412962676451998,-0.02158565142956903,0.02158565142956903,False,0.44581960001960397,ewma_d094
2025-06-19,2025-06-20,gradient_boosting,0.0021412962676451998,-0.025680287593860724,0.025680287593860724,False,106.31328299990855,gb_G04
2025-06-19,2025-06-20,historical_simulation,0.0021412962676451998,-0.019957703011334649,0.019957703011334649,False,0.28184160008095205,historical_w250
2025-06-20,2025-06-23,ewma,0.0023127441040993999,-0.02094584078252491,0.02094584078252491,False,0.44581960001960397,ewma_d094
2025-06-20,2025-06-23,gradient_boosting,0.0023127441040993999,-0.019816279838984721,0.019816279838984721,False,106.31328299990855,gb_G04
2025-06-20,2025-06-23,historical_simulation,0.0023127441040993999,-0.019957703011334649,0.019957703011334649,False,0.28184160008095205,historical_w250
2025-06-23,2025-06-24,ewma,0.0030360365310437998,-0.020329112956141589,0.020329112956141589,False,0.44581960001960397,ewma_d094
2025-06-23,2025-06-24,gradient_boosting,0.0030360365310437998,-0.020052681021078496,0.020052681021078496,False,106.31328299990855,gb_G04
2025-06-23,2025-06-24,historical_simulation,0.0030360365310437998,-0.019957703011334649,0.019957703011334649,False,0.28184160008095205,historical_w250
2025-06-24,2025-06-25,ewma,0.0047387677853844004,-0.019747728154606868,0.019747728154606868,False,0.44581960001960397,ewma_d094
2025-06-24,2025-06-25,gradient_boosting,0.0047387677853844004,-0.019884999870244679,0.019884999870244679,False,106.31328299990855,gb_G04
2025-06-24,2025-06-25,historical_simulation,0.0047387677853844004,-0.019957703011334649,0.019957703011334649,False,0.28184160008095205,historical_w250
2025-06-25,2025-06-26,ewma,-0.000713559650226,-0.019241094804972901,0.019241094804972901,False,0.44581960001960397,ewma_d094
2025-06-25,2025-06-26,gradient_boosting,-0.000713559650226,-0.019369315306209407,0.019369315306209407,False,106.31328299990855,gb_G04
2025-06-25,2025-06-26,historical_simulation,-0.000713559650226,-0.017827684184437816,0.017827684184437816,False,0.28184160008095205,historical_w250
2025-06-26,2025-06-27,ewma,0.0083658954181616008,-0.018657148764045749,0.018657148764045749,False,0.44581960001960397,ewma_d094
2025-06-26,2025-06-27,gradient_boosting,0.0083658954181616008,-0.01923071171898031,0.01923071171898031,False,106.31328299990855,gb_G04
2025-06-26,2025-06-27,historical_simulation,0.0083658954181616008,-0.017827684184437816,0.017827684184437816,False,0.28184160008095205,historical_w250
2025-06-27,2025-06-30,ewma,-0.0012578206282987999,-0.018400141738147122,0.018400141738147122,False,0.44581960001960397,ewma_d094
2025-06-27,2025-06-30,gradient_boosting,-0.0012578206282987999,-0.019405554906953733,0.019405554906953733,False,106.31328299990855,gb_G04
2025-06-27,2025-06-30,historical_simulation,-0.0012578206282987999,-0.017827684184437816,0.017827684184437816,False,0.28184160008095205,historical_w250
2025-06-30,2025-07-01,ewma,-0.0040498346761391,-0.017846796113301956,0.017846796113301956,False,0.44581960001960397,ewma_d094
2025-06-30,2025-07-01,gradient_boosting,-0.0040498346761391,-0.019463478687512227,0.019463478687512227,False,106.31328299990855,gb_G04
2025-06-30,2025-07-01,historical_simulation,-0.0040498346761391,-0.017827684184437816,0.017827684184437816,False,0.28184160008095205,historical_w250
2025-07-01,2025-07-02,ewma,0.0046089979887690997,-0.017379875915281909,0.017379875915281909,False,0.44581960001960397,ewma_d094
2025-07-01,2025-07-02,gradient_boosting,0.0046089979887690997,-0.015452611884046312,0.015452611884046312,False,106.31328299990855,gb_G04
2025-07-01,2025-07-02,historical_simulation,0.0046089979887690997,-0.017827684184437816,0.017827684184437816,False,0.28184160008095205,historical_w250
2025-07-02,2025-07-03,ewma,0.0043210675479904001,-0.016952430234905318,0.016952430234905318,False,0.44581960001960397,ewma_d094
2025-07-02,2025-07-03,gradient_boosting,0.0043210675479904001,-0.018765212611719255,0.018765212611719255,False,106.31328299990855,gb_G04
2025-07-02,2025-07-03,historical_simulation,0.0043210675479904001,-0.017827684184437816,0.017827684184437816,False,0.28184160008095205,historical_w250
2025-07-03,2025-07-04,ewma,0.0194303150254477,-0.016527940311637464,0.016527940311637464,False,0.44581960001960397,ewma_d094
2025-07-03,2025-07-04,gradient_boosting,0.0194303150254477,-0.017309092255493517,0.017309092255493517,False,106.31328299990855,gb_G04
2025-07-03,2025-07-04,historical_simulation,0.0194303150254477,-0.017827684184437816,0.017827684184437816,False,0.28184160008095205,historical_w250
2025-07-04,2025-07-07,ewma,0.0095209760093347001,-0.017834489924844547,0.017834489924844547,False,0.44581960001960397,ewma_d094
2025-07-04,2025-07-07,gradient_boosting,0.0095209760093347001,-0.01640692430599822,0.01640692430599822,False,106.31328299990855,gb_G04
2025-07-04,2025-07-07,historical_simulation,0.0095209760093347001,-0.017827684184437816,0.017827684184437816,False,0.28184160008095205,historical_w250
2025-07-07,2025-07-08,ewma,0.021051705239243899,-0.01771158307354722,0.01771158307354722,False,0.44581960001960397,ewma_d094
2025-07-07,2025-07-08,gradient_boosting,0.021051705239243899,-0.017224151639461682,0.017224151639461682,False,106.31328299990855,gb_G04
2025-07-07,2025-07-08,historical_simulation,0.021051705239243899,-0.017827684184437816,0.017827684184437816,False,0.28184160008095205,historical_w250
2025-07-08,2025-07-09,ewma,-0.0014316484547664001,-0.01915254037974562,0.01915254037974562,False,0.44581960001960397,ewma_d094
2025-07-08,2025-07-09,gradient_boosting,-0.0014316484547664001,-0.018885662194129713,0.018885662194129713,False,106.31328299990855,gb_G04
2025-07-08,2025-07-09,historical_simulation,-0.0014316484547664001,-0.017827684184437816,0.017827684184437816,False,0.28184160008095205,historical_w250
2025-07-09,2025-07-10,ewma,0.0098759745383562997,-0.018578033656384767,0.018578033656384767,False,0.44581960001960397,ewma_d094
2025-07-09,2025-07-10,gradient_boosting,0.0098759745383562997,-0.019668872871370993,0.019668872871370993,False,106.31328299990855,gb_G04
2025-07-09,2025-07-10,historical_simulation,0.0098759745383562997,-0.017827684184437816,0.017827684184437816,False,0.28184160008095205,historical_w250
2025-07-10,2025-07-11,ewma,0.0180663748417027,-0.018446349902089675,0.018446349902089675,False,0.44581960001960397,ewma_d094
2025-07-10,2025-07-11,gradient_boosting,0.0180663748417027,-0.019526445490843442,0.019526445490843442,False,106.31328299990855,gb_G04
2025-07-10,2025-07-11,historical_simulation,0.0180663748417027,-0.017827684184437816,0.017827684184437816,False,0.28184160008095205,historical_w250
2025-07-11,2025-07-14,ewma,0.0034104501394133999,-0.019308964964258588,0.019308964964258588,False,0.44581960001960397,ewma_d094
2025-07-11,2025-07-14,gradient_boosting,0.0034104501394133999,-0.018596245651504167,0.018596245651504167,False,106.31328299990855,gb_G04
2025-07-11,2025-07-14,historical_simulation,0.0034104501394133999,-0.017827684184437816,0.017827684184437816,False,0.28184160008095205,historical_w250
2025-07-14,2025-07-15,ewma,-0.0046201958584353997,-0.018771096890907356,0.018771096890907356,False,0.44581960001960397,ewma_d094
2025-07-14,2025-07-15,gradient_boosting,-0.0046201958584353997,-0.016362173561809499,0.016362173561809499,False,106.31328299990855,gb_G04
2025-07-14,2025-07-15,historical_simulation,-0.0046201958584353997,-0.017827684184437816,0.017827684184437816,False,0.28184160008095205,historical_w250
2025-07-15,2025-07-16,ewma,0.0120569337696367,-0.018294207270756212,0.018294207270756212,False,0.44581960001960397,ewma_d094
2025-07-15,2025-07-16,gradient_boosting,0.0120569337696367,-0.014496544385223895,0.014496544385223895,False,106.31328299990855,gb_G04
2025-07-15,2025-07-16,historical_simulation,0.0120569337696367,-0.017827684184437816,0.017827684184437816,False,0.28184160008095205,historical_w250
2025-07-16,2025-07-17,ewma,0.0029319207700811999,-0.018390094428711361,0.018390094428711361,False,0.44581960001960397,ewma_d094
2025-07-16,2025-07-17,gradient_boosting,0.0029319207700811999,-0.014669520688813033,0.014669520688813033,False,106.31328299990855,gb_G04
2025-07-16,2025-07-17,historical_simulation,0.0029319207700811999,-0.017827684184437816,0.017827684184437816,False,0.28184160008095205,historical_w250
2025-07-17,2025-07-18,ewma,-0.0029454202892264,-0.017868947245966601,0.017868947245966601,False,0.44581960001960397,ewma_d094
2025-07-17,2025-07-18,gradient_boosting,-0.0029454202892264,-0.01374247307033119,0.01374247307033119,False,106.31328299990855,gb_G04
2025-07-17,2025-07-18,historical_simulation,-0.0029454202892264,-0.017827684184437816,0.017827684184437816,False,0.28184160008095205,historical_w250
2025-07-18,2025-07-21,ewma,0.0027083791564566002,-0.01736518458822036,0.01736518458822036,False,0.44581960001960397,ewma_d094
2025-07-18,2025-07-21,gradient_boosting,0.0027083791564566002,-0.016785197513663738,0.016785197513663738,False,106.31328299990855,gb_G04
2025-07-18,2025-07-21,historical_simulation,0.0027083791564566002,-0.017827684184437816,0.017827684184437816,False,0.28184160008095205,historical_w250
2025-07-21,2025-07-22,ewma,0.01049665613474,-0.016871497232786442,0.016871497232786442,False,0.44581960001960397,ewma_d094
2025-07-21,2025-07-22,gradient_boosting,0.01049665613474,-0.017728444510706841,0.017728444510706841,False,106.31328299990855,gb_G04
2025-07-21,2025-07-22,historical_simulation,0.01049665613474,-0.017827684184437816,0.017827684184437816,False,0.28184160008095205,historical_w250
2025-07-22,2025-07-23,ewma,-0.0011806766997815999,-0.01689539423398085,0.01689539423398085,False,0.44581960001960397,ewma_d094
2025-07-22,2025-07-23,gradient_boosting,-0.0011806766997815999,-0.017403522682521121,0.017403522682521121,False,106.31328299990855,gb_G04
2025-07-22,2025-07-23,historical_simulation,-0.0011806766997815999,-0.017827684184437816,0.017827684184437816,False,0.28184160008095205,historical_w250
2025-07-23,2025-07-24,ewma,-0.0070287390670425,-0.016387598261674532,0.016387598261674532,False,0.44581960001960397,ewma_d094
2025-07-23,2025-07-24,gradient_boosting,-0.0070287390670425,-0.016846546789885616,0.016846546789885616,False,106.31328299990855,gb_G04
2025-07-23,2025-07-24,historical_simulation,-0.0070287390670425,-0.017827684184437816,0.017827684184437816,False,0.28184160008095205,historical_w250
2025-07-24,2025-07-25,ewma,0.0022985611922955,-0.016138770710233518,0.016138770710233518,False,0.44581960001960397,ewma_d094
2025-07-24,2025-07-25,gradient_boosting,0.0022985611922955,-0.017124000988181561,0.017124000988181561,False,106.31328299990855,gb_G04
2025-07-24,2025-07-25,historical_simulation,0.0022985611922955,-0.017827684184437816,0.017827684184437816,False,0.28184160008095205,historical_w250
2025-07-25,2025-07-28,ewma,0.0061253695459072,-0.015674501276364737,0.015674501276364737,False,0.44581960001960397,ewma_d094
2025-07-25,2025-07-28,gradient_boosting,0.0061253695459072,-0.013780020347599701,0.013780020347599701,False,106.31328299990855,gb_G04
2025-07-25,2025-07-28,historical_simulation,0.0061253695459072,-0.017827684184437816,0.017827684184437816,False,0.28184160008095205,historical_w250
2025-07-28,2025-07-29,ewma,-0.0455756833763016,-0.015396081805362394,0.015396081805362394,True,0.44581960001960397,ewma_d094
2025-07-28,2025-07-29,gradient_boosting,-0.0455756833763016,-0.017190995500977878,0.017190995500977878,True,106.31328299990855,gb_G04
2025-07-28,2025-07-29,historical_simulation,-0.0455756833763016,-0.017827684184437816,0.017827684184437816,True,0.28184160008095205,historical_w250
2025-07-29,2025-07-30,ewma,0.0034019085573343002,-0.023664424774524115,0.023664424774524115,False,0.44581960001960397,ewma_d094
2025-07-29,2025-07-30,gradient_boosting,0.0034019085573343002,-0.029224971020673802,0.029224971020673802,False,106.31328299990855,gb_G04
2025-07-29,2025-07-30,historical_simulation,0.0034019085573343002,-0.020053006091041041,0.020053006091041041,False,0.28184160008095205,historical_w250
2025-07-30,2025-07-31,ewma,-0.021408566003572198,-0.022984415855727882,0.022984415855727882,False,0.44581960001960397,ewma_d094
2025-07-30,2025-07-31,gradient_boosting,-0.021408566003572198,-0.021182214034924752,0.021182214034924752,True,106.31328299990855,gb_G04
2025-07-30,2025-07-31,historical_simulation,-0.021408566003572198,-0.020053006091041041,0.020053006091041041,True,0.28184160008095205,historical_w250
2025-07-31,2025-08-01,ewma,0.011795292628920701,-0.023895349710883383,0.023895349710883383,False,0.44581960001960397,ewma_d094
2025-07-31,2025-08-01,gradient_boosting,0.011795292628920701,-0.021715626183402611,0.021715626183402611,False,106.31328299990855,gb_G04
2025-07-31,2025-08-01,historical_simulation,0.011795292628920701,-0.021635007700404593,0.021635007700404593,False,0.28184160008095205,historical_w250
2025-08-01,2025-08-04,ewma,0.0098757509452220994,-0.023649812582669714,0.023649812582669714,False,0.44581960001960397,ewma_d094
2025-08-01,2025-08-04,gradient_boosting,0.0098757509452220994,-0.02262036179194447,0.02262036179194447,False,106.31328299990855,gb_G04
2025-08-01,2025-08-04,historical_simulation,0.0098757509452220994,-0.021635007700404593,0.021635007700404593,False,0.28184160008095205,historical_w250
2025-08-04,2025-08-05,ewma,0.023438621609688699,-0.023272025919778866,0.023272025919778866,False,0.44581960001960397,ewma_d094
2025-08-04,2025-08-05,gradient_boosting,0.023438621609688699,-0.026290804042867197,0.026290804042867197,False,106.31328299990855,gb_G04
2025-08-04,2025-08-05,historical_simulation,0.023438621609688699,-0.019826564394208646,0.019826564394208646,False,0.28184160008095205,historical_w250
2025-08-05,2025-08-06,ewma,0.020971909771833601,-0.024459608711718765,0.024459608711718765,False,0.44581960001960397,ewma_d094
2025-08-05,2025-08-06,gradient_boosting,0.020971909771833601,-0.020053038724817111,0.020053038724817111,False,106.31328299990855,gb_G04
2025-08-05,2025-08-06,historical_simulation,0.020971909771833601,-0.019826564394208646,0.019826564394208646,False,0.28184160008095205,historical_w250
2025-08-06,2025-08-07,ewma,0.0213584594192998,-0.025174856511949339,0.025174856511949339,False,0.44581960001960397,ewma_d094
2025-08-06,2025-08-07,gradient_boosting,0.0213584594192998,-0.024802937014984629,0.024802937014984629,False,106.31328299990855,gb_G04
2025-08-06,2025-08-07,historical_simulation,0.0213584594192998,-0.017827684184437816,0.017827684184437816,False,0.28184160008095205,historical_w250
2025-08-07,2025-08-08,ewma,-0.0096166262180784005,-0.02588050424908683,0.02588050424908683,False,0.44581960001960397,ewma_d094
2025-08-07,2025-08-08,gradient_boosting,-0.0096166262180784005,-0.020522986161750648,0.020522986161750648,False,106.31328299990855,gb_G04
2025-08-07,2025-08-08,historical_simulation,-0.0096166262180784005,-0.017827684184437816,0.017827684184437816,False,0.28184160008095205,historical_w250
2025-08-08,2025-08-11,ewma,0.0048126128986208999,-0.025389464517749396,0.025389464517749396,False,0.44581960001960397,ewma_d094
2025-08-08,2025-08-11,gradient_boosting,0.0048126128986208999,-0.021503836899979402,0.021503836899979402,False,106.31328299990855,gb_G04
2025-08-08,2025-08-11,historical_simulation,0.0048126128986208999,-0.017827684184437816,0.017827684184437816,False,0.28184160008095205,historical_w250
2025-08-11,2025-08-12,ewma,0.0080473716890345007,-0.024692250584690014,0.024692250584690014,False,0.44581960001960397,ewma_d094
2025-08-11,2025-08-12,gradient_boosting,0.0080473716890345007,-0.021377425338888346,0.021377425338888346,False,106.31328299990855,gb_G04
2025-08-11,2025-08-12,historical_simulation,0.0080473716890345007,-0.017827684184437816,0.017827684184437816,False,0.28184160008095205,historical_w250
2025-08-12,2025-08-13,ewma,-0.018182634595970502,-0.024158590506652713,0.024158590506652713,False,0.44581960001960397,ewma_d094
2025-08-12,2025-08-13,gradient_boosting,-0.018182634595970502,-0.020983650540587963,0.020983650540587963,False,106.31328299990855,gb_G04
2025-08-12,2025-08-13,historical_simulation,-0.018182634595970502,-0.017827684184437816,0.017827684184437816,True,0.28184160008095205,historical_w250
2025-08-13,2025-08-14,ewma,0.0018297214563019,-0.024541551229963769,0.024541551229963769,False,0.44581960001960397,ewma_d094
2025-08-13,2025-08-14,gradient_boosting,0.0018297214563019,-0.022510671202034368,0.022510671202034368,False,106.31328299990855,gb_G04
2025-08-13,2025-08-14,historical_simulation,0.0018297214563019,-0.018052302120027716,0.018052302120027716,False,0.28184160008095205,historical_w250
2025-08-14,2025-08-15,ewma,-0.016610719989109499,-0.023805334334017395,0.023805334334017395,False,0.44581960001960397,ewma_d094
2025-08-14,2025-08-15,gradient_boosting,-0.016610719989109499,-0.024419573269876121,0.024419573269876121,False,106.31328299990855,gb_G04
2025-08-14,2025-08-15,historical_simulation,-0.016610719989109499,-0.018052302120027716,0.018052302120027716,False,0.28184160008095205,historical_w250
2025-08-15,2025-08-18,ewma,-0.0005141697096028,-0.024030865004452909,0.024030865004452909,False,0.44581960001960397,ewma_d094
2025-08-15,2025-08-18,gradient_boosting,-0.0005141697096028,-0.022306609608705879,0.022306609608705879,False,106.31328299990855,gb_G04
2025-08-15,2025-08-18,historical_simulation,-0.0005141697096028,-0.018052302120027716,0.018052302120027716,False,0.28184160008095205,historical_w250
2025-08-18,2025-08-19,ewma,-0.0130649404382563,-0.02329970902053221,0.02329970902053221,False,0.44581960001960397,ewma_d094
2025-08-18,2025-08-19,gradient_boosting,-0.0130649404382563,-0.020568114579769977,0.020568114579769977,False,106.31328299990855,gb_G04
2025-08-18,2025-08-19,historical_simulation,-0.0130649404382563,-0.018052302120027716,0.018052302120027716,False,0.28184160008095205,historical_w250
2025-08-19,2025-08-20,ewma,-0.010663861470147799,-0.023195103792729804,0.023195103792729804,False,0.44581960001960397,ewma_d094
2025-08-19,2025-08-20,gradient_boosting,-0.010663861470147799,-0.025677276490485106,0.025677276490485106,False,106.31328299990855,gb_G04
2025-08-19,2025-08-20,historical_simulation,-0.010663861470147799,-0.018052302120027716,0.018052302120027716,False,0.28184160008095205,historical_w250
2025-08-20,2025-08-21,ewma,0.021287481243231401,-0.022895244036373674,0.022895244036373674,False,0.44581960001960397,ewma_d094
2025-08-20,2025-08-21,gradient_boosting,0.021287481243231401,-0.021222673052522501,0.021222673052522501,False,106.31328299990855,gb_G04
2025-08-20,2025-08-21,historical_simulation,0.021287481243231401,-0.018052302120027716,0.018052302120027716,False,0.28184160008095205,historical_w250
2025-08-21,2025-08-22,ewma,-0.029154802976858501,-0.023797117508526595,0.023797117508526595,True,0.44581960001960397,ewma_d094
2025-08-21,2025-08-22,gradient_boosting,-0.029154802976858501,-0.023689669257050367,0.023689669257050367,True,106.31328299990855,gb_G04
2025-08-21,2025-08-22,historical_simulation,-0.029154802976858501,-0.018052302120027716,0.018052302120027716,True,0.28184160008095205,historical_w250
2025-08-22,2025-08-25,ewma,-0.0085348899615331,-0.025890302461475008,0.025890302461475008,False,0.44581960001960397,ewma_d094
2025-08-22,2025-08-25,gradient_boosting,-0.0085348899615331,-0.032795609007553399,0.032795609007553399,False,106.31328299990855,gb_G04
2025-08-22,2025-08-25,historical_simulation,-0.0085348899615331,-0.019956896870151432,0.019956896870151432,False,0.28184160008095205,historical_w250
2025-08-25,2025-08-26,ewma,0.043438560750653998,-0.02533602787671253,0.02533602787671253,False,0.44581960001960397,ewma_d094
2025-08-25,2025-08-26,gradient_boosting,0.043438560750653998,-0.028484474568387895,0.028484474568387895,False,106.31328299990855,gb_G04
2025-08-25,2025-08-26,historical_simulation,0.043438560750653998,-0.019956896870151432,0.019956896870151432,False,0.28184160008095205,historical_w250
2025-08-26,2025-08-27,ewma,0.0175533639998104,-0.030161336778213008,0.030161336778213008,False,0.44581960001960397,ewma_d094
2025-08-26,2025-08-27,gradient_boosting,0.0175533639998104,-0.033112813548619897,0.033112813548619897,False,106.31328299990855,gb_G04
2025-08-26,2025-08-27,historical_simulation,0.0175533639998104,-0.019956896870151432,0.019956896870151432,False,0.28184160008095205,historical_w250
2025-08-27,2025-08-28,ewma,0.0129347086202367,-0.03008557595298586,0.03008557595298586,False,0.44581960001960397,ewma_d094
2025-08-27,2025-08-28,gradient_boosting,0.0129347086202367,-0.037150585806682748,0.037150585806682748,False,106.31328299990855,gb_G04
2025-08-27,2025-08-28,historical_simulation,0.0129347086202367,-0.019956896870151432,0.019956896870151432,False,0.28184160008095205,historical_w250
2025-08-28,2025-08-29,ewma,-0.0012638834639342,-0.029630941569962665,0.029630941569962665,False,0.44581960001960397,ewma_d094
2025-08-28,2025-08-29,gradient_boosting,-0.0012638834639342,-0.030830107689885537,0.030830107689885537,False,106.31328299990855,gb_G04
2025-08-28,2025-08-29,historical_simulation,-0.0012638834639342,-0.019956896870151432,0.019956896870151432,False,0.28184160008095205,historical_w250
2025-08-29,2025-09-03,ewma,0.0037425488188885,-0.028732776523666455,0.028732776523666455,False,0.44581960001960397,ewma_d094
2025-08-29,2025-09-03,gradient_boosting,0.0037425488188885,-0.026084737141441182,0.026084737141441182,False,106.31328299990855,gb_G04
2025-08-29,2025-09-03,historical_simulation,0.0037425488188885,-0.019956896870151432,0.019956896870151432,False,0.28184160008095205,historical_w250
2025-09-03,2025-09-04,ewma,0.033310196520847497,-0.027898240795489408,0.027898240795489408,False,0.44581960001960397,ewma_d094
2025-09-03,2025-09-04,gradient_boosting,0.033310196520847497,-0.024407552956756031,0.024407552956756031,False,106.31328299990855,gb_G04
2025-09-03,2025-09-04,historical_simulation,0.033310196520847497,-0.019956896870151432,0.019956896870151432,False,0.28184160008095205,historical_w250
2025-09-04,2025-09-05,ewma,-0.0274874723988386,-0.030194906673358224,0.030194906673358224,False,0.44581960001960397,ewma_d094
2025-09-04,2025-09-05,gradient_boosting,-0.0274874723988386,-0.022370381324450444,0.022370381324450444,True,106.31328299990855,gb_G04
2025-09-04,2025-09-05,historical_simulation,-0.0274874723988386,-0.019956896870151432,0.019956896870151432,True,0.28184160008095205,historical_w250
2025-09-05,2025-09-08,ewma,-0.0081230021353355993,-0.031299850722958454,0.031299850722958454,False,0.44581960001960397,ewma_d094
2025-09-05,2025-09-08,gradient_boosting,-0.0081230021353355993,-0.035788480719380247,0.035788480719380247,False,106.31328299990855,gb_G04
2025-09-05,2025-09-08,historical_simulation,-0.0081230021353355993,-0.021635007700404593,0.021635007700404593,False,0.28184160008095205,historical_w250
2025-09-08,2025-09-09,ewma,0.0090368750776726996,-0.030522303893365278,0.030522303893365278,False,0.44581960001960397,ewma_d094
2025-09-08,2025-09-09,gradient_boosting,0.0090368750776726996,-0.025253683533964878,0.025253683533964878,False,106.31328299990855,gb_G04
2025-09-08,2025-09-09,historical_simulation,0.0090368750776726996,-0.021635007700404593,0.021635007700404593,False,0.28184160008095205,historical_w250
2025-09-09,2025-09-10,ewma,-0.0051254754221929004,-0.029815621463899683,0.029815621463899683,False,0.44581960001960397,ewma_d094
2025-09-09,2025-09-10,gradient_boosting,-0.0051254754221929004,-0.025228640805146803,0.025228640805146803,False,106.31328299990855,gb_G04
2025-09-09,2025-09-10,historical_simulation,-0.0051254754221929004,-0.021635007700404593,0.021635007700404593,False,0.28184160008095205,historical_w250
2025-09-10,2025-09-11,ewma,0.0206994086426458,-0.028980986262808484,0.028980986262808484,False,0.44581960001960397,ewma_d094
2025-09-10,2025-09-11,gradient_boosting,0.0206994086426458,-0.024524937839755852,0.024524937839755852,False,106.31328299990855,gb_G04
2025-09-10,2025-09-11,historical_simulation,0.0206994086426458,-0.021635007700404593,0.021635007700404593,False,0.28184160008095205,historical_w250
2025-09-11,2025-09-12,ewma,0.0092898346599242006,-0.029309685012913714,0.029309685012913714,False,0.44581960001960397,ewma_d094
2025-09-11,2025-09-12,gradient_boosting,0.0092898346599242006,-0.027450622798341019,0.027450622798341019,False,106.31328299990855,gb_G04
2025-09-11,2025-09-12,historical_simulation,0.0092898346599242006,-0.021635007700404593,0.021635007700404593,False,0.28184160008095205,historical_w250
2025-09-12,2025-09-15,ewma,0.0069328316054166001,-0.028662233833173033,0.028662233833173033,False,0.44581960001960397,ewma_d094
2025-09-12,2025-09-15,gradient_boosting,0.0069328316054166001,-0.027368134727627679,0.027368134727627679,False,106.31328299990855,gb_G04
2025-09-12,2025-09-15,historical_simulation,0.0069328316054166001,-0.021635007700404593,0.021635007700404593,False,0.28184160008095205,historical_w250
2025-09-15,2025-09-16,ewma,0.0041614950002356,-0.027929099678545503,0.027929099678545503,False,0.44581960001960397,ewma_d094
2025-09-15,2025-09-16,gradient_boosting,0.0041614950002356,-0.024546577638407036,0.024546577638407036,False,106.31328299990855,gb_G04
2025-09-15,2025-09-16,historical_simulation,0.0041614950002356,-0.021635007700404593,0.021635007700404593,False,0.28184160008095205,historical_w250
2025-09-16,2025-09-17,ewma,-0.0114586501620866,-0.027130127441865663,0.027130127441865663,False,0.44581960001960397,ewma_d094
2025-09-16,2025-09-17,gradient_boosting,-0.0114586501620866,-0.02418484255287268,0.02418484255287268,False,106.31328299990855,gb_G04
2025-09-16,2025-09-17,historical_simulation,-0.0114586501620866,-0.021635007700404593,0.021635007700404593,False,0.28184160008095205,historical_w250
2025-09-17,2025-09-18,ewma,-0.0062703035056847004,-0.026705721580894029,0.026705721580894029,False,0.44581960001960397,ewma_d094
2025-09-17,2025-09-18,gradient_boosting,-0.0062703035056847004,-0.023665058143111675,0.023665058143111675,False,106.31328299990855,gb_G04
2025-09-17,2025-09-18,historical_simulation,-0.0062703035056847004,-0.021635007700404593,0.021635007700404593,False,0.28184160008095205,historical_w250
2025-09-18,2025-09-19,ewma,0.0015841796157067,-0.026015115118884592,0.026015115118884592,False,0.44581960001960397,ewma_d094
2025-09-18,2025-09-19,gradient_boosting,0.0015841796157067,-0.023976470983221723,0.023976470983221723,False,106.31328299990855,gb_G04
2025-09-18,2025-09-19,historical_simulation,0.0015841796157067,-0.021635007700404593,0.021635007700404593,False,0.28184160008095205,historical_w250
2025-09-19,2025-09-22,ewma,-0.029291892123153099,-0.025230664591885932,0.025230664591885932,True,0.44581960001960397,ewma_d094
2025-09-19,2025-09-22,gradient_boosting,-0.029291892123153099,-0.023493851179188476,0.023493851179188476,True,106.31328299990855,gb_G04
2025-09-19,2025-09-22,historical_simulation,-0.029291892123153099,-0.021635007700404593,0.021635007700404593,True,0.28184160008095205,historical_w250
2025-09-22,2025-09-23,ewma,0.0028716748912995002,-0.027160174015343441,0.027160174015343441,False,0.44581960001960397,ewma_d094
2025-09-22,2025-09-23,gradient_boosting,0.0028716748912995002,-0.032042846050448291,0.032042846050448291,False,106.31328299990855,gb_G04
2025-09-22,2025-09-23,historical_simulation,0.0028716748912995002,-0.02209885648989806,0.02209885648989806,False,0.28184160008095205,historical_w250
2025-09-23,2025-09-24,ewma,0.015775700011617901,-0.026358171938597845,0.026358171938597845,False,0.44581960001960397,ewma_d094
2025-09-23,2025-09-24,gradient_boosting,0.015775700011617901,-0.028901944595331176,0.028901944595331176,False,106.31328299990855,gb_G04
2025-09-23,2025-09-24,historical_simulation,0.015775700011617901,-0.02209885648989806,0.02209885648989806,False,0.28184160008095205,historical_w250
2025-09-24,2025-09-25,ewma,-0.0086845670781618006,-0.026333784200028344,0.026333784200028344,False,0.44581960001960397,ewma_d094
2025-09-24,2025-09-25,gradient_boosting,-0.0086845670781618006,-0.027915468310388415,0.027915468310388415,False,106.31328299990855,gb_G04
2025-09-24,2025-09-25,historical_simulation,-0.0086845670781618006,-0.02209885648989806,0.02209885648989806,False,0.28184160008095205,historical_w250
2025-09-25,2025-09-26,ewma,-0.0093599306698715998,-0.02577020568303651,0.02577020568303651,False,0.44581960001960397,ewma_d094
2025-09-25,2025-09-26,gradient_boosting,-0.0093599306698715998,-0.020873185268914397,0.020873185268914397,False,106.31328299990855,gb_G04
2025-09-25,2025-09-26,historical_simulation,-0.0093599306698715998,-0.02209885648989806,0.02209885648989806,False,0.28184160008095205,historical_w250
2025-09-26,2025-09-29,ewma,-0.0099994821575748998,-0.0252681415025479,0.0252681415025479,False,0.44581960001960397,ewma_d094
2025-09-26,2025-09-29,gradient_boosting,-0.0099994821575748998,-0.02826370271350627,0.02826370271350627,False,106.31328299990855,gb_G04
2025-09-26,2025-09-29,historical_simulation,-0.0099994821575748998,-0.02209885648989806,0.02209885648989806,False,0.28184160008095205,historical_w250
2025-09-29,2025-09-30,ewma,-0.0109130578895698,-0.02482744078649872,0.02482744078649872,False,0.44581960001960397,ewma_d094
2025-09-29,2025-09-30,gradient_boosting,-0.0109130578895698,-0.021557009417135821,0.021557009417135821,False,106.31328299990855,gb_G04
2025-09-29,2025-09-30,historical_simulation,-0.0109130578895698,-0.02209885648989806,0.02209885648989806,False,0.28184160008095205,historical_w250
2025-09-30,2025-10-01,ewma,0.0031562423841156001,-0.024469382536469342,0.024469382536469342,False,0.44581960001960397,ewma_d094
2025-09-30,2025-10-01,gradient_boosting,0.0031562423841156001,-0.021101258166369402,0.021101258166369402,False,106.31328299990855,gb_G04
2025-09-30,2025-10-01,historical_simulation,0.0031562423841156001,-0.02209885648989806,0.02209885648989806,False,0.28184160008095205,historical_w250
2025-10-01,2025-10-02,ewma,-0.0095885980333664002,-0.023758004472005968,0.023758004472005968,False,0.44581960001960397,ewma_d094
2025-10-01,2025-10-02,gradient_boosting,-0.0095885980333664002,-0.025036398521810815,0.025036398521810815,False,106.31328299990855,gb_G04
2025-10-01,2025-10-02,historical_simulation,-0.0095885980333664002,-0.02209885648989806,0.02209885648989806,False,0.28184160008095205,historical_w250
2025-10-02,2025-10-03,ewma,-0.0010469676482118999,-0.023355968543382764,0.023355968543382764,False,0.44581960001960397,ewma_d094
2025-10-02,2025-10-03,gradient_boosting,-0.0010469676482118999,-0.02729735700518773,0.02729735700518773,False,106.31328299990855,gb_G04
2025-10-02,2025-10-03,historical_simulation,-0.0010469676482118999,-0.02209885648989806,0.02209885648989806,False,0.28184160008095205,historical_w250
2025-10-03,2025-10-06,ewma,0.0287267699537723,-0.022648380296868418,0.022648380296868418,False,0.44581960001960397,ewma_d094
2025-10-03,2025-10-06,gradient_boosting,0.0287267699537723,-0.024652455723349412,0.024652455723349412,False,106.31328299990855,gb_G04
2025-10-03,2025-10-06,historical_simulation,0.0287267699537723,-0.02209885648989806,0.02209885648989806,False,0.28184160008095205,historical_w250
2025-10-06,2025-10-07,ewma,-0.00060103113399530002,-0.024822036245861923,0.024822036245861923,False,0.44581960001960397,ewma_d094
2025-10-06,2025-10-07,gradient_boosting,-0.00060103113399530002,-0.024035149401637181,0.024035149401637181,False,106.31328299990855,gb_G04
2025-10-06,2025-10-07,historical_simulation,-0.00060103113399530002,-0.02209885648989806,0.02209885648989806,False,0.28184160008095205,historical_w250
2025-10-07,2025-10-08,ewma,0.0108294338232332,-0.024067075334627607,0.024067075334627607,False,0.44581960001960397,ewma_d094
2025-10-07,2025-10-08,gradient_boosting,0.0108294338232332,-0.02116462445707407,0.02116462445707407,False,106.31328299990855,gb_G04
2025-10-07,2025-10-08,historical_simulation,0.0108294338232332,-0.02209885648989806,0.02209885648989806,False,0.28184160008095205,historical_w250
2025-10-08,2025-10-09,ewma,-0.0010070123258442,-0.023738333776721344,0.023738333776721344,False,0.44581960001960397,ewma_d094
2025-10-08,2025-10-09,gradient_boosting,-0.0010070123258442,-0.024656186887636451,0.024656186887636451,False,106.31328299990855,gb_G04
2025-10-08,2025-10-09,historical_simulation,-0.0010070123258442,-0.02209885648989806,0.02209885648989806,False,0.28184160008095205,historical_w250
2025-10-09,2025-10-10,ewma,0.016259308244835801,-0.023018744499063853,0.023018744499063853,False,0.44581960001960397,ewma_d094
2025-10-09,2025-10-10,gradient_boosting,0.016259308244835801,-0.018815141789636624,0.018815141789636624,False,106.31328299990855,gb_G04
2025-10-09,2025-10-10,historical_simulation,0.016259308244835801,-0.02209885648989806,0.02209885648989806,False,0.28184160008095205,historical_w250
2025-10-10,2025-10-13,ewma,-0.010009277557694001,-0.023259104004862124,0.023259104004862124,False,0.44581960001960397,ewma_d094
2025-10-10,2025-10-13,gradient_boosting,-0.010009277557694001,-0.019244313410849208,0.019244313410849208,False,106.31328299990855,gb_G04
2025-10-10,2025-10-13,historical_simulation,-0.010009277557694001,-0.02209885648989806,0.02209885648989806,False,0.28184160008095205,historical_w250
2025-10-13,2025-10-14,ewma,-0.0083241215426329007,-0.022908298925543989,0.022908298925543989,False,0.44581960001960397,ewma_d094
2025-10-13,2025-10-14,gradient_boosting,-0.0083241215426329007,-0.018137690188484202,0.018137690188484202,False,106.31328299990855,gb_G04
2025-10-13,2025-10-14,historical_simulation,-0.0083241215426329007,-0.02209885648989806,0.02209885648989806,False,0.28184160008095205,historical_w250
2025-10-14,2025-10-15,ewma,-0.0147567198434056,-0.02246221134890318,0.02246221134890318,False,0.44581960001960397,ewma_d094
2025-10-14,2025-10-15,gradient_boosting,-0.0147567198434056,-0.019288636462898419,0.019288636462898419,False,106.31328299990855,gb_G04
2025-10-14,2025-10-15,historical_simulation,-0.0147567198434056,-0.02209885648989806,0.02209885648989806,False,0.28184160008095205,historical_w250
2025-10-15,2025-10-16,ewma,0.0055577443902203004,-0.022574932062405496,0.022574932062405496,False,0.44581960001960397,ewma_d094
2025-10-15,2025-10-16,gradient_boosting,0.0055577443902203004,-0.018684172101325742,0.018684172101325742,False,106.31328299990855,gb_G04
2025-10-15,2025-10-16,historical_simulation,0.0055577443902203004,-0.02209885648989806,0.02209885648989806,False,0.28184160008095205,historical_w250
2025-10-16,2025-10-17,ewma,-0.0093514625005136996,-0.022001457192420013,0.022001457192420013,False,0.44581960001960397,ewma_d094
2025-10-16,2025-10-17,gradient_boosting,-0.0093514625005136996,-0.019281391666967719,0.019281391666967719,False,106.31328299990855,gb_G04
2025-10-16,2025-10-17,historical_simulation,-0.0093514625005136996,-0.02209885648989806,0.02209885648989806,False,0.28184160008095205,historical_w250
2025-10-17,2025-10-20,ewma,-0.041577535839803399,-0.02166139962638847,0.02166139962638847,True,0.44581960001960397,ewma_d094
2025-10-17,2025-10-20,gradient_boosting,-0.041577535839803399,-0.025833167182368905,0.025833167182368905,True,106.31328299990855,gb_G04
2025-10-17,2025-10-20,historical_simulation,-0.041577535839803399,-0.02209885648989806,0.02209885648989806,True,0.28184160008095205,historical_w250
2025-10-20,2025-10-21,ewma,0.041266880254878201,-0.026864218877092533,0.026864218877092533,False,0.44581960001960397,ewma_d094
2025-10-20,2025-10-21,gradient_boosting,0.041266880254878201,-0.037414645676933152,0.037414645676933152,False,106.31328299990855,gb_G04
2025-10-20,2025-10-21,historical_simulation,0.041266880254878201,-0.022444096647317668,0.022444096647317668,False,0.28184160008095205,historical_w250
2025-10-21,2025-10-22,ewma,0.019096642277894999,-0.030900328017646361,0.030900328017646361,False,0.44581960001960397,ewma_d094
2025-10-21,2025-10-22,gradient_boosting,0.019096642277894999,-0.032635167842755018,0.032635167842755018,False,106.31328299990855,gb_G04
2025-10-21,2025-10-22,historical_simulation,0.019096642277894999,-0.022444096647317668,0.022444096647317668,False,0.28184160008095205,historical_w250
2025-10-22,2025-10-23,ewma,-0.0046491856897268998,-0.030931217143727367,0.030931217143727367,False,0.44581960001960397,ewma_d094
2025-10-22,2025-10-23,gradient_boosting,-0.0046491856897268998,-0.037565505951580591,0.037565505951580591,False,106.31328299990855,gb_G04
2025-10-22,2025-10-23,historical_simulation,-0.0046491856897268998,-0.022444096647317668,0.022444096647317668,False,0.28184160008095205,historical_w250
2025-10-23,2025-10-24,ewma,0.0082203947383419004,-0.030047372429248483,0.030047372429248483,False,0.44581960001960397,ewma_d094
2025-10-23,2025-10-24,gradient_boosting,0.0082203947383419004,-0.032647416862736027,0.032647416862736027,False,106.31328299990855,gb_G04
2025-10-23,2025-10-24,historical_simulation,0.0082203947383419004,-0.022444096647317668,0.022444096647317668,False,0.28184160008095205,historical_w250
2025-10-24,2025-10-27,ewma,-0.019113892514030398,-0.029319678076843648,0.029319678076843648,False,0.44581960001960397,ewma_d094
2025-10-24,2025-10-27,gradient_boosting,-0.019113892514030398,-0.030010081084872017,0.030010081084872017,False,106.31328299990855,gb_G04
2025-10-24,2025-10-27,historical_simulation,-0.019113892514030398,-0.022444096647317668,0.022444096647317668,False,0.28184160008095205,historical_w250
2025-10-27,2025-10-28,ewma,0.034420829670594802,-0.029451173998743928,0.029451173998743928,False,0.44581960001960397,ewma_d094
2025-10-27,2025-10-28,gradient_boosting,0.034420829670594802,-0.028956564629306986,0.028956564629306986,False,106.31328299990855,gb_G04
2025-10-27,2025-10-28,historical_simulation,0.034420829670594802,-0.022444096647317668,0.022444096647317668,False,0.28184160008095205,historical_w250
2025-10-28,2025-10-29,ewma,0.0035349949734003001,-0.031743660332139406,0.031743660332139406,False,0.44581960001960397,ewma_d094
2025-10-28,2025-10-29,gradient_boosting,0.0035349949734003001,-0.024987581170394246,0.024987581170394246,False,106.31328299990855,gb_G04
2025-10-28,2025-10-29,historical_simulation,0.0035349949734003001,-0.022444096647317668,0.022444096647317668,False,0.28184160008095205,historical_w250
2025-10-29,2025-10-30,ewma,-0.0017636020200965999,-0.030809558776803404,0.030809558776803404,False,0.44581960001960397,ewma_d094
2025-10-29,2025-10-30,gradient_boosting,-0.0017636020200965999,-0.033532528599210132,0.033532528599210132,False,106.31328299990855,gb_G04
2025-10-29,2025-10-30,historical_simulation,-0.0017636020200965999,-0.022444096647317668,0.022444096647317668,False,0.28184160008095205,historical_w250
2025-10-30,2025-10-31,ewma,-0.0037739032022918,-0.029879425682625256,0.029879425682625256,False,0.44581960001960397,ewma_d094
2025-10-30,2025-10-31,gradient_boosting,-0.0037739032022918,-0.02498243479564749,0.02498243479564749,False,106.31328299990855,gb_G04
2025-10-30,2025-10-31,historical_simulation,-0.0037739032022918,-0.022444096647317668,0.022444096647317668,False,0.28184160008095205,historical_w250
2025-10-31,2025-11-03,ewma,-0.010998466961430199,-0.029009054990381668,0.029009054990381668,False,0.44581960001960397,ewma_d094
2025-10-31,2025-11-03,gradient_boosting,-0.010998466961430199,-0.027112194227121793,0.027112194227121793,False,106.31328299990855,gb_G04
2025-10-31,2025-11-03,historical_simulation,-0.010998466961430199,-0.022444096647317668,0.022444096647317668,False,0.28184160008095205,historical_w250
2025-11-03,2025-11-04,ewma,0.0068941900380453001,-0.02847227644639394,0.02847227644639394,False,0.44581960001960397,ewma_d094
2025-11-03,2025-11-04,gradient_boosting,0.0068941900380453001,-0.024747368122358344,0.024747368122358344,False,106.31328299990855,gb_G04
2025-11-03,2025-11-04,historical_simulation,0.0068941900380453001,-0.022444096647317668,0.022444096647317668,False,0.28184160008095205,historical_w250
2025-11-04,2025-11-05,ewma,-0.0198485905813637,-0.027744295629363959,0.027744295629363959,False,0.44581960001960397,ewma_d094
2025-11-04,2025-11-05,gradient_boosting,-0.0198485905813637,-0.023787192695430576,0.023787192695430576,False,106.31328299990855,gb_G04
2025-11-04,2025-11-05,historical_simulation,-0.0198485905813637,-0.022444096647317668,0.022444096647317668,False,0.28184160008095205,historical_w250
2025-11-05,2025-11-06,ewma,-0.0044344494824568002,-0.028062694105994539,0.028062694105994539,False,0.44581960001960397,ewma_d094
2025-11-05,2025-11-06,gradient_boosting,-0.0044344494824568002,-0.025301453481305601,0.025301453481305601,False,106.31328299990855,gb_G04
2025-11-05,2025-11-06,historical_simulation,-0.0044344494824568002,-0.022444096647317668,0.022444096647317668,False,0.28184160008095205,historical_w250
2025-11-06,2025-11-07,ewma,-0.013823984715606599,-0.02726639096760964,0.02726639096760964,False,0.44581960001960397,ewma_d094
2025-11-06,2025-11-07,gradient_boosting,-0.013823984715606599,-0.024183282701884797,0.024183282701884797,False,106.31328299990855,gb_G04
2025-11-06,2025-11-07,historical_simulation,-0.013823984715606599,-0.022444096647317668,0.022444096647317668,False,0.28184160008095205,historical_w250
2025-11-07,2025-11-10,ewma,-0.0093769680702631992,-0.027016122733697034,0.027016122733697034,False,0.44581960001960397,ewma_d094
2025-11-07,2025-11-10,gradient_boosting,-0.0093769680702631992,-0.031537667132183034,0.031537667132183034,False,106.31328299990855,gb_G04
2025-11-07,2025-11-10,historical_simulation,-0.0093769680702631992,-0.022444096647317668,0.022444096647317668,False,0.28184160008095205,historical_w250
2025-11-10,2025-11-11,ewma,0.0066819143322842996,-0.02646416708557044,0.02646416708557044,False,0.44581960001960397,ewma_d094
2025-11-10,2025-11-11,gradient_boosting,0.0066819143322842996,-0.023498617099258757,0.023498617099258757,False,106.31328299990855,gb_G04
2025-11-10,2025-11-11,historical_simulation,0.0066819143322842996,-0.022444096647317668,0.022444096647317668,False,0.28184160008095205,historical_w250
2025-11-11,2025-11-12,ewma,0.031329086179726399,-0.025798814585629829,0.025798814585629829,False,0.44581960001960397,ewma_d094
2025-11-11,2025-11-12,gradient_boosting,0.031329086179726399,-0.026159308994278162,0.026159308994278162,False,106.31328299990855,gb_G04
2025-11-11,2025-11-12,historical_simulation,0.031329086179726399,-0.022444096647317668,0.022444096647317668,False,0.28184160008095205,historical_w250
2025-11-12,2025-11-13,ewma,-0.012806860294291801,-0.02801741329396034,0.02801741329396034,False,0.44581960001960397,ewma_d094
2025-11-12,2025-11-13,gradient_boosting,-0.012806860294291801,-0.023567270185799648,0.023567270185799648,False,106.31328299990855,gb_G04
2025-11-12,2025-11-13,historical_simulation,-0.012806860294291801,-0.022444096647317668,0.022444096647317668,False,0.28184160008095205,historical_w250
2025-11-13,2025-11-14,ewma,0.013463915839672101,-0.027649629513987344,0.027649629513987344,False,0.44581960001960397,ewma_d094
2025-11-13,2025-11-14,gradient_boosting,0.013463915839672101,-0.030932251217873949,0.030932251217873949,False,106.31328299990855,gb_G04
2025-11-13,2025-11-14,historical_simulation,0.013463915839672101,-0.022444096647317668,0.022444096647317668,False,0.28184160008095205,historical_w250
2025-11-14,2025-11-17,ewma,0.0124615064506728,-0.027350668445144225,0.027350668445144225,False,0.44581960001960397,ewma_d094
2025-11-14,2025-11-17,gradient_boosting,0.0124615064506728,-0.025996197504259584,0.025996197504259584,False,106.31328299990855,gb_G04
2025-11-14,2025-11-17,historical_simulation,0.0124615064506728,-0.022444096647317668,0.022444096647317668,False,0.28184160008095205,historical_w250
2025-11-17,2025-11-18,ewma,0.001572788403484,-0.026988590404017996,0.026988590404017996,False,0.44581960001960397,ewma_d094
2025-11-17,2025-11-18,gradient_boosting,0.001572788403484,-0.026624243791211973,0.026624243791211973,False,106.31328299990855,gb_G04
2025-11-17,2025-11-18,historical_simulation,0.001572788403484,-0.022444096647317668,0.022444096647317668,False,0.28184160008095205,historical_w250
2025-11-18,2025-11-19,ewma,-0.0078427728552933999,-0.026174081215949576,0.026174081215949576,False,0.44581960001960397,ewma_d094
2025-11-18,2025-11-19,gradient_boosting,-0.0078427728552933999,-0.02300714301753478,0.02300714301753478,False,106.31328299990855,gb_G04
2025-11-18,2025-11-19,historical_simulation,-0.0078427728552933999,-0.022444096647317668,0.022444096647317668,False,0.28184160008095205,historical_w250
2025-11-19,2025-11-20,ewma,-0.0065837028600247999,-0.025572690631972112,0.025572690631972112,False,0.44581960001960397,ewma_d094
2025-11-19,2025-11-20,gradient_boosting,-0.0065837028600247999,-0.025967743218706197,0.025967743218706197,False,106.31328299990855,gb_G04
2025-11-19,2025-11-20,historical_simulation,-0.0065837028600247999,-0.022444096647317668,0.022444096647317668,False,0.28184160008095205,historical_w250
2025-11-20,2025-11-21,ewma,0.0038514594834593002,-0.024935137575725141,0.024935137575725141,False,0.44581960001960397,ewma_d094
2025-11-20,2025-11-21,gradient_boosting,0.0038514594834593002,-0.022086212792664352,0.022086212792664352,False,106.31328299990855,gb_G04
2025-11-20,2025-11-21,historical_simulation,0.0038514594834593002,-0.022216168938917428,0.022216168938917428,False,0.28184160008095205,historical_w250
2025-11-21,2025-11-24,ewma,-0.0085978119498254998,-0.024225264095140787,0.024225264095140787,False,0.44581960001960397,ewma_d094
2025-11-21,2025-11-24,gradient_boosting,-0.0085978119498254998,-0.021987772381404178,0.021987772381404178,False,106.31328299990855,gb_G04
2025-11-21,2025-11-24,historical_simulation,-0.0085978119498254998,-0.022216168938917428,0.022216168938917428,False,0.28184160008095205,historical_w250
2025-11-24,2025-11-25,ewma,-0.0074800153436354998,-0.023741348452839164,0.023741348452839164,False,0.44581960001960397,ewma_d094
2025-11-24,2025-11-25,gradient_boosting,-0.0074800153436354998,-0.020153802111680726,0.020153802111680726,False,106.31328299990855,gb_G04
2025-11-24,2025-11-25,historical_simulation,-0.0074800153436354998,-0.022216168938917428,0.022216168938917428,False,0.28184160008095205,historical_w250
2025-11-25,2025-11-26,ewma,0.0073714917939940996,-0.023214545878565331,0.023214545878565331,False,0.44581960001960397,ewma_d094
2025-11-25,2025-11-26,gradient_boosting,0.0073714917939940996,-0.024071451619518586,0.024071451619518586,False,106.31328299990855,gb_G04
2025-11-25,2025-11-26,historical_simulation,0.0073714917939940996,-0.022216168938917428,0.022216168938917428,False,0.28184160008095205,historical_w250
2025-11-26,2025-11-27,ewma,-0.0016346196839264,-0.022702449335295517,0.022702449335295517,False,0.44581960001960397,ewma_d094
2025-11-26,2025-11-27,gradient_boosting,-0.0016346196839264,-0.020416395790947277,0.020416395790947277,False,106.31328299990855,gb_G04
2025-11-26,2025-11-27,historical_simulation,-0.0016346196839264,-0.022216168938917428,0.022216168938917428,False,0.28184160008095205,historical_w250
2025-11-27,2025-11-28,ewma,-0.01274858064253,-0.022020692159820186,0.022020692159820186,False,0.44581960001960397,ewma_d094
2025-11-27,2025-11-28,gradient_boosting,-0.01274858064253,-0.019928711106794235,0.019928711106794235,False,106.31328299990855,gb_G04
2025-11-27,2025-11-28,historical_simulation,-0.01274858064253,-0.022216168938917428,0.022216168938917428,False,0.28184160008095205,historical_w250
2025-11-28,2025-12-01,ewma,0.0014363290990341,-0.021959042547300626,0.021959042547300626,False,0.44581960001960397,ewma_d094
2025-11-28,2025-12-01,gradient_boosting,0.0014363290990341,-0.026439564383916796,0.026439564383916796,False,106.31328299990855,gb_G04
2025-11-28,2025-12-01,historical_simulation,0.0014363290990341,-0.022216168938917428,0.022216168938917428,False,0.28184160008095205,historical_w250
2025-12-01,2025-12-02,ewma,0,-0.021297945334901827,0.021297945334901827,False,0.44581960001960397,ewma_d094
2025-12-01,2025-12-02,gradient_boosting,0,-0.024067714185653288,0.024067714185653288,False,106.31328299990855,gb_G04
2025-12-01,2025-12-02,historical_simulation,0,-0.022216168938917428,0.022216168938917428,False,0.28184160008095205,historical_w250
2025-12-02,2025-12-03,ewma,0.023398404450097499,-0.020649124120871533,0.020649124120871533,False,0.44581960001960397,ewma_d094
2025-12-02,2025-12-03,gradient_boosting,0.023398404450097499,-0.019750960983700428,0.019750960983700428,False,106.31328299990855,gb_G04
2025-12-02,2025-12-03,historical_simulation,0.023398404450097499,-0.022216168938917428,0.022216168938917428,False,0.28184160008095205,historical_w250
2025-12-03,2025-12-04,ewma,0.013700753022352199,-0.02212866621649032,0.02212866621649032,False,0.44581960001960397,ewma_d094
2025-12-03,2025-12-04,gradient_boosting,0.013700753022352199,-0.019962576314270276,0.019962576314270276,False,106.31328299990855,gb_G04
2025-12-03,2025-12-04,historical_simulation,0.013700753022352199,-0.022216168938917428,0.022216168938917428,False,0.28184160008095205,historical_w250
2025-12-04,2025-12-05,ewma,-0.010846929999000001,-0.022153301174629238,0.022153301174629238,False,0.44581960001960397,ewma_d094
2025-12-04,2025-12-05,gradient_boosting,-0.010846929999000001,-0.024653894153112976,0.024653894153112976,False,106.31328299990855,gb_G04
2025-12-04,2025-12-05,historical_simulation,-0.010846929999000001,-0.022216168938917428,0.022216168938917428,False,0.28184160008095205,historical_w250
2025-12-05,2025-12-08,ewma,-0.0062622810554833,-0.02191853131951977,0.02191853131951977,False,0.44581960001960397,ewma_d094
2025-12-05,2025-12-08,gradient_boosting,-0.0062622810554833,-0.018456498338296119,0.018456498338296119,False,106.31328299990855,gb_G04
2025-12-05,2025-12-08,historical_simulation,-0.0062622810554833,-0.022216168938917428,0.022216168938917428,False,0.28184160008095205,historical_w250
2025-12-08,2025-12-09,ewma,-0.0031321954980223,-0.021400064402792785,0.021400064402792785,False,0.44581960001960397,ewma_d094
2025-12-08,2025-12-09,gradient_boosting,-0.0031321954980223,-0.019097547053564343,0.019097547053564343,False,106.31328299990855,gb_G04
2025-12-08,2025-12-09,historical_simulation,-0.0031321954980223,-0.022216168938917428,0.022216168938917428,False,0.28184160008095205,historical_w250
2025-12-09,2025-12-10,ewma,-0.0051594139112005003,-0.020786475873250113,0.020786475873250113,False,0.44581960001960397,ewma_d094
2025-12-09,2025-12-10,gradient_boosting,-0.0051594139112005003,-0.019304425728678184,0.019304425728678184,False,106.31328299990855,gb_G04
2025-12-09,2025-12-10,historical_simulation,-0.0051594139112005003,-0.022216168938917428,0.022216168938917428,False,0.28184160008095205,historical_w250
2025-12-10,2025-12-11,ewma,-0.0026612509982904,-0.02026016154279741,0.02026016154279741,False,0.44581960001960397,ewma_d094
2025-12-10,2025-12-11,gradient_boosting,-0.0026612509982904,-0.019414087636185705,0.019414087636185705,False,106.31328299990855,gb_G04
2025-12-10,2025-12-11,historical_simulation,-0.0026612509982904,-0.022216168938917428,0.022216168938917428,False,0.28184160008095205,historical_w250
2025-12-11,2025-12-12,ewma,-0.0302651959299064,-0.019672198103406782,0.019672198103406782,True,0.44581960001960397,ewma_d094
2025-12-11,2025-12-12,gradient_boosting,-0.0302651959299064,-0.024561293788162665,0.024561293788162665,True,106.31328299990855,gb_G04
2025-12-11,2025-12-12,historical_simulation,-0.0302651959299064,-0.022216168938917428,0.022216168938917428,True,0.28184160008095205,historical_w250
2025-12-12,2025-12-15,ewma,0.0001135501405075,-0.0226377873371553,0.0226377873371553,False,0.44581960001960397,ewma_d094
2025-12-12,2025-12-15,gradient_boosting,0.0001135501405075,-0.02540056217104843,0.02540056217104843,False,106.31328299990855,gb_G04
2025-12-12,2025-12-15,historical_simulation,0.0001135501405075,-0.022785530243522725,0.022785530243522725,False,0.28184160008095205,historical_w250
2025-12-15,2025-12-16,ewma,0.028010303516165,-0.021948196819971868,0.021948196819971868,False,0.44581960001960397,ewma_d094
2025-12-15,2025-12-16,gradient_boosting,0.028010303516165,-0.019818707585229356,0.019818707585229356,False,106.31328299990855,gb_G04
2025-12-15,2025-12-16,historical_simulation,0.028010303516165,-0.022785530243522725,0.022785530243522725,False,0.28184160008095205,historical_w250
2025-12-16,2025-12-17,ewma,-0.00066433542274799997,-0.024086975521131853,0.024086975521131853,False,0.44581960001960397,ewma_d094
2025-12-16,2025-12-17,gradient_boosting,-0.00066433542274799997,-0.020196101684044,0.020196101684044,False,106.31328299990855,gb_G04
2025-12-16,2025-12-17,historical_simulation,-0.00066433542274799997,-0.022785530243522725,0.022785530243522725,False,0.28184160008095205,historical_w250
2025-12-17,2025-12-18,ewma,-0.0064136834849044004,-0.023354723087534182,0.023354723087534182,False,0.44581960001960397,ewma_d094
2025-12-17,2025-12-18,gradient_boosting,-0.0064136834849044004,-0.021778504518624911,0.021778504518624911,False,106.31328299990855,gb_G04
2025-12-17,2025-12-18,historical_simulation,-0.0064136834849044004,-0.022785530243522725,0.022785530243522725,False,0.28184160008095205,historical_w250
2025-12-18,2025-12-19,ewma,0.0073403303253347998,-0.02279021964315504,0.02279021964315504,False,0.44581960001960397,ewma_d094
2025-12-18,2025-12-19,gradient_boosting,0.0073403303253347998,-0.02633434714029477,0.02633434714029477,False,106.31328299990855,gb_G04
2025-12-18,2025-12-19,historical_simulation,0.0073403303253347998,-0.022785530243522725,0.022785530243522725,False,0.28184160008095205,historical_w250
2025-12-19,2025-12-22,ewma,0.010286811781457199,-0.022292981373344053,0.022292981373344053,False,0.44581960001960397,ewma_d094
2025-12-19,2025-12-22,gradient_boosting,0.010286811781457199,-0.019648471434160996,0.019648471434160996,False,106.31328299990855,gb_G04
2025-12-19,2025-12-22,historical_simulation,0.010286811781457199,-0.022785530243522725,0.022785530243522725,False,0.28184160008095205,historical_w250
2025-12-22,2025-12-23,ewma,0.0090379266026610998,-0.022007639352139369,0.022007639352139369,False,0.44581960001960397,ewma_d094
2025-12-22,2025-12-23,gradient_boosting,0.0090379266026610998,-0.019566644561828463,0.019566644561828463,False,106.31328299990855,gb_G04
2025-12-22,2025-12-23,historical_simulation,0.0090379266026610998,-0.022785530243522725,0.022785530243522725,False,0.28184160008095205,historical_w250
2025-12-23,2025-12-24,ewma,-0.0020189356383787998,-0.021645692739906342,0.021645692739906342,False,0.44581960001960397,ewma_d094
2025-12-23,2025-12-24,gradient_boosting,-0.0020189356383787998,-0.019797898168032183,0.019797898168032183,False,106.31328299990855,gb_G04
2025-12-23,2025-12-24,historical_simulation,-0.0020189356383787998,-0.022785530243522725,0.022785530243522725,False,0.28184160008095205,historical_w250
2025-12-24,2025-12-25,ewma,-0.0135058896079072,-0.021002036507441427,0.021002036507441427,False,0.44581960001960397,ewma_d094
2025-12-24,2025-12-25,gradient_boosting,-0.0135058896079072,-0.019611991629513267,0.019611991629513267,False,106.31328299990855,gb_G04
2025-12-24,2025-12-25,historical_simulation,-0.0135058896079072,-0.022785530243522725,0.022785530243522725,False,0.28184160008095205,historical_w250
2025-12-25,2025-12-26,ewma,0.0103318250335508,-0.021076796306596177,0.021076796306596177,False,0.44581960001960397,ewma_d094
2025-12-25,2025-12-26,gradient_boosting,0.0103318250335508,-0.019561302403067658,0.019561302403067658,False,106.31328299990855,gb_G04
2025-12-25,2025-12-26,historical_simulation,0.0103318250335508,-0.022785530243522725,0.022785530243522725,False,0.28184160008095205,historical_w250
2025-12-26,2025-12-29,ewma,0.0043542179217244004,-0.020854398031904111,0.020854398031904111,False,0.44581960001960397,ewma_d094
2025-12-26,2025-12-29,gradient_boosting,0.0043542179217244004,-0.019343411909522993,0.019343411909522993,False,106.31328299990855,gb_G04
2025-12-26,2025-12-29,historical_simulation,0.0043542179217244004,-0.022785530243522725,0.022785530243522725,False,0.28184160008095205,historical_w250
2025-12-29,2025-12-30,ewma,0.0106220768049844,-0.020295055083185961,0.020295055083185961,False,0.44581960001960397,ewma_d094
2025-12-29,2025-12-30,gradient_boosting,0.0106220768049844,-0.019679176348328255,0.019679176348328255,False,106.31328299990855,gb_G04
2025-12-29,2025-12-30,historical_simulation,0.0106220768049844,-0.022785530243522725,0.022785530243522725,False,0.28184160008095205,historical_w250
2025-12-30,2025-12-31,ewma,-0.0040672453371589003,-0.020136823292095235,0.020136823292095235,False,0.44581960001960397,ewma_d094
2025-12-30,2025-12-31,gradient_boosting,-0.0040672453371589003,-0.019543648040265867,0.019543648040265867,False,106.31328299990855,gb_G04
2025-12-30,2025-12-31,historical_simulation,-0.0040672453371589003,-0.022785530243522725,0.022785530243522725,False,0.28184160008095205,historical_w250
2025-12-31,2026-01-05,ewma,-0.0121989694096528,-0.019592027404533297,0.019592027404533297,False,0.44581960001960397,ewma_d094
2025-12-31,2026-01-05,gradient_boosting,-0.0121989694096528,-0.02523293068089533,0.02523293068089533,False,106.31328299990855,gb_G04
2025-12-31,2026-01-05,historical_simulation,-0.0121989694096528,-0.022785530243522725,0.022785530243522725,False,0.28184160008095205,historical_w250
2026-01-05,2026-01-06,ewma,0.0018236055564046,-0.019620759131701655,0.019620759131701655,False,0.44581960001960397,ewma_d094
2026-01-05,2026-01-06,gradient_boosting,0.0018236055564046,-0.019748832663548002,0.019748832663548002,False,106.31328299990855,gb_G04
2026-01-05,2026-01-06,historical_simulation,0.0018236055564046,-0.022785530243522725,0.022785530243522725,False,0.28184160008095205,historical_w250
2026-01-06,2026-01-07,ewma,0.0245225051497573,-0.019037215676098285,0.019037215676098285,False,0.44581960001960397,ewma_d094
2026-01-06,2026-01-07,gradient_boosting,0.0245225051497573,-0.019709297459433471,0.019709297459433471,False,106.31328299990855,gb_G04
2026-01-06,2026-01-07,historical_simulation,0.0245225051497573,-0.022785530243522725,0.022785530243522725,False,0.28184160008095205,historical_w250
2026-01-07,2026-01-08,ewma,-0.014478389397026999,-0.02093537408876012,0.02093537408876012,False,0.44581960001960397,ewma_d094
2026-01-07,2026-01-08,gradient_boosting,-0.014478389397026999,-0.019741030676855835,0.019741030676855835,False,106.31328299990855,gb_G04
2026-01-07,2026-01-08,historical_simulation,-0.014478389397026999,-0.022461619622288456,0.022461619622288456,False,0.28184160008095205,historical_w250
2026-01-08,2026-01-09,ewma,-0.0050144141867930004,-0.021119215571787229,0.021119215571787229,False,0.44581960001960397,ewma_d094
2026-01-08,2026-01-09,gradient_boosting,-0.0050144141867930004,-0.018987312308082017,0.018987312308082017,False,106.31328299990855,gb_G04
2026-01-08,2026-01-09,historical_simulation,-0.0050144141867930004,-0.022461619622288456,0.022461619622288456,False,0.28184160008095205,historical_w250
2026-01-09,2026-01-12,ewma,0.029538650774310699,-0.020575270064317221,0.020575270064317221,False,0.44581960001960397,ewma_d094
2026-01-09,2026-01-12,gradient_boosting,0.029538650774310699,-0.025462583830623022,0.025462583830623022,False,106.31328299990855,gb_G04
2026-01-09,2026-01-12,historical_simulation,0.029538650774310699,-0.022461619622288456,0.022461619622288456,False,0.28184160008095205,historical_w250
2026-01-12,2026-01-13,ewma,-0.0066741227691609001,-0.023228896023375977,0.023228896023375977,False,0.44581960001960397,ewma_d094
2026-01-12,2026-01-13,gradient_boosting,-0.0066741227691609001,-0.023086854987685739,0.023086854987685739,False,106.31328299990855,gb_G04
2026-01-12,2026-01-13,historical_simulation,-0.0066741227691609001,-0.022461619622288456,0.022461619622288456,False,0.28184160008095205,historical_w250
2026-01-13,2026-01-14,ewma,-0.0011910644603958,-0.022681217860892017,0.022681217860892017,False,0.44581960001960397,ewma_d094
2026-01-13,2026-01-14,gradient_boosting,-0.0011910644603958,-0.019191885570976237,0.019191885570976237,False,106.31328299990855,gb_G04
2026-01-13,2026-01-14,historical_simulation,-0.0011910644603958,-0.022461619622288456,0.022461619622288456,False,0.28184160008095205,historical_w250
2026-01-14,2026-01-15,ewma,-0.0077030008468063002,-0.021995492167239419,0.021995492167239419,False,0.44581960001960397,ewma_d094
2026-01-14,2026-01-15,gradient_boosting,-0.0077030008468063002,-0.02532228752559465,0.02532228752559465,False,106.31328299990855,gb_G04
2026-01-14,2026-01-15,historical_simulation,-0.0077030008468063002,-0.022461619622288456,0.022461619622288456,False,0.28184160008095205,historical_w250
2026-01-15,2026-01-16,ewma,0.034949678017258699,-0.021550076073349887,0.021550076073349887,False,0.44581960001960397,ewma_d094
2026-01-15,2026-01-16,gradient_boosting,0.034949678017258699,-0.018709187864115129,0.018709187864115129,False,106.31328299990855,gb_G04
2026-01-15,2026-01-16,historical_simulation,0.034949678017258699,-0.022461619622288456,0.022461619622288456,False,0.28184160008095205,historical_w250
2026-01-16,2026-01-19,ewma,0.0014874597447464,-0.025195782664686483,0.025195782664686483,False,0.44581960001960397,ewma_d094
2026-01-16,2026-01-19,gradient_boosting,0.0014874597447464,-0.019059213602477629,0.019059213602477629,False,106.31328299990855,gb_G04
2026-01-16,2026-01-19,historical_simulation,0.0014874597447464,-0.022461619622288456,0.022461619622288456,False,0.28184160008095205,historical_w250
2026-01-19,2026-01-20,ewma,-0.0134219980237224,-0.02443556799131873,0.02443556799131873,False,0.44581960001960397,ewma_d094
2026-01-19,2026-01-20,gradient_boosting,-0.0134219980237224,-0.023934999131083715,0.023934999131083715,False,106.31328299990855,gb_G04
2026-01-19,2026-01-20,historical_simulation,-0.0134219980237224,-0.022461619622288456,0.022461619622288456,False,0.28184160008095205,historical_w250
2026-01-20,2026-01-21,ewma,-0.0049484313888461997,-0.024300522387269308,0.024300522387269308,False,0.44581960001960397,ewma_d094
2026-01-20,2026-01-21,gradient_boosting,-0.0049484313888461997,-0.019054619772722922,0.019054619772722922,False,106.31328299990855,gb_G04
2026-01-20,2026-01-21,historical_simulation,-0.0049484313888461997,-0.022461619622288456,0.022461619622288456,False,0.28184160008095205,historical_w250
2026-01-21,2026-01-22,ewma,0.000214610273379,-0.02364443907563216,0.02364443907563216,False,0.44581960001960397,ewma_d094
2026-01-21,2026-01-22,gradient_boosting,0.000214610273379,-0.024130442175281663,0.024130442175281663,False,106.31328299990855,gb_G04
2026-01-21,2026-01-22,historical_simulation,0.000214610273379,-0.022461619622288456,0.022461619622288456,False,0.28184160008095205,historical_w250
2026-01-22,2026-01-23,ewma,-0.011984174359786499,-0.022924297282458508,0.022924297282458508,False,0.44581960001960397,ewma_d094
2026-01-22,2026-01-23,gradient_boosting,-0.011984174359786499,-0.018608723888654893,0.018608723888654893,False,106.31328299990855,gb_G04
2026-01-22,2026-01-23,historical_simulation,-0.011984174359786499,-0.022461619622288456,0.022461619622288456,False,0.28184160008095205,historical_w250
2026-01-23,2026-01-26,ewma,-0.020436713527828901,-0.022744368120967882,0.022744368120967882,False,0.44581960001960397,ewma_d094
2026-01-23,2026-01-26,gradient_boosting,-0.020436713527828901,-0.019135517755159676,0.019135517755159676,True,106.31328299990855,gb_G04
2026-01-23,2026-01-26,historical_simulation,-0.020436713527828901,-0.022461619622288456,0.022461619622288456,False,0.28184160008095205,historical_w250
2026-01-26,2026-01-27,ewma,0.017607263667824901,-0.023538641017175101,0.023538641017175101,False,0.44581960001960397,ewma_d094
2026-01-26,2026-01-27,gradient_boosting,0.017607263667824901,-0.030020543512367468,0.030020543512367468,False,106.31328299990855,gb_G04
2026-01-26,2026-01-27,historical_simulation,0.017607263667824901,-0.022461619622288456,0.022461619622288456,False,0.28184160008095205,historical_w250
2026-01-27,2026-01-28,ewma,0.0129017477297967,-0.023898728544534557,0.023898728544534557,False,0.44581960001960397,ewma_d094
2026-01-27,2026-01-28,gradient_boosting,0.0129017477297967,-0.022459148579117242,0.022459148579117242,False,106.31328299990855,gb_G04
2026-01-27,2026-01-28,historical_simulation,0.0129017477297967,-0.022461619622288456,0.022461619622288456,False,0.28184160008095205,historical_w250
2026-01-28,2026-01-29,ewma,0.025744605288820999,-0.023746607377885365,0.023746607377885365,False,0.44581960001960397,ewma_d094
2026-01-28,2026-01-29,gradient_boosting,0.025744605288820999,-0.021882148641680855,0.021882148641680855,False,106.31328299990855,gb_G04
2026-01-28,2026-01-29,historical_simulation,0.025744605288820999,-0.022461619622288456,0.022461619622288456,False,0.28184160008095205,historical_w250
2026-01-29,2026-01-30,ewma,0.0039179625614337004,-0.025251907826444424,0.025251907826444424,False,0.44581960001960397,ewma_d094
2026-01-29,2026-01-30,gradient_boosting,0.0039179625614337004,-0.024738656279358728,0.024738656279358728,False,106.31328299990855,gb_G04
2026-01-29,2026-01-30,historical_simulation,0.0039179625614337004,-0.022276349143061949,0.022276349143061949,False,0.28184160008095205,historical_w250
2026-01-30,2026-02-02,ewma,-0.00087037037828349999,-0.024533470878978718,0.024533470878978718,False,0.44581960001960397,ewma_d094
2026-01-30,2026-02-02,gradient_boosting,-0.00087037037828349999,-0.025246678830342276,0.025246678830342276,False,106.31328299990855,gb_G04
2026-01-30,2026-02-02,historical_simulation,-0.00087037037828349999,-0.022276349143061949,0.022276349143061949,False,0.28184160008095205,historical_w250
2026-02-02,2026-02-03,ewma,-0.0065359946007144997,-0.02378866738505522,0.02378866738505522,False,0.44581960001960397,ewma_d094
2026-02-02,2026-02-03,gradient_boosting,-0.0065359946007144997,-0.021940889863289358,0.021940889863289358,False,106.31328299990855,gb_G04
2026-02-02,2026-02-03,historical_simulation,-0.0065359946007144997,-0.022276349143061949,0.022276349143061949,False,0.28184160008095205,historical_w250
2026-02-03,2026-02-04,ewma,0.013928734406709701,-0.023213818674259982,0.023213818674259982,False,0.44581960001960397,ewma_d094
2026-02-03,2026-02-04,gradient_boosting,0.013928734406709701,-0.022098995296044307,0.022098995296044307,False,106.31328299990855,gb_G04
2026-02-03,2026-02-04,historical_simulation,0.013928734406709701,-0.022276349143061949,0.022276349143061949,False,0.28184160008095205,historical_w250
2026-02-04,2026-02-05,ewma,-0.024115125400590201,-0.023195744994279316,0.023195744994279316,True,0.44581960001960397,ewma_d094
2026-02-04,2026-02-05,gradient_boosting,-0.024115125400590201,-0.021874517205843325,0.021874517205843325,True,106.31328299990855,gb_G04
2026-02-04,2026-02-05,historical_simulation,-0.024115125400590201,-0.022276349143061949,0.022276349143061949,True,0.28184160008095205,historical_w250
2026-02-05,2026-02-06,ewma,-0.0205068110583045,-0.024498220692636453,0.024498220692636453,False,0.44581960001960397,ewma_d094
2026-02-05,2026-02-06,gradient_boosting,-0.0205068110583045,-0.026822586865021942,0.026822586865021942,False,106.31328299990855,gb_G04
2026-02-05,2026-02-06,historical_simulation,-0.0205068110583045,-0.022276349143061949,0.022276349143061949,False,0.28184160008095205,historical_w250
2026-02-06,2026-02-09,ewma,0.0076638337475073001,-0.025147935615781315,0.025147935615781315,False,0.44581960001960397,ewma_d094
2026-02-06,2026-02-09,gradient_boosting,0.0076638337475073001,-0.023349946129752146,0.023349946129752146,False,106.31328299990855,gb_G04
2026-02-06,2026-02-09,historical_simulation,0.0076638337475073001,-0.022276349143061949,0.022276349143061949,False,0.28184160008095205,historical_w250
2026-02-09,2026-02-10,ewma,-0.0065742735110462004,-0.024576575139549091,0.024576575139549091,False,0.44581960001960397,ewma_d094
2026-02-09,2026-02-10,gradient_boosting,-0.0065742735110462004,-0.022970128517054562,0.022970128517054562,False,106.31328299990855,gb_G04
2026-02-09,2026-02-10,historical_simulation,-0.0065742735110462004,-0.022276349143061949,0.022276349143061949,False,0.28184160008095205,historical_w250
2026-02-10,2026-02-11,ewma,0.016231849131852698,-0.023974648114046898,0.023974648114046898,False,0.44581960001960397,ewma_d094
2026-02-10,2026-02-11,gradient_boosting,0.016231849131852698,-0.022463063342154605,0.022463063342154605,False,106.31328299990855,gb_G04
2026-02-10,2026-02-11,historical_simulation,0.016231849131852698,-0.022276349143061949,0.022276349143061949,False,0.28184160008095205,historical_w250
2026-02-11,2026-02-12,ewma,0.0048885106117800003,-0.024146779787704704,0.024146779787704704,False,0.44581960001960397,ewma_d094
2026-02-11,2026-02-12,gradient_boosting,0.0048885106117800003,-0.025828466875636235,0.025828466875636235,False,106.31328299990855,gb_G04
2026-02-11,2026-02-12,historical_simulation,0.0048885106117800003,-0.022276349143061949,0.022276349143061949,False,0.28184160008095205,historical_w250
2026-02-12,2026-02-13,ewma,-0.0093676127947638008,-0.023493878032262362,0.023493878032262362,False,0.44581960001960397,ewma_d094
2026-02-12,2026-02-13,gradient_boosting,-0.0093676127947638008,-0.025320552368135185,0.025320552368135185,False,106.31328299990855,gb_G04
2026-02-12,2026-02-13,historical_simulation,-0.0093676127947638008,-0.022276349143061949,0.022276349143061949,False,0.28184160008095205,historical_w250
2026-02-13,2026-02-23,ewma,-0.0010272817789785001,-0.023088733294771506,0.023088733294771506,False,0.44581960001960397,ewma_d094
2026-02-13,2026-02-23,gradient_boosting,-0.0010272817789785001,-0.019668016738641679,0.019668016738641679,False,106.31328299990855,gb_G04
2026-02-13,2026-02-23,historical_simulation,-0.0010272817789785001,-0.022276349143061949,0.022276349143061949,False,0.28184160008095205,historical_w250
2026-02-23,2026-02-24,ewma,0.0032960807426041,-0.02238918354301821,0.02238918354301821,False,0.44581960001960397,ewma_d094
2026-02-23,2026-02-24,gradient_boosting,0.0032960807426041,-0.019116855102345578,0.019116855102345578,False,106.31328299990855,gb_G04
2026-02-23,2026-02-24,historical_simulation,0.0032960807426041,-0.022276349143061949,0.022276349143061949,False,0.28184160008095205,historical_w250
2026-02-24,2026-02-25,ewma,0.0023694909764975002,-0.021747703622507285,0.021747703622507285,False,0.44581960001960397,ewma_d094
2026-02-24,2026-02-25,gradient_boosting,0.0023694909764975002,-0.020202728850744422,0.020202728850744422,False,106.31328299990855,gb_G04
2026-02-24,2026-02-25,historical_simulation,0.0023694909764975002,-0.022276349143061949,0.022276349143061949,False,0.28184160008095205,historical_w250
2026-02-25,2026-02-26,ewma,0.0085287619426779003,-0.021106782570384782,0.021106782570384782,False,0.44581960001960397,ewma_d094
2026-02-25,2026-02-26,gradient_boosting,0.0085287619426779003,-0.020087551309286206,0.020087551309286206,False,106.31328299990855,gb_G04
2026-02-25,2026-02-26,historical_simulation,0.0085287619426779003,-0.022276349143061949,0.022276349143061949,False,0.28184160008095205,historical_w250
2026-02-26,2026-02-27,ewma,0.00034455385229550001,-0.020750289935988601,0.020750289935988601,False,0.44581960001960397,ewma_d094
2026-02-26,2026-02-27,gradient_boosting,0.00034455385229550001,-0.023713104157948191,0.023713104157948191,False,106.31328299990855,gb_G04
2026-02-26,2026-02-27,historical_simulation,0.00034455385229550001,-0.022276349143061949,0.022276349143061949,False,0.28184160008095205,historical_w250
2026-02-27,2026-03-02,ewma,-0.026449084283467199,-0.020118631468865937,0.020118631468865937,True,0.44581960001960397,ewma_d094
2026-02-27,2026-03-02,gradient_boosting,-0.026449084283467199,-0.019960544694343895,0.019960544694343895,True,106.31328299990855,gb_G04
2026-02-27,2026-03-02,historical_simulation,-0.026449084283467199,-0.022276349143061949,0.022276349143061949,True,0.28184160008095205,historical_w250
2026-03-02,2026-03-03,ewma,-0.025746878080932602,-0.022226880272014887,0.022226880272014887,True,0.44581960001960397,ewma_d094
2026-03-02,2026-03-03,gradient_boosting,-0.025746878080932602,-0.023683930053887997,0.023683930053887997,True,106.31328299990855,gb_G04
2026-03-02,2026-03-03,historical_simulation,-0.025746878080932602,-0.023607178058787349,0.023607178058787349,True,0.28184160008095205,historical_w250
2026-03-03,2026-03-04,ewma,-0.0050376645749777996,-0.023916578362214259,0.023916578362214259,False,0.44581960001960397,ewma_d094
2026-03-03,2026-03-04,gradient_boosting,-0.0050376645749777996,-0.025534948627265644,0.025534948627265644,False,106.31328299990855,gb_G04
2026-03-03,2026-03-04,historical_simulation,-0.0050376645749777996,-0.025012589374778519,0.025012589374778519,False,0.28184160008095205,historical_w250
2026-03-04,2026-03-05,ewma,-0.0216668850327261,-0.023276645906973127,0.023276645906973127,False,0.44581960001960397,ewma_d094
2026-03-04,2026-03-05,gradient_boosting,-0.0216668850327261,-0.020247284324126605,0.020247284324126605,True,106.31328299990855,gb_G04
2026-03-04,2026-03-05,historical_simulation,-0.0216668850327261,-0.025012589374778519,0.025012589374778519,False,0.28184160008095205,historical_w250
2026-03-05,2026-03-06,ewma,-0.020825756021846099,-0.024197144184931484,0.024197144184931484,False,0.44581960001960397,ewma_d094
2026-03-05,2026-03-06,gradient_boosting,-0.020825756021846099,-0.019951026187277187,0.019951026187277187,True,106.31328299990855,gb_G04
2026-03-05,2026-03-06,historical_simulation,-0.020825756021846099,-0.025012589374778519,0.025012589374778519,False,0.28184160008095205,historical_w250
2026-03-06,2026-03-09,ewma,-0.069401999313773,-0.024915402821235173,0.024915402821235173,True,0.44581960001960397,ewma_d094
2026-03-06,2026-03-09,gradient_boosting,-0.069401999313773,-0.027063047689207663,0.027063047689207663,True,106.31328299990855,gb_G04
2026-03-06,2026-03-09,historical_simulation,-0.069401999313773,-0.025012589374778519,0.025012589374778519,True,0.28184160008095205,historical_w250
2026-03-09,2026-03-10,ewma,0.056105247635285897,-0.036951697996607934,0.036951697996607934,False,0.44581960001960397,ewma_d094
2026-03-09,2026-03-10,gradient_boosting,0.056105247635285897,-0.042718558671440837,0.042718558671440837,False,106.31328299990855,gb_G04
2026-03-09,2026-03-10,historical_simulation,0.056105247635285897,-0.026133091492326628,0.026133091492326628,False,0.28184160008095205,historical_w250
2026-03-10,2026-03-11,ewma,0.029262966106320801,-0.042361452926153391,0.042361452926153391,False,0.44581960001960397,ewma_d094
2026-03-10,2026-03-11,gradient_boosting,0.029262966106320801,-0.036790473569346331,0.036790473569346331,False,106.31328299990855,gb_G04
2026-03-10,2026-03-11,historical_simulation,0.029262966106320801,-0.026133091492326628,0.026133091492326628,False,0.28184160008095205,historical_w250
2026-03-11,2026-03-12,ewma,-0.025085098877576199,-0.04272975524186591,0.04272975524186591,False,0.44581960001960397,ewma_d094
2026-03-11,2026-03-12,gradient_boosting,-0.025085098877576199,-0.035715522478959025,0.035715522478959025,False,106.31328299990855,gb_G04
2026-03-11,2026-03-12,historical_simulation,-0.025085098877576199,-0.026133091492326628,0.026133091492326628,False,0.28184160008095205,historical_w250
2026-03-12,2026-03-13,ewma,-0.015056735683290299,-0.042643074880846066,0.042643074880846066,False,0.44581960001960397,ewma_d094
2026-03-12,2026-03-13,gradient_boosting,-0.015056735683290299,-0.048139015621043925,0.048139015621043925,False,106.31328299990855,gb_G04
2026-03-12,2026-03-13,historical_simulation,-0.015056735683290299,-0.026133091492326628,0.026133091492326628,False,0.28184160008095205,historical_w250
2026-03-13,2026-03-16,ewma,0.00078646832768240001,-0.041786691492465111,0.041786691492465111,False,0.44581960001960397,ewma_d094
2026-03-13,2026-03-16,gradient_boosting,0.00078646832768240001,-0.036087031325888225,0.036087031325888225,False,106.31328299990855,gb_G04
2026-03-13,2026-03-16,historical_simulation,0.00078646832768240001,-0.026133091492326628,0.026133091492326628,False,0.28184160008095205,historical_w250
2026-03-16,2026-03-17,ewma,0.0156081394329211,-0.04051493969778764,0.04051493969778764,False,0.44581960001960397,ewma_d094
2026-03-16,2026-03-17,gradient_boosting,0.0156081394329211,-0.028155558379778314,0.028155558379778314,False,106.31328299990855,gb_G04
2026-03-16,2026-03-17,historical_simulation,0.0156081394329211,-0.026133091492326628,0.026133091492326628,False,0.28184160008095205,historical_w250
2026-03-17,2026-03-18,ewma,-0.00055919333188520002,-0.039780890096399679,0.039780890096399679,False,0.44581960001960397,ewma_d094
2026-03-17,2026-03-18,gradient_boosting,-0.00055919333188520002,-0.02329938354697703,0.02329938354697703,False,106.31328299990855,gb_G04
2026-03-17,2026-03-18,historical_simulation,-0.00055919333188520002,-0.026133091492326628,0.026133091492326628,False,0.28184160008095205,historical_w250
2026-03-18,2026-03-19,ewma,-0.014040875075773699,-0.038569661974134826,0.038569661974134826,False,0.44581960001960397,ewma_d094
2026-03-18,2026-03-19,gradient_boosting,-0.014040875075773699,-0.028935761288537903,0.028935761288537903,False,106.31328299990855,gb_G04
2026-03-18,2026-03-19,historical_simulation,-0.014040875075773699,-0.026133091492326628,0.026133091492326628,False,0.28184160008095205,historical_w250
2026-03-19,2026-03-20,ewma,-0.030406768241201899,-0.03782016588495344,0.03782016588495344,False,0.44581960001960397,ewma_d094
2026-03-19,2026-03-20,gradient_boosting,-0.030406768241201899,-0.032281992051937838,0.032281992051937838,False,106.31328299990855,gb_G04
2026-03-19,2026-03-20,historical_simulation,-0.030406768241201899,-0.026133091492326628,0.026133091492326628,True,0.28184160008095205,historical_w250
2026-03-20,2026-03-23,ewma,-0.034914847962244998,-0.038660459927417172,0.038660459927417172,False,0.44581960001960397,ewma_d094
2026-03-20,2026-03-23,gradient_boosting,-0.034914847962244998,-0.035276351647020886,0.035276351647020886,False,106.31328299990855,gb_G04
2026-03-20,2026-03-23,historical_simulation,-0.034914847962244998,-0.027020197746921468,0.027020197746921468,True,0.28184160008095205,historical_w250
2026-03-23,2026-03-24,ewma,0.024427013091990701,-0.040035538042581101,0.040035538042581101,False,0.44581960001960397,ewma_d094
2026-03-23,2026-03-24,gradient_boosting,0.024427013091990701,-0.034524843009598911,0.034524843009598911,False,106.31328299990855,gb_G04
2026-03-23,2026-03-24,historical_simulation,0.024427013091990701,-0.027020197746921468,0.027020197746921468,False,0.28184160008095205,historical_w250
2026-03-24,2026-03-25,ewma,0.0262490941372421,-0.040044151890611272,0.040044151890611272,False,0.44581960001960397,ewma_d094
2026-03-24,2026-03-25,gradient_boosting,0.0262490941372421,-0.023787391489991434,0.023787391489991434,False,106.31328299990855,gb_G04
2026-03-24,2026-03-25,historical_simulation,0.0262490941372421,-0.027020197746921468,0.027020197746921468,False,0.28184160008095205,historical_w250
2026-03-25,2026-03-26,ewma,-0.0206888948510042,-0.040238931978032015,0.040238931978032015,False,0.44581960001960397,ewma_d094
2026-03-25,2026-03-26,gradient_boosting,-0.0206888948510042,-0.027422115196238741,0.027422115196238741,False,106.31328299990855,gb_G04
2026-03-25,2026-03-26,historical_simulation,-0.0206888948510042,-0.027020197746921468,0.027020197746921468,False,0.28184160008095205,historical_w250
2026-03-26,2026-03-27,ewma,0.026811502243899901,-0.039893666588776813,0.039893666588776813,False,0.44581960001960397,ewma_d094
2026-03-26,2026-03-27,gradient_boosting,0.026811502243899901,-0.037037380046504233,0.037037380046504233,False,106.31328299990855,gb_G04
2026-03-26,2026-03-27,historical_simulation,0.026811502243899901,-0.027020197746921468,0.027020197746921468,False,0.28184160008095205,historical_w250
2026-03-27,2026-03-30,ewma,-0.0049532664243133002,-0.040158538699896384,0.040158538699896384,False,0.44581960001960397,ewma_d094
2026-03-27,2026-03-30,gradient_boosting,-0.0049532664243133002,-0.027621368710123381,0.027621368710123381,False,106.31328299990855,gb_G04
2026-03-27,2026-03-30,historical_simulation,-0.0049532664243133002,-0.027020197746921468,0.027020197746921468,False,0.28184160008095205,historical_w250
2026-03-30,2026-03-31,ewma,0.0072109387016719003,-0.038986260946242274,0.038986260946242274,False,0.44581960001960397,ewma_d094
2026-03-30,2026-03-31,gradient_boosting,0.0072109387016719003,-0.023220856859492982,0.023220856859492982,False,106.31328299990855,gb_G04
2026-03-30,2026-03-31,historical_simulation,0.0072109387016719003,-0.027020197746921468,0.027020197746921468,False,0.28184160008095205,historical_w250
2026-03-31,2026-04-01,ewma,0.0082519619053925998,-0.03791007441291299,0.03791007441291299,False,0.44581960001960397,ewma_d094
2026-03-31,2026-04-01,gradient_boosting,0.0082519619053925998,-0.023060847701949685,0.023060847701949685,False,106.31328299990855,gb_G04
2026-03-31,2026-04-01,historical_simulation,0.0082519619053925998,-0.027020197746921468,0.027020197746921468,False,0.28184160008095205,historical_w250
2026-04-01,2026-04-02,ewma,-0.0026811212447098,-0.036905248083688939,0.036905248083688939,False,0.44581960001960397,ewma_d094
2026-04-01,2026-04-02,gradient_boosting,-0.0026811212447098,-0.027582431464012392,0.027582431464012392,False,106.31328299990855,gb_G04
2026-04-01,2026-04-02,historical_simulation,-0.0026811212447098,-0.027020197746921468,0.027020197746921468,False,0.28184160008095205,historical_w250
2026-04-02,2026-04-03,ewma,-0.021724118141141901,-0.035797268184485899,0.035797268184485899,False,0.44581960001960397,ewma_d094
2026-04-02,2026-04-03,gradient_boosting,-0.021724118141141901,-0.022852128697658795,0.022852128697658795,False,106.31328299990855,gb_G04
2026-04-02,2026-04-03,historical_simulation,-0.021724118141141901,-0.027020197746921468,0.027020197746921468,False,0.28184160008095205,historical_w250
2026-04-03,2026-04-06,ewma,-0.0021182960781265,-0.035793415019132468,0.035793415019132468,False,0.44581960001960397,ewma_d094
2026-04-03,2026-04-06,gradient_boosting,-0.0021182960781265,-0.026162137768569245,0.026162137768569245,False,106.31328299990855,gb_G04
2026-04-03,2026-04-06,historical_simulation,-0.0021182960781265,-0.027020197746921468,0.027020197746921468,False,0.28184160008095205,historical_w250
2026-04-06,2026-04-07,ewma,-0.001535083076819,-0.034713496806810448,0.034713496806810448,False,0.44581960001960397,ewma_d094
2026-04-06,2026-04-07,gradient_boosting,-0.001535083076819,-0.023174437341577123,0.023174437341577123,False,106.31328299990855,gb_G04
2026-04-06,2026-04-07,historical_simulation,-0.001535083076819,-0.027020197746921468,0.027020197746921468,False,0.28184160008095205,historical_w250
2026-04-07,2026-04-08,ewma,0.054545517020204201,-0.033661666365079668,0.033661666365079668,False,0.44581960001960397,ewma_d094
2026-04-07,2026-04-08,gradient_boosting,0.054545517020204201,-0.023298648998340339,0.023298648998340339,False,106.31328299990855,gb_G04
2026-04-07,2026-04-08,historical_simulation,0.054545517020204201,-0.026133091492326628,0.026133091492326628,False,0.28184160008095205,historical_w250
2026-04-08,2026-04-09,ewma,-0.0051845220659069999,-0.039345844357989358,0.039345844357989358,False,0.44581960001960397,ewma_d094
2026-04-08,2026-04-09,gradient_boosting,-0.0051845220659069999,-0.026207759868957087,0.026207759868957087,False,106.31328299990855,gb_G04
2026-04-08,2026-04-09,historical_simulation,-0.0051845220659069999,-0.026133091492326628,0.026133091492326628,False,0.28184160008095205,historical_w250
2026-04-09,2026-04-10,ewma,-0.0023152109509549002,-0.038204359986454245,0.038204359986454245,False,0.44581960001960397,ewma_d094
2026-04-09,2026-04-10,gradient_boosting,-0.0023152109509549002,-0.031204371700770957,0.031204371700770957,False,106.31328299990855,gb_G04
2026-04-09,2026-04-10,historical_simulation,-0.0023152109509549002,-0.025449077439422221,0.025449077439422221,False,0.28184160008095205,historical_w250
2026-04-10,2026-04-13,ewma,-0.0104950936273025,-0.037052245143595987,0.037052245143595987,False,0.44581960001960397,ewma_d094
2026-04-10,2026-04-13,gradient_boosting,-0.0104950936273025,-0.025150604787065715,0.025150604787065715,False,106.31328299990855,gb_G04
2026-04-10,2026-04-13,historical_simulation,-0.0104950936273025,-0.0246486108129325,0.0246486108129325,False,0.28184160008095205,historical_w250
2026-04-13,2026-04-14,ewma,0.0111402104322505,-0.036171496873603971,0.036171496873603971,False,0.44581960001960397,ewma_d094
2026-04-13,2026-04-14,gradient_boosting,0.0111402104322505,-0.025014263860341415,0.025014263860341415,False,106.31328299990855,gb_G04
2026-04-13,2026-04-14,historical_simulation,0.0111402104322505,-0.0246486108129325,0.0246486108129325,False,0.28184160008095205,historical_w250
2026-04-14,2026-04-15,ewma,-0.017144293860611198,-0.035355632191081059,0.035355632191081059,False,0.44581960001960397,ewma_d094
2026-04-14,2026-04-15,gradient_boosting,-0.017144293860611198,-0.025416864957884977,0.025416864957884977,False,106.31328299990855,gb_G04
2026-04-14,2026-04-15,historical_simulation,-0.017144293860611198,-0.0246486108129325,0.0246486108129325,False,0.28184160008095205,historical_w250
2026-04-15,2026-04-16,ewma,-0.0002361129255545,-0.034967604860801089,0.034967604860801089,False,0.44581960001960397,ewma_d094
2026-04-15,2026-04-16,gradient_boosting,-0.0002361129255545,-0.023151693903157407,0.023151693903157407,False,106.31328299990855,gb_G04
2026-04-15,2026-04-16,historical_simulation,-0.0002361129255545,-0.0246486108129325,0.0246486108129325,False,0.28184160008095205,historical_w250
2026-04-16,2026-04-17,ewma,0.032093940435247902,-0.033902484219456311,0.033902484219456311,False,0.44581960001960397,ewma_d094
2026-04-16,2026-04-17,gradient_boosting,0.032093940435247902,-0.022840994290799142,0.022840994290799142,False,106.31328299990855,gb_G04
2026-04-16,2026-04-17,historical_simulation,0.032093940435247902,-0.0246486108129325,0.0246486108129325,False,0.28184160008095205,historical_w250
2026-04-17,2026-04-20,ewma,0.0108118299583737,-0.035321689180709298,0.035321689180709298,False,0.44581960001960397,ewma_d094
2026-04-17,2026-04-20,gradient_boosting,0.0108118299583737,-0.025981998540109404,0.025981998540109404,False,106.31328299990855,gb_G04
2026-04-17,2026-04-20,historical_simulation,0.0108118299583737,-0.023039172133838465,0.023039172133838465,False,0.28184160008095205,historical_w250
2026-04-20,2026-04-21,ewma,-0.013115738140918499,-0.034521593262647594,0.034521593262647594,False,0.44581960001960397,ewma_d094
2026-04-20,2026-04-21,gradient_boosting,-0.013115738140918499,-0.023173967197565832,0.023173967197565832,False,106.31328299990855,gb_G04
2026-04-20,2026-04-21,historical_simulation,-0.013115738140918499,-0.023039172133838465,0.023039172133838465,False,0.28184160008095205,historical_w250
2026-04-21,2026-04-22,ewma,-0.0031361570243012,-0.03388452231267218,0.03388452231267218,False,0.44581960001960397,ewma_d094
2026-04-21,2026-04-22,gradient_boosting,-0.0031361570243012,-0.030810739490928111,0.030810739490928111,False,106.31328299990855,gb_G04
2026-04-21,2026-04-22,historical_simulation,-0.0031361570243012,-0.023039172133838465,0.023039172133838465,False,0.28184160008095205,historical_w250
2026-04-22,2026-04-23,ewma,-0.0134920774100696,-0.032876554267006752,0.032876554267006752,False,0.44581960001960397,ewma_d094
2026-04-22,2026-04-23,gradient_boosting,-0.0134920774100696,-0.022628761082737616,0.022628761082737616,False,106.31328299990855,gb_G04
2026-04-22,2026-04-23,historical_simulation,-0.0134920774100696,-0.023039172133838465,0.023039172133838465,False,0.28184160008095205,historical_w250
2026-04-23,2026-04-24,ewma,-0.0067649386631999002,-0.032335215393538667,0.032335215393538667,False,0.44581960001960397,ewma_d094
2026-04-23,2026-04-24,gradient_boosting,-0.0067649386631999002,-0.022647784143681488,0.022647784143681488,False,106.31328299990855,gb_G04
2026-04-23,2026-04-24,historical_simulation,-0.0067649386631999002,-0.023039172133838465,0.023039172133838465,False,0.28184160008095205,historical_w250
2026-04-24,2026-04-28,ewma,0.011209835244255799,-0.031468416529150153,0.031468416529150153,False,0.44581960001960397,ewma_d094
2026-04-24,2026-04-28,gradient_boosting,0.011209835244255799,-0.022296386845450746,0.022296386845450746,False,106.31328299990855,gb_G04
2026-04-24,2026-04-28,historical_simulation,0.011209835244255799,-0.023039172133838465,0.023039172133838465,False,0.28184160008095205,historical_w250
2026-04-28,2026-04-29,ewma,-0.0013429694123319,-0.030842249364913598,0.030842249364913598,False,0.44581960001960397,ewma_d094
2026-04-28,2026-04-29,gradient_boosting,-0.0013429694123319,-0.025381011760287515,0.025381011760287515,False,106.31328299990855,gb_G04
2026-04-28,2026-04-29,historical_simulation,-0.0013429694123319,-0.023039172133838465,0.023039172133838465,False,0.28184160008095205,historical_w250
2026-04-29,2026-05-04,ewma,-0.0060852520045310996,-0.029907565311174042,0.029907565311174042,False,0.44581960001960397,ewma_d094
2026-04-29,2026-05-04,gradient_boosting,-0.0060852520045310996,-0.022594587240565615,0.022594587240565615,False,106.31328299990855,gb_G04
2026-04-29,2026-05-04,historical_simulation,-0.0060852520045310996,-0.023039172133838465,0.023039172133838465,False,0.28184160008095205,historical_w250
2026-05-04,2026-05-05,ewma,-0.0013461403759491,-0.029099930221777686,0.029099930221777686,False,0.44581960001960397,ewma_d094
2026-05-04,2026-05-05,gradient_boosting,-0.0013461403759491,-0.026441622241419618,0.026441622241419618,False,106.31328299990855,gb_G04
2026-05-04,2026-05-05,historical_simulation,-0.0013461403759491,-0.023039172133838465,0.023039172133838465,False,0.28184160008095205,historical_w250
2026-05-05,2026-05-06,ewma,0.0039009834233487998,-0.028218641790611759,0.028218641790611759,False,0.44581960001960397,ewma_d094
2026-05-05,2026-05-06,gradient_boosting,0.0039009834233487998,-0.022090715356529678,0.022090715356529678,False,106.31328299990855,gb_G04
2026-05-05,2026-05-06,historical_simulation,0.0039009834233487998,-0.023039172133838465,0.023039172133838465,False,0.28184160008095205,historical_w250
2026-05-06,2026-05-07,ewma,0.00042163633968610002,-0.02740409757964539,0.02740409757964539,False,0.44581960001960397,ewma_d094
2026-05-06,2026-05-07,gradient_boosting,0.00042163633968610002,-0.021858838494059785,0.021858838494059785,False,106.31328299990855,gb_G04
2026-05-06,2026-05-07,historical_simulation,0.00042163633968610002,-0.023039172133838465,0.023039172133838465,False,0.28184160008095205,historical_w250
2026-05-07,2026-05-08,ewma,-0.0092666684071885004,-0.026569801454702394,0.026569801454702394,False,0.44581960001960397,ewma_d094
2026-05-07,2026-05-08,gradient_boosting,-0.0092666684071885004,-0.021458199644215879,0.021458199644215879,False,106.31328299990855,gb_G04
2026-05-07,2026-05-08,historical_simulation,-0.0092666684071885004,-0.023039172133838465,0.023039172133838465,False,0.28184160008095205,historical_w250
2026-05-08,2026-05-11,ewma,-0.0174016693465486,-0.026029536587730363,0.026029536587730363,False,0.44581960001960397,ewma_d094
2026-05-08,2026-05-11,gradient_boosting,-0.0174016693465486,-0.022419020782733813,0.022419020782733813,False,106.31328299990855,gb_G04
2026-05-08,2026-05-11,historical_simulation,-0.0174016693465486,-0.023039172133838465,0.023039172133838465,False,0.28184160008095205,historical_w250
2026-05-11,2026-05-12,ewma,0.0028419328493292,-0.026192400033714099,0.026192400033714099,False,0.44581960001960397,ewma_d094
2026-05-11,2026-05-12,gradient_boosting,0.0028419328493292,-0.020470046017797849,0.020470046017797849,False,106.31328299990855,gb_G04
2026-05-11,2026-05-12,historical_simulation,0.0028419328493292,-0.023039172133838465,0.023039172133838465,False,0.28184160008095205,historical_w250
2026-05-12,2026-05-13,ewma,0.0025286973671126002,-0.025420275431635195,0.025420275431635195,False,0.44581960001960397,ewma_d094
2026-05-12,2026-05-13,gradient_boosting,0.0025286973671126002,-0.019792525907138526,0.019792525907138526,False,106.31328299990855,gb_G04
2026-05-12,2026-05-13,historical_simulation,0.0025286973671126002,-0.023039172133838465,0.023039172133838465,False,0.28184160008095205,historical_w250
2026-05-13,2026-05-14,ewma,0.016544092978156202,-0.024666920843786029,0.024666920843786029,False,0.44581960001960397,ewma_d094
2026-05-13,2026-05-14,gradient_boosting,0.016544092978156202,-0.01967199601724259,0.01967199601724259,False,106.31328299990855,gb_G04
2026-05-13,2026-05-14,historical_simulation,0.016544092978156202,-0.023039172133838465,0.023039172133838465,False,0.28184160008095205,historical_w250
2026-05-14,2026-05-15,ewma,-0.0194866656406763,-0.024827024345145807,0.024827024345145807,False,0.44581960001960397,ewma_d094
2026-05-14,2026-05-15,gradient_boosting,-0.0194866656406763,-0.024187532590152157,0.024187532590152157,False,106.31328299990855,gb_G04
2026-05-14,2026-05-15,historical_simulation,-0.0194866656406763,-0.023039172133838465,0.023039172133838465,False,0.28184160008095205,historical_w250
2026-05-15,2026-05-18,ewma,-0.0042904913592914,-0.025318784585399629,0.025318784585399629,False,0.44581960001960397,ewma_d094
2026-05-15,2026-05-18,gradient_boosting,-0.0042904913592914,-0.030216355530398416,0.030216355530398416,False,106.31328299990855,gb_G04
2026-05-15,2026-05-18,historical_simulation,-0.0042904913592914,-0.023039172133838465,0.023039172133838465,False,0.28184160008095205,historical_w250
2026-05-18,2026-05-19,ewma,-0.0076406327733822997,-0.024608264295905721,0.024608264295905721,False,0.44581960001960397,ewma_d094
2026-05-18,2026-05-19,gradient_boosting,-0.0076406327733822997,-0.019815088384403625,0.019815088384403625,False,106.31328299990855,gb_G04
2026-05-18,2026-05-19,historical_simulation,-0.0076406327733822997,-0.023039172133838465,0.023039172133838465,False,0.28184160008095205,historical_w250
2026-05-19,2026-05-20,ewma,0.0093467148029382999,-0.024056382320133525,0.024056382320133525,False,0.44581960001960397,ewma_d094
2026-05-19,2026-05-20,gradient_boosting,0.0093467148029382999,-0.019810026285388097,0.019810026285388097,False,106.31328299990855,gb_G04
2026-05-19,2026-05-20,historical_simulation,0.0093467148029382999,-0.023039172133838465,0.023039172133838465,False,0.28184160008095205,historical_w250
2026-05-20,2026-05-21,ewma,0.0092573633923154,-0.023625590151619556,0.023625590151619556,False,0.44581960001960397,ewma_d094
2026-05-20,2026-05-21,gradient_boosting,0.0092573633923154,-0.02007904572395101,0.02007904572395101,False,106.31328299990855,gb_G04
2026-05-20,2026-05-21,historical_simulation,0.0092573633923154,-0.023039172133838465,0.023039172133838465,False,0.28184160008095205,historical_w250
2026-05-21,2026-05-22,ewma,-0.0090082979964508005,-0.023207544146593213,0.023207544146593213,False,0.44581960001960397,ewma_d094
2026-05-21,2026-05-22,gradient_boosting,-0.0090082979964508005,-0.024419016425347072,0.024419016425347072,False,106.31328299990855,gb_G04
2026-05-21,2026-05-22,historical_simulation,-0.0090082979964508005,-0.023039172133838465,0.023039172133838465,False,0.28184160008095205,historical_w250
2026-05-22,2026-05-25,ewma,-0.0079636774553335007,-0.022791399649843471,0.022791399649843471,False,0.44581960001960397,ewma_d094
2026-05-22,2026-05-25,gradient_boosting,-0.0079636774553335007,-0.019772132109813441,0.019772132109813441,False,106.31328299990855,gb_G04
2026-05-22,2026-05-25,historical_simulation,-0.0079636774553335007,-0.023039172133838465,0.023039172133838465,False,0.28184160008095205,historical_w250
2026-05-25,2026-05-26,ewma,0.0058091031742123003,-0.022328819579603185,0.022328819579603185,False,0.44581960001960397,ewma_d094
2026-05-25,2026-05-26,gradient_boosting,0.0058091031742123003,-0.022134066418102512,0.022134066418102512,False,106.31328299990855,gb_G04
2026-05-25,2026-05-26,historical_simulation,0.0058091031742123003,-0.023039172133838465,0.023039172133838465,False,0.28184160008095205,historical_w250
2026-05-26,2026-05-27,ewma,0.00092753834342940004,-0.021774747689847041,0.021774747689847041,False,0.44581960001960397,ewma_d094
2026-05-26,2026-05-27,gradient_boosting,0.00092753834342940004,-0.019468862741682819,0.019468862741682819,False,106.31328299990855,gb_G04
2026-05-26,2026-05-27,historical_simulation,0.00092753834342940004,-0.023039172133838465,0.023039172133838465,False,0.28184160008095205,historical_w250
2026-05-27,2026-05-28,ewma,-0.018062017581306301,-0.02111470856833101,0.02111470856833101,False,0.44581960001960397,ewma_d094
2026-05-27,2026-05-28,gradient_boosting,-0.018062017581306301,-0.020514529085459084,0.020514529085459084,False,106.31328299990855,gb_G04
2026-05-27,2026-05-28,historical_simulation,-0.018062017581306301,-0.023039172133838465,0.023039172133838465,False,0.28184160008095205,historical_w250
2026-05-28,2026-05-29,ewma,-0.0041396267996594996,-0.021726478800813319,0.021726478800813319,False,0.44581960001960397,ewma_d094
2026-05-28,2026-05-29,gradient_boosting,-0.0041396267996594996,-0.025849233764886573,0.025849233764886573,False,106.31328299990855,gb_G04
2026-05-28,2026-05-29,historical_simulation,-0.0041396267996594996,-0.023039172133838465,0.023039172133838465,False,0.28184160008095205,historical_w250
2026-05-29,2026-06-01,ewma,0.018992027206638701,-0.021130530106251936,0.021130530106251936,False,0.44581960001960397,ewma_d094
2026-05-29,2026-06-01,gradient_boosting,0.018992027206638701,-0.022266553866701479,0.022266553866701479,False,106.31328299990855,gb_G04
2026-05-29,2026-06-01,historical_simulation,0.018992027206638701,-0.023039172133838465,0.023039172133838465,False,0.28184160008095205,historical_w250
2026-06-01,2026-06-02,ewma,-0.0012559568359216001,-0.021869207682646562,0.021869207682646562,False,0.44581960001960397,ewma_d094
2026-06-01,2026-06-02,gradient_boosting,-0.0012559568359216001,-0.019670237535796886,0.019670237535796886,False,106.31328299990855,gb_G04
2026-06-01,2026-06-02,historical_simulation,-0.0012559568359216001,-0.023039172133838465,0.023039172133838465,False,0.28184160008095205,historical_w250
2026-06-02,2026-06-03,ewma,0.016512433429403901,-0.021209021144727624,0.021209021144727624,False,0.44581960001960397,ewma_d094
2026-06-02,2026-06-03,gradient_boosting,0.016512433429403901,-0.01924860913766285,0.01924860913766285,False,106.31328299990855,gb_G04
2026-06-02,2026-06-03,historical_simulation,0.016512433429403901,-0.023039172133838465,0.023039172133838465,False,0.28184160008095205,historical_w250
2026-06-03,2026-06-04,ewma,-0.0049346642432338004,-0.021612378542019094,0.021612378542019094,False,0.44581960001960397,ewma_d094
2026-06-03,2026-06-04,gradient_boosting,-0.0049346642432338004,-0.023008387770299024,0.023008387770299024,False,106.31328299990855,gb_G04
2026-06-03,2026-06-04,historical_simulation,-0.0049346642432338004,-0.023039172133838465,0.023039172133838465,False,0.28184160008095205,historical_w250
2026-06-04,2026-06-05,ewma,-0.0093289142512601002,-0.021048091570775668,0.021048091570775668,False,0.44581960001960397,ewma_d094
2026-06-04,2026-06-05,gradient_boosting,-0.0093289142512601002,-0.01976482175137155,0.01976482175137155,False,106.31328299990855,gb_G04
2026-06-04,2026-06-05,historical_simulation,-0.0093289142512601002,-0.023039172133838465,0.023039172133838465,False,0.28184160008095205,historical_w250
2026-06-05,2026-06-08,ewma,-0.0224633589181285,-0.020750142540750485,0.020750142540750485,True,0.44581960001960397,ewma_d094
2026-06-05,2026-06-08,gradient_boosting,-0.0224633589181285,-0.019821794215627162,0.019821794215627162,True,106.31328299990855,gb_G04
2026-06-05,2026-06-08,historical_simulation,-0.0224633589181285,-0.023039172133838465,0.023039172133838465,False,0.28184160008095205,historical_w250
2026-06-08,2026-06-09,ewma,0.01157675623279,-0.022060094038529564,0.022060094038529564,False,0.44581960001960397,ewma_d094
2026-06-08,2026-06-09,gradient_boosting,0.01157675623279,-0.035998535756677795,0.035998535756677795,False,106.31328299990855,gb_G04
2026-06-08,2026-06-09,historical_simulation,0.01157675623279,-0.023371830483482434,0.023371830483482434,False,0.28184160008095205,historical_w250
2026-06-09,2026-06-10,ewma,0.0064244988182090004,-0.021890749385285315,0.021890749385285315,False,0.44581960001960397,ewma_d094
2026-06-09,2026-06-10,gradient_boosting,0.0064244988182090004,-0.021572456810878333,0.021572456810878333,False,106.31328299990855,gb_G04
2026-06-09,2026-06-10,historical_simulation,0.0064244988182090004,-0.023371830483482434,0.023371830483482434,False,0.28184160008095205,historical_w250
2026-06-10,2026-06-11,ewma,-0.0147200129579407,-0.021381130938375983,0.021381130938375983,False,0.44581960001960397,ewma_d094
2026-06-10,2026-06-11,gradient_boosting,-0.0147200129579407,-0.020572971791470239,0.020572971791470239,False,106.31328299990855,gb_G04
2026-06-10,2026-06-11,historical_simulation,-0.0147200129579407,-0.023371830483482434,0.023371830483482434,False,0.28184160008095205,historical_w250
2026-06-11,2026-06-12,ewma,-0.0017636996630776001,-0.021561484784785354,0.021561484784785354,False,0.44581960001960397,ewma_d094
2026-06-11,2026-06-12,gradient_boosting,-0.0017636996630776001,-0.025059448651052137,0.025059448651052137,False,106.31328299990855,gb_G04
2026-06-11,2026-06-12,historical_simulation,-0.0017636996630776001,-0.023371830483482434,0.023371830483482434,False,0.28184160008095205,historical_w250
2026-06-12,2026-06-15,ewma,0.030047529874423599,-0.020916709260554039,0.020916709260554039,False,0.44581960001960397,ewma_d094
2026-06-12,2026-06-15,gradient_boosting,0.030047529874423599,-0.027764102428293184,0.027764102428293184,False,106.31328299990855,gb_G04
2026-06-12,2026-06-15,historical_simulation,0.030047529874423599,-0.023371830483482434,0.023371830483482434,False,0.28184160008095205,historical_w250
2026-06-15,2026-06-16,ewma,-0.0038649822932476001,-0.02361823140847559,0.02361823140847559,False,0.44581960001960397,ewma_d094
2026-06-15,2026-06-16,gradient_boosting,-0.0038649822932476001,-0.020830511001323763,0.020830511001323763,False,106.31328299990855,gb_G04
2026-06-15,2026-06-16,historical_simulation,-0.0038649822932476001,-0.023371830483482434,0.023371830483482434,False,0.28184160008095205,historical_w250
2026-06-16,2026-06-17,ewma,-0.0080896444558543005,-0.022951613066740775,0.022951613066740775,False,0.44581960001960397,ewma_d094
2026-06-16,2026-06-17,gradient_boosting,-0.0080896444558543005,-0.020457481085939123,0.020457481085939123,False,106.31328299990855,gb_G04
2026-06-16,2026-06-17,historical_simulation,-0.0080896444558543005,-0.023371830483482434,0.023371830483482434,False,0.28184160008095205,historical_w250
2026-06-17,2026-06-18,ewma,-0.0098002206034552997,-0.022489850526510362,0.022489850526510362,False,0.44581960001960397,ewma_d094
2026-06-17,2026-06-18,gradient_boosting,-0.0098002206034552997,-0.025927837711442941,0.025927837711442941,False,106.31328299990855,gb_G04
2026-06-17,2026-06-18,historical_simulation,-0.0098002206034552997,-0.023371830483482434,0.023371830483482434,False,0.28184160008095205,historical_w250
2026-06-18,2026-06-19,ewma,-0.0041383959025293997,-0.022159352418527463,0.022159352418527463,False,0.44581960001960397,ewma_d094
2026-06-18,2026-06-19,gradient_boosting,-0.0041383959025293997,-0.020861458488899351,0.020861458488899351,False,106.31328299990855,gb_G04
2026-06-18,2026-06-19,historical_simulation,-0.0041383959025293997,-0.023371830483482434,0.023371830483482434,False,0.28184160008095205,historical_w250
2026-06-19,2026-06-22,ewma,-0.0075812208624708001,-0.021548894308409242,0.021548894308409242,False,0.44581960001960397,ewma_d094
2026-06-19,2026-06-22,gradient_boosting,-0.0075812208624708001,-0.020856713357778413,0.020856713357778413,False,106.31328299990855,gb_G04
2026-06-19,2026-06-22,historical_simulation,-0.0075812208624708001,-0.023371830483482434,0.023371830483482434,False,0.28184160008095205,historical_w250
2026-06-22,2026-06-23,ewma,-0.0085109261797538995,-0.021114535446311603,0.021114535446311603,False,0.44581960001960397,ewma_d094
2026-06-22,2026-06-23,gradient_boosting,-0.0085109261797538995,-0.020911397565742066,0.020911397565742066,False,106.31328299990855,gb_G04
2026-06-22,2026-06-23,historical_simulation,-0.0085109261797538995,-0.023371830483482434,0.023371830483482434,False,0.28184160008095205,historical_w250
2026-06-23,2026-06-24,ewma,0.0107903140298744,-0.020756514481456854,0.020756514481456854,False,0.44581960001960397,ewma_d094
2026-06-23,2026-06-24,gradient_boosting,0.0107903140298744,-0.023538217950042635,0.023538217950042635,False,106.31328299990855,gb_G04
2026-06-23,2026-06-24,historical_simulation,0.0107903140298744,-0.023371830483482434,0.023371830483482434,False,0.28184160008095205,historical_w250
2026-06-24,2026-06-25,ewma,-0.0030439349546248998,-0.020588429945455251,0.020588429945455251,False,0.44581960001960397,ewma_d094
2026-06-24,2026-06-25,gradient_boosting,-0.0030439349546248998,-0.023217213855750072,0.023217213855750072,False,106.31328299990855,gb_G04
2026-06-24,2026-06-25,historical_simulation,-0.0030439349546248998,-0.023371830483482434,0.023371830483482434,False,0.28184160008095205,historical_w250
2026-06-25,2026-06-26,ewma,0.0060980923870971003,-0.019998863468427889,0.019998863468427889,False,0.44581960001960397,ewma_d094
2026-06-25,2026-06-26,gradient_boosting,0.0060980923870971003,-0.020280840472428719,0.020280840472428719,False,106.31328299990855,gb_G04
2026-06-25,2026-06-26,historical_simulation,0.0060980923870971003,-0.023371830483482434,0.023371830483482434,False,0.28184160008095205,historical_w250
2026-06-26,2026-06-29,ewma,0.0023574001357367,-0.019544663890345138,0.019544663890345138,False,0.44581960001960397,ewma_d094
2026-06-26,2026-06-29,gradient_boosting,0.0023574001357367,-0.022114774249832516,0.022114774249832516,False,106.31328299990855,gb_G04
2026-06-26,2026-06-29,historical_simulation,0.0023574001357367,-0.023371830483482434,0.023371830483482434,False,0.28184160008095205,historical_w250
2026-06-29,2026-06-30,ewma,-0.0096937075623542996,-0.018973043776268048,0.018973043776268048,False,0.44581960001960397,ewma_d094
2026-06-29,2026-06-30,gradient_boosting,-0.0096937075623542996,-0.022551372311818502,0.022551372311818502,False,106.31328299990855,gb_G04
2026-06-29,2026-06-30,historical_simulation,-0.0096937075623542996,-0.023371830483482434,0.023371830483482434,False,0.28184160008095205,historical_w250
2026-06-30,2026-07-01,ewma,0.0230722006301461,-0.01880510227825926,0.01880510227825926,False,0.44581960001960397,ewma_d094
2026-06-30,2026-07-01,gradient_boosting,0.0230722006301461,-0.020533049279204917,0.020533049279204917,False,106.31328299990855,gb_G04
2026-06-30,2026-07-01,historical_simulation,0.0230722006301461,-0.023371830483482434,0.023371830483482434,False,0.28184160008095205,historical_w250
2026-07-01,2026-07-02,ewma,-0.0037669230946025,-0.020465285207306217,0.020465285207306217,False,0.44581960001960397,ewma_d094
2026-07-01,2026-07-02,gradient_boosting,-0.0037669230946025,-0.020533906713428095,0.020533906713428095,False,106.31328299990855,gb_G04
2026-07-01,2026-07-02,historical_simulation,-0.0037669230946025,-0.023371830483482434,0.023371830483482434,False,0.28184160008095205,historical_w250
2026-07-02,2026-07-03,ewma,-0.0064117120064604996,-0.019899790884703703,0.019899790884703703,False,0.44581960001960397,ewma_d094
2026-07-02,2026-07-03,gradient_boosting,-0.0064117120064604996,-0.019518432644689849,0.019518432644689849,False,106.31328299990855,gb_G04
2026-07-02,2026-07-03,historical_simulation,-0.0064117120064604996,-0.023371830483482434,0.023371830483482434,False,0.28184160008095205,historical_w250
2026-07-03,2026-07-06,ewma,-0.0027418392224900999,-0.019465741145888598,0.019465741145888598,False,0.44581960001960397,ewma_d094
2026-07-03,2026-07-06,gradient_boosting,-0.0027418392224900999,-0.020097609866660596,0.020097609866660596,False,106.31328299990855,gb_G04
2026-07-03,2026-07-06,historical_simulation,-0.0027418392224900999,-0.023371830483482434,0.023371830483482434,False,0.28184160008095205,historical_w250
2026-07-06,2026-07-07,ewma,-0.0012134941019785999,-0.018905040032461948,0.018905040032461948,False,0.44581960001960397,ewma_d094
2026-07-06,2026-07-07,gradient_boosting,-0.0012134941019785999,-0.025056474944291723,0.025056474944291723,False,106.31328299990855,gb_G04
2026-07-06,2026-07-07,historical_simulation,-0.0012134941019785999,-0.023371830483482434,0.023371830483482434,False,0.28184160008095205,historical_w250
2026-07-07,2026-07-08,ewma,0.0020251227347604,-0.018335636124868198,0.018335636124868198,False,0.44581960001960397,ewma_d094
2026-07-07,2026-07-08,gradient_boosting,0.0020251227347604,-0.020672856387521157,0.020672856387521157,False,106.31328299990855,gb_G04
2026-07-07,2026-07-08,historical_simulation,0.0020251227347604,-0.023371830483482434,0.023371830483482434,False,0.28184160008095205,historical_w250
2026-07-08,2026-07-09,ewma,-0.0012458650169695001,-0.017795773790959386,0.017795773790959386,False,0.44581960001960397,ewma_d094
2026-07-08,2026-07-09,gradient_boosting,-0.0012458650169695001,-0.02147035077481128,0.02147035077481128,False,106.31328299990855,gb_G04
2026-07-08,2026-07-09,historical_simulation,-0.0012458650169695001,-0.023371830483482434,0.023371830483482434,False,0.28184160008095205,historical_w250
2026-07-09,2026-07-10,ewma,-0.018633709430736899,-0.017260943204176721,0.017260943204176721,True,0.44581960001960397,ewma_d094
2026-07-09,2026-07-10,gradient_boosting,-0.018633709430736899,-0.020093270298415046,0.020093270298415046,False,106.31328299990855,gb_G04
2026-07-09,2026-07-10,historical_simulation,-0.018633709430736899,-0.023371830483482434,0.023371830483482434,False,0.28184160008095205,historical_w250
2026-07-10,2026-07-13,ewma,-0.011068143621760699,-0.018341976107966677,0.018341976107966677,False,0.44581960001960397,ewma_d094
2026-07-10,2026-07-13,gradient_boosting,-0.011068143621760699,-0.019894646671734191,0.019894646671734191,False,106.31328299990855,gb_G04
2026-07-10,2026-07-13,historical_simulation,-0.011068143621760699,-0.023371830483482434,0.023371830483482434,False,0.28184160008095205,historical_w250
2026-07-13,2026-07-14,ewma,0.0040615564704740998,-0.018333814771308844,0.018333814771308844,False,0.44581960001960397,ewma_d094
2026-07-13,2026-07-14,gradient_boosting,0.0040615564704740998,-0.020158906877784322,0.020158906877784322,False,106.31328299990855,gb_G04
2026-07-13,2026-07-14,historical_simulation,0.0040615564704740998,-0.023371830483482434,0.023371830483482434,False,0.28184160008095205,historical_w250
2026-07-14,2026-07-15,ewma,-0.020677747305623499,-0.017850459826844679,0.017850459826844679,True,0.44581960001960397,ewma_d094
2026-07-14,2026-07-15,gradient_boosting,-0.020677747305623499,-0.020121911555285046,0.020121911555285046,True,106.31328299990855,gb_G04
2026-07-14,2026-07-15,historical_simulation,-0.020677747305623499,-0.023371830483482434,0.023371830483482434,False,0.28184160008095205,historical_w250
2026-07-15,2026-07-16,ewma,0.0051887404908771001,-0.019207524815604688,0.019207524815604688,False,0.44581960001960397,ewma_d094
2026-07-15,2026-07-16,gradient_boosting,0.0051887404908771001,-0.02391198858870279,0.02391198858870279,False,106.31328299990855,gb_G04
2026-07-15,2026-07-16,historical_simulation,0.0051887404908771001,-0.023371830483482434,0.023371830483482434,False,0.28184160008095205,historical_w250
2026-07-16,2026-07-17,ewma,-0.0101572160395689,-0.018739363764026941,0.018739363764026941,False,0.44581960001960397,ewma_d094
2026-07-16,2026-07-17,gradient_boosting,-0.0101572160395689,-0.025173772570588133,0.025173772570588133,False,106.31328299990855,gb_G04
2026-07-16,2026-07-17,historical_simulation,-0.0101572160395689,-0.023371830483482434,0.023371830483482434,False,0.28184160008095205,historical_w250
2026-07-17,2026-07-20,ewma,-0.025060247681906199,-0.018623684595064013,0.018623684595064013,True,0.44581960001960397,ewma_d094
2026-07-17,2026-07-20,gradient_boosting,-0.025060247681906199,-0.029725483014484161,0.029725483014484161,False,106.31328299990855,gb_G04
2026-07-17,2026-07-20,historical_simulation,-0.025060247681906199,-0.023371830483482434,0.023371830483482434,True,0.28184160008095205,historical_w250
2026-07-20,2026-07-21,ewma,-0.0050834773294433002,-0.020687643827840833,0.020687643827840833,False,0.44581960001960397,ewma_d094
2026-07-20,2026-07-21,gradient_boosting,-0.0050834773294433002,-0.022398322424311137,0.022398322424311137,False,106.31328299990855,gb_G04
2026-07-20,2026-07-21,historical_simulation,-0.0050834773294433002,-0.024634942655313997,0.024634942655313997,False,0.28184160008095205,historical_w250
2026-07-21,2026-07-22,ewma,-0.0259120771359495,-0.020161717388016535,0.020161717388016535,True,0.44581960001960397,ewma_d094
2026-07-21,2026-07-22,gradient_boosting,-0.0259120771359495,-0.025487939902474398,0.025487939902474398,True,106.31328299990855,gb_G04
2026-07-21,2026-07-22,historical_simulation,-0.0259120771359495,-0.024634942655313997,0.024634942655313997,True,0.28184160008095205,historical_w250
2026-07-22,2026-07-23,ewma,0.0063457111128656001,-0.022160800339061697,0.022160800339061697,False,0.44581960001960397,ewma_d094
2026-07-22,2026-07-23,gradient_boosting,0.0063457111128656001,-0.023170342887668401,0.023170342887668401,False,106.31328299990855,gb_G04
2026-07-22,2026-07-23,historical_simulation,0.0063457111128656001,-0.025073915839524698,0.025073915839524698,False,0.28184160008095205,historical_w250
2026-07-23,2026-07-24,ewma,-0.0255614491124538,-0.02163727859127074,0.02163727859127074,True,0.44581960001960397,ewma_d094
2026-07-23,2026-07-24,gradient_boosting,-0.0255614491124538,-0.025049670255634312,0.025049670255634312,True,106.31328299990855,gb_G04
2026-07-23,2026-07-24,historical_simulation,-0.0255614491124538,-0.025073915839524698,0.025073915839524698,True,0.28184160008095205,historical_w250
2026-07-24,2026-07-27,ewma,-0.033969716627053601,-0.023369801905471783,0.023369801905471783,True,0.44581960001960397,ewma_d094
2026-07-24,2026-07-27,gradient_boosting,-0.033969716627053601,-0.035203335238797387,0.035203335238797387,False,106.31328299990855,gb_G04
2026-07-24,2026-07-27,historical_simulation,-0.033969716627053601,-0.02534709150675888,0.02534709150675888,True,0.28184160008095205,historical_w250
2026-07-27,2026-07-28,ewma,0.024934790879768801,-0.026470760074450556,0.026470760074450556,False,0.44581960001960397,ewma_d094
2026-07-27,2026-07-28,gradient_boosting,0.024934790879768801,-0.027835205956640307,0.027835205956640307,False,106.31328299990855,gb_G04
2026-07-27,2026-07-28,historical_simulation,0.024934790879768801,-0.025663435045117141,0.025663435045117141,False,0.28184160008095205,historical_w250
