target_date,actual_return,historical_quantile_return,historical_var,historical_violation,historical_pinball_loss,ewma_quantile_return,ewma_var,ewma_violation,ewma_pinball_loss,gb_quantile_return,gb_var,gb_violation,gb_pinball_loss,gb_minus_historical_pinball,gb_minus_ewma_pinball,ewma_minus_historical_pinball,gb_minus_historical_var,gb_minus_ewma_var,ewma_minus_historical_var,abs_gb_historical_quantile_diff,abs_gb_ewma_quantile_diff,abs_ewma_historical_quantile_diff,lowest_pinball_loss,lowest_pinball_method
2024-12-18,0.0053839193988423,-0.017411337966226,0.017411337966226,False,0.001139762868253415,-0.0193836441823072,0.0193836441823072,False,0.001238378179057475,-0.0203551312184753,0.0203551312184753,False,0.00128695253086588,0.00014718966261246494,4.8574351808404904e-05,9.861531080406004e-05,0.002943793252249298,0.0009714870361680998,0.001972306216081198,0.002943793252249298,0.0009714870361680998,0.001972306216081198,0.001139762868253415,historical_simulation
2024-12-19,-0.0096222754623089,-0.0170883852278305,0.0170883852278305,False,0.00037330548827607993,-0.0189179171818529,0.0189179171818529,False,0.0004647820859772,-0.0189766316042724,0.0189766316042724,False,0.000467717807098175,9.441231882209507e-05,2.9357211209750248e-06,9.147659770112005e-05,0.0018882463764419016,5.871442241950006e-05,0.0018295319540224016,0.0018882463764419016,5.871442241950006e-05,0.0018295319540224016,0.00037330548827607993,historical_simulation
2024-12-20,0.0057387052263465,-0.0170883852278305,0.0170883852278305,False,0.00114135452270885,-0.0187468508436072,0.0187468508436072,False,0.0012242778034976852,-0.0188628363572784,0.0188628363572784,False,0.001230077079181245,8.872255647239514e-05,5.799275683559873e-06,8.292328078883526e-05,0.0017744511294479001,0.00011598551367119833,0.0016584656157767018,0.0017744511294479001,0.00011598551367119833,0.0016584656157767018,0.00114135452270885,historical_simulation
2024-12-23,0.0065665132266042,-0.0170883852278305,0.0170883852278305,False,0.001182744922721735,-0.0183222217192625,0.0183222217192625,False,0.001244436747293335,-0.018710889279556,0.018710889279556,False,0.0012638701253080101,8.112520258627505e-05,1.9433378014675025e-05,6.169182457160002e-05,0.0016225040517255027,0.00038866756029350136,0.0012338364914320013,0.0016225040517255027,0.00038866756029350136,0.0012338364914320013,0.001182744922721735,historical_simulation
2024-12-24,-0.0006998830027437,-0.0170883852278305,0.0170883852278305,False,0.00081942511125434,-0.0179599892949441,0.0179599892949441,False,0.00086300531461002,-0.0231860754811971,0.0231860754811971,False,0.00112430962392267,0.00030488451266833005,0.00026130430931265,4.3580203355680046e-05,0.006097690253366601,0.0052260861862530004,0.0008716040671136009,0.006097690253366601,0.0052260861862530004,0.0008716040671136009,0.00081942511125434,historical_simulation
2024-12-25,0.0113665296215134,-0.0170883852278305,0.0170883852278305,False,0.001422745742467195,-0.0174151387860203,0.0174151387860203,False,0.0014390834203766851,-0.0192043065657659,0.0192043065657659,False,0.0015285418093639652,0.00010579606689677026,8.945838898728005e-05,1.633767790949021e-05,0.0021159213379354017,0.0017891677797455992,0.0003267535581898025,0.0021159213379354017,0.0017891677797455992,0.0003267535581898025,0.001422745742467195,historical_simulation
2024-12-26,-0.0077762282713583,-0.0170883852278305,0.0170883852278305,False,0.00046560784782360997,-0.0174946529797765,0.0174946529797765,False,0.00048592123542091,-0.0232470887984041,0.0232470887984041,False,0.0007735430263522899,0.00030793517852867997,0.00028762179093137996,2.0313387597300006e-05,0.0061587035705736,0.0057524358186276,0.00040626775194600034,0.0061587035705736,0.0057524358186276,0.00040626775194600034,0.00046560784782360997,historical_simulation
2024-12-27,-0.0028345582539053,-0.0170883852278305,0.0170883852278305,False,0.0007126913486962599,-0.0172486323577167,0.0172486323577167,False,0.0007207037051905701,-0.0188749510200228,0.0188749510200228,False,0.000802019638305875,8.932828960961511e-05,8.131593311530496e-05,8.01235649431015e-06,0.0017865657921923017,0.0016263186623061004,0.00016024712988620127,0.0017865657921923017,0.0016263186623061004,0.00016024712988620127,0.0007126913486962599,historical_simulation
2024-12-30,-0.0015059929044343,-0.0170883852278305,0.0170883852278305,False,0.00077911961616981,-0.0167621208755151,0.0167621208755151,False,0.00076280639855404,-0.0191762640101151,0.0191762640101151,False,0.0008835135552840402,0.00010439393911423011,0.00012070715673000013,-1.6313217615770027e-05,0.002087878782284603,0.002414143134600002,-0.0003262643523153988,0.002087878782284603,0.002414143134600002,0.0003262643523153988,0.00076280639855404,ewma
2024-12-31,0.0032454829990041,-0.0170883852278305,0.0170883852278305,False,0.00101669341134173,-0.0162628025628588,0.0162628025628588,False,0.000975414278093145,-0.0188081175721827,0.0188081175721827,False,0.00110268002855934,8.598661721761006e-05,0.00012726575046619493,-4.127913324858488e-05,0.0017197323443522011,0.0025453150093238987,-0.0008255826649716975,0.0017197323443522011,0.0025453150093238987,0.0008255826649716975,0.000975414278093145,ewma
2025-01-02,0.0010889770833526,-0.0170883852278305,0.0170883852278305,False,0.000908868115559155,-0.0158215011195272,0.0158215011195272,False,0.0008455239101439901,-0.0191023791156136,0.0191023791156136,False,0.00100956780994831,0.00010069969438915511,0.00016404389980432003,-6.334420541516492e-05,0.0020139938877831026,0.0032808779960864023,-0.0012668841083032997,0.0020139938877831026,0.0032808779960864023,0.0012668841083032997,0.0008455239101439901,ewma
2025-01-03,-0.0225400795601517,-0.0170883852278305,0.0170883852278305,True,0.005179109615705142,-0.0153457880006298,0.0153457880006298,True,0.006834576981545804,-0.0230743688659331,0.0230743688659331,False,2.6714465289070025e-05,-0.005152395150416072,-0.006807862516256734,0.0016554673658406623,0.005985983638102602,0.0077285808653033,-0.0017425972272006977,0.005985983638102602,0.0077285808653033,0.0017425972272006977,2.6714465289070025e-05,gradient_boosting
2025-01-06,-0.0153320590992005,-0.017411337966226,0.017411337966226,False,0.00010396394335127502,-0.0174309362875484,0.0174309362875484,False,0.00010494385941739494,-0.0271711445291716,0.0271711445291716,False,0.000591954271498555,0.00048799032814727996,0.00048701041208116006,9.799160661199248e-07,0.0097598065629456,0.0097402082416232,1.9598321322398388e-05,0.0097598065629456,0.0097402082416232,1.9598321322398388e-05,0.00010396394335127502,historical_simulation
2025-01-07,0.002379021647074,-0.017411337966226,0.017411337966226,False,0.000989517980665,-0.0179935306151771,0.0179935306151771,False,0.0010186276131125551,-0.0193652154374566,0.0193652154374566,False,0.00108721185422653,9.769387356153001e-05,6.858424111397493e-05,2.9109632447555083e-05,0.0019538774712305994,0.0013716848222794994,0.0005821926489510999,0.0019538774712305994,0.0013716848222794994,0.0005821926489510999,0.000989517980665,historical_simulation
2025-01-08,0.0044331299374319,-0.017411337966226,0.017411337966226,False,0.0010922233951828951,-0.0174716878508853,0.0174716878508853,False,0.0010952408894158601,-0.0195343768344726,0.0195343768344726,False,0.0011983753385952252,0.0001061519434123301,0.0001031344491793651,3.0174942329650074e-06,0.0021230388682466003,0.002062688983587302,6.0349884659298414e-05,0.0021230388682466003,0.002062688983587302,6.0349884659298414e-05,0.0010922233951828951,historical_simulation
2025-01-09,-0.0044299970570219,-0.017411337966226,0.017411337966226,False,0.0006490670454602052,-0.0170333363800778,0.0170333363800778,False,0.0006301669661527951,-0.0175189367838169,0.0175189367838169,False,0.00065444698633975,5.3799408795448655e-06,2.4280020186954977e-05,-1.890007930741011e-05,0.00010759881759089818,0.0004856004037391004,-0.00037800158614820223,0.00010759881759089818,0.0004856004037391004,0.00037800158614820223,0.0006301669661527951,ewma
2025-01-10,-0.010203160027968,-0.017411337966226,0.017411337966226,False,0.00036040889691290007,-0.0166106060182589,0.0166106060182589,False,0.0003203722995145451,-0.0220549980379194,0.0220549980379194,False,0.00059259190049757,0.00023218300358466995,0.00027221960098302493,-4.003659739835498e-05,0.004643660071693399,0.005444392019660498,-0.0008007319479670996,0.004643660071693399,0.005444392019660498,0.0008007319479670996,0.0003203722995145451,ewma
2025-01-13,0.0040683024709266,-0.017411337966226,0.017411337966226,False,0.00107398202185763,-0.0166209821953116,0.0166209821953116,False,0.00103446423331191,-0.0222195354320876,0.0222195354320876,False,0.00131439189515071,0.00024040987329308002,0.00027992766183880004,-3.951778854572002e-05,0.0048081974658615995,0.005598553236776001,-0.0007903557709144013,0.0048081974658615995,0.005598553236776001,0.0007903557709144013,0.00103446423331191,ewma
2025-01-14,-0.00695120952653,-0.017411337966226,0.017411337966226,False,0.0005230064219848001,-0.0161977901878197,0.0161977901878197,False,0.00046232903306448505,-0.017075030649289,0.017075030649289,False,0.00050619105613795,-1.6815365846850096e-05,4.386202307346494e-05,-6.0677388920315036e-05,-0.0003363073169370019,0.0008772404614692982,-0.0012135477784063,0.0003363073169370019,0.0008772404614692982,0.0012135477784063,0.00046232903306448505,ewma
2025-01-15,0.0060395924698202,-0.017411337966226,0.017411337966226,False,0.0011725465218023101,-0.0159521190677996,0.0159521190677996,False,0.00109958557688099,-0.018724772560848,0.018724772560848,False,0.0012382182515334101,6.567172973109998e-05,0.00013863267465242016,-7.296094492132018e-05,0.0013134345946219997,0.0027726534930484006,-0.001459218898426401,0.0013134345946219997,0.0027726534930484006,0.001459218898426401,0.00109958557688099,ewma
2025-01-16,0.0065917497517763,-0.017411337966226,0.017411337966226,False,0.0012001543859001152,-0.0156564124467211,0.0156564124467211,False,0.00111240810992487,-0.019247268773161,0.019247268773161,False,0.001291950926246865,9.179654034674987e-05,0.000179542816321995,-8.774627597524513e-05,0.0018359308069349975,0.0035908563264398993,-0.0017549255195049018,0.0018359308069349975,0.0035908563264398993,0.0017549255195049018,0.00111240810992487,ewma
2025-01-17,0.0076654057586352,-0.017411337966226,0.017411337966226,False,0.00125383718624306,-0.0154100420676896,0.0154100420676896,False,0.00115377239131624,-0.0233900800501801,0.0233900800501801,False,0.001552774290440765,0.0002989371041977049,0.000399001899124525,-0.00010006479492682008,0.005978742083954099,0.007980037982490501,-0.0020012958985364017,0.005978742083954099,0.007980037982490501,0.0020012958985364017,0.00115377239131624,ewma
2025-01-20,0.0004242176115947,-0.017411337966226,0.017411337966226,False,0.0008917777788910351,-0.0152564623810043,0.0152564623810043,False,0.00078403399962995,-0.0188262396635484,0.0188262396635484,False,0.0009625228637571549,7.074508486611987e-05,0.000178488864127205,-0.00010774377926108512,0.0014149016973223974,0.003569777282544099,-0.0021548755852217015,0.0014149016973223974,0.003569777282544099,0.0021548755852217015,0.00078403399962995,ewma
2025-01-21,-0.000967969380184,-0.017411337966226,0.017411337966226,False,0.0008221684293021,-0.0147926765391019,0.0147926765391019,False,0.000691235357945895,-0.0211288294290376,0.0211288294290376,False,0.0010080430024426799,0.00018587457314057985,0.00031680764449678483,-0.00013093307135620498,0.003717491462811598,0.006336152889935699,-0.0026186614271241013,0.003717491462811598,0.006336152889935699,0.0026186614271241013,0.000691235357945895,ewma
2025-01-22,-0.0040504022425889,-0.017411337966226,0.017411337966226,False,0.0006680467861818551,-0.0143473336325994,0.0143473336325994,False,0.000514846569500525,-0.0151873661709277,0.0151873661709277,False,0.00055684819641694,-0.00011119858976491514,4.2001626916415e-05,-0.00015320021668133014,-0.002223971795298301,0.0008400325383282996,-0.0030640043336266007,0.002223971795298301,0.0008400325383282996,0.0030640043336266007,0.000514846569500525,ewma
2025-01-23,0.0270147887826901,-0.017411337966226,0.017411337966226,False,0.0022213063374458054,-0.0140056564625239,0.0140056564625239,False,0.0020510222622607,-0.0158147981027857,0.0158147981027857,False,0.0021414793442737904,-7.982699317201497e-05,9.045708201309028e-05,-0.00017028407518510525,-0.0015965398634402994,0.0018091416402618021,-0.0034056815037021015,0.0015965398634402994,0.0018091416402618021,0.0034056815037021015,0.0020510222622607,ewma
2025-01-24,0.0018089611944557,-0.017411337966226,0.017411337966226,False,0.0009610149580340851,-0.017402846096092,0.017402846096092,False,0.0009605903645273849,-0.0193333548086411,0.0193333548086411,False,0.00105711580015484,9.610084212075486e-05,9.652543562745498e-05,-4.2459350670012025e-07,0.001922016842415098,0.0019305087125491005,-8.491870134002405e-06,0.001922016842415098,0.0019305087125491005,8.491870134002405e-06,0.0009605903645273849,ewma
2025-02-03,-0.0218202781796311,-0.017411337966226,0.017411337966226,True,0.004188493202734844,-0.0168884196031333,0.0168884196031333,True,0.004685265647672911,-0.0193922343686504,0.0193922343686504,True,0.0023066416204316656,-0.0018818515823031787,-0.0023786240272412455,0.0004967724449380668,0.0019808964024243987,0.002503814765517101,-0.0005229183630927024,0.0019808964024243987,0.002503814765517101,0.0005229183630927024,0.0023066416204316656,gradient_boosting
2025-02-04,0.0073817297515193,-0.0177931567326509,0.0177931567326509,False,0.0012587443242085099,-0.01858483606641,0.01858483606641,False,0.001298328290896465,-0.0194902144690506,0.0194902144690506,False,0.001343597211028495,8.485288681998513e-05,4.526892013203003e-05,3.95839666879551e-05,0.0016970577363997,0.0009053784026405998,0.0007916793337591002,0.0016970577363997,0.0009053784026405998,0.0007916793337591002,0.0012587443242085099,historical_simulation
2025-02-05,-0.0015461619871764,-0.0177931567326509,0.0177931567326509,False,0.000812349737273725,-0.018262471267424,0.018262471267424,False,0.0008358154640123799,-0.0205579691982838,0.0205579691982838,False,0.0009505903605553701,0.00013824062328164513,0.00011477489654299023,2.3465726738654898e-05,0.002764812465632902,0.002295497930859803,0.00046931453477309926,0.002764812465632902,0.002295497930859803,0.00046931453477309926,0.000812349737273725,historical_simulation
2025-02-06,-0.0012164630020381,-0.0177931567326509,0.0177931567326509,False,0.00082883468653064,-0.0177170782144984,0.0177170782144984,False,0.000825030760623015,-0.0197954967764493,0.0197954967764493,False,0.0009289516887205601,0.00010011700218992006,0.00010392092809754507,-3.8039259076250165e-06,0.0020023400437984007,0.002078418561950901,-7.607851815250033e-05,0.0020023400437984007,0.002078418561950901,7.607851815250033e-05,0.000825030760623015,ewma
2025-02-07,-0.0039215384030136,-0.0177931567326509,0.0177931567326509,False,0.000693580916481865,-0.0171843354756461,0.0171843354756461,False,0.0006631398536316251,-0.0189773900329866,0.0189773900329866,False,0.00075279258149865,5.921166501678501e-05,8.965272786702486e-05,-3.0441062850239853e-05,0.0011842333003357006,0.001793054557340499,-0.0006088212570047984,0.0011842333003357006,0.001793054557340499,0.0006088212570047984,0.0006631398536316251,ewma
2025-02-10,-0.0334518132524537,-0.0177931567326509,0.0177931567326509,True,0.01487572369381266,-0.0167355827105557,0.0167355827105557,True,0.0158804190148031,-0.0242540227624967,0.0242540227624967,True,0.008737900965459148,-0.006137822728353512,-0.007142518049343951,0.001004695320990439,0.006460866029845802,0.007518440051941001,-0.0010575740220951993,0.006460866029845802,0.007518440051941001,0.0010575740220951993,0.008737900965459148,gradient_boosting
2025-02-11,0.0113516485942213,-0.0184283830511137,0.0184283830511137,False,0.00148900158226675,-0.0210933401235917,0.0210933401235917,False,0.00162224943589065,-0.0223473701215559,0.0223473701215559,False,0.00168495093578886,0.00019594935352210997,6.270149989820993e-05,0.00013324785362390005,0.0039189870704421995,0.0012540299979641976,0.002664957072478002,0.0039189870704421995,0.0012540299979641976,0.002664957072478002,0.00148900158226675,historical_simulation
2025-02-12,-0.0041631508002139,-0.0184283830511137,0.0184283830511137,False,0.0007132616125449901,-0.0209559400991948,0.0209559400991948,False,0.0008396394649490451,-0.0206056315017754,0.0206056315017754,False,0.0008221240350780751,0.00010886242253308506,-1.751542987096994e-05,0.000126377852404055,0.002177248450661702,-0.00035030859741939924,0.0025275570480811013,0.002177248450661702,0.00035030859741939924,0.0025275570480811013,0.0007132616125449901,historical_simulation
2025-02-13,-0.0131719960892866,-0.0184283830511137,0.0184283830511137,False,0.00026281934809135497,-0.0203866588775071,0.0203866588775071,False,0.000360733139411025,-0.0193084987203486,0.0193084987203486,False,0.0003068251315531,4.4005783461745034e-05,-5.3908007857925004e-05,9.791379131967004e-05,0.0008801156692349009,-0.0010781601571584996,0.0019582758263934005,0.0008801156692349009,0.0010781601571584996,0.0019582758263934005,0.00026281934809135497,historical_simulation
2025-02-14,0.0092188578130708,-0.0184283830511137,0.0184283830511137,False,0.001382362043209225,-0.0204656750766845,0.0204656750766845,False,0.0014842266444877652,-0.0195954563152179,0.0195954563152179,False,0.0014407157064144352,5.835366320521007e-05,-4.351093807333003e-05,0.0001018646012785401,0.0011670732641042014,-0.0008702187614666006,0.002037292025570802,0.0011670732641042014,0.0008702187614666006,0.002037292025570802,0.001382362043209225,historical_simulation
2025-02-17,-0.0088853572886208,-0.0184283830511137,0.0184283830511137,False,0.00047715128812464495,-0.0201868630883505,0.0201868630883505,False,0.000565075289986485,-0.0250402181993921,0.0250402181993921,False,0.000807743045538565,0.00033059175741392003,0.00024266775555208,8.792400186184002e-05,0.0066118351482784,0.0048533551110416,0.0017584800372368002,0.0066118351482784,0.0048533551110416,0.0017584800372368002,0.00047715128812464495,historical_simulation
2025-02-18,0.0080735626728075,-0.0184283830511137,0.0184283830511137,False,0.00132509728619606,-0.0198966068735117,0.0198966068735117,False,0.00139850847731596,-0.0188395689700315,0.0188395689700315,False,0.00134565658214195,2.0559295945890045e-05,-5.285189517401003e-05,7.341119111990008e-05,0.0004111859189178009,-0.0010570379034802006,0.0014682238223980015,0.0004111859189178009,0.0010570379034802006,0.0014682238223980015,0.00132509728619606,historical_simulation
2025-02-19,0.0076802726053762,-0.0184283830511137,0.0184283830511137,False,0.001305432782824495,-0.0195628141744264,0.0195628141744264,False,0.0013621543389901302,-0.0195520254528266,0.0195520254528266,False,0.00136161490291014,5.6182120085645094e-05,-5.394360799901819e-07,5.6721556165635276e-05,0.0011236424017129001,-1.0788721599801904e-05,0.001134431123312702,0.0011236424017129001,1.0788721599801904e-05,0.001134431123312702,0.001305432782824495,historical_simulation
2025-02-20,0.0035868956600501,-0.0184283830511137,0.0184283830511137,False,0.00110076393555819,-0.0192176201186706,0.0192176201186706,False,0.0011402257889360351,-0.0247017721397794,0.0247017721397794,False,0.0014144333899914752,0.0003136694544332852,0.00027420760105544006,3.9461853377845135e-05,0.0062733890886657005,0.005484152021108801,0.0007892370675568992,0.0062733890886657005,0.005484152021108801,0.0007892370675568992,0.00110076393555819,historical_simulation
2025-02-21,0.0047282205117928,-0.0184283830511137,0.0184283830511137,False,0.001157830178145325,-0.0186881366065812,0.0186881366065812,False,0.0011708178559187,-0.0193247117544876,0.0193247117544876,False,0.0012026466133140202,4.481643516869517e-05,3.1828757395320094e-05,1.2987677773375079e-05,0.0008963287033738991,0.0006365751479063993,0.00025975355546749984,0.0008963287033738991,0.0006365751479063993,0.00025975355546749984,0.001157830178145325,historical_simulation
2025-02-24,0.0139691243969466,-0.0184283830511137,0.0184283830511137,False,0.0016198753724030153,-0.018218693197894,0.018218693197894,False,0.0016093908797420301,-0.0228371938034124,0.0228371938034124,False,0.00184031591001795,0.0002204405376149347,0.0002309250302759199,-1.0484492660985199e-05,0.004408810752298702,0.0046185006055184,-0.00020968985321969877,0.004408810752298702,0.0046185006055184,0.00020968985321969877,0.0016093908797420301,ewma
2025-02-25,-0.0065666523204143,-0.0184283830511137,0.0184283830511137,False,0.00059308653653497,-0.0185386769058884,0.0185386769058884,False,0.000598601229273705,-0.019000007524658,0.019000007524658,False,0.0006216677602121851,2.858122367721506e-05,2.306653093848011e-05,5.514692738734948e-06,0.0005716244735443007,0.0004613306187696009,0.00011029385477469983,0.0005716244735443007,0.0004613306187696009,0.00011029385477469983,0.00059308653653497,historical_simulation
2025-02-26,0.0120885938670594,-0.0184283830511137,0.0184283830511137,False,0.0015258488459086552,-0.0181675953484203,0.0181675953484203,False,0.001512809460773985,-0.0191233128893669,0.0191233128893669,False,0.001560595337821315,3.474649191265991e-05,4.778587704733e-05,-1.3039385134670095e-05,0.0006949298382531999,0.0009557175409465983,-0.00026078770269339843,0.0006949298382531999,0.0009557175409465983,0.00026078770269339843,0.001512809460773985,ewma
2025-02-27,0.00664437544645,-0.0184283830511137,0.0184283830511137,False,0.001253637924878185,-0.0182751240552006,0.0182751240552006,False,0.00124597497508253,-0.0184897222487384,0.0184897222487384,False,0.0012567048847594202,3.0669598812351796e-06,1.0729909676890142e-05,-7.662949795654963e-06,6.133919762470186e-05,0.00021459819353780024,-0.00015325899591309838,6.133919762470186e-05,0.00021459819353780024,0.00015325899591309838,0.00124597497508253,ewma
2025-02-28,-0.0094115688383189,-0.0184283830511137,0.0184283830511137,False,0.00045084071063973997,-0.017919485623034,0.017919485623034,False,0.0004253958392357549,-0.0190331474032966,0.0190331474032966,False,0.00048107892824888506,3.023821760914509e-05,5.568308901313015e-05,-2.5444871403985058e-05,0.0006047643521829016,0.001113661780262603,-0.0005088974280797014,0.0006047643521829016,0.001113661780262603,0.0005088974280797014,0.0004253958392357549,ewma
2025-03-03,0.0040066729904168,-0.0184283830511137,0.0184283830511137,False,0.001121752802076525,-0.0177825904859528,0.0177825904859528,False,0.00108946317381848,-0.018954291112859,0.018954291112859,False,0.00114804820516379,2.6295403087265136e-05,5.858503134531013e-05,-3.2289628258044996e-05,0.0005259080617453019,0.0011717006269062018,-0.0006457925651608999,0.0005259080617453019,0.0011717006269062018,0.0006457925651608999,0.00108946317381848,ewma
2025-03-04,0.0003895213175172,-0.0184283830511137,0.0184283830511137,False,0.0009408952184315451,-0.0173162723420343,0.0173162723420343,False,0.0008852896829775751,-0.0201848709853252,0.0201848709853252,False,0.0010287196151421202,8.782439671057511e-05,0.00014342993216454503,-5.560553545396992e-05,0.0017564879342115008,0.0028685986432908997,-0.0011121107090793989,0.0017564879342115008,0.0028685986432908997,0.0011121107090793989,0.0008852896829775751,ewma
2025-03-05,-0.0051723606847522,-0.0184283830511137,0.0184283830511137,False,0.000662801118318075,-0.0167894824449816,0.0167894824449816,False,0.0005808560880114701,-0.0191055328047822,0.0191055328047822,False,0.0006966586060015,3.3857487683424986e-05,0.00011580251799002991,-8.194503030660492e-05,0.000677149753668501,0.002316050359800599,-0.001638900606132098,0.000677149753668501,0.002316050359800599,0.001638900606132098,0.0005808560880114701,ewma
2025-03-06,0.023766531700306,-0.0184283830511137,0.0184283830511137,False,0.0021097457375709853,-0.0164108638684614,0.0164108638684614,False,0.00200886977843837,-0.0192130106276774,0.0192130106276774,False,0.00214897711639917,3.923137882818478e-05,0.00014010733796079996,-0.00010087595913261518,0.0007846275765636991,0.0028021467592159975,-0.0020175191826522984,0.0007846275765636991,0.0028021467592159975,0.0020175191826522984,0.00200886977843837,ewma
2025-03-07,0.0006755223249054,-0.0184283830511137,0.0184283830511137,False,0.000955195268800955,-0.0185701566765014,0.0185701566765014,False,0.0009622839500703401,-0.0239759203260189,0.0239759203260189,False,0.001232572132546215,0.00027737686374526007,0.00027028818247587494,7.088681269385127e-06,0.005547537274905201,0.0054057636495175,0.00014177362538770125,0.005547537274905201,0.0054057636495175,0.00014177362538770125,0.000955195268800955,historical_simulation
2025-03-10,-0.0044658912818104,-0.0184283830511137,0.0184283830511137,False,0.000698124588465165,-0.0180064919725047,0.0180064919725047,False,0.0006770300345347151,-0.0189428438965896,0.0189428438965896,False,0.0007238476307389599,2.572304227379488e-05,4.6817596204244824e-05,-2.1094553930449942e-05,0.0005144608454758989,0.0009363519240848973,-0.0004218910786089984,0.0005144608454758989,0.0009363519240848973,0.0004218910786089984,0.0006770300345347151,ewma
2025-03-11,0.0021768276190319,-0.0184283830511137,0.0184283830511137,False,0.00103026053350728,-0.0175504222031089,0.0175504222031089,False,0.0009863624911070402,-0.0188551698535774,0.0188551698535774,False,0.0010515998736304651,2.1339340123185035e-05,6.523738252342494e-05,-4.38980424002399e-05,0.00042678680246370157,0.0013047476504685004,-0.0008779608480047989,0.00042678680246370157,0.0013047476504685004,0.0008779608480047989,0.0009863624911070402,ewma
2025-03-12,-0.0095818029442752,-0.0177931567326509,0.0177931567326509,False,0.000410567689418785,-0.0170383539738062,0.0170383539738062,False,0.0003728275514765501,-0.0196234222233476,0.0196234222233476,False,0.00050208096395362,9.151327453483496e-05,0.00012925341247706988,-3.774013794223492e-05,0.0018302654906966996,0.0025850682495413974,-0.0007548027588446977,0.0018302654906966996,0.0025850682495413974,0.0007548027588446977,0.0003728275514765501,ewma
2025-03-13,-0.006026281411089,-0.0177931567326509,0.0177931567326509,False,0.0005883437660780949,-0.0169644064522263,0.0169644064522263,False,0.000546906252056865,-0.0198438704231082,0.0198438704231082,False,0.00069087945060096,0.0001025356845228651,0.00014397319854409505,-4.143751402122995e-05,0.0020507136904573016,0.0028794639708819014,-0.0008287502804245998,0.0020507136904573016,0.0028794639708819014,0.0008287502804245998,0.000546906252056865,ewma
2025-03-14,-0.0142231559578022,-0.0177931567326509,0.0177931567326509,False,0.000178500038742435,-0.0166258504457843,0.0166258504457843,False,0.00012013472439910498,-0.0188342633362823,0.0188342633362823,False,0.00023055536892400508,5.205533018157009e-05,0.0001104206445249001,-5.836531434333001e-05,0.0010411066036314018,0.0022084128904980016,-0.0011673062868665998,0.0010411066036314018,0.0022084128904980016,0.0011673062868665998,0.00012013472439910498,ewma
2025-03-17,0.0027057226566521,-0.0177931567326509,0.0177931567326509,False,0.00102494396946515,-0.0171076987784229,0.0171076987784229,False,0.0009906710717537501,-0.0193096818170227,0.0193096818170227,False,0.0011007702236837402,7.582625421859016e-05,0.00011009915192999008,-3.427289771139991e-05,0.0015165250843718024,0.0022019830385998015,-0.0006854579542279991,0.0015165250843718024,0.0022019830385998015,0.0006854579542279991,0.0009906710717537501,ewma
2025-03-18,-0.0039509490851117,-0.0177931567326509,0.0177931567326509,False,0.00069211038237696,-0.0166223157991015,0.0166223157991015,False,0.00063356833569949,-0.0205852474492633,0.0205852474492633,False,0.0008317149182075801,0.0001396045358306201,0.0001981465825080901,-5.854204667747002e-05,0.002792090716612402,0.003962931650161802,-0.0011708409335494004,0.002792090716612402,0.003962931650161802,0.0011708409335494004,0.00063356833569949,ewma
2025-03-19,-0.0304703744692766,-0.0177931567326509,0.0177931567326509,True,0.012043356849794417,-0.0161943604800335,0.0161943604800335,True,0.013562213289780946,-0.024033814498041,0.024033814498041,True,0.00611473197267382,-0.005928624877120597,-0.007447481317107126,0.0015188564399865288,0.006240657765390102,0.007839454018007501,-0.0015987962526173988,0.006240657765390102,0.007839454018007501,0.0015987962526173988,0.00611473197267382,gradient_boosting
2025-03-20,0.0025341517040167,-0.0177931567326509,0.0177931567326509,False,0.00101636542183338,-0.0199308444997376,0.0199308444997376,False,0.001123249810187715,-0.0220904390733758,0.0220904390733758,False,0.001231229538869625,0.000214864117036245,0.00010797972868190997,0.00010688438835433503,0.004297282340724899,0.0021595945736381968,0.0021376877670867024,0.004297282340724899,0.0021595945736381968,0.0021376877670867024,0.00101636542183338,historical_simulation
2025-03-21,0.0096407961595015,-0.0177931567326509,0.0177931567326509,False,0.00137169764460762,-0.0193506262567972,0.0193506262567972,False,0.001449571120814935,-0.0262956585741467,0.0262956585741467,False,0.00179682273668241,0.00042512509207479,0.0003472516158674749,7.787347620731512e-05,0.0085025018414958,0.006945032317349498,0.0015574695241463016,0.0085025018414958,0.006945032317349498,0.0015574695241463016,0.00137169764460762,historical_simulation
2025-03-24,0.0026290557050509,-0.0177931567326509,0.0177931567326509,False,0.00102111062188509,-0.0191590168980008,0.0191590168980008,False,0.0010894036301525851,-0.0190140678806226,0.0190140678806226,False,0.0010821561792836753,6.104555739858521e-05,-7.2474508689098546e-06,6.829300826749506e-05,0.0012209111479717025,-0.00014494901737819796,0.0013658601653499004,0.0012209111479717025,0.00014494901737819796,0.0013658601653499004,0.00102111062188509,historical_simulation
2025-03-25,-0.004675436174038,-0.0177931567326509,0.0177931567326509,False,0.0006558860279306449,-0.0186055337208893,0.0186055337208893,False,0.000696504877342565,-0.0186358904692712,0.0186358904692712,False,0.00069802271476166,4.213668683101504e-05,1.51783741909493e-06,4.061884941192011e-05,0.0008427337366203012,3.0356748381900334e-05,0.0008123769882384009,0.0008427337366203012,3.0356748381900334e-05,0.0008123769882384009,0.0006558860279306449,historical_simulation
2025-03-26,-0.0033001742656986,-0.0177931567326509,0.0177931567326509,False,0.0007246491233476151,-0.0181368264750529,0.0181368264750529,False,0.0007418326104677151,-0.0249705126318274,0.0249705126318274,False,0.0010835169183064399,0.0003588677949588248,0.00034168430783872476,1.718348712010005e-05,0.0071773558991765005,0.006833686156774498,0.0003436697424020023,0.0071773558991765005,0.006833686156774498,0.0003436697424020023,0.0007246491233476151,historical_simulation
2025-03-27,0.0058369292982594,-0.0177931567326509,0.0177931567326509,False,0.001181504301545515,-0.0176345058030068,0.0176345058030068,False,0.0011735717550633103,-0.0189122110731063,0.0189122110731063,False,0.0012374570185682851,5.5952717022770106e-05,6.388526350497485e-05,-7.932546482204749e-06,0.0011190543404554013,0.0012777052700994988,-0.00015865092964409758,0.0011190543404554013,0.0012777052700994988,0.00015865092964409758,0.0011735717550633103,ewma
2025-03-28,-0.0133409430464879,-0.0177931567326509,0.0177931567326509,False,0.00022261068430815,-0.0172582698302414,0.0172582698302414,False,0.00019586633918767502,-0.0188084237194421,0.0188084237194421,False,0.00027337403364771005,5.076334933956005e-05,7.750769446003504e-05,-2.674434512047499e-05,0.0010152669867912016,0.0015501538892007012,-0.0005348869024094996,0.0010152669867912016,0.0015501538892007012,0.0005348869024094996,0.00019586633918767502,ewma
2025-03-31,-0.0175114307097339,-0.0177931567326509,0.0177931567326509,False,1.4086301145849884e-05,-0.0175746717156858,0.0175746717156858,False,3.162050297594865e-06,-0.0186494800510982,0.0186494800510982,False,5.6902467068215e-05,4.281616592236512e-05,5.3740416770620135e-05,-1.0924250848255019e-05,0.0008563233184473024,0.0010748083354124027,-0.00021848501696510036,0.0008563233184473024,0.0010748083354124027,0.00021848501696510036,3.162050297594865e-06,ewma
2025-04-01,-0.0004583336929923,-0.0177931567326509,0.0177931567326509,False,0.00086674115198293,-0.0184422414074544,0.0184422414074544,False,0.0008991953857231051,-0.0202995213878857,0.0202995213878857,False,0.00099205938474467,0.00012531823276173992,9.28639990215648e-05,3.245423374017512e-05,0.002506364655234801,0.0018572799804312985,0.0006490846748035024,0.002506364655234801,0.0018572799804312985,0.0006490846748035024,0.00086674115198293,historical_simulation
2025-04-02,0.0084672425129049,-0.0177931567326509,0.0177931567326509,False,0.0013130199622777901,-0.0178813700039207,0.0178813700039207,False,0.0013174306258412804,-0.0232022214302195,0.0232022214302195,False,0.0015834731971562201,0.00027045323487843,0.00026604257131493977,4.410663563490227e-06,0.005409064697568602,0.0053208514262988,8.821327126980194e-05,0.005409064697568602,0.0053208514262988,8.821327126980194e-05,0.0013130199622777901,historical_simulation
2025-04-03,-0.0698398647427835,-0.0177931567326509,0.0177931567326509,True,0.04944437260962597,-0.01766910001523,0.01766910001523,True,0.04956222649117582,-0.019924542720263,0.019924542720263,True,0.04741955592139448,-0.0020248166882314914,-0.0021426705697813464,0.00011785388154985504,0.0021313859876120993,0.002255442705032997,-0.00012405671742089786,0.0021313859876120993,0.002255442705032997,0.00012405671742089786,0.04741955592139448,gradient_boosting
2025-04-04,-0.0229863535299172,-0.0184283830511137,0.0184283830511137,True,0.004330071954863327,-0.0329432828288405,0.0329432828288405,False,0.0004978464649461649,-0.0424284967994518,0.0424284967994518,False,0.0009721071634767299,-0.003357964791386597,0.000474260698530565,-0.003832225489917162,0.0240001137483381,0.009485213970611299,0.014514899777726801,0.0240001137483381,0.009485213970611299,0.014514899777726801,0.0004978464649461649,ewma
2025-04-08,-0.0692993181899275,-0.0184283830511137,0.0184283830511137,True,0.04832738838187311,-0.0332553208931585,0.0332553208931585,True,0.03424179743193055,-0.0310154034386361,0.0310154034386361,True,0.036369719013726834,-0.011957669368146275,0.0021279215817962827,-0.014085590949942557,0.0125870203875224,-0.0022399174545224033,0.014826937842044804,0.0125870203875224,0.0022399174545224033,0.014826937842044804,0.03424179743193055,ewma
2025-04-09,-0.0422980428547177,-0.0203957380672569,0.0203957380672569,True,0.02080718954808776,-0.042651456815009,0.042651456815009,False,1.7670698014565085e-05,-0.0356671591597381,0.0356671591597381,True,0.006299339510230618,-0.01450785003785714,0.006281668812216053,-0.020789518850073196,0.0152714210924812,-0.0069842976552709005,0.0222557187477521,0.0152714210924812,0.0069842976552709005,0.0222557187477521,1.7670698014565085e-05,ewma
2025-04-10,0.0688777744873256,-0.0217423029325985,0.0217423029325985,False,0.004531003870996205,-0.044726180203967,0.044726180203967,False,0.00568019773456463,-0.0405770032809228,0.0405770032809228,False,0.0054727388884124204,0.0009417350174162151,-0.0002074588461522097,0.0011491938635684248,0.0188347003483243,-0.004149176923044201,0.0229838772713685,0.0188347003483243,0.004149176923044201,0.0229838772713685,0.004531003870996205,historical_simulation
2025-04-11,0.0634064645981625,-0.0217423029325985,0.0217423029325985,False,0.00425743837653805,-0.0514833488460841,0.0514833488460841,False,0.00574449067221233,-0.0334884932321351,0.0334884932321351,False,0.00484474789151488,0.0005873095149768297,-0.0008997427806974496,0.0014870522956742793,0.011746190299536597,-0.017994855613949,0.029741045913485597,0.011746190299536597,0.017994855613949,0.029741045913485597,0.00425743837653805,historical_simulation
2025-04-14,0.0377005782952206,-0.0217423029325985,0.0217423029325985,False,0.002972144061390955,-0.056072647728632,0.056072647728632,False,0.00468866130119263,-0.035310613924141,0.035310613924141,False,0.00365055961096808,0.000678415549577125,-0.0010381016902245499,0.001716517239801675,0.013568310991542498,-0.020762033804491,0.0343303447960335,0.013568310991542498,0.020762033804491,0.0343303447960335,0.002972144061390955,historical_simulation
2025-04-15,0.0024704546665769,-0.0217423029325985,0.0217423029325985,False,0.00121063787995877,-0.0564466305776629,0.0564466305776629,False,0.0029458542622119903,-0.0346261707376043,0.0346261707376043,False,0.0018548312702090603,0.0006441933902502904,-0.00109102299200293,0.0017352163822532203,0.012883867805005802,-0.0218204598400586,0.0347043276450644,0.012883867805005802,0.0218204598400586,0.0347043276450644,0.00121063787995877,historical_simulation
2025-04-16,-0.029531136557232,-0.0217423029325985,0.0217423029325985,True,0.0073993919434018245,-0.054736089712379,0.054736089712379,False,0.00126024765775735,-0.039228724428392,0.039228724428392,False,0.0004848793935580001,-0.006914512549843824,-0.0007753682641993499,-0.006139144285644474,0.017486421495793502,-0.015507365283986996,0.0329937867797805,0.017486421495793502,0.015507365283986996,0.0329937867797805,0.0004848793935580001,gradient_boosting
2025-04-17,0.0046230049532194,-0.022098856489898,0.022098856489898,False,0.00133609307215587,-0.0543860778972764,0.0543860778972764,False,0.00295045414252479,-0.0357437723526963,0.0357437723526963,False,0.0020183388652957853,0.0006822457931399152,-0.0009321152772290048,0.00161436107036892,0.013644915862798302,-0.018642305544580094,0.0322872214073784,0.013644915862798302,0.018642305544580094,0.0322872214073784,0.00133609307215587,historical_simulation
2025-04-18,0.0026005105438235,-0.0217423029325985,0.0217423029325985,False,0.0012171406738211,-0.0527621468646139,0.0527621468646139,False,0.00276813287042187,-0.0309534631644561,0.0309534631644561,False,0.00167769868541398,0.0004605580115928799,-0.00109043418500789,0.00155099219660077,0.009211160231857599,-0.0218086837001578,0.031019843932015397,0.009211160231857599,0.0218086837001578,0.031019843932015397,0.0012171406738211,historical_simulation
2025-04-21,-0.0097435394199689,-0.0217423029325985,0.0217423029325985,False,0.00059993817563148,-0.051165528363242,0.051165528363242,False,0.002071099447163655,-0.0276496458448991,0.0276496458448991,False,0.0008953053212465101,0.00029536714561503006,-0.0011757941259171447,0.001471161271532175,0.005907342912300599,-0.0235158825183429,0.0294232254306435,0.005907342912300599,0.0235158825183429,0.0294232254306435,0.00059993817563148,historical_simulation
2025-04-22,0.0075855150650647,-0.0217423029325985,0.0217423029325985,False,0.00146639089988316,-0.0497619122874678,0.0497619122874678,False,0.002867371367626625,-0.0258212824676866,0.0258212824676866,False,0.001670339876637565,0.0002039489767544048,-0.00119703149098906,0.0014009804677434649,0.004078979535088099,-0.0239406298197812,0.028019609354869298,0.004078979535088099,0.0239406298197812,0.028019609354869298,0.00146639089988316,historical_simulation
2025-04-23,0.0153735522862222,-0.0217423029325985,0.0217423029325985,False,0.0018557927609410352,-0.0483426691873246,0.0483426691873246,False,0.0031858110736773405,-0.0277826900104209,0.0277826900104209,False,0.002157812114832155,0.0003020193538911197,-0.0010279989588451856,0.0013300183127363053,0.006040387077822399,-0.0205599791769037,0.026600366254726098,0.006040387077822399,0.0205599791769037,0.026600366254726098,0.0018557927609410352,historical_simulation
2025-04-24,0.0105876465941865,-0.0217423029325985,0.0217423029325985,False,0.00161649747633925,-0.0472774737537635,0.0472774737537635,False,0.0028932560173975004,-0.0262192517422043,0.0262192517422043,False,0.0018403449168195403,0.00022384744048029015,-0.0010529111005779601,0.0012767585410582503,0.0044769488096058005,-0.021058222011559203,0.025535170821165003,0.0044769488096058005,0.021058222011559203,0.025535170821165003,0.00161649747633925,historical_simulation
2025-04-25,0.0069145986815193,-0.0217423029325985,0.0217423029325985,False,0.0014328450807058902,-0.0460352816429368,0.0460352816429368,False,0.002647494016222805,-0.0322705186267546,0.0322705186267546,False,0.001959255865413695,0.000526410784707805,-0.0006882381508091099,0.0012146489355169148,0.010528215694156098,-0.0137647630161822,0.0242929787103383,0.010528215694156098,0.0137647630161822,0.0242929787103383,0.0014328450807058902,historical_simulation
2025-04-28,-0.0069040108458571,-0.0217423029325985,0.0217423029325985,False,0.0007419146043370701,-0.0447197240648402,0.0447197240648402,False,0.0018907856609491549,-0.0311329909513455,0.0311329909513455,False,0.00121144900527442,0.00046953440093735,-0.0006793366556747348,0.001148871056612085,0.009390688018747002,-0.013586733113494696,0.022977421132241698,0.009390688018747002,0.013586733113494696,0.022977421132241698,0.0007419146043370701,historical_simulation
2025-04-29,-0.0029867399941777,-0.0217423029325985,0.0217423029325985,False,0.00093777814692104,-0.0434465204626149,0.0434465204626149,False,0.00202298902342186,-0.0265539623726796,0.0265539623726796,False,0.001178361118925095,0.00024058297200405497,-0.0008446279044967652,0.0010852108765008201,0.004811659440081099,-0.0168925580899353,0.0217042175300164,0.004811659440081099,0.0168925580899353,0.0217042175300164,0.00093777814692104,historical_simulation
2025-05-05,0.0012869677891865,-0.0217423029325985,0.0217423029325985,False,0.0011514635360892502,-0.0421401499606942,0.0421401499606942,False,0.002171355887494035,-0.0267584524805161,0.0267584524805161,False,0.0014022710134851302,0.00025080747739588,-0.0007690848740089049,0.001019892351404785,0.005016149547917601,-0.015381697480178098,0.0203978470280957,0.005016149547917601,0.015381697480178098,0.0203978470280957,0.0011514635360892502,historical_simulation
2025-05-06,-0.0024534062738862,-0.0217423029325985,0.0217423029325985,False,0.0009644448329356151,-0.0408596815164608,0.0408596815164608,False,0.0019203137621287302,-0.027221020793512,0.027221020793512,False,0.0012383807259812901,0.00027393589304567506,-0.0006819330361474401,0.0009558689291931152,0.005478717860913501,-0.013638660722948798,0.0191173785838623,0.005478717860913501,0.013638660722948798,0.0191173785838623,0.0009644448329356151,historical_simulation
2025-05-07,-0.0029182411309528,-0.0217423029325985,0.0217423029325985,False,0.0009412030900822851,-0.0396272617274922,0.0396272617274922,False,0.0018354510298269702,-0.0287964499461308,0.0287964499461308,False,0.0012939104407589002,0.0003527073506766151,-0.00054154058906807,0.0008942479397446851,0.0070541470135323005,-0.010830811781361402,0.017884958794893702,0.0070541470135323005,0.010830811781361402,0.017884958794893702,0.0009412030900822851,historical_simulation
2025-05-08,0.0189353442472855,-0.0217423029325985,0.0217423029325985,False,0.0020338823589942,-0.0384380426855392,0.0384380426855392,False,0.0028686693466412356,-0.0268347458438157,0.0268347458438157,False,0.0022885045045550603,0.00025462214556086016,-0.0005801648420861753,0.0008347869876470355,0.0050924429112172015,-0.011603296841723499,0.0166957397529407,0.0050924429112172015,0.011603296841723499,0.0166957397529407,0.0020338823589942,historical_simulation
2025-05-09,0.0049988438436587,-0.0217423029325985,0.0217423029325985,False,0.0013370573388128601,-0.0380399533357817,0.0380399533357817,False,0.00215193985897202,-0.0244741758644859,0.0244741758644859,False,0.0014736509854072302,0.00013659364659437002,-0.0006782888735647899,0.00081488252015916,0.0027318729318874004,-0.013565777471295802,0.016297650403183202,0.0027318729318874004,0.013565777471295802,0.016297650403183202,0.0013370573388128601,historical_simulation
2025-05-12,0.0055171316291288,-0.0217423029325985,0.0217423029325985,False,0.001362971728086365,-0.0369360556283497,0.0369360556283497,False,0.002122659362873925,-0.027755684873845,0.027755684873845,False,0.00166364082514869,0.0003006690970623249,-0.00045901853772523527,0.0007596876347875602,0.006013381941246499,-0.009180370754504702,0.015193752695751201,0.006013381941246499,0.009180370754504702,0.015193752695751201,0.001362971728086365,historical_simulation
2025-05-13,0.023473702115781,-0.0217423029325985,0.0217423029325985,False,0.002260800252418975,-0.035879758545907,0.035879758545907,False,0.0029676730330844,-0.0242575104332351,0.0242575104332351,False,0.002386560627450805,0.00012576037503183018,-0.0005811124056335948,0.000706872780665425,0.0025152075006366,-0.011622248112671898,0.014137455613308498,0.0025152075006366,0.011622248112671898,0.014137455613308498,0.002260800252418975,historical_simulation
2025-05-14,0.0260634945661907,-0.0217423029325985,0.0217423029325985,False,0.00239028987493946,-0.036049456311266,0.036049456311266,False,0.0031056475438728352,-0.0236001738194993,0.0236001738194993,False,0.0024831834192845003,9.28935443450401e-05,-0.000622464124588335,0.0007153576689333751,0.0018578708869008004,-0.0124492824917667,0.0143071533786675,0.0018578708869008004,0.0124492824917667,0.0143071533786675,0.00239028987493946,historical_simulation
2025-05-15,-0.0018069261776133,-0.0217423029325985,0.0217423029325985,False,0.00099676883774926,-0.0364946979117526,0.0364946979117526,False,0.001734388586706965,-0.0212576440162786,0.0212576440162786,False,0.000972535891933265,-2.4232945815994976e-05,-0.0007618526947737,0.000737619748957705,-0.0004846589163199008,-0.015237053895473997,0.014752394979154097,0.0004846589163199008,0.015237053895473997,0.014752394979154097,0.000972535891933265,gradient_boosting
2025-05-16,-0.0177478453445079,-0.0217423029325985,0.0217423029325985,False,0.00019972287940453004,-0.0353904112748758,0.0353904112748758,False,0.000882128296518395,-0.0211379356850039,0.0211379356850039,False,0.00016950451702480007,-3.021836237972997e-05,-0.000712623779493595,0.000682405417113865,-0.0006043672475945991,-0.014252475589871898,0.0136481083422773,0.0006043672475945991,0.014252475589871898,0.0136481083422773,0.00016950451702480007,gradient_boosting
2025-05-19,-0.0101714581129919,-0.0217423029325985,0.0217423029325985,False,0.00057854224098033,-0.0350494627426955,0.0350494627426955,False,0.00124390023148518,-0.0213961562186749,0.0213961562186749,False,0.00056123490528415,-1.730733569617999e-05,-0.00068266532620103,0.00066535799050485,-0.00034614671392359936,-0.013653306524020598,0.013307159810096999,0.00034614671392359936,0.013653306524020598,0.013307159810096999,0.00056123490528415,gradient_boosting
2025-05-20,0.0080428972432277,-0.0217423029325985,0.0217423029325985,False,0.00148926000879131,-0.0342279366314802,0.0342279366314802,False,0.002113541693735395,-0.0234549165297333,0.0234549165297333,False,0.00157489068864805,8.563067985674008e-05,-0.0005386510050873451,0.0006242816849440851,0.0017126135971348017,-0.0107730201017469,0.012485633698881702,0.0017126135971348017,0.0107730201017469,0.012485633698881702,0.00148926000879131,historical_simulation
2025-05-21,-0.0032844551075017,-0.0217423029325985,0.0217423029325985,False,0.00092289239125484,-0.0333430585101454,0.0333430585101454,False,0.001502930170132185,-0.0216271026428608,0.0216271026428608,False,0.0009171323767679551,-5.760014486884835e-06,-0.0005857977933642299,0.000580037778877345,-0.00011520028973769844,-0.011715955867284598,0.0116007555775469,0.00011520028973769844,0.011715955867284598,0.0116007555775469,0.0009171323767679551,gradient_boosting
2025-05-22,-0.0054689954004176,-0.0217423029325985,0.0217423029325985,False,0.000813665376609045,-0.0323543685513803,0.0323543685513803,False,0.0013442686575481349,-0.0235203723658475,0.0235203723658475,False,0.000902568848271495,8.890347166244997e-05,-0.0004416998092766399,0.0005306032809390899,0.0017780694332489994,-0.008833996185532798,0.010612065618781797,0.0017780694332489994,0.008833996185532798,0.010612065618781797,0.000813665376609045,historical_simulation
2025-05-23,-0.0003518991569269,-0.0217423029325985,0.0217423029325985,False,0.00106952018878358,-0.0314460205476273,0.0314460205476273,False,0.0015547060695350202,-0.0267563179086793,0.0267563179086793,False,0.00132022093758762,0.00025070074880404,-0.00023448513194740026,0.00048518588075144027,0.0050140149760808,-0.004689702638948003,0.009703717615028803,0.0050140149760808,0.004689702638948003,0.009703717615028803,0.00106952018878358,historical_simulation
2025-05-26,0.0013913918504792,-0.0217423029325985,0.0217423029325985,False,0.001156684739153885,-0.0304883777515522,0.0304883777515522,False,0.00159398848010157,-0.0264095861253291,0.0264095861253291,False,0.001390048898790415,0.00023336415963652992,-0.00020393958131115501,0.00043730374094768493,0.0046672831927306,-0.004078791626223099,0.0087460748189537,0.0046672831927306,0.004078791626223099,0.0087460748189537,0.001156684739153885,historical_simulation
2025-05-27,0.003848714314649,-0.0217423029325985,0.0217423029325985,False,0.001279550862362375,-0.029564894359895,0.029564894359895,False,0.0016706804337272001,-0.0220644237438084,0.0220644237438084,False,0.0012956569029228702,1.6106040560495173e-05,-0.0003750235308043299,0.00039112957136482507,0.0003221208112099,-0.0075004706160866005,0.0078225914272965,0.0003221208112099,0.0075004706160866005,0.0078225914272965,0.001279550862362375,historical_simulation
2025-05-28,-0.0005138676741144,-0.0199577030113346,0.0199577030113346,False,0.00097219176686101,-0.0287061416439695,0.0287061416439695,False,0.001409613698492755,-0.022436255899582,0.022436255899582,False,0.0010961194112733802,0.00012392764441237017,-0.0003134942872193749,0.00043742193163174507,0.002478552888247401,-0.006269885744387499,0.0087484386326349,0.002478552888247401,0.006269885744387499,0.0087484386326349,0.00097219176686101,historical_simulation
2025-05-29,-0.0048252030033552,-0.0199577030113346,0.0199577030113346,False,0.0007566250003989701,-0.0278324070023542,0.0278324070023542,False,0.00115036019994995,-0.0219995607714077,0.0219995607714077,False,0.000858717888402625,0.0001020928880036549,-0.0002916423115473251,0.00039373519955098,0.0020418577600730993,-0.005832846230946501,0.0078747039910196,0.0020418577600730993,0.005832846230946501,0.0078747039910196,0.0007566250003989701,historical_simulation
2025-05-30,-0.0105191343363331,-0.0199577030113346,0.0199577030113346,False,0.00047192843375007507,-0.0270544604333552,0.0270544604333552,False,0.0008267663048511051,-0.0230268482042412,0.0230268482042412,False,0.000625385693395405,0.00015345725964532994,-0.00020138061145570012,0.00035483787110103006,0.0030691451929065992,-0.004027612229114002,0.007096757422020601,0.0030691451929065992,0.004027612229114002,0.007096757422020601,0.00047192843375007507,historical_simulation
2025-06-02,-0.0096845642597274,-0.0199577030113346,0.0199577030113346,False,0.00051365693758036,-0.0265704658902116,0.0265704658902116,False,0.0008442950815242101,-0.0217621156461179,0.0217621156461179,False,0.0006038775693195251,9.022063173916512e-05,-0.00024041751220468506,0.0003306381439438502,0.0018044126347833006,-0.0048083502440936995,0.006612762878877,0.0018044126347833006,0.0048083502440936995,0.006612762878877,0.00051365693758036,historical_simulation
2025-06-03,0.0171999523767172,-0.0199577030113346,0.0199577030113346,False,0.00185788276940259,-0.0260548571443808,0.0260548571443808,False,0.0021627404760549,-0.0224732175151975,0.0224732175151975,False,0.001983658494595735,0.00012577572519314518,-0.000179081981459165,0.0003048577066523102,0.0025155145038628993,-0.0035816396291833003,0.0060971541330461995,0.0025155145038628993,0.0035816396291833003,0.0060971541330461995,0.00185788276940259,historical_simulation
2025-06-04,-0.0072491301605031,-0.0199577030113346,0.0199577030113346,False,0.000635428642541575,-0.026194435641053,0.026194435641053,False,0.0009472652740274951,-0.0225750614111979,0.0225750614111979,False,0.00076629656253474,0.000130867919993165,-0.0001809687114927551,0.0003118366314859201,0.002617358399863299,-0.003619374229855102,0.006236732629718401,0.002617358399863299,0.003619374229855102,0.006236732629718401,0.000635428642541575,historical_simulation
2025-06-05,-0.0012861149178928,-0.0199577030113346,0.0199577030113346,False,0.00093357940467209,-0.0255638438303634,0.0255638438303634,False,0.00121388644562353,-0.0225630177639209,0.0225630177639209,False,0.001063845142301405,0.0001302657376293149,-0.00015004130332212508,0.00028030704095144,0.0026053147525862998,-0.003000826066442499,0.005606140819028799,0.0026053147525862998,0.003000826066442499,0.005606140819028799,0.00093357940467209,historical_simulation
2025-06-06,-0.0077431603996217,-0.0199577030113346,0.0199577030113346,False,0.0006107271305856451,-0.0247904824015054,0.0247904824015054,False,0.0008523661000941851,-0.0259313938900871,0.0259313938900871,False,0.00090941167452327,0.0002986845439376249,5.7045574429084845e-05,0.00024163896950854004,0.005973690878752498,0.0011409114885816973,0.004832779390170801,0.005973690878752498,0.0011409114885816973,0.004832779390170801,0.0006107271305856451,historical_simulation
2025-06-09,0.006748233748107,-0.0199577030113346,0.0199577030113346,False,0.00133529683797208,-0.0242368900017414,0.0242368900017414,False,0.00154925618749242,-0.0258726831258633,0.0258726831258633,False,0.001631045843698515,0.00029574900572643483,8.178965620609497e-05,0.00021395934952033987,0.005914980114528699,0.0016357931241219002,0.004279186990406799,0.005914980114528699,0.0016357931241219002,0.004279186990406799,0.00133529683797208,historical_simulation
2025-06-10,0.0027104888102501,-0.0199577030113346,0.0199577030113346,False,0.001133409591079235,-0.0236553088320459,0.0236553088320459,False,0.0013182898821148,-0.0217674288773232,0.0217674288773232,False,0.001223895884378665,9.048629329942996e-05,-9.439399773613515e-05,0.00018488029103556512,0.0018097258659885984,-0.0018878799547227022,0.0036976058207113006,0.0018097258659885984,0.0018878799547227022,0.0036976058207113006,0.001133409591079235,historical_simulation
2025-06-11,0.0073091096662791,-0.0199577030113346,0.0199577030113346,False,0.0013633406338806851,-0.0229606584138806,0.0229606584138806,False,0.001513488404007985,-0.0235628528267357,0.0235628528267357,False,0.00154359812465074,0.00018025749077005488,3.0109720642755057e-05,0.00015014777012729982,0.0036051498154010993,0.0006021944128551011,0.003002955402545998,0.0036051498154010993,0.0006021944128551011,0.003002955402545998,0.0013633406338806851,historical_simulation
2025-06-12,0.0178351277987688,-0.0199577030113346,0.0199577030113346,False,0.0018896415405051702,-0.0224551248770131,0.0224551248770131,False,0.002014512633789095,-0.0200373522951376,0.0200373522951376,False,0.0018936240046953199,3.982464190149674e-06,-0.0001208886290937751,0.00012487109328392478,7.964928380299954e-05,-0.0024177725818755012,0.0024974218656785008,7.964928380299954e-05,0.0024177725818755012,0.0024974218656785008,0.0018896415405051702,historical_simulation
2025-06-13,-0.0111508595972082,-0.0199577030113346,0.0199577030113346,False,0.00044034217070632,-0.0229263024455033,0.0229263024455033,False,0.000588772142414755,-0.0236444833534364,0.0236444833534364,False,0.00062468118781141,0.00018433901710508997,3.590904539665495e-05,0.00014842997170843501,0.003686780342101799,0.000718180907933099,0.0029685994341687,0.003686780342101799,0.000718180907933099,0.0029685994341687,0.00044034217070632,historical_simulation
2025-06-16,0.0206050485563378,-0.0199577030113346,0.0199577030113346,False,0.0020281375783836202,-0.0226773704523742,0.0226773704523742,False,0.0021641209504356,-0.0222173030080692,0.0222173030080692,False,0.00214111757822035,0.00011297999983672993,-2.300337221524968e-05,0.0001359833720519796,0.0022595999967345987,-0.00046006744430500054,0.002719667441039599,0.0022595999967345987,0.00046006744430500054,0.002719667441039599,0.0020281375783836202,historical_simulation
2025-06-17,0.0012612183180161,-0.0199577030113346,0.0199577030113346,False,0.0010609460664675351,-0.0235016718003503,0.0235016718003503,False,0.0012381445059183203,-0.0196656929957766,0.0196656929957766,False,0.001046345565689635,-1.460050077790008e-05,-0.00019179894022868524,0.00017719843945078516,-0.0002920100155580016,-0.003835978804573703,0.0035439687890157015,0.0002920100155580016,0.003835978804573703,0.0035439687890157015,0.001046345565689635,gradient_boosting
2025-06-18,-0.0049745407367636,-0.0199577030113346,0.0199577030113346,False,0.00074915811372855,-0.0227913817185842,0.0227913817185842,False,0.0008908420490910299,-0.0201626921404017,0.0201626921404017,False,0.000759407570181905,1.0249456453354975e-05,-0.00013143447890912496,0.00014168393536247994,0.00020498912906709993,-0.0026286895781824984,0.0028336787072495984,0.00020498912906709993,0.0026286895781824984,0.0028336787072495984,0.00074915811372855,historical_simulation
2025-06-19,-0.0044265777464665,-0.0199577030113346,0.0199577030113346,False,0.000776556263243405,-0.0221877747311175,0.0221877747311175,False,0.00088805984923255,-0.0200257897562362,0.0200257897562362,False,0.000779960600488485,3.4043372450799896e-06,-0.00010809924874406501,0.000111503585989145,6.808674490160066e-05,-0.0021619849748812994,0.0022300717197829,6.808674490160066e-05,0.0021619849748812994,0.0022300717197829,0.000776556263243405,historical_simulation
2025-06-20,0.0021412962676451,-0.0199577030113346,0.0199577030113346,False,0.0011049499639489851,-0.021585651429569,0.021585651429569,False,0.001186347384860705,-0.0256802875938607,0.0256802875938607,False,0.00139107919307529,0.00028612922912630494,0.00020473180821458498,8.139742091171995e-05,0.0057225845825261,0.0040946361642917005,0.001627948418234399,0.0057225845825261,0.0040946361642917005,0.001627948418234399,0.0011049499639489851,historical_simulation
2025-06-23,0.0023127441040993,-0.0199577030113346,0.0199577030113346,False,0.0011135223557716951,-0.0209458407825249,0.0209458407825249,False,0.00116292924433121,-0.0198162798389847,0.0198162798389847,False,0.0011064511971542001,-7.071158617494994e-06,-5.647804717700991e-05,4.9406888559514915e-05,-0.00014142317234989987,-0.001129560943540199,0.0009881377711902992,0.00014142317234989987,0.001129560943540199,0.0009881377711902992,0.0011064511971542001,gradient_boosting
2025-06-24,0.0030360365310437,-0.0199577030113346,0.0199577030113346,False,0.001149686977118915,-0.0203291129561415,0.0203291129561415,False,0.00116825747435926,-0.0200526810210784,0.0200526810210784,False,0.001154435877606105,4.748900487189971e-06,-1.3821596753154936e-05,1.8570497240344907e-05,9.497800974379855e-05,-0.00027643193506310046,0.000371409944806899,9.497800974379855e-05,0.00027643193506310046,0.000371409944806899,0.001149686977118915,historical_simulation
2025-06-25,0.0047387677853844,-0.0199577030113346,0.0199577030113346,False,0.0012348235398359502,-0.0197477281546068,0.0197477281546068,False,0.00122432479699956,-0.0198849998702446,0.0198849998702446,False,0.00123118838278145,-3.635157054500144e-06,6.863585781889973e-06,-1.0498742836390117e-05,-7.270314109000114e-05,0.00013727171563780033,-0.00020997485672780147,7.270314109000114e-05,0.00013727171563780033,0.00020997485672780147,0.00122432479699956,ewma
2025-06-26,-0.000713559650226,-0.0178276841844378,0.0178276841844378,False,0.0008557062267105901,-0.0192410948049729,0.0192410948049729,False,0.0009263767577373451,-0.0193693153062094,0.0193693153062094,False,0.00093278778279917,7.708155608857992e-05,6.411025061824906e-06,7.067053102675501e-05,0.001541631121771598,0.00012822050123649856,0.0014134106205350994,0.001541631121771598,0.00012822050123649856,0.0014134106205350994,0.0008557062267105901,historical_simulation
2025-06-27,0.0083658954181616,-0.0178276841844378,0.0178276841844378,False,0.0013096789801299701,-0.0186571487640457,0.0186571487640457,False,0.001351152209110365,-0.0192307117189803,0.0192307117189803,False,0.0013798303568570952,7.015137672712504e-05,2.8678147746730078e-05,4.147322898039496e-05,0.0014030275345424982,0.0005735629549345998,0.0008294645796078984,0.0014030275345424982,0.0005735629549345998,0.0008294645796078984,0.0013096789801299701,historical_simulation
2025-06-30,-0.0012578206282987,-0.0178276841844378,0.0178276841844378,False,0.0008284931778069551,-0.0184001417381471,0.0184001417381471,False,0.00085711605549242,-0.0194055549069537,0.0194055549069537,False,0.0009073867139327501,7.889353612579504e-05,5.027065844033008e-05,2.8622877685464954e-05,0.0015778707225158999,0.0010054131688066008,0.0005724575537092991,0.0015778707225158999,0.0010054131688066008,0.0005724575537092991,0.0008284931778069551,historical_simulation
2025-07-01,-0.0040498346761391,-0.0178276841844378,0.0178276841844378,False,0.0006888924754149352,-0.0178467961133019,0.0178467961133019,False,0.0006898480718581401,-0.0194634786875122,0.0194634786875122,False,0.000770682200568655,8.178972515371981e-05,8.083412871051491e-05,9.555964432049046e-07,0.0016357945030743976,0.0016166825742102986,1.911192886409896e-05,0.0016357945030743976,0.0016166825742102986,1.911192886409896e-05,0.0006888924754149352,historical_simulation
2025-07-02,0.004608997988769,-0.0178276841844378,0.0178276841844378,False,0.0011218341086603402,-0.0173798759152819,0.0173798759152819,False,0.001099443695202545,-0.0154526118840463,0.0154526118840463,False,0.0010030804936407651,-0.00011875361501957507,-9.636320156177977e-05,-2.2390413457795298e-05,-0.0023750723003915022,-0.0019272640312355989,-0.00044780826915590335,0.0023750723003915022,0.0019272640312355989,0.00044780826915590335,0.0010030804936407651,gradient_boosting
2025-07-03,0.0043210675479904,-0.0178276841844378,0.0178276841844378,False,0.0011074375866214103,-0.0169524302349053,0.0169524302349053,False,0.001063674889144785,-0.0187652126117192,0.0187652126117192,False,0.0011543140079854802,4.687642136406989e-05,9.06391188406951e-05,-4.376269747662521e-05,0.0009375284272813977,0.0018127823768138984,-0.0008752539495325007,0.0009375284272813977,0.0018127823768138984,0.0008752539495325007,0.001063674889144785,ewma
2025-07-04,0.0194303150254477,-0.0178276841844378,0.0178276841844378,False,0.001862899960494275,-0.0165279403116374,0.0165279403116374,False,0.0017979127668542553,-0.0173090922554935,0.0173090922554935,False,0.0018369703640470601,-2.5929596447214808e-05,3.905759719280487e-05,-6.498719364001967e-05,-0.0005185919289443022,0.0007811519438560982,-0.0012997438728004004,0.0005185919289443022,0.0007811519438560982,0.0012997438728004004,0.0017979127668542553,ewma
2025-07-07,0.0095209760093347,-0.0178276841844378,0.0178276841844378,False,0.0013674330096886253,-0.0178344899248445,0.0178344899248445,False,0.0013677732967089602,-0.0164069243059982,0.0164069243059982,False,0.001296395015766645,-7.103799392198023e-05,-7.137828094231518e-05,3.402870203349489e-07,-0.001420759878439603,-0.0014275656188463028,6.805740406699845e-06,0.001420759878439603,0.0014275656188463028,6.805740406699845e-06,0.001296395015766645,gradient_boosting
2025-07-08,0.0210517052392438,-0.0178276841844378,0.0178276841844378,False,0.0019439694711840803,-0.0177115830735472,0.0177115830735472,False,0.0019381644156395497,-0.0172241516394616,0.0172241516394616,False,0.0019137928439352699,-3.017662724881043e-05,-2.4371571704279865e-05,-5.805055544530566e-06,-0.0006035325449762034,-0.0004874314340856008,-0.00011610111089060265,0.0006035325449762034,0.0004874314340856008,0.00011610111089060265,0.0019137928439352699,gradient_boosting
2025-07-09,-0.0014316484547664,-0.0178276841844378,0.0178276841844378,False,0.0008198017864835702,-0.0191525403797456,0.0191525403797456,False,0.00088604459624896,-0.0188856621941297,0.0188856621941297,False,0.0008727006869681651,5.2898900484594884e-05,-1.3343909280794943e-05,6.624280976538983e-05,0.0010579780096918977,-0.0002668781856158993,0.001324856195307797,0.0010579780096918977,0.0002668781856158993,0.001324856195307797,0.0008198017864835702,historical_simulation
2025-07-10,0.0098759745383562,-0.0178276841844378,0.0178276841844378,False,0.0013851829361397003,-0.0185780336563847,0.0185780336563847,False,0.0014227004097370451,-0.0196688728713709,0.0196688728713709,False,0.001477242370486355,9.20594343466548e-05,5.4541960749309934e-05,3.751747359734487e-05,0.0018411886869330978,0.0010908392149861987,0.0007503494719468991,0.0018411886869330978,0.0010908392149861987,0.0007503494719468991,0.0013851829361397003,historical_simulation
2025-07-11,0.0180663748417027,-0.0178276841844378,0.0178276841844378,False,0.001794702951307025,-0.0184463499020896,0.0184463499020896,False,0.0018256362371896152,-0.0195264454908434,0.0195264454908434,False,0.001879641016627305,8.493806532028012e-05,5.400477943768981e-05,3.09332858825903e-05,0.0016987613064055988,0.0010800955887537989,0.0006186657176518,0.0016987613064055988,0.0010800955887537989,0.0006186657176518,0.001794702951307025,historical_simulation
2025-07-14,0.0034104501394133,-0.0178276841844378,0.0178276841844378,False,0.0010619067161925552,-0.0193089649642585,0.0193089649642585,False,0.00113597075518359,-0.0185962456515041,0.0185962456515041,False,0.00110033478954587,3.8428073353314815e-05,-3.5635965637719966e-05,7.406403899103478e-05,0.0007685614670662998,-0.0007127193127543993,0.001481280779820699,0.0007685614670662998,0.0007127193127543993,0.001481280779820699,0.0010619067161925552,historical_simulation
2025-07-15,-0.0046201958584353,-0.0178276841844378,0.0178276841844378,False,0.0006603744163001252,-0.0187710968909073,0.0187710968909073,False,0.0007075450516236001,-0.0163621735618094,0.0163621735618094,False,0.000587098885168705,-7.327553113142013e-05,-0.00012044616645489508,4.717063532347495e-05,-0.0014655106226284034,-0.002408923329097902,0.0009434127064694986,0.0014655106226284034,0.002408923329097902,0.0009434127064694986,0.000587098885168705,gradient_boosting
2025-07-16,0.0120569337696367,-0.0178276841844378,0.0178276841844378,False,0.0014942308977037252,-0.0182942072707562,0.0182942072707562,False,0.001517557052019645,-0.0144965443852238,0.0144965443852238,False,0.001327673907743025,-0.00016655698996070022,-0.00018988314427662001,2.3326154315919797e-05,-0.0033311397992140026,-0.0037976628855323994,0.0004665230863183968,0.0033311397992140026,0.0037976628855323994,0.0004665230863183968,0.001327673907743025,gradient_boosting
2025-07-17,0.0029319207700811,-0.0178276841844378,0.0178276841844378,False,0.0010379802477259452,-0.0183900944287113,0.0183900944287113,False,0.00106610075993962,-0.014669520688813,0.014669520688813,False,0.0008800720729447049,-0.00015790817478124027,-0.00018602868699491514,2.812051221367487e-05,-0.003158163495624802,-0.0037205737398982985,0.0005624102442734966,0.003158163495624802,0.0037205737398982985,0.0005624102442734966,0.0008800720729447049,gradient_boosting
2025-07-18,-0.0029454202892264,-0.0178276841844378,0.0178276841844378,False,0.0007441131947605701,-0.0178689472459666,0.0178689472459666,False,0.00074617634783701,-0.0137424730703311,0.0137424730703311,False,0.000539852639055235,-0.0002042605557053351,-0.00020632370878177504,2.063153076439935e-06,-0.004085211114106702,-0.004126474175635501,4.126306152879913e-05,0.004085211114106702,0.004126474175635501,4.126306152879913e-05,0.000539852639055235,gradient_boosting
2025-07-21,0.0027083791564566,-0.0178276841844378,0.0178276841844378,False,0.0010268031670447202,-0.0173651845882203,0.0173651845882203,False,0.0010036781872338452,-0.0167851975136637,0.0167851975136637,False,0.0009746788335060152,-5.212433353870508e-05,-2.8999353727830052e-05,-2.312497981087503e-05,-0.0010424866707741016,-0.000579987074556601,-0.0004624995962175006,0.0010424866707741016,0.000579987074556601,0.0004624995962175006,0.0009746788335060152,gradient_boosting
2025-07-22,0.01049665613474,-0.0178276841844378,0.0178276841844378,False,0.0014162170159588902,-0.0168714972327864,0.0168714972327864,False,0.00136840766837632,-0.0177284445107068,0.0177284445107068,False,0.0014112550322723401,-4.9619836865501254e-06,4.2847363896020025e-05,-4.780934758257015e-05,-9.923967373100251e-05,0.0008569472779203988,-0.0009561869516514013,9.923967373100251e-05,0.0008569472779203988,0.0009561869516514013,0.00136840766837632,ewma
2025-07-23,-0.0011806766997815,-0.0178276841844378,0.0178276841844378,False,0.0008323503742328152,-0.0168953942339808,0.0168953942339808,False,0.0007857358767099651,-0.0174035226825211,0.0174035226825211,False,0.0008111422991369801,-2.120807509583514e-05,2.540642242701498e-05,-4.661449752285012e-05,-0.00042416150191670193,0.0005081284485402987,-0.0009322899504570006,0.00042416150191670193,0.0005081284485402987,0.0009322899504570006,0.0007857358767099651,ewma
2025-07-24,-0.0070287390670425,-0.0178276841844378,0.0178276841844378,False,0.0005399472558697652,-0.0163875982616745,0.0163875982616745,False,0.00046794295973160013,-0.0168465467898856,0.0168465467898856,False,0.0004908903861421549,-4.9056869727610256e-05,2.294742641055481e-05,-7.200429613816507e-05,-0.0009811373945522034,0.0004589485282110971,-0.0014400859227633005,0.0009811373945522034,0.0004589485282110971,0.0014400859227633005,0.00046794295973160013,ewma
2025-07-25,0.0022985611922955,-0.0178276841844378,0.0178276841844378,False,0.001006312268836665,-0.0161387707102335,0.0161387707102335,False,0.0009218665951264501,-0.0171240009881815,0.0171240009881815,False,0.00097112810902385,-3.518415981281506e-05,4.926151389739988e-05,-8.444567371021494e-05,-0.000703683196256303,0.000985230277947998,-0.001688913474204301,0.000703683196256303,0.000985230277947998,0.001688913474204301,0.0009218665951264501,ewma
2025-07-28,0.0061253695459072,-0.0178276841844378,0.0178276841844378,False,0.0011976526865172502,-0.0156745012763647,0.0156745012763647,False,0.001089993541113595,-0.0137800203475997,0.0137800203475997,False,0.000995269494675345,-0.0002023831918419052,-9.472404643824997e-05,-0.00010765914540365523,-0.004047663836838102,-0.0018944809287649994,-0.002153182908073103,0.004047663836838102,0.0018944809287649994,0.002153182908073103,0.000995269494675345,gradient_boosting
2025-07-29,-0.0455756833763016,-0.0178276841844378,0.0178276841844378,True,0.026360599232270607,-0.0153960818053623,0.0153960818053623,True,0.028670621492392332,-0.0171909955009778,0.0171909955009778,True,0.026965453481557607,0.0006048542492869992,-0.0017051680108347254,0.0023100222601217246,-0.0006366886834600002,0.0017949136956155014,-0.0024316023790755016,0.0006366886834600002,0.0017949136956155014,0.0024316023790755016,0.026360599232270607,historical_simulation
2025-07-30,0.0034019085573343,-0.020053006091041,0.020053006091041,False,0.001172745732418765,-0.0236644247745241,0.0236644247745241,False,0.00135331666659292,-0.0292249710206738,0.0292249710206738,False,0.001631343978900405,0.00045859824648163995,0.0002780273123074849,0.00018057093417415504,0.009171964929632799,0.005560546246149697,0.0036114186834831016,0.009171964929632799,0.005560546246149697,0.0036114186834831016,0.001172745732418765,historical_simulation
2025-07-31,-0.0214085660035721,-0.020053006091041,0.020053006091041,True,0.0012877819169045469,-0.0229844158557278,0.0229844158557278,False,7.879249260778487e-05,-0.0211822140349247,0.0211822140349247,True,0.00021503437021503142,-0.0010727475466895155,0.00013624187760724653,-0.001208989424296762,0.0011292079438837005,-0.001802201820803099,0.0029314097646867994,0.0011292079438837005,0.001802201820803099,0.0029314097646867994,7.879249260778487e-05,ewma
2025-08-01,0.0117952926289207,-0.0216350077004045,0.0216350077004045,False,0.0016715150164662601,-0.0238953497108833,0.0238953497108833,False,0.0017845321169902,-0.0217156261834026,0.0217156261834026,False,0.001675545940616165,4.030924149904958e-06,-0.00010898617637403489,0.00011301710052393985,8.06184829981009e-05,-0.0021797235274806995,0.0022603420104788004,8.06184829981009e-05,0.0021797235274806995,0.0022603420104788004,0.0016715150164662601,historical_simulation
2025-08-04,0.009875750945222,-0.0216350077004045,0.0216350077004045,False,0.001575537932281325,-0.0236498125826697,0.0236498125826697,False,0.001676278176394585,-0.0226203617919444,0.0226203617919444,False,0.0016248056368583204,4.926770457699546e-05,-5.147253953626451e-05,0.00010074024411325998,0.0009853540915399014,-0.001029450790725299,0.0020148048822652004,0.0009853540915399014,0.001029450790725299,0.0020148048822652004,0.001575537932281325,historical_simulation
2025-08-05,0.0234386216096886,-0.0198265643942086,0.0198265643942086,False,0.00216325930019486,-0.0232720259197788,0.0232720259197788,False,0.0023355323764733702,-0.0262908040428671,0.0262908040428671,False,0.002486471282627785,0.00032321198243292484,0.00015093890615441473,0.00017227307627851011,0.0064642396486584985,0.0030187781230882997,0.003445461525570199,0.0064642396486584985,0.0030187781230882997,0.003445461525570199,0.00216325930019486,historical_simulation
2025-08-06,0.0209719097718336,-0.0198265643942086,0.0198265643942086,False,0.00203992370830211,-0.0244596087117187,0.0244596087117187,False,0.002271575924177615,-0.0200530387248171,0.0200530387248171,False,0.002051247424832535,1.1323716530424986e-05,-0.00022032849934508015,0.00023165221587550513,0.00022647433060849972,-0.004406569986901598,0.004633044317510097,0.00022647433060849972,0.004406569986901598,0.004633044317510097,0.00203992370830211,historical_simulation
2025-08-07,0.0213584594192998,-0.0178276841844378,0.0178276841844378,False,0.00195930718018688,-0.0251748565119493,0.0251748565119493,False,0.0023266657965624548,-0.0248029370149846,0.0248029370149846,False,0.00230806982171422,0.0003487626415273398,-1.8595974848234845e-05,0.00036735861637557463,0.006975252830546799,-0.00037191949696470036,0.0073471723275115,0.006975252830546799,0.00037191949696470036,0.0073471723275115,0.00195930718018688,historical_simulation
2025-08-08,-0.0096166262180784,-0.0178276841844378,0.0178276841844378,False,0.0004105528983179701,-0.0258805042490868,0.0258805042490868,False,0.0008131939015504201,-0.0205229861617506,0.0205229861617506,False,0.0005453179971836099,0.0001347650988656398,-0.00026787590436681016,0.00040264100323245,0.0026953019773127973,-0.005357518087336199,0.008052820064648997,0.0026953019773127973,0.005357518087336199,0.008052820064648997,0.0004105528983179701,historical_simulation
2025-08-11,0.0048126128986208,-0.0178276841844378,0.0178276841844378,False,0.0011320148541529302,-0.0253894645177493,0.0253894645177493,False,0.001510103870818505,-0.0215038368999794,0.0215038368999794,False,0.00131582248993001,0.00018380763577707988,-0.00019428138088849493,0.0003780890166655748,0.0036761527155415967,-0.0038856276177699003,0.007561780333311497,0.0036761527155415967,0.0038856276177699003,0.007561780333311497,0.0011320148541529302,historical_simulation
2025-08-12,0.0080473716890345,-0.0178276841844378,0.0178276841844378,False,0.0012937527936736151,-0.02469225058469,0.02469225058469,False,0.001636981113686225,-0.0213774253388883,0.0213774253388883,False,0.0014712398513961403,0.00017748705772252515,-0.00016574126229008468,0.00034322832001260984,0.0035497411544504996,-0.003314825245801699,0.0068645664002521985,0.0035497411544504996,0.003314825245801699,0.0068645664002521985,0.0012937527936736151,historical_simulation
2025-08-13,-0.0181826345959705,-0.0178276841844378,0.0178276841844378,True,0.000337202890956065,-0.0241585905066527,0.0241585905066527,False,0.0002987977955341099,-0.0209836505405879,0.0209836505405879,False,0.00014005079723086993,-0.00019715209372519506,-0.00015874699830323996,-3.8405095421955096e-05,0.0031559663561500986,-0.0031749399660647992,0.006330906322214898,0.0031559663561500986,0.0031749399660647992,0.006330906322214898,0.00014005079723086993,gradient_boosting
2025-08-14,0.0018297214563019,-0.0180523021200277,0.0180523021200277,False,0.00099410117881648,-0.0245415512299637,0.0245415512299637,False,0.0013185636343132799,-0.0225106712020343,0.0225106712020343,False,0.0012170196329168098,0.00022291845410032994,-0.00010154400139647003,0.00032446245549679997,0.0044583690820066,-0.0020308800279294006,0.006489249109936,0.0044583690820066,0.0020308800279294006,0.006489249109936,0.00099410117881648,historical_simulation
2025-08-15,-0.0166107199891094,-0.0180523021200277,0.0180523021200277,False,7.207910654591487e-05,-0.0238053343340173,0.0238053343340173,False,0.00035973071724539497,-0.0244195732698761,0.0244195732698761,False,0.00039044266403833497,0.00031836355749242007,3.071194679294e-05,0.0002876516106994801,0.006367271149848402,0.0006142389358587998,0.005753032213989602,0.006367271149848402,0.0006142389358587998,0.005753032213989602,7.207910654591487e-05,historical_simulation
2025-08-18,-0.0005141697096028,-0.0180523021200277,0.0180523021200277,False,0.0008769066205212451,-0.0240308650044529,0.0240308650044529,False,0.0011758347647425052,-0.0223066096087058,0.0223066096087058,False,0.00108962199495515,0.00021271537443390493,-8.621276978735518e-05,0.0002989281442212601,0.0042543074886781,-0.0017242553957470992,0.0059785628844251995,0.0042543074886781,0.0017242553957470992,0.0059785628844251995,0.0008769066205212451,historical_simulation
2025-08-19,-0.0130649404382563,-0.0180523021200277,0.0180523021200277,False,0.00024936808408856996,-0.0232997090205322,0.0232997090205322,False,0.000511738429113795,-0.0205681145797699,0.0205681145797699,False,0.00037515870707568007,0.00012579062298711011,-0.00013657972203811496,0.0002623703450252251,0.002515812459742202,-0.0027315944407622986,0.0052474069005045,0.002515812459742202,0.0027315944407622986,0.0052474069005045,0.00024936808408856996,historical_simulation
2025-08-20,-0.0106638614701477,-0.0180523021200277,0.0180523021200277,False,0.00036942203249399995,-0.0231951037927298,0.0231951037927298,False,0.000626562116129105,-0.0256772764904851,0.0256772764904851,False,0.0007506707510168699,0.00038124871852287,0.00012410863488776492,0.0002571400836351051,0.0076249743704574005,0.0024821726977552992,0.005142801672702101,0.0076249743704574005,0.0024821726977552992,0.005142801672702101,0.00036942203249399995,historical_simulation
2025-08-21,0.0212874812432314,-0.0180523021200277,0.0180523021200277,False,0.001966989168162955,-0.0228952440363736,0.0228952440363736,False,0.00220913626398025,-0.0212226730525225,0.0212226730525225,False,0.002125507714787695,0.00015851854662474012,-8.36285491925548e-05,0.00024214709581729492,0.0031703709324948023,-0.0016725709838510995,0.004842941916345902,0.0031703709324948023,0.0016725709838510995,0.004842941916345902,0.001966989168162955,historical_simulation
2025-08-22,-0.0291548029768585,-0.0180523021200277,0.0180523021200277,True,0.010547375813989261,-0.0237971175085265,0.0237971175085265,True,0.005089801194915399,-0.0236896692570503,0.0236896692570503,True,0.00519187703381779,-0.005355498780171471,0.00010207583890239121,-0.005457574619073862,0.005637367137022602,-0.00010744825147620055,0.005744815388498803,0.005637367137022602,0.00010744825147620055,0.005744815388498803,0.005089801194915399,ewma
2025-08-25,-0.0085348899615331,-0.0199568968701514,0.0199568968701514,False,0.000571100345430915,-0.025890302461475,0.025890302461475,False,0.0008677706249970951,-0.0327956090075533,0.0327956090075533,False,0.00121303595230101,0.000641935606870095,0.00034526532730391496,0.00029667027956618006,0.012838712137401901,0.006905306546078301,0.0059334055913236,0.012838712137401901,0.006905306546078301,0.0059334055913236,0.000571100345430915,historical_simulation
2025-08-26,0.0434385607506539,-0.0199568968701514,0.0199568968701514,False,0.003169772881040265,-0.0253360278767125,0.0253360278767125,False,0.0034387294313683206,-0.0284844745683878,0.0284844745683878,False,0.0035961517659520853,0.0004263788849118203,0.00015742233458376472,0.0002689565503280556,0.0085275776982364,0.003148446691675303,0.005379131006561098,0.0085275776982364,0.003148446691675303,0.005379131006561098,0.003169772881040265,historical_simulation
2025-08-27,0.0175533639998104,-0.0199568968701514,0.0199568968701514,False,0.0018755130434980902,-0.030161336778213,0.030161336778213,False,0.0023857350389011704,-0.0331128135486198,0.0331128135486198,False,0.00253330887742151,0.00065779583392342,0.00014757383852033977,0.0005102219954030802,0.0131559166784684,0.002951476770406799,0.0102044399080616,0.0131559166784684,0.002951476770406799,0.0102044399080616,0.0018755130434980902,historical_simulation
2025-08-28,0.0129347086202367,-0.0199568968701514,0.0199568968701514,False,0.0016445802745194051,-0.0300855759529858,0.0300855759529858,False,0.0021510142286611253,-0.0371505858066827,0.0371505858066827,False,0.00250426472134597,0.0008596844468265648,0.0003532504926848446,0.0005064339541417202,0.0171936889365313,0.0070650098536968985,0.0101286790828344,0.0171936889365313,0.0070650098536968985,0.0101286790828344,0.0016445802745194051,historical_simulation
2025-08-29,-0.0012638834639342,-0.0199568968701514,0.0199568968701514,False,0.0009346506703108601,-0.0296309415699626,0.0296309415699626,False,0.00141835290530142,-0.0308301076898855,0.0308301076898855,False,0.001478311211297565,0.0005436605409867048,5.99583059961448e-05,0.00048370223499056,0.010873210819734098,0.0011991661199228995,0.009674044699811198,0.010873210819734098,0.0011991661199228995,0.009674044699811198,0.0009346506703108601,historical_simulation
2025-09-03,0.0037425488188885,-0.0199568968701514,0.0199568968701514,False,0.0011849722844519952,-0.0287327765236664,0.0287327765236664,False,0.001623766267127745,-0.0260847371414411,0.0260847371414411,False,0.00149136429801648,0.00030639201356448477,-0.00013240196911126507,0.00043879398267574984,0.006127840271289698,-0.0026480393822253014,0.008775879653515,0.006127840271289698,0.0026480393822253014,0.008775879653515,0.0011849722844519952,historical_simulation
2025-09-04,0.0333101965208474,-0.0199568968701514,0.0199568968701514,False,0.0026633546695499404,-0.0278982407954894,0.0278982407954894,False,0.0030604218658168403,-0.024407552956756,0.024407552956756,False,0.00288588747388017,0.0002225328043302297,-0.00017453439193667025,0.00039706719626689995,0.004450656086604599,-0.0034906878387334014,0.007941343925338,0.004450656086604599,0.0034906878387334014,0.007941343925338,0.0026633546695499404,historical_simulation
2025-09-05,-0.0274874723988386,-0.0199568968701514,0.0199568968701514,True,0.007154046752252839,-0.0301949066733582,0.0301949066733582,False,0.00013537171372598,-0.0223703813244504,0.0223703813244504,True,0.004861236520668791,-0.002292810231584048,0.004725864806942811,-0.007018675038526859,0.002413484454298998,-0.0078245253489078,0.010238009803206799,0.002413484454298998,0.0078245253489078,0.010238009803206799,0.00013537171372598,ewma
2025-09-08,-0.0081230021353355,-0.0216350077004045,0.0216350077004045,False,0.00067560027825345,-0.0312998507229584,0.0312998507229584,False,0.001158842429381145,-0.0357884807193802,0.0357884807193802,False,0.001383273929202235,0.0007076736509487851,0.0002244314998210901,0.00048324215112769504,0.0141534730189757,0.0044886299964218,0.009664843022553899,0.0141534730189757,0.0044886299964218,0.009664843022553899,0.00067560027825345,historical_simulation
2025-09-09,0.0090368750776726,-0.0216350077004045,0.0216350077004045,False,0.001533594138903855,-0.0305223038933652,0.0305223038933652,False,0.00197795894855189,-0.0252536835339648,0.0252536835339648,False,0.00171452793058187,0.0001809337916780149,-0.00026343101797001995,0.00044436480964803486,0.003618675833560299,-0.0052686203594004,0.008887296192960699,0.003618675833560299,0.0052686203594004,0.008887296192960699,0.001533594138903855,historical_simulation
2025-09-10,-0.0051254754221929,-0.0216350077004045,0.0216350077004045,False,0.00082547661391058,-0.0298156214638996,0.0298156214638996,False,0.0012345073020853352,-0.0252286408051468,0.0252286408051468,False,0.0010051582691476952,0.0001796816552371151,-0.00022934903293764003,0.00040903068817475514,0.0035936331047423005,-0.0045869806587528,0.0081806137634951,0.0035936331047423005,0.0045869806587528,0.0081806137634951,0.00082547661391058,historical_simulation
2025-09-11,0.0206994086426458,-0.0216350077004045,0.0216350077004045,False,0.002116720817152515,-0.0289809862628084,0.0289809862628084,False,0.0024840197452727104,-0.0245249378397558,0.0245249378397558,False,0.0022612173241200804,0.00014449650696756562,-0.00022280242115262994,0.00036729892812019556,0.0028899301393513002,-0.0044560484230526005,0.007345978562403901,0.0028899301393513002,0.0044560484230526005,0.007345978562403901,0.002116720817152515,historical_simulation
2025-09-12,0.0092898346599242,-0.0216350077004045,0.0216350077004045,False,0.001546242118016435,-0.0293096850129137,0.0293096850129137,False,0.0019299759836418952,-0.027450622798341,0.027450622798341,False,0.0018370228729132601,0.0002907807548968252,-9.295311072863503e-05,0.00038373386562546023,0.005815615097936499,-0.0018590622145727015,0.0076746773125092,0.005815615097936499,0.0018590622145727015,0.0076746773125092,0.001546242118016435,historical_simulation
2025-09-15,0.0069328316054166,-0.0216350077004045,0.0216350077004045,False,0.001428391965291055,-0.028662233833173,0.028662233833173,False,0.0017797532719294803,-0.0273681347276276,0.0273681347276276,False,0.00171504831665221,0.00028665635136115495,-6.470495527727033e-05,0.0003513613066384253,0.0057331270272231,-0.0012940991055454022,0.007027226132768502,0.0057331270272231,0.0012940991055454022,0.007027226132768502,0.001428391965291055,historical_simulation
2025-09-16,0.0041614950002356,-0.0216350077004045,0.0216350077004045,False,0.0012898251350320052,-0.0279290996785455,0.0279290996785455,False,0.001604529733939055,-0.024546577638407,0.024546577638407,False,0.0014354036319321301,0.00014557849690012494,-0.00016912610200692495,0.0003147045989070499,0.0029115699380025013,-0.003382522040138499,0.006294091978141,0.0029115699380025013,0.003382522040138499,0.006294091978141,0.0012898251350320052,historical_simulation
2025-09-17,-0.0114586501620866,-0.0216350077004045,0.0216350077004045,False,0.000508817876915895,-0.0271301274418656,0.0271301274418656,False,0.0007835738639889501,-0.0241848425528726,0.0241848425528726,False,0.0006363096195393,0.00012749174262340502,-0.00014726424444965012,0.00027475598707305514,0.0025498348524681004,-0.002945284888993,0.0054951197414611005,0.0025498348524681004,0.002945284888993,0.0054951197414611005,0.000508817876915895,historical_simulation
2025-09-18,-0.0062703035056847,-0.0216350077004045,0.0216350077004045,False,0.00076823520973599,-0.026705721580894,0.026705721580894,False,0.001021770903760465,-0.0236650581431116,0.0236650581431116,False,0.0008697377318713451,0.00010150252213535509,-0.00015203317188912,0.0002535356940244751,0.002030050442707102,-0.0030406634377823996,0.005070713880489502,0.002030050442707102,0.0030406634377823996,0.005070713880489502,0.00076823520973599,historical_simulation
2025-09-19,0.0015841796157067,-0.0216350077004045,0.0216350077004045,False,0.00116095936580556,-0.0260151151188845,0.0260151151188845,False,0.0013799647367295602,-0.0239764709832217,0.0239764709832217,False,0.0012780325299464202,0.00011707316414086028,-0.00010193220678313998,0.00021900537092400026,0.002341463282817202,-0.0020386441356627996,0.004380107418480002,0.002341463282817202,0.0020386441356627996,0.004380107418480002,0.00116095936580556,historical_simulation
2025-09-22,-0.029291892123153,-0.0216350077004045,0.0216350077004045,True,0.007274040201611077,-0.0252306645918859,0.0252306645918859,True,0.003858166154703745,-0.0234938511791884,0.0234938511791884,True,0.005508138896766371,-0.0017659013048447053,0.0016499727420626262,-0.0034158740469073315,0.0018588434787839003,-0.0017368134126975014,0.0035956568914814017,0.0018588434787839003,0.0017368134126975014,0.0035956568914814017,0.003858166154703745,ewma
2025-09-23,0.0028716748912995,-0.022098856489898,0.022098856489898,False,0.0012485265690598752,-0.0271601740153434,0.0271601740153434,False,0.001501592445332145,-0.0320428460504482,0.0320428460504482,False,0.001745726047087385,0.0004971994780275098,0.00024413360175523993,0.0002530658762722698,0.0099439895605502,0.004882672035104802,0.005061317525445398,0.0099439895605502,0.004882672035104802,0.005061317525445398,0.0012485265690598752,historical_simulation
2025-09-24,0.0157757000116179,-0.022098856489898,0.022098856489898,False,0.0018937278250757952,-0.0263581719385978,0.0263581719385978,False,0.002106693597510785,-0.0289019445953311,0.0289019445953311,False,0.0022338822303474503,0.00034015440527165506,0.00012718863283666532,0.00021296577243498974,0.0068030881054330986,0.0025437726567332994,0.004259315448699799,0.0068030881054330986,0.0025437726567332994,0.004259315448699799,0.0018937278250757952,historical_simulation
2025-09-25,-0.0086845670781618,-0.022098856489898,0.022098856489898,False,0.0006707144705868101,-0.0263337842000283,0.0263337842000283,False,0.000882460856093325,-0.0279154683103884,0.0279154683103884,False,0.00096154506161133,0.00029083059102451997,7.908420551800506e-05,0.0002117463855065149,0.005816611820490401,0.0015816841103601029,0.004234927710130298,0.005816611820490401,0.0015816841103601029,0.004234927710130298,0.0006707144705868101,historical_simulation
2025-09-26,-0.0093599306698715,-0.022098856489898,0.022098856489898,False,0.0006369462910013251,-0.0257702056830365,0.0257702056830365,False,0.00082051375065825,-0.0208731852689143,0.0208731852689143,False,0.0005756627299521401,-6.128356104918506e-05,-0.0002448510207061099,0.00018356745965692487,-0.0012256712209837012,-0.0048970204141222,0.003671349193138499,0.0012256712209837012,0.0048970204141222,0.003671349193138499,0.0005756627299521401,gradient_boosting
2025-09-29,-0.0099994821575748,-0.022098856489898,0.022098856489898,False,0.0006049687166161601,-0.0252681415025479,0.0252681415025479,False,0.0007634329672486551,-0.0282637027135062,0.0282637027135062,False,0.0009132110277965702,0.00030824231118041013,0.00014977806054791514,0.000158464250632495,0.0061648462236081995,0.0029955612109583,0.0031692850126498993,0.0061648462236081995,0.0029955612109583,0.0031692850126498993,0.0006049687166161601,historical_simulation
2025-09-30,-0.0109130578895698,-0.022098856489898,0.022098856489898,False,0.00055928993001641,-0.0248274407864987,0.0248274407864987,False,0.000695719144846445,-0.0215570094171358,0.0215570094171358,False,0.0005321975763783,-2.709235363811005e-05,-0.00016352156846814497,0.00013642921483003492,-0.0005418470727622006,-0.0032704313693628986,0.002728584296600698,0.0005418470727622006,0.0032704313693628986,0.002728584296600698,0.0005321975763783,gradient_boosting
2025-10-01,0.0031562423841156,-0.022098856489898,0.022098856489898,False,0.0012627549437006801,-0.0244693825364693,0.0244693825364693,False,0.0013812812460292452,-0.0211012581663694,0.0211012581663694,False,0.00121287502752425,-4.9879916176430146e-05,-0.0001684062185049952,0.00011852630232856505,-0.000997598323528602,-0.0033681243700999022,0.0023705260465713,0.000997598323528602,0.0033681243700999022,0.0023705260465713,0.00121287502752425,gradient_boosting
2025-10-02,-0.0095885980333664,-0.022098856489898,0.022098856489898,False,0.0006255129228265801,-0.0237580044720059,0.0237580044720059,False,0.000708470321931975,-0.0250363985218108,0.0250363985218108,False,0.0007723900244222201,0.00014687710159564,6.391970249024507e-05,8.295739910539493e-05,0.0029375420319128,0.001278394049804902,0.0016591479821078982,0.0029375420319128,0.001278394049804902,0.0016591479821078982,0.0006255129228265801,historical_simulation
2025-10-03,-0.0010469676482118,-0.022098856489898,0.022098856489898,False,0.0010525944420843101,-0.0233559685433827,0.0233559685433827,False,0.0011154500447585452,-0.0272973570051877,0.0272973570051877,False,0.0013125194678487951,0.000259925025764485,0.00019706942309024992,6.285560267423507e-05,0.005198500515289698,0.0039413884618049976,0.0012571120534847005,0.005198500515289698,0.0039413884618049976,0.0012571120534847005,0.0010525944420843101,historical_simulation
2025-10-06,0.0287267699537723,-0.022098856489898,0.022098856489898,False,0.0025412813221835154,-0.0226483802968684,0.0226483802968684,False,0.002568757512532035,-0.0246524557233494,0.0246524557233494,False,0.0026689612838560854,0.00012767996167257004,0.0001002037713240503,2.7476190348519735e-05,0.0025535992334514007,0.002004075426481001,0.0005495238069703999,0.0025535992334514007,0.002004075426481001,0.0005495238069703999,0.0025412813221835154,historical_simulation
2025-10-07,-0.0006010311339953,-0.022098856489898,0.022098856489898,False,0.0010748912677951352,-0.0248220362458619,0.0248220362458619,False,0.0012110502555933301,-0.0240351494016371,0.0240351494016371,False,0.0011717059133820901,9.681464558695496e-05,-3.934434221124e-05,0.00013615898779819496,0.0019362929117391,-0.0007868868442247982,0.0027231797559638983,0.0019362929117391,0.0007868868442247982,0.0027231797559638983,0.0010748912677951352,historical_simulation
2025-10-08,0.0108294338232332,-0.022098856489898,0.022098856489898,False,0.0016464145156565601,-0.0240670753346276,0.0240670753346276,False,0.00174482545789304,-0.021164624457074,0.021164624457074,False,0.00159970291401536,-4.671160164120003e-05,-0.00014512254387768,9.841094223647998e-05,-0.0009342320328240006,-0.0029024508775536,0.0019682188447295995,0.0009342320328240006,0.0029024508775536,0.0019682188447295995,0.00159970291401536,gradient_boosting
2025-10-09,-0.0010070123258442,-0.022098856489898,0.022098856489898,False,0.0010545922082026901,-0.0237383337767213,0.0237383337767213,False,0.001136566072543855,-0.0246561868876364,0.0246561868876364,False,0.00118245872808961,0.0001278665198869199,4.589265554575512e-05,8.197386434116477e-05,0.002557330397738398,0.0009178531109150997,0.001639477286823298,0.002557330397738398,0.0009178531109150997,0.001639477286823298,0.0010545922082026901,historical_simulation
2025-10-10,0.0162593082448358,-0.022098856489898,0.022098856489898,False,0.0019179082367366902,-0.0230187444990638,0.0230187444990638,False,0.0019639026371949804,-0.0188151417896366,0.0188151417896366,False,0.0017537225017236202,-0.00016418573501307,-0.00021018013547136017,4.5994400458290166e-05,-0.003283714700261401,-0.004203602709427202,0.0009198880091658007,0.003283714700261401,0.004203602709427202,0.0009198880091658007,0.0017537225017236202,gradient_boosting
2025-10-13,-0.010009277557694,-0.022098856489898,0.022098856489898,False,0.0006044789466102,-0.0232591040048621,0.0232591040048621,False,0.000662491322358405,-0.0192443134108492,0.0192443134108492,False,0.00046175179265776,-0.00014272715395244003,-0.00020073952970064502,5.8012375748204984e-05,-0.0028545430790488,-0.004014790594012899,0.0011602475149640988,0.0028545430790488,0.004014790594012899,0.0011602475149640988,0.00046175179265776,gradient_boosting
2025-10-14,-0.0083241215426329,-0.022098856489898,0.022098856489898,False,0.0006887367473632551,-0.0229082989255439,0.0229082989255439,False,0.00072920886914555,-0.0181376901884842,0.0181376901884842,False,0.000490678432292565,-0.0001980583150706901,-0.00023853043685298503,4.0472121782294916e-05,-0.003961166301413802,-0.0047706087370597006,0.0008094424356458983,0.003961166301413802,0.0047706087370597006,0.0008094424356458983,0.000490678432292565,gradient_boosting
2025-10-15,-0.0147567198434056,-0.022098856489898,0.022098856489898,False,0.00036710683232462005,-0.0224622113489031,0.0224622113489031,False,0.000385274575274875,-0.0192886364628984,0.0192886364628984,False,0.00022659583097464007,-0.00014051100134997998,-0.00015867874430023493,1.816774295025495e-05,-0.002810220026999599,-0.0031735748860046986,0.00036335485900509945,0.002810220026999599,0.0031735748860046986,0.00036335485900509945,0.00022659583097464007,gradient_boosting
2025-10-16,0.0055577443902203,-0.022098856489898,0.022098856489898,False,0.001382830044005915,-0.0225749320624054,0.0225749320624054,False,0.0014066338226312852,-0.0186841721013257,0.0186841721013257,False,0.0012120958245773002,-0.0001707342194286149,-0.000194537998053985,2.38037786253701e-05,-0.0034146843885723005,-0.003890759961079699,0.00047607557250739854,0.0034146843885723005,0.003890759961079699,0.00047607557250739854,0.0012120958245773002,gradient_boosting
2025-10-17,-0.0093514625005136,-0.022098856489898,0.022098856489898,False,0.00063736969946922,-0.02200145719242,0.02200145719242,False,0.0006324997345953199,-0.0192813916669677,0.0192813916669677,False,0.0004964964583227051,-0.00014087324114651488,-0.0001360032762726148,-4.869964873900081e-06,-0.002817464822930299,-0.002720065525452297,-9.739929747800205e-05,0.002817464822930299,0.002720065525452297,9.739929747800205e-05,0.0004964964583227051,gradient_boosting
2025-10-20,-0.0415775358398033,-0.022098856489898,0.022098856489898,True,0.018504745382410037,-0.0216613996263884,0.0216613996263884,True,0.018920329402744154,-0.0258331671823689,0.0258331671823689,True,0.014957150224562683,-0.003547595157847354,-0.00396317917818147,0.00041558402033411643,0.0037343106924708977,0.004171767555980498,-0.0004374568635095999,0.0037343106924708977,0.004171767555980498,0.0004374568635095999,0.014957150224562683,gradient_boosting
2025-10-21,0.0412668802548782,-0.0224440966473176,0.0224440966473176,False,0.0031855488451097897,-0.0268642188770925,0.0268642188770925,False,0.003406554956598535,-0.0374146456769331,0.0374146456769331,False,0.003934076296590565,0.0007485274514807756,0.0005275213399920302,0.00022100611148874547,0.014970549029615504,0.010550426799840602,0.0044201222297749025,0.014970549029615504,0.010550426799840602,0.0044201222297749025,0.0031855488451097897,historical_simulation
2025-10-22,0.0190966422778949,-0.0224440966473176,0.0224440966473176,False,0.002077036946260625,-0.0309003280176463,0.0309003280176463,False,0.00249984851477706,-0.032635167842755,0.032635167842755,False,0.002586590506032495,0.0005095535597718702,8.674199125543493e-05,0.00042281156851643525,0.010191071195437398,0.0017348398251086986,0.0084562313703287,0.010191071195437398,0.0017348398251086986,0.0084562313703287,0.002077036946260625,historical_simulation
2025-10-23,-0.0046491856897268,-0.0224440966473176,0.0224440966473176,False,0.00088974554787954,-0.0309312171437273,0.0309312171437273,False,0.0013141015727000252,-0.0375655059515805,0.0375655059515805,False,0.0016458160130926854,0.0007560704652131454,0.00033171444039266015,0.00042435602482048527,0.015121409304262902,0.0066342888078532,0.008487120496409702,0.015121409304262902,0.0066342888078532,0.008487120496409702,0.00088974554787954,historical_simulation
2025-10-24,0.0082203947383419,-0.0224440966473176,0.0224440966473176,False,0.001533224569282975,-0.0300473724292484,0.0300473724292484,False,0.0019133883583795149,-0.032647416862736,0.032647416862736,False,0.002043390580053895,0.00051016601077092,0.00013000222167438018,0.00038016378909653983,0.0102033202154184,0.0026000444334875993,0.007603275781930801,0.0102033202154184,0.0026000444334875993,0.007603275781930801,0.001533224569282975,historical_simulation
2025-10-27,-0.0191138925140303,-0.0224440966473176,0.0224440966473176,False,0.0001665102066643649,-0.0293196780768436,0.0293196780768436,False,0.0005102892781406649,-0.030010081084872,0.030010081084872,False,0.0005448094285420849,0.00037829922187772,3.452015040141996e-05,0.00034377907147630003,0.0075659844375544,0.0006904030080284,0.006875581429526,0.0075659844375544,0.0006904030080284,0.006875581429526,0.0001665102066643649,historical_simulation
2025-10-28,0.0344208296705948,-0.0224440966473176,0.0224440966473176,False,0.0028432463158956202,-0.0294511739987439,0.0294511739987439,False,0.0031936001834669357,-0.0289565646293069,0.0289565646293069,False,0.003168869714995085,0.000325623399099465,-2.473046847185044e-05,0.00035035386757131543,0.0065124679819893,-0.0004946093694370018,0.007007077351426302,0.0065124679819893,0.0004946093694370018,0.007007077351426302,0.0028432463158956202,historical_simulation
2025-10-29,0.0035349949734003,-0.0224440966473176,0.0224440966473176,False,0.0012989545810358951,-0.0317436603321394,0.0317436603321394,False,0.001763932765276985,-0.0249875811703942,0.0249875811703942,False,0.0014261288071897252,0.00012717422615383012,-0.0003378039580872597,0.00046497818424108984,0.0025434845230766015,-0.006756079161745199,0.0092995636848218,0.0025434845230766015,0.006756079161745199,0.0092995636848218,0.0012989545810358951,historical_simulation
2025-10-30,-0.0017636020200965,-0.0224440966473176,0.0224440966473176,False,0.001034024731361055,-0.0308095587768034,0.0308095587768034,False,0.0014522978378353451,-0.0335325285992101,0.0335325285992101,False,0.00158844632895568,0.0005544215975946251,0.00013614849112033494,0.00041827310647429014,0.011088431951892498,0.002722969822406697,0.008365462129485801,0.011088431951892498,0.002722969822406697,0.008365462129485801,0.001034024731361055,historical_simulation
2025-10-31,-0.0037739032022918,-0.0224440966473176,0.0224440966473176,False,0.00093350967225129,-0.0298794256826252,0.0298794256826252,False,0.0013052761240166702,-0.0249824347956474,0.0249824347956474,False,0.00106042657966778,0.00012691690741649007,-0.0002448495443488901,0.00037176645176538014,0.002538338148329801,-0.004896990886977801,0.0074353290353076015,0.002538338148329801,0.004896990886977801,0.0074353290353076015,0.00093350967225129,historical_simulation
2025-11-03,-0.0109984669614301,-0.0224440966473176,0.0224440966473176,False,0.0005722814842943749,-0.0290090549903816,0.0290090549903816,False,0.000900529401447575,-0.0271121942271217,0.0271121942271217,False,0.00080568636328458,0.00023340487899020505,-9.484303816299506e-05,0.0003282479171532001,0.0046680975798041,-0.0018968607632599,0.006564958343064,0.0046680975798041,0.0018968607632599,0.006564958343064,0.0005722814842943749,historical_simulation
2025-11-04,0.0068941900380453,-0.0224440966473176,0.0224440966473176,False,0.001466914334268145,-0.0284722764463939,0.0284722764463939,False,0.0017683233242219599,-0.0247473681223583,0.0247473681223583,False,0.0015820779080201802,0.00011516357375203519,-0.00018624541620177967,0.00030140898995381486,0.0023032714750407003,-0.0037249083240355994,0.0060281797990763,0.0023032714750407003,0.0037249083240355994,0.0060281797990763,0.001466914334268145,historical_simulation
2025-11-05,-0.0198485905813637,-0.0224440966473176,0.0224440966473176,False,0.00012977530329769498,-0.0277442956293639,0.0277442956293639,False,0.00039478525240001005,-0.0237871926954305,0.0237871926954305,False,0.00019693010570334004,6.715480240564506e-05,-0.00019785514669667,0.00026500994910231505,0.001343096048112901,-0.0039571029339334,0.005300198982046301,0.001343096048112901,0.0039571029339334,0.005300198982046301,0.00012977530329769498,historical_simulation
2025-11-06,-0.0044344494824568,-0.0224440966473176,0.0224440966473176,False,0.00090048235824304,-0.0280626941059945,0.0280626941059945,False,0.001181412231176885,-0.0253014534813056,0.0253014534813056,False,0.0010433501999424402,0.00014286784169940015,-0.00013806203123444493,0.0002809298729338451,0.002857356833988002,-0.0027612406246888994,0.0056185974586769015,0.002857356833988002,0.0027612406246888994,0.0056185974586769015,0.00090048235824304,historical_simulation
2025-11-07,-0.0138239847156065,-0.0224440966473176,0.0224440966473176,False,0.000431005596585555,-0.0272663909676096,0.0272663909676096,False,0.0006721203126001551,-0.0241832827018847,0.0241832827018847,False,0.00051796489931391,8.695930272835503e-05,-0.00015415541328624507,0.0002411147160146001,0.001739186054567101,-0.0030831082657249015,0.0048222943202920025,0.001739186054567101,0.0030831082657249015,0.0048222943202920025,0.000431005596585555,historical_simulation
2025-11-10,-0.0093769680702631,-0.0224440966473176,0.0224440966473176,False,0.0006533564288527249,-0.027016122733697,0.027016122733697,False,0.000881957733171695,-0.031537667132183,0.031537667132183,False,0.001108034953095995,0.00045467852424327013,0.0002260772199243001,0.00022860130431897002,0.0090935704848654,0.004521544398486,0.0045720260863794,0.0090935704848654,0.004521544398486,0.0045720260863794,0.0006533564288527249,historical_simulation
2025-11-11,0.0066819143322842,-0.0224440966473176,0.0224440966473176,False,0.0014563005489800901,-0.0264641670855704,0.0264641670855704,False,0.0016573040708927301,-0.0234986170992587,0.0234986170992587,False,0.001509026571577145,5.272602259705499e-05,-0.00014827749931558502,0.00020100352191264,0.0010545204519411024,-0.0029655499863117003,0.004020070438252803,0.0010545204519411024,0.0029655499863117003,0.004020070438252803,0.0014563005489800901,historical_simulation
2025-11-12,0.0313290861797263,-0.0224440966473176,0.0224440966473176,False,0.002688659141352195,-0.0257988145856298,0.0257988145856298,False,0.0028563950382678054,-0.0261593089942781,0.0261593089942781,False,0.0028744197587002203,0.00018576061734802522,1.8024720432414845e-05,0.00016773589691561038,0.003715212346960501,0.0003604944086482986,0.0033547179383122024,0.003715212346960501,0.0003604944086482986,0.0033547179383122024,0.002688659141352195,historical_simulation
2025-11-13,-0.0128068602942918,-0.0224440966473176,0.0224440966473176,False,0.0004818618176512899,-0.0280174132939603,0.0280174132939603,False,0.0007605276499834249,-0.0235672701857996,0.0235672701857996,False,0.0005380204945753899,5.61586769241e-05,-0.000222507155408035,0.000278665832332135,0.0011231735384820002,-0.004450143108160699,0.0055733166466426995,0.0011231735384820002,0.004450143108160699,0.0055733166466426995,0.0004818618176512899,historical_simulation
2025-11-14,0.0134639158396721,-0.0224440966473176,0.0224440966473176,False,0.0017954006243494853,-0.0276496295139873,0.0276496295139873,False,0.00205567726768297,-0.0309322512178739,0.0309322512178739,False,0.0022198083528773,0.0004244077285278148,0.00016413108519432998,0.00026027664333348483,0.008488154570556301,0.0032826217038866012,0.0052055328666697,0.008488154570556301,0.0032826217038866012,0.0052055328666697,0.0017954006243494853,historical_simulation
2025-11-17,0.0124615064506728,-0.0224440966473176,0.0224440966473176,False,0.0017452801548995202,-0.0273506684451442,0.0273506684451442,False,0.00199060874479085,-0.0259961975042595,0.0259961975042595,False,0.0019228851977466151,0.00017760504284709496,-6.7723547044235e-05,0.00024532858989132996,0.003552100856941902,-0.0013544709408847,0.004906571797826602,0.003552100856941902,0.0013544709408847,0.004906571797826602,0.0017452801548995202,historical_simulation
2025-11-18,0.001572788403484,-0.0224440966473176,0.0224440966473176,False,0.0012008442525400802,-0.0269885904040179,0.0269885904040179,False,0.0014280689403750949,-0.0266242437912119,0.0266242437912119,False,0.0014098516097347951,0.00020900735719471498,-1.8217330640299704e-05,0.00022722468783501469,0.004180147143894301,-0.0003643466128059984,0.0045444937567003,0.004180147143894301,0.0003643466128059984,0.0045444937567003,0.0012008442525400802,historical_simulation
2025-11-19,-0.0078427728552933,-0.0224440966473176,0.0224440966473176,False,0.0007300661896012151,-0.0261740812159495,0.0261740812159495,False,0.00091656541803281,-0.0230071430175347,0.0230071430175347,False,0.0007582185081120701,2.815231851085499e-05,-0.00015834690992073996,0.00018649922843159495,0.0005630463702171011,-0.0031669381984147996,0.0037299845686319007,0.0005630463702171011,0.0031669381984147996,0.0037299845686319007,0.0007300661896012151,historical_simulation
2025-11-20,-0.0065837028600247,-0.0224440966473176,0.0224440966473176,False,0.000793019689364645,-0.0255726906319721,0.0255726906319721,False,0.0009494493885973699,-0.0259677432187061,0.0259677432187061,False,0.00096920201793407,0.00017618232856942502,1.97526293367001e-05,0.00015642969923272492,0.003523646571388501,0.00039505258673400157,0.0031285939846544993,0.003523646571388501,0.00039505258673400157,0.0031285939846544993,0.000793019689364645,historical_simulation
2025-11-21,0.0038514594834593,-0.0222161689389174,0.0222161689389174,False,0.001303381421118835,-0.0249351375757251,0.0249351375757251,False,0.00143932985295922,-0.0220862127926643,0.0220862127926643,False,0.00129688361380618,-6.497807312655151e-06,-0.0001424462391530401,0.00013594843184038495,-0.00012995614625310042,-0.0028489247830607994,0.002718968636807699,0.00012995614625310042,0.0028489247830607994,0.002718968636807699,0.00129688361380618,gradient_boosting
2025-11-24,-0.0085978119498254,-0.0222161689389174,0.0222161689389174,False,0.0006809178494546,-0.0242252640951407,0.0242252640951407,False,0.0007813726072657651,-0.0219877723814041,0.0219877723814041,False,0.000669498021578935,-1.1419827875665083e-05,-0.00011187458568683018,0.0001004547578111651,-0.00022839655751330165,-0.0022374917137366022,0.0020090951562233006,0.00022839655751330165,0.0022374917137366022,0.0020090951562233006,0.000669498021578935,gradient_boosting
2025-11-25,-0.0074800153436354,-0.0222161689389174,0.0222161689389174,False,0.0007368076797641,-0.0237413484528391,0.0237413484528391,False,0.0008130666554601849,-0.0201538021116807,0.0201538021116807,False,0.0006336893384022651,-0.00010311834136183487,-0.00017937731705791984,7.625897569608496e-05,-0.002062366827236699,-0.003587546341158397,0.0015251795139216984,0.002062366827236699,0.003587546341158397,0.0015251795139216984,0.0006336893384022651,gradient_boosting
2025-11-26,0.007371491793994,-0.0222161689389174,0.0222161689389174,False,0.0014793830366455702,-0.0232145458785653,0.0232145458785653,False,0.0015293018836279651,-0.0240714516195185,0.0240714516195185,False,0.0015721471706756252,9.276413403005502e-05,4.284528704766007e-05,4.991884698239495e-05,0.0018552826806010995,0.0008569057409531997,0.0009983769396478999,0.0018552826806010995,0.0008569057409531997,0.0009983769396478999,0.0014793830366455702,historical_simulation
2025-11-27,-0.0016346196839264,-0.0222161689389174,0.0222161689389174,False,0.00102907746274955,-0.0227024493352955,0.0227024493352955,False,0.0010533914825684551,-0.0204163957909472,0.0204163957909472,False,0.0009390888053510401,-8.998865739850992e-05,-0.000114302677217415,2.4314019818905087e-05,-0.0017997731479701996,-0.0022860535443482988,0.00048628039637809914,0.0017997731479701996,0.0022860535443482988,0.00048628039637809914,0.0009390888053510401,gradient_boosting
2025-11-28,-0.01274858064253,-0.0222161689389174,0.0222161689389174,False,0.00047337941481937,-0.0220206921598201,0.0220206921598201,False,0.00046360557586450497,-0.0199287111067942,0.0199287111067942,False,0.00035900652321321,-0.00011437289160616,-0.00010459905265129498,-9.773838954865027e-06,-0.0022874578321232,-0.0020919810530258993,-0.00019547677909730055,0.0022874578321232,0.0020919810530258993,0.00019547677909730055,0.00035900652321321,gradient_boosting
2025-12-01,0.0014363290990341,-0.0222161689389174,0.0222161689389174,False,0.001182624901897575,-0.0219590425473006,0.0219590425473006,False,0.001169768582316735,-0.0264395643839167,0.0264395643839167,False,0.0013937946741475402,0.00021116977224996513,0.0002240260918308051,-1.2856319580839982e-05,0.004223395444999299,0.0044805218366161005,-0.00025712639161680137,0.004223395444999299,0.0044805218366161005,0.00025712639161680137,0.001169768582316735,ewma
2025-12-02,0.0,-0.0222161689389174,0.0222161689389174,False,0.00111080844694587,-0.0212979453349018,0.0212979453349018,False,0.00106489726674509,-0.0240677141856532,0.0240677141856532,False,0.0012033857092826601,9.257726233679003e-05,0.00013848844253757015,-4.591118020078012e-05,0.0018515452467358015,0.002769768850751402,-0.0009182236040156007,0.0018515452467358015,0.002769768850751402,0.0009182236040156007,0.00106489726674509,ewma
2025-12-03,0.0233984044500974,-0.0222161689389174,0.0222161689389174,False,0.00228072866945074,-0.0206491241208715,0.0206491241208715,False,0.0022023764285484452,-0.0197509609837004,0.0197509609837004,False,0.00215746827168989,-0.00012326039776085033,-4.490815685855541e-05,-7.835224090229492e-05,-0.0024652079552169998,-0.0008981631371711013,-0.0015670448180458985,0.0024652079552169998,0.0008981631371711013,0.0015670448180458985,0.00215746827168989,gradient_boosting
2025-12-04,0.0137007530223521,-0.0222161689389174,0.0222161689389174,False,0.0017958460980634751,-0.0221286662164903,0.0221286662164903,False,0.00179147096194212,-0.0199625763142702,0.0199625763142702,False,0.001683166466831115,-0.00011267963123236008,-0.00010830449511100497,-4.375136121355112e-06,-0.0022535926246472007,-0.0021660899022201002,-8.75027224271005e-05,0.0022535926246472007,0.0021660899022201002,8.75027224271005e-05,0.001683166466831115,gradient_boosting
2025-12-05,-0.010846929999,-0.0222161689389174,0.0222161689389174,False,0.00056846194699587,-0.0221533011746292,0.0221533011746292,False,0.00056531855878146,-0.0246538941531129,0.0246538941531129,False,0.000690348207705645,0.00012188626070977504,0.00012502964892418503,-3.1433882144099937e-06,0.0024377252141955,0.0025005929784836997,-6.286776428819987e-05,0.0024377252141955,0.0025005929784836997,6.286776428819987e-05,0.00056531855878146,ewma
2025-12-08,-0.0062622810554833,-0.0222161689389174,0.0222161689389174,False,0.0007976943941717051,-0.0219185313195197,0.0219185313195197,False,0.00078281251320182,-0.0184564983382961,0.0184564983382961,False,0.0006097108641406401,-0.000187983530031065,-0.00017310164906117996,-1.488188096988505e-05,-0.003759670600621299,-0.003462032981223599,-0.0002976376193976997,0.003759670600621299,0.003462032981223599,0.0002976376193976997,0.0006097108641406401,gradient_boosting
2025-12-09,-0.0031321954980223,-0.0222161689389174,0.0222161689389174,False,0.000954198672044755,-0.0214000644027927,0.0214000644027927,False,0.0009133934452385199,-0.0190975470535643,0.0190975470535643,False,0.0007982675777770999,-0.0001559310942676551,-0.00011512586746141996,-4.080522680623513e-05,-0.003118621885353102,-0.0023025173492284,-0.0008161045361247017,0.003118621885353102,0.0023025173492284,0.0008161045361247017,0.0007982675777770999,gradient_boosting
2025-12-10,-0.0051594139112005,-0.0222161689389174,0.0222161689389174,False,0.000852837751385845,-0.0207864758732501,0.0207864758732501,False,0.00078135309810248,-0.0193044257286781,0.0193044257286781,False,0.0007072505908738801,-0.0001455871605119649,-7.410250722859988e-05,-7.148465328336503e-05,-0.0029117432102392996,-0.0014820501445719989,-0.0014296930656673007,0.0029117432102392996,0.0014820501445719989,0.0014296930656673007,0.0007072505908738801,gradient_boosting
2025-12-11,-0.0026612509982904,-0.0222161689389174,0.0222161689389174,False,0.0009777458970313502,-0.0202601615427974,0.0202601615427974,False,0.0008799455272253501,-0.0194140876361857,0.0194140876361857,False,0.0008376418318947652,-0.00014010406513658498,-4.230369533058493e-05,-9.780036980600005e-05,-0.0028020813027316988,-0.0008460739066116982,-0.0019560073961200006,0.0028020813027316988,0.0008460739066116982,0.0019560073961200006,0.0008376418318947652,gradient_boosting
2025-12-12,-0.0302651959299064,-0.0222161689389174,0.0222161689389174,True,0.00764657564143955,-0.0196721981034067,0.0196721981034067,True,0.010063347935174712,-0.0245612937881626,0.0245612937881626,True,0.005418707034656611,-0.002227868606782939,-0.004644640900518101,0.0024167722937351623,0.002345124849245199,0.004889095684755897,-0.0025439708355106984,0.002345124849245199,0.004889095684755897,0.0025439708355106984,0.005418707034656611,gradient_boosting
2025-12-15,0.0001135501405075,-0.0227855302435227,0.0227855302435227,False,0.00114495401920151,-0.0226377873371553,0.0226377873371553,False,0.00113756687388314,-0.0254005621710484,0.0254005621710484,False,0.001275705615577795,0.00013075159637628486,0.00013813874169465502,-7.3871453183701596e-06,0.002615031927525699,0.0027627748338930995,-0.0001477429063674006,0.002615031927525699,0.0027627748338930995,0.0001477429063674006,0.00113756687388314,ewma
2025-12-16,0.028010303516165,-0.0227855302435227,0.0227855302435227,False,0.002539791687984385,-0.0219481968199718,0.0219481968199718,False,0.0024979250168068404,-0.0198187075852293,0.0198187075852293,False,0.0023914505550697153,-0.0001483411329146699,-0.00010647446173712516,-4.1866671177544744e-05,-0.0029668226582934,-0.002129489234742498,-0.0008373334235509018,0.0029668226582934,0.002129489234742498,0.0008373334235509018,0.0023914505550697153,gradient_boosting
2025-12-17,-0.0006643354227479,-0.0227855302435227,0.0227855302435227,False,0.00110605974103874,-0.0240869755211318,0.0240869755211318,False,0.0011711320049191951,-0.020196101684044,0.020196101684044,False,0.000976588313064805,-0.00012947142797393508,-0.00019454369185439011,6.507226388045503e-05,-0.0025894285594787007,-0.0038908738370878014,0.0013014452776091007,0.0025894285594787007,0.0038908738370878014,0.0013014452776091007,0.000976588313064805,gradient_boosting
2025-12-18,-0.0064136834849044,-0.0227855302435227,0.0227855302435227,False,0.000818592337930915,-0.0233547230875341,0.0233547230875341,False,0.0008470519801314849,-0.0217785045186249,0.0217785045186249,False,0.000768241051686025,-5.03512862448899e-05,-7.881092844545985e-05,2.845964220056995e-05,-0.0010070257248977997,-0.0015762185689091983,0.0005691928440113986,0.0010070257248977997,0.0015762185689091983,0.0005691928440113986,0.000768241051686025,gradient_boosting
2025-12-19,0.0073403303253347,-0.0227855302435227,0.0227855302435227,False,0.0015062930284428701,-0.022790219643155,0.022790219643155,False,0.001506527498424485,-0.0263343471402947,0.0263343471402947,False,0.0016837338732814703,0.00017744084483860018,0.00017720637485698536,2.3446998161482172e-07,0.003548816896772,0.003544127497139702,4.689399632298169e-06,0.003548816896772,0.003544127497139702,4.689399632298169e-06,0.0015062930284428701,historical_simulation
2025-12-22,0.0102868117814571,-0.0227855302435227,0.0227855302435227,False,0.0016536171012489901,-0.022292981373344,0.022292981373344,False,0.001628989657740055,-0.0196484714341609,0.0196484714341609,False,0.0014967641607809001,-0.00015685294046808998,-0.00013222549695915495,-2.462744350893503e-05,-0.0031370588093618014,-0.0026445099391831026,-0.0004925488701786988,0.0031370588093618014,0.0026445099391831026,0.0004925488701786988,0.0014967641607809001,gradient_boosting
2025-12-23,0.009037926602661,-0.0227855302435227,0.0227855302435227,False,0.0015911728423091851,-0.0220076393521393,0.0220076393521393,False,0.001552278297740015,-0.0195666445618284,0.0195666445618284,False,0.00143022855822447,-0.00016094428408471506,-0.00012204973951554488,-3.889454456917018e-05,-0.0032188856816942994,-0.0024409947903108985,-0.000777890891383401,0.0032188856816942994,0.0024409947903108985,0.000777890891383401,0.00143022855822447,gradient_boosting
2025-12-24,-0.0020189356383787,-0.0227855302435227,0.0227855302435227,False,0.0010383297302572001,-0.0216456927399063,0.0216456927399063,False,0.00098133785507638,-0.0197978981680321,0.0197978981680321,False,0.00088894812648267,-0.00014938160377453013,-9.238972859371001e-05,-5.699187518082012e-05,-0.0029876320754906004,-0.0018477945718742006,-0.0011398375036163998,0.0029876320754906004,0.0018477945718742006,0.0011398375036163998,0.00088894812648267,gradient_boosting
2025-12-25,-0.0135058896079072,-0.0227855302435227,0.0227855302435227,False,0.000463982031780775,-0.0210020365074414,0.0210020365074414,False,0.00037480734497670996,-0.0196119916295132,0.0196119916295132,False,0.0003053051010803,-0.00015867693070047498,-6.950224389640994e-05,-8.917468680406503e-05,-0.0031735386140094995,-0.0013900448779281989,-0.0017834937360813007,0.0031735386140094995,0.0013900448779281989,0.0017834937360813007,0.0003053051010803,gradient_boosting
2025-12-26,0.0103318250335508,-0.0227855302435227,0.0227855302435227,False,0.0016558677638536753,-0.0210767963065961,0.0210767963065961,False,0.0015704310670073452,-0.0195613024030676,0.0195613024030676,False,0.00149465637183092,-0.00016121139202275527,-7.577469517642513e-05,-8.543669684633014e-05,-0.003224227840455101,-0.0015154939035285017,-0.0017087339369265993,0.003224227840455101,0.0015154939035285017,0.0017087339369265993,0.00149465637183092,gradient_boosting
2025-12-29,0.0043542179217244,-0.0227855302435227,0.0227855302435227,False,0.001356987408262355,-0.0208543980319041,0.0208543980319041,False,0.0012604307976814251,-0.0193434119095229,0.0193434119095229,False,0.001184881491562365,-0.00017210591669998988,-7.554930611906006e-05,-9.655661058092981e-05,-0.003442118333999801,-0.0015109861223812013,-0.0019311322116185997,0.003442118333999801,0.0015109861223812013,0.0019311322116185997,0.001184881491562365,gradient_boosting
2025-12-30,0.0106220768049844,-0.0227855302435227,0.0227855302435227,False,0.0016703803524253551,-0.0202950550831859,0.0202950550831859,False,0.001545856594408515,-0.0196791763483282,0.0196791763483282,False,0.00151506265766563,-0.0001553176947597251,-3.079393674288496e-05,-0.00012452375801684013,-0.003106353895194501,-0.0006158787348576993,-0.002490475160336802,0.003106353895194501,0.0006158787348576993,0.002490475160336802,0.00151506265766563,gradient_boosting
2025-12-31,-0.0040672453371589,-0.0227855302435227,0.0227855302435227,False,0.00093591424531819,-0.0201368232920952,0.0201368232920952,False,0.000803478897746815,-0.0195436480402658,0.0195436480402658,False,0.0007738201351553451,-0.00016209411016284488,-2.9658762591469904e-05,-0.00013243534757137498,-0.003241882203256899,-0.000593175251829399,-0.0026487069514275,0.003241882203256899,0.000593175251829399,0.0026487069514275,0.0007738201351553451,gradient_boosting
2026-01-05,-0.0121989694096528,-0.0227855302435227,0.0227855302435227,False,0.000529328041693495,-0.0195920274045332,0.0195920274045332,False,0.00036965289974402,-0.0252329306808953,0.0252329306808953,False,0.000651698063562125,0.00012237002186862996,0.000282045163818105,-0.00015967514194947503,0.002447400437372599,0.005640903276362099,-0.0031935028389895002,0.002447400437372599,0.005640903276362099,0.0031935028389895002,0.00036965289974402,ewma
2026-01-06,0.0018236055564046,-0.0227855302435227,0.0227855302435227,False,0.001230456789996365,-0.0196207591317016,0.0196207591317016,False,0.0010722182344053098,-0.019748832663548,0.019748832663548,False,0.0010786219109976299,-0.00015183487899873512,6.403676592320025e-06,-0.00015823855559105515,-0.0030366975799747016,0.00012807353184639964,-0.0031647711118211012,0.0030366975799747016,0.00012807353184639964,0.0031647711118211012,0.0010722182344053098,ewma
2026-01-07,0.0245225051497573,-0.0227855302435227,0.0227855302435227,False,0.0023654017696640006,-0.0190372156760982,0.0190372156760982,False,0.0021779860412927754,-0.0197092974594334,0.0197092974594334,False,0.002211590130459535,-0.00015381163920446562,3.360408916675949e-05,-0.00018741572837122512,-0.0030762327840892986,0.0006720817833352002,-0.003748314567424499,0.0030762327840892986,0.0006720817833352002,0.003748314567424499,0.0021779860412927754,ewma
2026-01-08,-0.0144783893970269,-0.0224616196222884,0.0224616196222884,False,0.000399161511263075,-0.0209353740887601,0.0209353740887601,False,0.00032284923458666,-0.0197410306768558,0.0197410306768558,False,0.000263132063991445,-0.00013602944727162997,-5.971717059521497e-05,-7.6312276676415e-05,-0.0027205889454325997,-0.0011943434119042994,-0.0015262455335283004,0.0027205889454325997,0.0011943434119042994,0.0015262455335283004,0.000263132063991445,gradient_boosting
2026-01-09,-0.005014414186793,-0.0224616196222884,0.0224616196222884,False,0.0008723602717747701,-0.0211192155717872,0.0211192155717872,False,0.0008052400692497102,-0.018987312308082,0.018987312308082,False,0.00069864490606445,-0.00017371536571032006,-0.00010659516318526014,-6.712020252505992e-05,-0.0034743073142064,-0.002131903263705201,-0.0013424040505011989,0.0034743073142064,0.002131903263705201,0.0013424040505011989,0.00069864490606445,gradient_boosting
2026-01-12,0.0295386507743106,-0.0224616196222884,0.0224616196222884,False,0.0026000135198299503,-0.0205752700643172,0.0205752700643172,False,0.00250569604193139,-0.025462583830623,0.025462583830623,False,0.0027500617302466802,0.0001500482104167299,0.00024436568831529004,-9.431747789856015e-05,0.0030009642083346014,0.004887313766305801,-0.0018863495579711995,0.0030009642083346014,0.004887313766305801,0.0018863495579711995,0.00250569604193139,ewma
2026-01-13,-0.0066741227691609,-0.0224616196222884,0.0224616196222884,False,0.000789374842656375,-0.0232288960233759,0.0232288960233759,False,0.0008277386627107502,-0.0230868549876857,0.0230868549876857,False,0.0008206366109262402,3.1261768269865136e-05,-7.10205178450999e-06,3.8363820054375126e-05,0.000625235365397301,-0.0001420410356901998,0.0007672764010875008,0.000625235365397301,0.0001420410356901998,0.0007672764010875008,0.000789374842656375,historical_simulation
2026-01-14,-0.0011910644603958,-0.0224616196222884,0.0224616196222884,False,0.0010635277580946301,-0.022681217860892,0.022681217860892,False,0.00107450767002481,-0.0191918855709762,0.0191918855709762,False,0.00090004105552902,-0.00016348670256561009,-0.00017446661449579005,1.0979911930179961e-05,-0.003269734051312201,-0.003489332289915801,0.0002195982386036001,0.003269734051312201,0.003489332289915801,0.0002195982386036001,0.00090004105552902,gradient_boosting
2026-01-15,-0.0077030008468063,-0.0224616196222884,0.0224616196222884,False,0.000737930938774105,-0.0219954921672394,0.0219954921672394,False,0.0007146245660216551,-0.0253222875255946,0.0253222875255946,False,0.0008809643339394151,0.00014303339516531007,0.00016633976791776003,-2.3306372752449956e-05,0.0028606679033062014,0.0033267953583552,-0.0004661274550489987,0.0028606679033062014,0.0033267953583552,0.0004661274550489987,0.0007146245660216551,ewma
2026-01-16,0.0349496780172586,-0.0224616196222884,0.0224616196222884,False,0.00287056488197735,-0.0215500760733498,0.0215500760733498,False,0.0028249877045304203,-0.0187091878641151,0.0187091878641151,False,0.0026829432940686853,-0.0001876215879086647,-0.00014204441046173494,-4.557717744692975e-05,-0.003752431758173299,-0.0028408882092346988,-0.0009115435489386002,0.003752431758173299,0.0028408882092346988,0.0009115435489386002,0.0026829432940686853,gradient_boosting
2026-01-19,0.0014874597447464,-0.0224616196222884,0.0224616196222884,False,0.0011974539683517402,-0.0251957826646864,0.0251957826646864,False,0.00133416212047164,-0.0190592136024776,0.0190592136024776,False,0.0010273336673612,-0.00017012030099054017,-0.0003068284531104401,0.00013670815211989993,-0.003402406019810799,-0.006136569062208799,0.0027341630423979996,0.003402406019810799,0.006136569062208799,0.0027341630423979996,0.0010273336673612,gradient_boosting
2026-01-20,-0.0134219980237224,-0.0224616196222884,0.0224616196222884,False,0.00045198107992830004,-0.0244355679913187,0.0244355679913187,False,0.0005506784983798149,-0.0239349991310837,0.0239349991310837,False,0.0005256500553680651,7.366897543976503e-05,-2.502844301174986e-05,9.869741845151489e-05,0.0014733795087953014,-0.0005005688602349977,0.001973948369030299,0.0014733795087953014,0.0005005688602349977,0.001973948369030299,0.00045198107992830004,historical_simulation
2026-01-21,-0.0049484313888461,-0.0224616196222884,0.0224616196222884,False,0.000875659411672115,-0.0243005223872693,0.0243005223872693,False,0.0009676045499211601,-0.0190546197727229,0.0190546197727229,False,0.0007053094191938401,-0.0001703499924782749,-0.00026229513072732,9.19451382490451e-05,-0.0034069998495654986,-0.0052459026145464,0.0018389027649809014,0.0034069998495654986,0.0052459026145464,0.0018389027649809014,0.0007053094191938401,gradient_boosting
2026-01-22,0.000214610273379,-0.0224616196222884,0.0224616196222884,False,0.00113381149478337,-0.0236444390756321,0.0236444390756321,False,0.0011929524674505552,-0.0241304421752816,0.0241304421752816,False,0.00121725262243303,8.344112764966001e-05,2.4300154982474873e-05,5.914097266718514e-05,0.0016688225529932002,0.0004860030996494992,0.001182819453343701,0.0016688225529932002,0.0004860030996494992,0.001182819453343701,0.00113381149478337,historical_simulation
2026-01-23,-0.0119841743597864,-0.0224616196222884,0.0224616196222884,False,0.0005238722631251,-0.0229242972824585,0.0229242972824585,False,0.0005470061461336051,-0.0186087238886548,0.0186087238886548,False,0.00033122747644342,-0.00019264478668168004,-0.00021577866969018505,2.3133883008505016e-05,-0.0038528957336336003,-0.004315573393803701,0.00046267766017010076,0.0038528957336336003,0.004315573393803701,0.00046267766017010076,0.00033122747644342,gradient_boosting
2026-01-26,-0.0204367135278289,-0.0224616196222884,0.0224616196222884,False,0.00010124530472297496,-0.0227443681209678,0.0227443681209678,False,0.00011538272965694492,-0.0191355177551596,0.0191355177551596,True,0.0012361359840358365,0.0011348906793128615,0.0011207532543788916,1.413742493396996e-05,-0.0033261018671288008,-0.0036088503658082,0.0002827484986793992,0.0033261018671288008,0.0036088503658082,0.0002827484986793992,0.00010124530472297496,historical_simulation
2026-01-27,0.0176072636678249,-0.0224616196222884,0.0224616196222884,False,0.0020034441645056652,-0.0235386410171751,0.0235386410171751,False,0.00205729523425,-0.0300205435123674,0.0300205435123674,False,0.002381390359009615,0.00037794619450394994,0.00032409512475961534,5.38510697443346e-05,0.007558923890078999,0.006481902495192298,0.0010770213948867007,0.007558923890078999,0.006481902495192298,0.0010770213948867007,0.0020034441645056652,historical_simulation
2026-01-28,0.0129017477297967,-0.0224616196222884,0.0224616196222884,False,0.0017681683676042553,-0.0238987285445345,0.0238987285445345,False,0.00184002381371656,-0.0224591485791172,0.0224591485791172,False,0.001768044815445695,-1.2355215856028716e-07,-7.197899827086495e-05,7.185544611230466e-05,-2.4710431711996717e-06,-0.001439579965417298,0.0014371089222460984,2.4710431711996717e-06,0.001439579965417298,0.0014371089222460984,0.001768044815445695,gradient_boosting
2026-01-29,0.0257446052888209,-0.0224616196222884,0.0224616196222884,False,0.0024103112455554653,-0.0237466073778853,0.0237466073778853,False,0.00247456063333531,-0.0218821486416808,0.0218821486416808,False,0.002381337696525085,-2.8973549030380467e-05,-9.322293681022532e-05,6.424938777984486e-05,-0.0005794709806076007,-0.0018644587362044995,0.0012849877555968989,0.0005794709806076007,0.0018644587362044995,0.0012849877555968989,0.002381337696525085,gradient_boosting
2026-01-30,0.0039179625614337,-0.0222763491430619,0.0222763491430619,False,0.00130971558522478,-0.0252519078264444,0.0252519078264444,False,0.001458493519393905,-0.0247386562793587,0.0247386562793587,False,0.0014328309420396203,0.0001231153568148403,-2.5662577354284687e-05,0.00014877793416912498,0.0024623071362968006,-0.000513251547085699,0.0029755586833824996,0.0024623071362968006,0.000513251547085699,0.0029755586833824996,0.00130971558522478,historical_simulation
2026-02-02,-0.0008703703782834,-0.0222763491430619,0.0222763491430619,False,0.001070298938238925,-0.0245334708789787,0.0245334708789787,False,0.001183155025034765,-0.0252466788303422,0.0252466788303422,False,0.00121881542260294,0.00014851648436401505,3.566039756817507e-05,0.00011285608679583998,0.0029703296872802994,0.0007132079513634988,0.0022571217359168005,0.0029703296872802994,0.0007132079513634988,0.0022571217359168005,0.001070298938238925,historical_simulation
2026-02-03,-0.0065359946007144,-0.0222763491430619,0.0222763491430619,False,0.000787017727117375,-0.0237886673850552,0.0237886673850552,False,0.0008626336392170399,-0.0219408898632893,0.0219408898632893,False,0.000770244763128745,-1.677296398862999e-05,-9.23888760882949e-05,7.561591209966491e-05,-0.0003354592797726007,-0.0018477775217658997,0.001512318241993299,0.0003354592797726007,0.0018477775217658997,0.001512318241993299,0.000770244763128745,gradient_boosting
2026-02-04,0.0139287344067097,-0.0222763491430619,0.0222763491430619,False,0.0018102541774885801,-0.0232138186742599,0.0232138186742599,False,0.0018571276540484802,-0.0220989952960443,0.0220989952960443,False,0.0018013864851377003,-8.867692350879829e-06,-5.574116891077989e-05,4.687347655990006e-05,-0.00017735384701760004,-0.0011148233782155986,0.0009374695311979986,0.00017735384701760004,0.0011148233782155986,0.0009374695311979986,0.0018013864851377003,gradient_boosting
2026-02-05,-0.0241151254005902,-0.0222763491430619,0.0222763491430619,True,0.0017468374446518858,-0.0231957449942793,0.0231957449942793,True,0.0008734113859953574,-0.0218745172058433,0.0218745172058433,True,0.0021285777850095556,0.00038174034035766977,0.0012551663990141983,-0.0008734260586565285,-0.00040183193721859967,-0.0013212277884359983,0.0009193958512173986,0.00040183193721859967,0.0013212277884359983,0.0009193958512173986,0.0008734113859953574,ewma
2026-02-06,-0.0205068110583045,-0.0222763491430619,0.0222763491430619,False,8.847690423787e-05,-0.0244982206926364,0.0244982206926364,False,0.00019957048171659504,-0.0268225868650219,0.0268225868650219,False,0.00031578879033587005,0.00022731188609800005,0.00011621830861927501,0.00011109357747872504,0.00454623772196,0.0023243661723854996,0.0022218715495745008,0.00454623772196,0.0023243661723854996,0.0022218715495745008,8.847690423787e-05,historical_simulation
2026-02-09,0.0076638337475073,-0.0222763491430619,0.0222763491430619,False,0.00149700914452846,-0.0251479356157813,0.0251479356157813,False,0.00164058846816443,-0.0233499461297521,0.0233499461297521,False,0.0015506889938629702,5.367984933451011e-05,-8.989947430145992e-05,0.00014357932363597004,0.0010735969866902013,-0.0017979894860291994,0.0028715864727194007,0.0010735969866902013,0.0017979894860291994,0.0028715864727194007,0.00149700914452846,historical_simulation
2026-02-10,-0.0065742735110462,-0.0222763491430619,0.0222763491430619,False,0.0007851037816007851,-0.024576575139549,0.024576575139549,False,0.00090011508142514,-0.0229701285170545,0.0229701285170545,False,0.000819792750300415,3.46889686996299e-05,-8.032233112472505e-05,0.00011501129982435495,0.0006937793739925993,-0.0016064466224945013,0.0023002259964871007,0.0006937793739925993,0.0016064466224945013,0.0023002259964871007,0.0007851037816007851,historical_simulation
2026-02-11,0.0162318491318526,-0.0222763491430619,0.0222763491430619,False,0.0019254099137457252,-0.0239746481140468,0.0239746481140468,False,0.00201032486229497,-0.0224630633421546,0.0224630633421546,False,0.0019347456237003603,9.335709954635084e-06,-7.557923859460988e-05,8.491494854924496e-05,0.00018671419909270168,-0.0015115847718921993,0.001698298970984901,0.00018671419909270168,0.0015115847718921993,0.001698298970984901,0.0019254099137457252,historical_simulation
2026-02-12,0.00488851061178,-0.0222763491430619,0.0222763491430619,False,0.001358242987742095,-0.0241467797877047,0.0241467797877047,False,0.001451764519974235,-0.0258284668756362,0.0258284668756362,False,0.0015358488743708102,0.00017760588662871506,8.408435439657513e-05,9.352153223213993e-05,0.0035521177325743003,0.0016816870879315,0.0018704306446428003,0.0035521177325743003,0.0016816870879315,0.0018704306446428003,0.001358242987742095,historical_simulation
2026-02-13,-0.0093676127947638,-0.0222763491430619,0.0222763491430619,False,0.000645436817414905,-0.0234938780322623,0.0234938780322623,False,0.000706313261874925,-0.0253205523681351,0.0253205523681351,False,0.000797646978668565,0.00015221016125366,9.133371679363993e-05,6.0876444460020076e-05,0.0030442032250731985,0.0018266743358727987,0.0012175288892003998,0.0030442032250731985,0.0018266743358727987,0.0012175288892003998,0.000645436817414905,historical_simulation
2026-02-23,-0.0010272817789785,-0.0222763491430619,0.0222763491430619,False,0.00106245336820417,-0.0230887332947715,0.0230887332947715,False,0.00110307257578965,-0.0196680167386416,0.0196680167386416,False,0.0009320367479831549,-0.00013041662022101501,-0.00017103582780649506,4.061920758548004e-05,-0.0026083324044203007,-0.0034207165561299,0.0008123841517095991,0.0026083324044203007,0.0034207165561299,0.0008123841517095991,0.0009320367479831549,gradient_boosting
2026-02-24,0.0032960807426041,-0.0222763491430619,0.0222763491430619,False,0.0012786214942833,-0.0223891835430182,0.0223891835430182,False,0.001284263214281115,-0.0191168551023455,0.0191168551023455,False,0.00112064679224748,-0.00015797470203582006,-0.00016361642203363514,5.6417199978150805e-06,-0.0031594940407164013,-0.003272328440672701,0.00011283439995629987,0.0031594940407164013,0.003272328440672701,0.00011283439995629987,0.00112064679224748,gradient_boosting
2026-02-25,0.0023694909764975,-0.0222763491430619,0.0222763491430619,False,0.0012322920059779701,-0.0217477036225072,0.0217477036225072,False,0.001205859729950235,-0.0202027288507444,0.0202027288507444,False,0.001128610991362095,-0.00010368101461587513,-7.72487385881399e-05,-2.6432276027735235e-05,-0.0020736202923174983,-0.001544974771762797,-0.0005286455205547012,0.0020736202923174983,0.001544974771762797,0.0005286455205547012,0.001128610991362095,gradient_boosting
2026-02-26,0.0085287619426779,-0.0222763491430619,0.0222763491430619,False,0.0015402555542869901,-0.0211067825703847,0.0211067825703847,False,0.00148177722565313,-0.0200875513092862,0.0200875513092862,False,0.001430815662598205,-0.00010943989168878511,-5.0961563054924925e-05,-5.847832863386019e-05,-0.0021887978337757005,-0.0010192312610984994,-0.0011695665726772012,0.0021887978337757005,0.0010192312610984994,0.0011695665726772012,0.001430815662598205,gradient_boosting
2026-02-27,0.0003445538522955,-0.0222763491430619,0.0222763491430619,False,0.00113104514976787,-0.0207502899359886,0.0207502899359886,False,0.001054742189414205,-0.0237131041579481,0.0237131041579481,False,0.0012028829005121802,7.18377507443102e-05,0.00014814071109797516,-7.630296035366496e-05,0.0014367550148862013,0.0029628142219595005,-0.0015260592070732992,0.0014367550148862013,0.0029628142219595005,0.0015260592070732992,0.001054742189414205,ewma
2026-03-02,-0.0264490842834671,-0.0222763491430619,0.0222763491430619,True,0.003964098383384941,-0.0201186314688659,0.0201186314688659,True,0.006013930173871142,-0.0199605446943438,0.0199605446943438,True,0.006164112609667135,0.0022000142262821936,0.00015018243579599262,0.002049831790486201,-0.0023158044487180986,-0.0001580867745220975,-0.002157717674196001,0.0023158044487180986,0.0001580867745220975,0.002157717674196001,0.003964098383384941,historical_simulation
2026-03-03,-0.0257468780809326,-0.0236071780587873,0.0236071780587873,True,0.0020327150210380355,-0.0222268802720148,0.0222268802720148,True,0.003343997918471911,-0.0236839300538879,0.0236839300538879,True,0.0019598006256924664,-7.29143953455691e-05,-0.0013841972927794446,0.0013112828974338755,7.675199510059905e-05,0.0014570497818730994,-0.0013802977867725004,7.675199510059905e-05,0.0014570497818730994,0.0013802977867725004,0.0019598006256924664,gradient_boosting
2026-03-04,-0.0050376645749777,-0.0250125893747785,0.0250125893747785,False,0.00099874623999004,-0.0239165783622142,0.0239165783622142,False,0.0009439456893618252,-0.0255349486272656,0.0255349486272656,False,0.001024864202614395,2.611796262435499e-05,8.091851325256981e-05,-5.480055062821482e-05,0.0005223592524870972,0.0016183702650513984,-0.0010960110125643012,0.0005223592524870972,0.0016183702650513984,0.0010960110125643012,0.0009439456893618252,ewma
2026-03-05,-0.0216668850327261,-0.0250125893747785,0.0250125893747785,False,0.0001672852171026201,-0.0232766459069731,0.0232766459069731,False,8.048804371234998e-05,-0.0202472843241266,0.0202472843241266,True,0.0013486206731695236,0.0011813354560669036,0.0012681326294571736,-8.679717339027012e-05,-0.0047653050506519,-0.003029361582846498,-0.0017359434678054023,0.0047653050506519,0.003029361582846498,0.0017359434678054023,8.048804371234998e-05,ewma
2026-03-06,-0.020825756021846,-0.0250125893747785,0.0250125893747785,False,0.000209341667646625,-0.0241971441849314,0.0241971441849314,False,0.00016856940815426996,-0.0199510261872771,0.0199510261872771,True,0.0008309933428404561,0.0006216516751938312,0.0006624239346861862,-4.077225949235505e-05,-0.005061563187501401,-0.0042461179976543,-0.0008154451898471013,0.005061563187501401,0.0042461179976543,0.0008154451898471013,0.00016856940815426996,ewma
2026-03-09,-0.069401999313773,-0.0250125893747785,0.0250125893747785,True,0.04216993944204477,-0.0249154028212351,0.0249154028212351,True,0.042262266667911004,-0.0270630476892076,0.0270630476892076,True,0.040222004043337124,-0.001947935398707648,-0.0020402626245738797,9.232722586623165e-05,0.002050458314429099,0.0021476448679725,-9.71865535434012e-05,0.002050458314429099,0.0021476448679725,9.71865535434012e-05,0.040222004043337124,gradient_boosting
2026-03-10,0.0561052476352858,-0.0261330914923266,0.0261330914923266,False,0.00411191695638062,-0.0369516979966079,0.0369516979966079,False,0.004652847281594686,-0.0427185586714408,0.0427185586714408,False,0.004941190315336331,0.0008292733589557108,0.00028834303374164483,0.000540930325214066,0.016585467179114202,0.0057668606748329035,0.010818606504281299,0.016585467179114202,0.0057668606748329035,0.010818606504281299,0.00411191695638062,historical_simulation
2026-03-11,0.0292629661063208,-0.0261330914923266,0.0261330914923266,False,0.00276980287993237,-0.0423614529261533,0.0423614529261533,False,0.003581220951623705,-0.0367904735693463,0.0367904735693463,False,0.003302671983783355,0.0005328691038509852,-0.00027854896784034995,0.0008114180716913351,0.010657382077019703,-0.005570979356806997,0.0162283614338267,0.010657382077019703,0.005570979356806997,0.0162283614338267,0.00276980287993237,historical_simulation
2026-03-12,-0.0250850988775761,-0.0261330914923266,0.0261330914923266,False,5.239963073752508e-05,-0.0427297552418659,0.0427297552418659,False,0.0008822328182144899,-0.035715522478959,0.035715522478959,False,0.0005315211800691449,0.0004791215493316198,-0.000350711638145345,0.0008298331874769648,0.009582430986632397,-0.0070142327629068996,0.016596663749539296,0.009582430986632397,0.0070142327629068996,0.016596663749539296,5.239963073752508e-05,historical_simulation
2026-03-13,-0.0150567356832902,-0.0261330914923266,0.0261330914923266,False,0.0005538177904518201,-0.042643074880846,0.042643074880846,False,0.0013793169598777903,-0.0481390156210439,0.0481390156210439,False,0.001654113996887685,0.001100296206435865,0.00027479703700989473,0.0008254991694259703,0.022005924128717297,0.005495940740197894,0.016509983388519403,0.022005924128717297,0.005495940740197894,0.016509983388519403,0.0005538177904518201,historical_simulation
2026-03-16,0.0007864683276824,-0.0261330914923266,0.0261330914923266,False,0.00134597799100045,-0.0417866914924651,0.0417866914924651,False,0.002128657991007375,-0.0360870313258882,0.0360870313258882,False,0.00184367498267853,0.0004976969916780799,-0.00028498300832884515,0.000782680000006925,0.009953939833561597,-0.0056996601665769,0.015653600000138497,0.009953939833561597,0.0056996601665769,0.015653600000138497,0.00134597799100045,historical_simulation
2026-03-17,0.0156081394329211,-0.0261330914923266,0.0261330914923266,False,0.002087061546262385,-0.0405149396977876,0.0405149396977876,False,0.002806153956535435,-0.0281555583797783,0.0281555583797783,False,0.00218818489063497,0.00010112334437258497,-0.0006179690659004651,0.0007190924102730501,0.0020224668874516995,-0.012359381318009299,0.014381848205460998,0.0020224668874516995,0.012359381318009299,0.014381848205460998,0.002087061546262385,historical_simulation
2026-03-18,-0.0005591933318852,-0.0261330914923266,0.0261330914923266,False,0.0012786949080220702,-0.0397808900963996,0.0397808900963996,False,0.0019610848382257203,-0.023299383546977,0.023299383546977,False,0.00113700951075459,-0.00014168539726748032,-0.0008240753274711304,0.00068238993020365,-0.002833707945349602,-0.016481506549422605,0.013647798604073003,0.002833707945349602,0.016481506549422605,0.013647798604073003,0.00113700951075459,gradient_boosting
2026-03-19,-0.0140408750757736,-0.0261330914923266,0.0261330914923266,False,0.00060461082082765,-0.0385696619741348,0.0385696619741348,False,0.00122643934491806,-0.0289357612885379,0.0289357612885379,False,0.000744744310638215,0.000140133489810565,-0.000481695034279845,0.00062182852409041,0.002802669796211299,-0.0096339006855969,0.012436570481808198,0.002802669796211299,0.0096339006855969,0.012436570481808198,0.00060461082082765,historical_simulation
2026-03-20,-0.0304067682412018,-0.0261330914923266,0.0261330914923266,True,0.004059992911431438,-0.0378201658849534,0.0378201658849534,False,0.00037066988218758,-0.0322819920519378,0.0322819920519378,False,9.37611905367999e-05,-0.003966231720894638,-0.0002769086916507801,-0.003689323029243858,0.0061489005596111965,-0.005538173833015601,0.011687074392626798,0.0061489005596111965,0.005538173833015601,0.011687074392626798,9.37611905367999e-05,gradient_boosting
2026-03-23,-0.0349148479622449,-0.0270201977469214,0.0270201977469214,True,0.007499917704557327,-0.0386604599274171,0.0386604599274171,False,0.00018728059825861011,-0.0352763516470208,0.0352763516470208,False,1.807518423879509e-05,-0.007481842520318531,-0.00016920541401981503,-0.007312637106298717,0.008256153900099403,-0.0033841082803963,0.011640262180495704,0.008256153900099403,0.0033841082803963,0.011640262180495704,1.807518423879509e-05,gradient_boosting
2026-03-24,0.0244270130919907,-0.0270201977469214,0.0270201977469214,False,0.0025723605419456052,-0.0400355380425811,0.0400355380425811,False,0.0032231275567285904,-0.0345248430095989,0.0345248430095989,False,0.00294759280507948,0.0003752322631338746,-0.0002755347516491106,0.0006507670147829852,0.007504645262677499,-0.005510695032982203,0.013015340295659702,0.007504645262677499,0.005510695032982203,0.013015340295659702,0.0025723605419456052,historical_simulation
2026-03-25,0.0262490941372421,-0.0270201977469214,0.0270201977469214,False,0.0026634645942081752,-0.0400441518906112,0.0400441518906112,False,0.0033146623013926655,-0.0237873914899914,0.0237873914899914,False,0.002501824281361675,-0.00016164031284650023,-0.0008128380200309905,0.0006511977071844903,-0.0032328062569299994,-0.016256760400619803,0.013023954143689804,0.0032328062569299994,0.016256760400619803,0.013023954143689804,0.002501824281361675,gradient_boosting
2026-03-26,-0.0206888948510042,-0.0270201977469214,0.0270201977469214,False,0.00031656514479585997,-0.040238931978032,0.040238931978032,False,0.0009775018563513902,-0.0274221151962387,0.0274221151962387,False,0.00033666101726172496,2.0095872465864992e-05,-0.0006408408390896652,0.0006609367115555302,0.0004019174493173003,-0.012816816781793302,0.013218734231110602,0.0004019174493173003,0.012816816781793302,0.013218734231110602,0.00031656514479585997,historical_simulation
2026-03-27,0.0268115022438999,-0.0270201977469214,0.0270201977469214,False,0.002691584999541065,-0.0398936665887768,0.0398936665887768,False,0.003335258441633835,-0.0370373800465042,0.0370373800465042,False,0.003192444114520205,0.0005008591149791401,-0.00014281432711363024,0.0006436734420927704,0.010017182299582799,-0.0028562865422726014,0.0128734688418554,0.010017182299582799,0.0028562865422726014,0.0128734688418554,0.002691584999541065,historical_simulation
2026-03-30,-0.0049532664243133,-0.0270201977469214,0.0270201977469214,False,0.001103346566130405,-0.0401585386998963,0.0401585386998963,False,0.0017602636137791503,-0.0276213687101233,0.0276213687101233,False,0.0011334051142905001,3.005854816009513e-05,-0.0006268584994886502,0.0006569170476487453,0.0006011709632019017,-0.012537169989773,0.013138340952974902,0.0006011709632019017,0.012537169989773,0.013138340952974902,0.001103346566130405,historical_simulation
2026-03-31,0.0072109387016719,-0.0270201977469214,0.0270201977469214,False,0.0017115568224296649,-0.0389862609462422,0.0389862609462422,False,0.002309859982395705,-0.0232208568594929,0.0232208568594929,False,0.00152158977805824,-0.0001899670443714248,-0.0007882702043374651,0.0005983031599660403,-0.0037993408874285005,-0.0157654040867493,0.011966063199320798,0.0037993408874285005,0.0157654040867493,0.011966063199320798,0.00152158977805824,gradient_boosting
2026-04-01,0.0082519619053925,-0.0270201977469214,0.0270201977469214,False,0.001763607982615695,-0.0379100744129129,0.0379100744129129,False,0.00230810181591527,-0.0230608477019496,0.0230608477019496,False,0.0015656404803671053,-0.00019796750224858957,-0.0007424613355481648,0.0005444938332995752,-0.0039593500449717975,-0.014849226710963299,0.010889876665991501,0.0039593500449717975,0.014849226710963299,0.010889876665991501,0.0015656404803671053,gradient_boosting
2026-04-02,-0.0026811212447098,-0.0270201977469214,0.0270201977469214,False,0.0012169538251105801,-0.0369052480836889,0.0369052480836889,False,0.0017112063419489549,-0.0275824314640123,0.0275824314640123,False,0.001245065510965125,2.8111685854544967e-05,-0.0004661408309838298,0.0004942525168383748,0.0005622337170908993,-0.0093228166196766,0.009885050336767499,0.0005622337170908993,0.0093228166196766,0.009885050336767499,0.0012169538251105801,historical_simulation
2026-04-03,-0.0217241181411419,-0.0270201977469214,0.0270201977469214,False,0.0002648039802889749,-0.0357972681844858,0.0357972681844858,False,0.0007036575021671951,-0.0228521286976587,0.0228521286976587,False,5.640052782584001e-05,-0.0002084034524631349,-0.0006472569743413551,0.00043885352187822017,-0.004168069049262698,-0.0129451394868271,0.008777070437564403,0.004168069049262698,0.0129451394868271,0.008777070437564403,5.640052782584001e-05,gradient_boosting
2026-04-06,-0.0021182960781265,-0.0270201977469214,0.0270201977469214,False,0.001245095083439745,-0.0357934150191324,0.0357934150191324,False,0.0016837559470502953,-0.0261621377685692,0.0261621377685692,False,0.001202192084522135,-4.2902998917609915e-05,-0.0004815638625281602,0.00043866086361055026,-0.0008580599783521992,-0.0096312772505632,0.008773217272211,0.0008580599783521992,0.0096312772505632,0.008773217272211,0.001202192084522135,gradient_boosting
2026-04-07,-0.001535083076819,-0.0270201977469214,0.0270201977469214,False,0.00127425573350512,-0.0347134968068104,0.0347134968068104,False,0.00165892068649957,-0.0231744373415771,0.0231744373415771,False,0.001081967713237905,-0.00019228802026721508,-0.000576952973261665,0.0003846649529944499,-0.0038457604053443,-0.0115390594652333,0.007693299059889001,0.0038457604053443,0.0115390594652333,0.007693299059889001,0.001081967713237905,gradient_boosting
2026-04-08,0.0545455170202042,-0.0261330914923266,0.0261330914923266,False,0.004033930425626541,-0.0336616663650796,0.0336616663650796,False,0.00441035916926419,-0.0232986489983403,0.0232986489983403,False,0.0038922083009272253,-0.00014172212469931549,-0.000518150868336965,0.00037642874363764955,-0.0028344424939862993,-0.010363017366739297,0.007528574872752998,0.0028344424939862993,0.010363017366739297,0.007528574872752998,0.0038922083009272253,gradient_boosting
2026-04-09,-0.0051845220659069,-0.0261330914923266,0.0261330914923266,False,0.001047428471320985,-0.0393458443579893,0.0393458443579893,False,0.00170806611460412,-0.026207759868957,0.026207759868957,False,0.001051161890152505,3.733418831519935e-06,-0.0006569042244516151,0.000660637643283135,7.466837663040043e-05,-0.013138084489032302,0.013212752865662702,7.466837663040043e-05,0.013138084489032302,0.013212752865662702,0.001047428471320985,historical_simulation
2026-04-10,-0.0023152109509549,-0.0254490774394222,0.0254490774394222,False,0.001156693324423365,-0.0382043599864542,0.0382043599864542,False,0.001794457451774965,-0.0312043717007709,0.0312043717007709,False,0.0014444580374908002,0.0002877647130674352,-0.00034999941428416484,0.0006377641273516,0.005755294261348701,-0.006999988285683302,0.012755282547032003,0.005755294261348701,0.006999988285683302,0.012755282547032003,0.001156693324423365,historical_simulation
2026-04-13,-0.0104950936273025,-0.0246486108129325,0.0246486108129325,False,0.0007076758592815001,-0.0370522451435959,0.0370522451435959,False,0.00132785757581467,-0.0251506047870657,0.0251506047870657,False,0.0007327755579881601,2.509969870666002e-05,-0.0005950820178265099,0.00062018171653317,0.0005019939741332004,-0.011901640356530196,0.012403634330663396,0.0005019939741332004,0.011901640356530196,0.012403634330663396,0.0007076758592815001,historical_simulation
2026-04-14,0.0111402104322505,-0.0246486108129325,0.0246486108129325,False,0.00178944106225915,-0.0361714968736039,0.0361714968736039,False,0.0023655853652927205,-0.0250142638603414,0.0250142638603414,False,0.001807723714629595,1.8282652370445098e-05,-0.0005578616506631254,0.0005761443030335705,0.00036565304740890023,-0.011157233013262501,0.011522886060671401,0.00036565304740890023,0.011157233013262501,0.011522886060671401,0.00178944106225915,historical_simulation
2026-04-15,-0.0171442938606111,-0.0246486108129325,0.0246486108129325,False,0.00037521584761607,-0.035355632191081,0.035355632191081,False,0.0009105669165234951,-0.0254168649578849,0.0254168649578849,False,0.00041362855486369,3.8412707247620045e-05,-0.0004969383616598051,0.0005353510689074252,0.0007682541449524002,-0.009938767233196102,0.010707021378148503,0.0007682541449524002,0.009938767233196102,0.010707021378148503,0.00037521584761607,historical_simulation
2026-04-16,-0.0002361129255545,-0.0246486108129325,0.0246486108129325,False,0.0012206248943689001,-0.034967604860801,0.034967604860801,False,0.0017365745967623252,-0.0231516939031574,0.0231516939031574,False,0.001145779048880145,-7.484584548875521e-05,-0.0005907955478821802,0.000515949702393425,-0.0014969169097751,-0.011815910957643599,0.010318994047868499,0.0014969169097751,0.011815910957643599,0.010318994047868499,0.001145779048880145,gradient_boosting
2026-04-17,0.0320939404352479,-0.0246486108129325,0.0246486108129325,False,0.0028371275624090204,-0.0339024842194563,0.0339024842194563,False,0.0032998212327352105,-0.0228409942907991,0.0228409942907991,False,0.0027467467363023503,-9.03808261066702e-05,-0.0005530744964328603,0.0004626936703261901,-0.0018076165221334005,-0.011061489928657197,0.009253873406523797,0.0018076165221334005,0.011061489928657197,0.009253873406523797,0.0027467467363023503,gradient_boosting
2026-04-20,0.0108118299583737,-0.0230391721338384,0.0230391721338384,False,0.001692550104610605,-0.0353216891807092,0.0353216891807092,False,0.002306675956954145,-0.0259819985401094,0.0259819985401094,False,0.0018396914249241552,0.00014714132031355014,-0.0004669845320299899,0.00061412585234354,0.002942826406271002,-0.0093396906405998,0.012282517046870802,0.002942826406271002,0.0093396906405998,0.012282517046870802,0.001692550104610605,historical_simulation
2026-04-21,-0.0131157381409184,-0.0230391721338384,0.0230391721338384,False,0.000496171699646,-0.0345215932626475,0.0345215932626475,False,0.001070292756086455,-0.0231739671975658,0.0231739671975658,False,0.00050291145283237,6.739753186370007e-06,-0.000567381303254085,0.000574121056440455,0.00013479506372740188,-0.011347626065081697,0.011482421128809098,0.00013479506372740188,0.011347626065081697,0.011482421128809098,0.000496171699646,historical_simulation
2026-04-22,-0.0031361570243012,-0.0230391721338384,0.0230391721338384,False,0.0009951507554768599,-0.0338845223126721,0.0338845223126721,False,0.0015374182644185448,-0.0308107394909281,0.0308107394909281,False,0.0013837291233313451,0.00038857836785448525,-0.0001536891410871997,0.0005422675089416849,0.007771567357089702,-0.0030737828217439964,0.010845350178833698,0.007771567357089702,0.0030737828217439964,0.010845350178833698,0.0009951507554768599,historical_simulation
2026-04-23,-0.0134920774100696,-0.0230391721338384,0.0230391721338384,False,0.00047735473618844,-0.0328765542670067,0.0328765542670067,False,0.0009692238428468548,-0.0226287610827376,0.0226287610827376,False,0.0004568341836334,-2.0520552555040026e-05,-0.0005123896592134548,0.0004918691066584148,-0.0004104110511008001,-0.010247793184269098,0.009837382133168298,0.0004104110511008001,0.010247793184269098,0.009837382133168298,0.0004568341836334,gradient_boosting
2026-04-24,-0.0067649386631999,-0.0230391721338384,0.0230391721338384,False,0.0008137116735319251,-0.0323352153935386,0.0323352153935386,False,0.001278513836516935,-0.0226477841436814,0.0226477841436814,False,0.0007941422740240751,-1.9569399507849967e-05,-0.00048437156249285984,0.0004648021629850099,-0.00039138799015699804,-0.009687431249857197,0.0092960432597002,0.00039138799015699804,0.009687431249857197,0.0092960432597002,0.0007941422740240751,gradient_boosting
2026-04-28,0.0112098352442557,-0.0230391721338384,0.0230391721338384,False,0.0017124503689047049,-0.0314684165291501,0.0314684165291501,False,0.00213391258867029,-0.0222963868454507,0.0222963868454507,False,0.00167531110448532,-3.713926441938488e-05,-0.00045860148418497,0.0004214622197655851,-0.0007427852883876984,-0.009172029683699397,0.008429244395311699,0.0007427852883876984,0.009172029683699397,0.008429244395311699,0.00167531110448532,gradient_boosting
2026-04-29,-0.0013429694123319,-0.0230391721338384,0.0230391721338384,False,0.001084810136075325,-0.0308422493649135,0.0308422493649135,False,0.0014749639976290802,-0.0253810117602875,0.0253810117602875,False,0.0012019021173977802,0.00011709198132245531,-0.00027306188023129997,0.0003901538615537553,0.0023418396264491027,-0.005461237604625999,0.007803077231075102,0.0023418396264491027,0.005461237604625999,0.007803077231075102,0.001084810136075325,historical_simulation
2026-05-04,-0.006085252004531,-0.0230391721338384,0.0230391721338384,False,0.00084769600646537,-0.029907565311174,0.029907565311174,False,0.00119111566533215,-0.0225945872405656,0.0225945872405656,False,0.0008254667618017302,-2.2229244663639846e-05,-0.00036564890353041985,0.00034341965886678,-0.00044458489327279735,-0.007312978070608399,0.0068683931773356015,0.00044458489327279735,0.007312978070608399,0.0068683931773356015,0.0008254667618017302,gradient_boosting
2026-05-05,-0.0013461403759491,-0.0230391721338384,0.0230391721338384,False,0.001084651587894465,-0.0290999302217776,0.0290999302217776,False,0.001387689492291425,-0.0264416222414196,0.0264416222414196,False,0.0012547740932735251,0.0001701225053790602,-0.00013291539901789983,0.00030303790439696,0.003402450107581202,-0.0026583079803579983,0.0060607580879392005,0.003402450107581202,0.0026583079803579983,0.0060607580879392005,0.001084651587894465,historical_simulation
2026-05-06,0.0039009834233487,-0.0230391721338384,0.0230391721338384,False,0.001347007777859355,-0.0282186417906117,0.0282186417906117,False,0.0016059812606980203,-0.0220907153565296,0.0220907153565296,False,0.001299584938993915,-4.7422838865439874e-05,-0.0003063963217041052,0.00025897348283866533,-0.0009484567773087975,-0.006127926434082099,0.0051794696567733015,0.0009484567773087975,0.006127926434082099,0.0051794696567733015,0.001299584938993915,gradient_boosting
2026-05-07,0.0004216363396861,-0.0230391721338384,0.0230391721338384,False,0.0011730404236762252,-0.0274040975796453,0.0274040975796453,False,0.0013912866959665702,-0.0218588384940597,0.0218588384940597,False,0.0011140237416872902,-5.9016681988935e-05,-0.00027726295427928007,0.00021824627229034507,-0.0011803336397786975,-0.005545259085585598,0.0043649254458069005,0.0011803336397786975,0.005545259085585598,0.0043649254458069005,0.0011140237416872902,gradient_boosting
2026-05-08,-0.0092666684071885,-0.0230391721338384,0.0230391721338384,False,0.000688625186332495,-0.0265698014547023,0.0265698014547023,False,0.0008651566523756901,-0.0214581996442158,0.0214581996442158,False,0.000609576561851365,-7.904862448112997e-05,-0.00025558009052432506,0.0001765314660431951,-0.0015809724896225993,-0.005111601810486501,0.003530629320863902,0.0015809724896225993,0.005111601810486501,0.003530629320863902,0.000609576561851365,gradient_boosting
2026-05-11,-0.0174016693465486,-0.0230391721338384,0.0230391721338384,False,0.00028187513936448995,-0.0260295365877303,0.0260295365877303,False,0.00043139336205908505,-0.0224190207827338,0.0224190207827338,False,0.00025086757180925993,-3.100756755523002e-05,-0.00018052579024982512,0.0001495182226945951,-0.0006201513511045996,-0.0036105158049965017,0.002990364453891902,0.0006201513511045996,0.0036105158049965017,0.002990364453891902,0.00025086757180925993,gradient_boosting
2026-05-12,0.0028419328493292,-0.0230391721338384,0.0230391721338384,False,0.00129405524915838,-0.026192400033714,0.026192400033714,False,0.00145171664415216,-0.0204700460177978,0.0204700460177978,False,0.00116559894335635,-0.00012845630580203007,-0.00028611770079581007,0.00015766139499378,-0.0025691261160405987,-0.005722354015916201,0.0031532278998756026,0.0025691261160405987,0.005722354015916201,0.0031532278998756026,0.00116559894335635,gradient_boosting
2026-05-13,0.0025286973671126,-0.0230391721338384,0.0230391721338384,False,0.00127839347504755,-0.0254202754316351,0.0254202754316351,False,0.0013974486399373851,-0.0197925259071385,0.0197925259071385,False,0.0011160611637125552,-0.00016233231133499474,-0.0002813874762248299,0.00011905516488983515,-0.0032466462266998973,-0.005627749524496597,0.0023811032977966995,0.0032466462266998973,0.005627749524496597,0.0023811032977966995,0.0011160611637125552,gradient_boosting
2026-05-14,0.0165440929781562,-0.0230391721338384,0.0230391721338384,False,0.00197916325559973,-0.024666920843786,0.024666920843786,False,0.00206055069109711,-0.0196719960172425,0.0196719960172425,False,0.0018108044497699351,-0.000168358805829795,-0.00024974624132717495,8.138743549737995e-05,-0.003367176116595899,-0.004994924826543502,0.0016277487099476025,0.003367176116595899,0.004994924826543502,0.0016277487099476025,0.0018108044497699351,gradient_boosting
2026-05-15,-0.0194866656406763,-0.0230391721338384,0.0230391721338384,False,0.00017762532465810492,-0.0248270243451458,0.0248270243451458,False,0.00026701793522347503,-0.0241875325901521,0.0241875325901521,False,0.00023504334747378991,5.7418022815684995e-05,-3.197458774968512e-05,8.939261056537011e-05,0.0011483604563136997,-0.000639491754993702,0.0017878522113074016,0.0011483604563136997,0.000639491754993702,0.0017878522113074016,0.00017762532465810492,historical_simulation
2026-05-18,-0.0042904913592914,-0.0230391721338384,0.0230391721338384,False,0.00093743403872735,-0.0253187845853996,0.0253187845853996,False,0.00105141466130541,-0.0302163555303984,0.0302163555303984,False,0.00129629320855535,0.0003588591698280001,0.00024487854724994005,0.00011398062257806003,0.00717718339656,0.004897570944998798,0.002279612451561202,0.00717718339656,0.004897570944998798,0.002279612451561202,0.00093743403872735,historical_simulation
2026-05-19,-0.0076406327733822,-0.0230391721338384,0.0230391721338384,False,0.00076992696802281,-0.0246082642959057,0.0246082642959057,False,0.000848381576126175,-0.0198150883844036,0.0198150883844036,False,0.0006087227805510701,-0.00016120418747173992,-0.00023965879557510494,7.845460810336502e-05,-0.003224083749434798,-0.0047931759115021,0.0015690921620673016,0.003224083749434798,0.0047931759115021,0.0015690921620673016,0.0006087227805510701,gradient_boosting
2026-05-20,0.0093467148029382,-0.0230391721338384,0.0230391721338384,False,0.0016192943468388299,-0.0240563823201335,0.0240563823201335,False,0.001670154856153585,-0.019810026285388,0.019810026285388,False,0.00145783705441631,-0.00016145729242251984,-0.00021231780173727494,5.0860509314755095e-05,-0.0032291458484503995,-0.004246356034745501,0.001017210186295102,0.0032291458484503995,0.004246356034745501,0.001017210186295102,0.00145783705441631,gradient_boosting
2026-05-21,0.0092573633923154,-0.0230391721338384,0.0230391721338384,False,0.0016148267763076902,-0.0236255901516195,0.0236255901516195,False,0.0016441476771967452,-0.020079045723951,0.020079045723951,False,0.00146682045581332,-0.0001480063204943702,-0.00017732722138342517,2.9320900889054976e-05,-0.0029601264098873988,-0.0035465444276685,0.0005864180177811013,0.0029601264098873988,0.0035465444276685,0.0005864180177811013,0.00146682045581332,gradient_boosting
2026-05-22,-0.0090082979964508,-0.0230391721338384,0.0230391721338384,False,0.00070154370686938,-0.0232075441465932,0.0232075441465932,False,0.00070996230750712,-0.024419016425347,0.024419016425347,False,0.0007705359214448099,6.899221457542994e-05,6.057361393768993e-05,8.418600637740011e-06,0.0013798442915086,0.0012114722787537995,0.00016837201275480065,0.0013798442915086,0.0012114722787537995,0.00016837201275480065,0.00070154370686938,historical_simulation
2026-05-25,-0.0079636774553335,-0.0230391721338384,0.0230391721338384,False,0.0007537747339252449,-0.0227913996498434,0.0227913996498434,False,0.0007413861097254951,-0.0197721321098134,0.0197721321098134,False,0.0005904227327239949,-0.00016335200120125,-0.00015096337700150017,-1.2388624199749835e-05,-0.0032670400240249996,-0.0030192675400300024,-0.00024777248399499713,0.0032670400240249996,0.0030192675400300024,0.00024777248399499713,0.0005904227327239949,gradient_boosting
2026-05-26,0.0058091031742123,-0.0230391721338384,0.0230391721338384,False,0.001442413765402535,-0.0223288195796031,0.0223288195796031,False,0.0014068961376907702,-0.0221340664181025,0.0221340664181025,False,0.0013971584796157403,-4.525528578679474e-05,-9.737658075029913e-06,-3.551762771176483e-05,-0.0009051057157358974,-0.00019475316150059999,-0.0007103525542352974,0.0009051057157358974,0.00019475316150059999,0.0007103525542352974,0.0013971584796157403,gradient_boosting
2026-05-27,0.0009275383434294,-0.0230391721338384,0.0230391721338384,False,0.0011983355238633902,-0.021774747689847,0.021774747689847,False,0.00113511430166382,-0.0194688627416828,0.0194688627416828,False,0.00101982005425561,-0.00017851546960778015,-0.00011529424740820996,-6.322122219957018e-05,-0.0035703093921556003,-0.002305884948164201,-0.0012644244439913993,0.0035703093921556003,0.002305884948164201,0.0012644244439913993,0.00101982005425561,gradient_boosting
2026-05-28,-0.0180620175813063,-0.0230391721338384,0.0230391721338384,False,0.00024885772762660486,-0.021114708568331,0.021114708568331,False,0.00015263454935123493,-0.020514529085459,0.020514529085459,False,0.00012262557520763498,-0.00012623215241896988,-3.0008974143599948e-05,-9.622317827536993e-05,-0.0025246430483793977,-0.0006001794828719986,-0.0019244635655073991,0.0025246430483793977,0.0006001794828719986,0.0019244635655073991,0.00012262557520763498,gradient_boosting
2026-05-29,-0.0041396267996594,-0.0230391721338384,0.0230391721338384,False,0.0009449772667089501,-0.0217264788008133,0.0217264788008133,False,0.0008793426000576952,-0.0258492337648865,0.0258492337648865,False,0.001085480348261355,0.00014050308155240496,0.00020613774820365984,-6.563466665125489e-05,0.0028100616310481018,0.004122754964073199,-0.0013126933330250973,0.0028100616310481018,0.004122754964073199,0.0013126933330250973,0.0008793426000576952,ewma
2026-06-01,0.0189920272066387,-0.0230391721338384,0.0230391721338384,False,0.002101559967023855,-0.0211305301062519,0.0211305301062519,False,0.0020061278656445304,-0.0222665538667014,0.0222665538667014,False,0.002062929053667005,-3.863091335684979e-05,5.680118802247475e-05,-9.543210137932454e-05,-0.0007726182671369992,0.0011360237604494984,-0.0019086420275864976,0.0007726182671369992,0.0011360237604494984,0.0019086420275864976,0.0020061278656445304,ewma
2026-06-02,-0.0012559568359216,-0.0230391721338384,0.0230391721338384,False,0.0010891607648958399,-0.0218692076826465,0.0218692076826465,False,0.001030662542336245,-0.0196702375357968,0.0196702375357968,False,0.0009207140349937599,-0.0001684467299020799,-0.00010994850734248509,-5.849822255959481e-05,-0.0033689345980415994,-0.0021989701468497005,-0.0011699644511918988,0.0033689345980415994,0.0021989701468497005,0.0011699644511918988,0.0009207140349937599,gradient_boosting
2026-06-03,0.0165124334294039,-0.0230391721338384,0.0230391721338384,False,0.0019775802781621154,-0.0212090211447276,0.0212090211447276,False,0.001886072728706575,-0.0192486091376628,0.0192486091376628,False,0.0017880521283533354,-0.00018952814980877997,-9.802060035323966e-05,-9.150754945554031e-05,-0.0037905629961755977,-0.0019604120070647983,-0.0018301509891107993,0.0037905629961755977,0.0019604120070647983,0.0018301509891107993,0.0017880521283533354,gradient_boosting
2026-06-04,-0.0049346642432338,-0.0230391721338384,0.0230391721338384,False,0.00090522539453023,-0.021612378542019,0.021612378542019,False,0.0008338857149392601,-0.023008387770299,0.023008387770299,False,0.00090368617635326,-1.5392181769700343e-06,6.980046141399996e-05,-7.133967959097e-05,-3.078436353939895e-05,0.0013960092282799992,-0.0014267935918193982,3.078436353939895e-05,0.0013960092282799992,0.0014267935918193982,0.0008338857149392601,ewma
2026-06-05,-0.0093289142512601,-0.0230391721338384,0.0230391721338384,False,0.000685512894128915,-0.0210480915707756,0.0210480915707756,False,0.000585958865975775,-0.0197648217513715,0.0197648217513715,False,0.0005217953750055701,-0.00016371751912334486,-6.416349097020482e-05,-9.955402815314005e-05,-0.0032743503824668972,-0.0012832698194040967,-0.0019910805630628005,0.0032743503824668972,0.0012832698194040967,0.0019910805630628005,0.0005217953750055701,gradient_boosting
2026-06-08,-0.0224633589181285,-0.0230391721338384,0.0230391721338384,False,2.8790660785494966e-05,-0.0207501425407504,0.0207501425407504,True,0.0016275555585091959,-0.0198217942156271,0.0198217942156271,True,0.00250948646737633,0.002480695806590835,0.0008819309088671341,0.0015987648977237008,-0.003217377918211299,-0.0009283483251232988,-0.0022890295930880003,0.003217377918211299,0.0009283483251232988,0.0022890295930880003,2.8790660785494966e-05,historical_simulation
2026-06-09,0.01157675623279,-0.0233718304834824,0.0233718304834824,False,0.00174742933581362,-0.0220600940385295,0.0220600940385295,False,0.0016818425135659754,-0.0359985357566777,0.0359985357566777,False,0.002378764599473385,0.0006313352636597648,0.0006969220859074094,-6.558682224764461e-05,0.012626705273195298,0.013938441718148196,-0.0013117364449528983,0.012626705273195298,0.013938441718148196,0.0013117364449528983,0.0016818425135659754,ewma
2026-06-10,0.006424498818209,-0.0233718304834824,0.0233718304834824,False,0.0014898164650845702,-0.0218907493852853,0.0218907493852853,False,0.0014157624101747153,-0.0215724568108783,0.0215724568108783,False,0.001399847781454365,-8.996868363020513e-05,-1.5914628720350207e-05,-7.405405490985492e-05,-0.0017993736726041008,-0.0003182925744070024,-0.0014810810981970984,0.0017993736726041008,0.0003182925744070024,0.0014810810981970984,0.001399847781454365,gradient_boosting
2026-06-11,-0.0147200129579407,-0.0233718304834824,0.0233718304834824,False,0.000432590876277085,-0.0213811309383759,0.0213811309383759,False,0.00033305589902176,-0.0205729717914702,0.0205729717914702,False,0.00029264794167647507,-0.00013994293460060995,-4.040795734528492e-05,-9.953497725532503e-05,-0.002798858692012199,-0.0008081591469056987,-0.0019906995451065,0.002798858692012199,0.0008081591469056987,0.0019906995451065,0.00029264794167647507,gradient_boosting
2026-06-12,-0.0017636996630776,-0.0233718304834824,0.0233718304834824,False,0.00108040654102024,-0.0215614847847853,0.0215614847847853,False,0.0009898892560853852,-0.0250594486510521,0.0250594486510521,False,0.001164787449398725,8.438090837848506e-05,0.00017489819331333988,-9.051728493485482e-05,0.0016876181675696995,0.0034979638662667976,-0.001810345698697098,0.0016876181675696995,0.0034979638662667976,0.001810345698697098,0.0009898892560853852,ewma
2026-06-15,0.0300475298744235,-0.0233718304834824,0.0233718304834824,False,0.002670968017895295,-0.020916709260554,0.020916709260554,False,0.002548211956748875,-0.0277641024282931,0.0277641024282931,False,0.0028905816151358304,0.00021961359724053525,0.00034236965838695555,-0.0001227560611464203,0.004392271944810702,0.006847393167739101,-0.002455121222928399,0.004392271944810702,0.006847393167739101,0.002455121222928399,0.002548211956748875,ewma
2026-06-16,-0.0038649822932476,-0.0233718304834824,0.0233718304834824,False,0.0009753424095117401,-0.0236182314084755,0.0236182314084755,False,0.000987662455761395,-0.0208305110013237,0.0208305110013237,False,0.0008482764354038052,-0.00012706597410793493,-0.00013938602035758988,1.2320046249654948e-05,-0.0025413194821586986,-0.002787720407151799,0.00024640092499310026,0.0025413194821586986,0.002787720407151799,0.00024640092499310026,0.0008482764354038052,gradient_boosting
2026-06-17,-0.0080896444558543,-0.0233718304834824,0.0233718304834824,False,0.000764109301381405,-0.0229516130667407,0.0229516130667407,False,0.00074309843054432,-0.0204574810859391,0.0204574810859391,False,0.00061839183150424,-0.00014571746987716502,-0.00012470659904008005,-2.101087083708497e-05,-0.0029143493975433005,-0.0024941319808016,-0.0004202174167417007,0.0029143493975433005,0.0024941319808016,0.0004202174167417007,0.00061839183150424,gradient_boosting
2026-06-18,-0.0098002206034552,-0.0233718304834824,0.0233718304834824,False,0.00067858049400136,-0.0224898505265103,0.0224898505265103,False,0.000634481496152755,-0.0259278377114429,0.0259278377114429,False,0.000806380855399385,0.00012780036139802497,0.00017189935924663005,-4.409899784860508e-05,0.0025560072279605,0.0034379871849326005,-0.0008819799569721003,0.0025560072279605,0.0034379871849326005,0.0008819799569721003,0.000634481496152755,ewma
2026-06-19,-0.0041383959025293,-0.0233718304834824,0.0233718304834824,False,0.000961671729047655,-0.0221593524185274,0.0221593524185274,False,0.000901047825799905,-0.0208614584888993,0.0208614584888993,False,0.0008361531293185,-0.00012551859972915504,-6.489469648140501e-05,-6.0623903247750024e-05,-0.0025103719945831007,-0.0012978939296281015,-0.0012124780649549992,0.0025103719945831007,0.0012978939296281015,0.0012124780649549992,0.0008361531293185,gradient_boosting
2026-06-22,-0.0075812208624708,-0.0233718304834824,0.0233718304834824,False,0.0007895304810505801,-0.0215488943084092,0.0215488943084092,False,0.0006983836722969201,-0.0208567133577784,0.0208567133577784,False,0.0006637746247653801,-0.00012575585628520005,-3.460904753154002e-05,-9.114680875366003e-05,-0.002515117125704,-0.0006921809506308003,-0.0018229361750731997,0.002515117125704,0.0006921809506308003,0.0018229361750731997,0.0006637746247653801,gradient_boosting
2026-06-23,-0.0085109261797538,-0.0233718304834824,0.0233718304834824,False,0.00074304521518643,-0.0211145354463116,0.0211145354463116,False,0.00063018046332789,-0.020911397565742,0.020911397565742,False,0.0006200235692994101,-0.00012302164588701993,-1.0156894028479926e-05,-0.00011286475185854001,-0.0024604329177403995,-0.00020313788056959894,-0.0022572950371708006,0.0024604329177403995,0.00020313788056959894,0.0022572950371708006,0.0006200235692994101,gradient_boosting
2026-06-24,0.0107903140298744,-0.0233718304834824,0.0233718304834824,False,0.00170810722566784,-0.0207565144814568,0.0207565144814568,False,0.00157734142556656,-0.0235382179500426,0.0235382179500426,False,0.0017164265989958504,8.319373328010337e-06,0.0001390851734292904,-0.00013076580010128007,0.00016638746656020068,0.0027817034685857986,-0.002615316002025598,0.00016638746656020068,0.0027817034685857986,0.002615316002025598,0.00157734142556656,ewma
2026-06-25,-0.0030439349546248,-0.0233718304834824,0.0233718304834824,False,0.00101639477644288,-0.0205884299454552,0.0205884299454552,False,0.0008772247495415199,-0.02321721385575,0.02321721385575,False,0.00100866394505626,-7.730831386619985e-06,0.00013143919551474004,-0.00013917002690136003,-0.00015461662773240056,0.0026287839102948005,-0.002783400538027201,0.00015461662773240056,0.0026287839102948005,0.002783400538027201,0.0008772247495415199,ewma
2026-06-26,0.0060980923870971,-0.0233718304834824,0.0233718304834824,False,0.001473496143528975,-0.0199988634684278,0.0199988634684278,False,0.001304847792776245,-0.0202808404724287,0.0202808404724287,False,0.0013189466429762901,-0.00015454950055268494,1.4098850200045063e-05,-0.00016864835075273,-0.003090990011053698,0.000281977004000903,-0.003372967015054601,0.003090990011053698,0.000281977004000903,0.003372967015054601,0.001304847792776245,ewma
2026-06-29,0.0023574001357367,-0.0233718304834824,0.0233718304834824,False,0.001286461530960955,-0.0195446638903451,0.0195446638903451,False,0.00109510320130409,-0.0221147742498325,0.0221147742498325,False,0.0012236087192784599,-6.285281168249505e-05,0.0001285055179743699,-0.00019135832965686494,-0.001257056233649901,0.0025701103594873986,-0.0038271665931372996,0.001257056233649901,0.0025701103594873986,0.0038271665931372996,0.00109510320130409,ewma
2026-06-30,-0.0096937075623542,-0.0233718304834824,0.0233718304834824,False,0.00068390614605641,-0.018973043776268,0.018973043776268,False,0.00046396681069568995,-0.0225513723118185,0.0225513723118185,False,0.000642883237473215,-4.102290858319494e-05,0.0001789164267775251,-0.00021993933536072004,-0.000820458171663898,0.003578328535550502,-0.0043987867072144,0.000820458171663898,0.003578328535550502,0.0043987867072144,0.00046396681069568995,ewma
2026-07-01,0.0230722006301461,-0.0233718304834824,0.0233718304834824,False,0.0023222015556814252,-0.0188051022782592,0.0188051022782592,False,0.002093865145420265,-0.0205330492792049,0.0205330492792049,False,0.00218026249546755,-0.00014193906021387533,8.639735004728477e-05,-0.0002283364102611601,-0.0028387812042774997,0.0017279470009456989,-0.004566728205223199,0.0028387812042774997,0.0017279470009456989,0.004566728205223199,0.002093865145420265,ewma
2026-07-02,-0.0037669230946025,-0.0233718304834824,0.0233718304834824,False,0.000980245369443995,-0.0204652852073062,0.0204652852073062,False,0.000834918105635185,-0.020533906713428,0.020533906713428,False,0.0008383491809412749,-0.00014189618850272002,3.4310753060899516e-06,-0.00014532726380880997,-0.0028379237700544013,6.86215061217986e-05,-0.0029065452761762,0.0028379237700544013,6.86215061217986e-05,0.0029065452761762,0.000834918105635185,ewma
2026-07-03,-0.0064117120064604,-0.0233718304834824,0.0233718304834824,False,0.0008480059238511001,-0.0198997908847037,0.0198997908847037,False,0.0006744039439121651,-0.0195184326446898,0.0195184326446898,False,0.0006553360319114701,-0.00019266989193963003,-1.9067912000695015e-05,-0.00017360197993893502,-0.0038533978387925993,-0.0003813582400138994,-0.0034720395987787,0.0038533978387925993,0.0003813582400138994,0.0034720395987787,0.0006553360319114701,gradient_boosting
2026-07-06,-0.00274183922249,-0.0233718304834824,0.0233718304834824,False,0.00103149956304962,-0.0194657411458885,0.0194657411458885,False,0.000836195096169925,-0.0200976098666605,0.0200976098666605,False,0.000867788532208525,-0.00016371103084109496,3.159343603859998e-05,-0.00019530446687969494,-0.0032742206168219004,0.0006318687207719983,-0.0039060893375938988,0.0032742206168219004,0.0006318687207719983,0.0039060893375938988,0.000836195096169925,ewma
2026-07-07,-0.0012134941019785,-0.0233718304834824,0.0233718304834824,False,0.001107916819075195,-0.0189050400324619,0.0189050400324619,False,0.0008845772965241699,-0.0250564749442917,0.0250564749442917,False,0.00119214904211566,8.423222304046484e-05,0.00030757174559149,-0.00022333952255102515,0.0016846444608092995,0.0061514349118298,-0.0044667904510205005,0.0016846444608092995,0.0061514349118298,0.0044667904510205005,0.0008845772965241699,ewma
2026-07-08,0.0020251227347604,-0.0233718304834824,0.0233718304834824,False,0.00126984766091214,-0.0183356361248681,0.0183356361248681,False,0.001018037942981425,-0.0206728563875211,0.0206728563875211,False,0.001134898956114075,-0.00013494870479806515,0.00011686101313264992,-0.00025180971793071507,-0.0026989740959613012,0.0023372202626529975,-0.005036194358614299,0.0026989740959613012,0.0023372202626529975,0.005036194358614299,0.001018037942981425,ewma
2026-07-09,-0.0012458650169695,-0.0233718304834824,0.0233718304834824,False,0.001106298273325645,-0.0177957737909593,0.0177957737909593,False,0.00082749543869949,-0.0214703507748112,0.0214703507748112,False,0.001011224287892085,-9.507398543356005e-05,0.000183728849192595,-0.00027880283462615506,-0.0019014797086711992,0.0036745769838519016,-0.005576056692523101,0.0019014797086711992,0.0036745769838519016,0.005576056692523101,0.00082749543869949,ewma
2026-07-10,-0.0186337094307368,-0.0233718304834824,0.0233718304834824,False,0.00023690605263728006,-0.0172609432041767,0.0172609432041767,True,0.001304127915232093,-0.020093270298415,0.020093270298415,False,7.297804338391012e-05,-0.00016392800925336994,-0.0012311498718481828,0.001067221862594813,-0.0032785601850673987,0.0028323270942383003,-0.006110887279305699,0.0032785601850673987,0.0028323270942383003,0.006110887279305699,7.297804338391012e-05,gradient_boosting
2026-07-13,-0.0110681436217606,-0.0233718304834824,0.0233718304834824,False,0.00061518434308609,-0.0183419761079666,0.0183419761079666,False,0.00036369162431030004,-0.0198946466717341,0.0198946466717341,False,0.00044132515249867504,-0.00017385919058741494,7.7633528188375e-05,-0.00025149271877578994,-0.003477183811748299,0.0015526705637675005,-0.005029854375515799,0.003477183811748299,0.0015526705637675005,0.005029854375515799,0.00036369162431030004,ewma
2026-07-14,0.004061556470474,-0.0233718304834824,0.0233718304834824,False,0.00137166934769782,-0.0183338147713088,0.0183338147713088,False,0.00111976856208914,-0.0201589068777843,0.0201589068777843,False,0.0012110231674129152,-0.0001606461802849048,9.12546053237753e-05,-0.0002519007856086801,-0.003212923605698099,0.0018250921064755024,-0.005038015712173601,0.003212923605698099,0.0018250921064755024,0.005038015712173601,0.00111976856208914,ewma
2026-07-15,-0.0206777473056234,-0.0233718304834824,0.0233718304834824,False,0.0001347041588929499,-0.0178504598268446,0.0178504598268446,True,0.0026859231048398623,-0.020121911555285,0.020121911555285,True,0.0005280439628214801,0.0003933398039285301,-0.002157879142018382,0.0025512189459469124,-0.0032499189281973984,0.0022714517284404025,-0.005521370656637801,0.0032499189281973984,0.0022714517284404025,0.005521370656637801,0.0001347041588929499,historical_simulation
2026-07-16,0.0051887404908771,-0.0233718304834824,0.0233718304834824,False,0.0014280285487179752,-0.0192075248156046,0.0192075248156046,False,0.0012198132653240851,-0.0239119885887027,0.0239119885887027,False,0.00145503645397899,2.700790526101492e-05,0.00023522318865490497,-0.00020821528339389004,0.0005401581052203001,0.004704463773098098,-0.004164305667877798,0.0005401581052203001,0.004704463773098098,0.004164305667877798,0.0012198132653240851,ewma
2026-07-17,-0.0101572160395689,-0.0233718304834824,0.0233718304834824,False,0.000660730722195675,-0.0187393637640269,0.0187393637640269,False,0.0004291073862229,-0.0251737725705881,0.0251737725705881,False,0.0007508278265509601,9.009710435528508e-05,0.0003217204403280601,-0.00023162333597277502,0.001801942087105702,0.006434408806561202,-0.0046324667194555,0.001801942087105702,0.006434408806561202,0.0046324667194555,0.0004291073862229,ewma
2026-07-20,-0.0250602476819061,-0.0233718304834824,0.0233718304834824,True,0.0016039963385025137,-0.018623684595064,0.018623684595064,True,0.006114734932499993,-0.0297254830144841,0.0297254830144841,False,0.00023326176662890003,-0.0013707345718736138,-0.005881473165871093,0.00451073859399748,0.006353652531001699,0.011101798419420099,-0.0047481458884184,0.006353652531001699,0.011101798419420099,0.0047481458884184,0.00023326176662890003,gradient_boosting
2026-07-21,-0.0050834773294433,-0.0246349426553139,0.0246349426553139,False,0.00097757326629353,-0.0206876438278408,0.0206876438278408,False,0.0007802083249198751,-0.0223983224243111,0.0223983224243111,False,0.0008657422547433899,-0.00011183101155014014,8.553392982351478e-05,-0.00019736494137365492,-0.002236620231002802,0.001710678596470297,-0.003947298827473099,0.002236620231002802,0.001710678596470297,0.003947298827473099,0.0007802083249198751,ewma
2026-07-22,-0.0259120771359495,-0.0246349426553139,0.0246349426553139,True,0.00121327775660382,-0.0201617173880165,0.0201617173880165,True,0.0054628417605363504,-0.0254879399024743,0.0254879399024743,True,0.00040293037180143905,-0.0008103473848023809,-0.005059911388734912,0.0042495640039325305,0.000852997247160401,0.005326222514457801,-0.0044732252672974,0.000852997247160401,0.005326222514457801,0.0044732252672974,0.00040293037180143905,gradient_boosting
2026-07-23,0.0063457111128656,-0.0250739158395246,0.0250739158395246,False,0.0015709813476195102,-0.0221608003390616,0.0221608003390616,False,0.00142532557259636,-0.0231703428876684,0.0231703428876684,False,0.0014758027000267,-9.517864759281012e-05,5.0477127430340095e-05,-0.00014565577502315022,-0.0019035729518562007,0.001009542548606801,-0.0029131155004630017,0.0019035729518562007,0.001009542548606801,0.0029131155004630017,0.00142532557259636,ewma
2026-07-24,-0.0255614491124538,-0.0250739158395246,0.0250739158395246,True,0.00046315660928273846,-0.0216372785912707,0.0216372785912707,True,0.003727961995123946,-0.0250496702556343,0.0250496702556343,True,0.0004861899139785233,2.303330469578482e-05,-0.003241772081145423,0.0032648053858412075,-2.424558389029982e-05,0.003412391664363603,-0.003436637248253903,2.424558389029982e-05,0.003412391664363603,0.003436637248253903,0.00046315660928273846,historical_simulation
2026-07-27,-0.0339697166270536,-0.0253470915067588,0.0253470915067588,True,0.00819149386428006,-0.0233698019054717,0.0233698019054717,True,0.010069918985502805,-0.0352033352387973,0.0352033352387973,False,6.168093058718482e-05,-0.008129812933692875,-0.01000823805491562,0.001878425121222745,0.009856243732038496,0.011833533333325597,-0.0019772896012871,0.009856243732038496,0.011833533333325597,0.0019772896012871,6.168093058718482e-05,gradient_boosting
2026-07-28,0.0249347908797688,-0.0256634350451171,0.0256634350451171,False,0.0025299112962442953,-0.0264707600744505,0.0264707600744505,False,0.0025702775477109653,-0.0278352059566403,0.0278352059566403,False,0.0026384998418204552,0.00010858854557615994,6.822229410948996e-05,4.036625146666998e-05,0.0021717709115232006,0.0013644458821897992,0.0008073250293334014,0.0021717709115232006,0.0013644458821897992,0.0008073250293334014,0.0025299112962442953,historical_simulation
