experiment_id,forecast_date,target_date,actual_return,quantile_return,var,violation
G01,2021-12-30,2021-12-31,0.006838500474531,-0.019637458777599606,0.019637458777599606,False
G01,2021-12-31,2022-01-04,0.0089758765667637,-0.025875518680794563,0.025875518680794563,False
G01,2022-01-04,2022-01-05,-0.0009088672241971,-0.024468268843716112,0.024468268843716112,False
G01,2022-01-05,2022-01-06,-0.0043981826817441,-0.03036628360780897,0.03036628360780897,False
G01,2022-01-06,2022-01-07,-0.0073351410795538,-0.027063388557356557,0.027063388557356557,False
G01,2022-01-07,2022-01-10,-0.0122510538836361,-0.02688776851910885,0.02688776851910885,False
G01,2022-01-10,2022-01-11,-0.0160592689353921,-0.02563762969930075,0.02563762969930075,False
G01,2022-01-11,2022-01-12,0.0190836110690223,-0.025653520499801272,0.025653520499801272,False
G01,2022-01-12,2022-01-13,0.0117184143173093,-0.01701221374139599,0.01701221374139599,False
G01,2022-01-13,2022-01-14,-0.0097870057504166,-0.014870093026624783,0.014870093026624783,False
G01,2022-01-14,2022-01-17,-0.0296339932787395,-0.01904535135754933,0.01904535135754933,True
G01,2022-01-17,2022-01-18,-0.0082038582262877,-0.017519754633009903,0.017519754633009903,False
G01,2022-01-18,2022-01-19,0.0056015330276795,-0.023275366674616087,0.023275366674616087,False
G01,2022-01-19,2022-01-20,0.0070474016170728,-0.018424535332118838,0.018424535332118838,False
G01,2022-01-20,2022-01-21,-0.0095784124445406,-0.01701221374139599,0.01701221374139599,False
G01,2022-01-21,2022-01-24,-0.0392112447279263,-0.021424527853029784,0.021424527853029784,True
G01,2022-01-24,2022-01-25,0.0283299302352217,-0.022634072274290564,0.022634072274290564,False
G01,2022-01-25,2022-01-26,0.001988714715891,-0.024467058803992588,0.024467058803992588,False
G01,2022-01-26,2022-01-27,-0.0114019733547036,-0.016674472302219003,0.016674472302219003,False
G01,2022-01-27,2022-01-28,0.0169267908883486,-0.017022992694203487,0.017022992694203487,False
G01,2022-01-28,2022-02-07,0.0101465436963548,-0.019271628185451077,0.019271628185451077,False
G01,2022-02-07,2022-02-08,0.029470482570055,-0.01974287167782898,0.01974287167782898,False
G01,2022-02-08,2022-02-09,0.0148128404166962,-0.023319970106200485,0.023319970106200485,False
G01,2022-02-09,2022-02-10,0.001009312646659,-0.015877298416994617,0.015877298416994617,False
G01,2022-02-10,2022-02-11,-0.0027612563859532,-0.017354222951661082,0.017354222951661082,False
G01,2022-02-11,2022-02-14,-0.017114557838619,-0.01650963121677879,0.01650963121677879,True
G01,2022-02-14,2022-02-15,0.0022558987374948,-0.021836241069732386,0.021836241069732386,False
G01,2022-02-15,2022-02-16,-0.0002711172866053,-0.0171878337796437,0.0171878337796437,False
G01,2022-02-16,2022-02-17,0.0130337415638718,-0.02121272656260315,0.02121272656260315,False
G01,2022-02-17,2022-02-18,0.0006617615533804,-0.014870093026624783,0.014870093026624783,False
G01,2022-02-18,2022-02-21,0.0015209137293425,-0.01824891529387113,0.01824891529387113,False
G01,2022-02-21,2022-02-22,0.0055488397998914,-0.018845291271022073,0.018845291271022073,False
G01,2022-02-22,2022-02-23,0.0028119341869855,-0.01935865274844677,0.01935865274844677,False
G01,2022-02-23,2022-02-24,-0.0110045558909824,-0.021163032024040993,0.021163032024040993,False
G01,2022-02-24,2022-02-25,0.0023292456034857,-0.01704742239113468,0.01704742239113468,False
G01,2022-02-25,2022-02-28,0.0091018838478182,-0.02727648557225869,0.02727648557225869,False
G01,2022-02-28,2022-03-01,-0.0017161569587302,-0.017212263476574893,0.017212263476574893,False
G01,2022-03-01,2022-03-02,-0.0047391096017211,-0.0193651631441536,0.0193651631441536,False
G01,2022-03-02,2022-03-03,0.0287049378895776,-0.021211901769251734,0.021211901769251734,False
G01,2022-03-03,2022-03-04,-0.0033475575601407,-0.014870093026624783,0.014870093026624783,False
G01,2022-03-04,2022-03-07,0.0059609339226393,-0.018259694246678625,0.018259694246678625,False
G01,2022-03-07,2022-03-08,-0.0072982512894229,-0.01701221374139599,0.01701221374139599,False
G01,2022-03-08,2022-03-09,0.0041807343382112,-0.015712457331554405,0.015712457331554405,False
G01,2022-03-09,2022-03-10,-0.0085825982827776,-0.01974287167782898,0.01974287167782898,False
G01,2022-03-10,2022-03-11,-0.016620980434203,-0.0193651631441536,0.0193651631441536,False
G01,2022-03-11,2022-03-14,-0.0208819631641027,-0.01470525194118457,0.01470525194118457,True
G01,2022-03-14,2022-03-15,-0.0010853306135523,-0.02439183057323541,0.02439183057323541,False
G01,2022-03-15,2022-03-16,0.0024775134377237,-0.017022992694203487,0.017022992694203487,False
G01,2022-03-16,2022-03-17,-0.0019330636934377,-0.0171878337796437,0.0171878337796437,False
G01,2022-03-17,2022-03-18,0.0172346189845546,-0.01886973131930162,0.01886973131930162,False
G01,2022-03-18,2022-03-21,0.0116121376872794,-0.016106794579099918,0.016106794579099918,False
G01,2022-03-21,2022-03-22,0.0049898800862705,-0.0171878337796437,0.0171878337796437,False
G01,2022-03-22,2022-03-23,-0.0008699017055275,-0.02727648557225869,0.02727648557225869,False
G01,2022-03-23,2022-03-24,-0.0070989263196225,-0.017022992694203487,0.017022992694203487,False
G01,2022-03-24,2022-03-25,0.011130444828761,-0.017178602913413374,0.017178602913413374,False
G01,2022-03-25,2022-03-28,0.0171520744319652,-0.018546465417599745,0.018546465417599745,False
G01,2022-03-28,2022-03-29,0.0284559017787845,-0.015137282420594728,0.015137282420594728,False
G01,2022-03-29,2022-03-30,-0.0038683200232705,-0.03215323035269431,0.03215323035269431,False
G01,2022-03-30,2022-03-31,0.0035348918817001,-0.017277334776615458,0.017277334776615458,False
G01,2022-03-31,2022-04-01,0.0402138704607788,-0.023659453217029905,0.023659453217029905,False
G01,2022-04-01,2022-04-04,-0.0062177916531189,-0.02270377437620389,0.02270377437620389,False
G01,2022-04-04,2022-04-05,0.0013439012979677,-0.021643324924365964,0.021643324924365964,False
G01,2022-04-05,2022-04-06,0.0283098239144413,-0.0171878337796437,0.0171878337796437,False
G01,2022-04-06,2022-04-07,-0.0120532108858655,-0.026184636523069415,0.026184636523069415,False
G01,2022-04-07,2022-04-08,-0.025973590828864,-0.03811117395433801,0.03811117395433801,False
G01,2022-04-08,2022-04-12,0.0007083302361948,-0.017277334776615458,0.017277334776615458,False
G01,2022-04-12,2022-04-13,0.0244947462268694,-0.02417901369726703,0.02417901369726703,False
G01,2022-04-13,2022-04-14,0.0091939023499324,-0.028530490196581673,0.028530490196581673,False
G01,2022-04-14,2022-04-15,-0.0083420832292729,-0.01867887741453081,0.01867887741453081,False
G01,2022-04-15,2022-04-18,-0.0102098136213844,-0.021248907814782076,0.021248907814782076,False
G01,2022-04-18,2022-04-19,-0.0138314716825956,-0.026533951288006622,0.026533951288006622,False
G01,2022-04-19,2022-04-20,-0.0007531254707034,-0.03191487738665459,0.03191487738665459,False
G01,2022-04-20,2022-04-21,0.0001712732476085,-0.017022992694203487,0.017022992694203487,False
G01,2022-04-21,2022-04-22,0.0012668927226335,-0.026734001023185523,0.026734001023185523,False
G01,2022-04-22,2022-04-25,-0.0694854382368597,-0.04903161292438194,0.04903161292438194,True
G01,2022-04-25,2022-04-26,0.0155529385793861,-0.037837304730819366,0.037837304730819366,False
G01,2022-04-26,2022-04-27,0.0027069060325794,-0.028331006599957926,0.028331006599957926,False
G01,2022-04-27,2022-04-28,0.0078705816566901,-0.026874412411694543,0.026874412411694543,False
G01,2022-04-28,2022-04-29,0.0095824846294083,-0.0171878337796437,0.0171878337796437,False
G01,2022-04-29,2022-05-04,-0.0110174697818654,-0.028092041120386924,0.028092041120386924,False
G01,2022-05-04,2022-05-05,0.0008679821866862,-0.016840861474236385,0.016840861474236385,False
G01,2022-05-05,2022-05-06,-0.0225351380952641,-0.016753194346383265,0.016753194346383265,True
G01,2022-05-06,2022-05-09,-0.0585389934656119,-0.01736324289391202,0.01736324289391202,True
G01,2022-05-09,2022-05-10,0.0340695447634803,-0.04320760421483319,0.04320760421483319,False
G01,2022-05-10,2022-05-11,0.0105751915442737,-0.028331006599957926,0.028331006599957926,False
G01,2022-05-11,2022-05-12,-0.0559807548391082,-0.016928814384630973,0.016928814384630973,True
G01,2022-05-12,2022-05-13,-0.0504911763195255,-0.03696167529821737,0.03696167529821737,True
G01,2022-05-13,2022-05-16,-0.0034088569039605,-0.018980032073140057,0.018980032073140057,False
G01,2022-05-16,2022-05-17,0.0640390255775862,-0.03140719826436839,0.03140719826436839,False
G01,2022-05-17,2022-05-18,-0.0019364316239316,-0.04385597697801683,0.04385597697801683,False
G01,2022-05-18,2022-05-19,-0.0061579727861843,-0.021424527853029784,0.021424527853029784,False
G01,2022-05-19,2022-05-20,0.0019629660679956,-0.021424527853029784,0.021424527853029784,False
G01,2022-05-20,2022-05-23,-0.0193580884480382,-0.01824891529387113,0.01824891529387113,True
G01,2022-05-23,2022-05-24,-0.0051761748909557,-0.03811117395433801,0.03811117395433801,False
G01,2022-05-24,2022-05-25,0.0338340978263341,-0.025028863807793445,0.025028863807793445,False
G01,2022-05-25,2022-05-26,0.0072022445325956,-0.04150788322347964,0.04150788322347964,False
G01,2022-05-26,2022-05-27,0.0422897590198742,-0.0171878337796437,0.0171878337796437,False
G01,2022-05-27,2022-05-30,-0.0048912313679913,-0.022537385204186508,0.022537385204186508,False
G01,2022-05-30,2022-05-31,-0.0120397996110911,-0.01650963121677879,0.01650963121677879,False
G01,2022-05-31,2022-06-01,0.0039177594438722,-0.026466655847551396,0.026466655847551396,False
G01,2022-06-01,2022-06-02,-0.0075893090626393,-0.01701221374139599,0.01701221374139599,False
G01,2022-06-02,2022-06-03,0.0224561144840362,-0.03579343320131911,0.03579343320131911,False
G01,2022-06-03,2022-06-06,-0.0006506831483871,-0.0171878337796437,0.0171878337796437,False
G01,2022-06-06,2022-06-07,0.0051949172684222,-0.01470525194118457,0.01470525194118457,False
G01,2022-06-07,2022-06-08,-0.0040031712493952,-0.030350592748752517,0.030350592748752517,False
G01,2022-06-08,2022-06-09,0.0087150403240225,-0.018084074208430917,0.018084074208430917,False
G01,2022-06-09,2022-06-10,-0.0234135781158759,-0.020510575237665647,0.020510575237665647,True
G01,2022-06-10,2022-06-13,-0.0569580130322258,-0.01495959402359654,0.01495959402359654,True
G01,2022-06-13,2022-06-14,0.0037575944112016,-0.035053355559242064,0.035053355559242064,False
G01,2022-06-14,2022-06-15,0.0050715568503915,-0.027825422707867694,0.027825422707867694,False
G01,2022-06-15,2022-06-16,0.0467534334922854,-0.023659453217029905,0.023659453217029905,False
G01,2022-06-16,2022-06-17,-0.0090622252246455,-0.0243400228081283,0.0243400228081283,False
G01,2022-06-17,2022-06-20,-0.0392987139294633,-0.024919781033870516,0.024919781033870516,True
G01,2022-06-20,2022-06-21,-0.0246479020112733,-0.049663815034511775,0.049663815034511775,False
G01,2022-06-21,2022-06-22,-0.0226047243951319,-0.044834289473763604,0.044834289473763604,False
G01,2022-06-22,2022-06-23,0.021472479808832,-0.056837453809193764,0.056837453809193764,False
G01,2022-06-23,2022-06-24,-0.0027954501638712,-0.026874412411694543,0.026874412411694543,False
G01,2022-06-24,2022-06-27,0.0187554155879819,-0.021424527853029784,0.021424527853029784,False
G01,2022-06-27,2022-06-28,0.0125697465653958,-0.024556671658675623,0.024556671658675623,False
G01,2022-06-28,2022-06-29,0.0058043442334489,-0.014870093026624783,0.014870093026624783,False
G01,2022-06-29,2022-06-30,-0.0274570366022427,-0.028192748757404684,0.028192748757404684,False
G01,2022-06-30,2022-07-01,0.0027050502208086,-0.023494612131589692,0.023494612131589692,False
G01,2022-07-01,2022-07-04,-0.0227000060741805,-0.025594895362092692,0.025594895362092692,False
G01,2022-07-04,2022-07-05,-0.0176412620460313,-0.024783888258106786,0.024783888258106786,False
G01,2022-07-05,2022-07-06,-0.0220756974278101,-0.025297249735531484,0.025297249735531484,False
G01,2022-07-06,2022-07-07,0.0030210953351278,-0.02775372982398034,0.02775372982398034,False
G01,2022-07-07,2022-07-08,0.0180628952752846,-0.0171878337796437,0.0171878337796437,False
G01,2022-07-08,2022-07-11,-0.011615462291187,-0.014870093026624783,0.014870093026624783,False
G01,2022-07-11,2022-07-12,0.0060491248055054,-0.018259694246678625,0.018259694246678625,False
G01,2022-07-12,2022-07-13,-0.0080733821796936,-0.018424535332118838,0.018424535332118838,False
G01,2022-07-13,2022-07-14,-0.0056237247186757,-0.014191890463759873,0.014191890463759873,False
G01,2022-07-14,2022-07-15,0.0066377379156564,-0.017354222951661082,0.017354222951661082,False
G01,2022-07-15,2022-07-18,-0.0079706007911983,-0.016144487810964565,0.016144487810964565,False
G01,2022-07-18,2022-07-19,-0.0122663080945193,-0.027301678746304608,0.027301678746304608,False
G01,2022-07-19,2022-07-20,0.0174324337379664,-0.0193651631441536,0.0193651631441536,False
G01,2022-07-20,2022-07-21,0.0215099971856114,-0.02153017981381667,0.02153017981381667,False
G01,2022-07-21,2022-07-22,-0.0048739269562226,-0.017455023173613648,0.017455023173613648,False
G01,2022-07-22,2022-07-25,-0.0095121275610886,-0.017022992694203487,0.017022992694203487,False
G01,2022-07-25,2022-07-26,-0.0077555469158649,-0.01470525194118457,0.01470525194118457,False
G01,2022-07-26,2022-07-27,-0.0093012456968529,-0.016840861474236385,0.016840861474236385,False
G01,2022-07-27,2022-07-28,0.0005330896989334,-0.02215668640179066,0.02215668640179066,False
G01,2022-07-28,2022-07-29,-0.0092435657474927,-0.01935865274844677,0.01935865274844677,False
G01,2022-07-29,2022-08-01,0.0236031948943672,-0.019193811663006557,0.019193811663006557,False
G01,2022-08-01,2022-08-02,0.0093256148071253,-0.015137282420594728,0.015137282420594728,False
G01,2022-08-02,2022-08-03,0.010585956629003,-0.0171878337796437,0.0171878337796437,False
G01,2022-08-03,2022-08-04,0.0085293160482948,-0.014356731549200087,0.014356731549200087,False
G01,2022-08-04,2022-08-05,-0.006155242885472,-0.01701221374139599,0.01701221374139599,False
G01,2022-08-05,2022-08-08,0.0060630417097057,-0.021643324924365964,0.021643324924365964,False
G01,2022-08-08,2022-08-09,0.0099879780944048,-0.019016642752169115,0.019016642752169115,False
G01,2022-08-09,2022-08-10,-0.0032591434119324,-0.017212263476574893,0.017212263476574893,False
G01,2022-08-10,2022-08-11,-0.008728710986029,-0.0193651631441536,0.0193651631441536,False
G01,2022-08-11,2022-08-12,0.0097181477644161,-0.01889498580958423,0.01889498580958423,False
G01,2022-08-12,2022-08-15,0.0206389642552056,-0.0171878337796437,0.0171878337796437,False
G01,2022-08-15,2022-08-16,0.0120232318998789,-0.014870093026624783,0.014870093026624783,False
G01,2022-08-16,2022-08-17,-0.0099852932460375,-0.01701221374139599,0.01701221374139599,False
G01,2022-08-17,2022-08-18,-0.0045569263814126,-0.017022992694203487,0.017022992694203487,False
G01,2022-08-18,2022-08-19,-0.0129175138169876,-0.01470525194118457,0.01470525194118457,False
G01,2022-08-19,2022-08-22,0.0064980958096616,-0.02364062034532661,0.02364062034532661,False
G01,2022-08-22,2022-08-23,0.0070339945590989,-0.014870093026624783,0.014870093026624783,False
G01,2022-08-23,2022-08-24,-0.0018502366248039,-0.0171878337796437,0.0171878337796437,False
G01,2022-08-24,2022-08-25,0.0132097855293363,-0.01780864980507419,0.01780864980507419,False
G01,2022-08-25,2022-08-26,0.0171964127399744,-0.014870093026624783,0.014870093026624783,False
G01,2022-08-26,2022-08-29,-0.0014911242385919,-0.01848665826091468,0.01848665826091468,False
G01,2022-08-29,2022-08-30,-0.0028971699000962,-0.014972441335154515,0.014972441335154515,False
G01,2022-08-30,2022-08-31,0.0033693216889771,-0.017022992694203487,0.017022992694203487,False
G01,2022-08-31,2022-09-05,0.0047637194525326,-0.016498852263971294,0.016498852263971294,False
G01,2022-09-05,2022-09-06,-0.0046976556913354,-0.021368336781813036,0.021368336781813036,False
G01,2022-09-06,2022-09-07,-0.0247836391418192,-0.022748253968500616,0.022748253968500616,True
G01,2022-09-07,2022-09-08,0.0064220713200118,-0.016028710998122794,0.016028710998122794,False
G01,2022-09-08,2022-09-09,0.0123823425718406,-0.017707394259880826,0.017707394259880826,False
G01,2022-09-09,2022-09-12,0.0104945870593609,-0.01701221374139599,0.01701221374139599,False
G01,2022-09-12,2022-09-13,-0.0010260885683495,-0.014870093026624783,0.014870093026624783,False
G01,2022-09-13,2022-09-14,-0.0041680217138982,-0.018259694246678625,0.018259694246678625,False
G01,2022-09-14,2022-09-15,-0.0017206658973046,-0.018284123943609818,0.018284123943609818,False
G01,2022-09-15,2022-09-16,-0.0217265345413631,-0.018851801666728903,0.018851801666728903,True
G01,2022-09-16,2022-09-19,-0.0096519504410865,-0.01470525194118457,0.01470525194118457,False
G01,2022-09-19,2022-09-20,0.0120560171047355,-0.025558777891075753,0.025558777891075753,False
G01,2022-09-20,2022-09-21,-0.0137619292259463,-0.018424535332118838,0.018424535332118838,False
G01,2022-09-21,2022-09-22,0.0044497660497561,-0.017633029766826482,0.017633029766826482,False
G01,2022-09-22,2022-09-23,-0.0096611395282352,-0.016106794579099918,0.016106794579099918,False
G01,2022-09-23,2022-09-26,-0.0149365188434135,-0.018259694246678625,0.018259694246678625,False
G01,2022-09-26,2022-09-27,-0.0085008900162612,-0.014453418619304138,0.014453418619304138,False
G01,2022-09-27,2022-09-28,-0.0296056052013146,-0.02060186469662874,0.02060186469662874,True
G01,2022-09-28,2022-09-29,-0.011688632461688,-0.01495959402359654,0.01495959402359654,False
G01,2022-09-29,2022-09-30,0.0081076469173086,-0.027229131806491457,0.027229131806491457,False
G01,2022-09-30,2022-10-03,-0.0602543007172786,-0.02276688136629181,0.02276688136629181,True
G01,2022-10-03,2022-10-04,-0.0049481584996136,-0.05022660517959556,0.05022660517959556,False
G01,2022-10-04,2022-10-05,0.0164037140105653,-0.029247871925637586,0.029247871925637586,False
G01,2022-10-05,2022-10-06,-0.0513854342451004,-0.018424535332118838,0.018424535332118838,True
G01,2022-10-06,2022-10-07,-0.0412946015058279,-0.04489194031901749,0.04489194031901749,False
G01,2022-10-07,2022-10-10,0.0334525858463251,-0.02247595789680124,0.02247595789680124,False
G01,2022-10-10,2022-10-11,-0.0390758523727863,-0.045205103598969815,0.045205103598969815,False
G01,2022-10-11,2022-10-12,0.0421033887596884,-0.03772241221566616,0.03772241221566616,False
G01,2022-10-12,2022-10-13,0.0175752547795387,-0.04498628324764585,0.04498628324764585,False
G01,2022-10-13,2022-10-14,0.017128297033236,-0.026874412411694543,0.026874412411694543,False
G01,2022-10-14,2022-10-17,-0.0100328339849048,-0.022761823325420188,0.022761823325420188,False
G01,2022-10-17,2022-10-18,-0.0010674464251495,-0.021424527853029784,0.021424527853029784,False
G01,2022-10-18,2022-10-19,-0.005499970624924,-0.03403780524859267,0.03403780524859267,False
G01,2022-10-19,2022-10-20,0.0014794225389878,-0.016840861474236385,0.016840861474236385,False
G01,2022-10-20,2022-10-21,-0.0616907553360183,-0.014523120721217466,0.014523120721217466,True
G01,2022-10-21,2022-10-24,-0.0458236290203585,-0.04433320560909451,0.04433320560909451,True
G01,2022-10-24,2022-10-25,0.0331819028076257,-0.01927121229603976,0.01927121229603976,False
G01,2022-10-25,2022-10-26,-0.0016104092543261,-0.04396840204649467,0.04396840204649467,False
G01,2022-10-26,2022-10-27,0.0279333000494947,-0.017022992694203487,0.017022992694203487,False
G01,2022-10-27,2022-10-28,-0.0157231913180724,-0.02275403405473383,0.02275403405473383,False
G01,2022-10-28,2022-10-31,-0.03027675586511,-0.019956684761920657,0.019956684761920657,True
G01,2022-10-31,2022-11-01,-0.0240631410709734,-0.032000999746608264,0.032000999746608264,False
G01,2022-11-01,2022-11-02,-0.0126731953859587,-0.04358474060973049,0.04358474060973049,False
G01,2022-11-02,2022-11-03,0.0077093915915844,-0.030419548997345496,0.030419548997345496,False
G01,2022-11-03,2022-11-04,-0.0406585325207331,-0.01744217586205567,0.01744217586205567,True
G01,2022-11-04,2022-11-07,-0.0461089602854831,-0.0215860487079601,0.0215860487079601,True
G01,2022-11-07,2022-11-08,0.0031588755631444,-0.044008813492842545,0.044008813492842545,False
G01,2022-11-08,2022-11-09,0.0060974963691482,-0.045205103598969815,0.045205103598969815,False
G01,2022-11-09,2022-11-10,-0.0502992257172326,-0.025637710859219405,0.025637710859219405,True
G01,2022-11-10,2022-11-11,0.0095199285779648,-0.03674502644767004,0.03674502644767004,False
G01,2022-11-11,2022-11-14,-0.0301887843787106,-0.03137812334170932,0.03137812334170932,False
G01,2022-11-14,2022-11-15,-0.0379655721132695,-0.030185751663312305,0.030185751663312305,True
G01,2022-11-15,2022-11-16,0.0629508878765987,-0.04298552281434714,0.04298552281434714,False
G01,2022-11-16,2022-11-17,0.0418411955115185,-0.04331197918038546,0.04331197918038546,False
G01,2022-11-17,2022-11-18,0.0249447889932075,-0.04385597697801683,0.04385597697801683,False
G01,2022-11-18,2022-11-21,-0.0216568626285707,-0.042515088613849485,0.042515088613849485,False
G01,2022-11-21,2022-11-22,-0.0050588593890101,-0.020132304800168366,0.020132304800168366,False
G01,2022-11-22,2022-11-23,-0.0202329421990438,-0.0539631512656739,0.0539631512656739,False
G01,2022-11-23,2022-11-24,-0.009448244728148,-0.03811117395433801,0.03811117395433801,False
G01,2022-11-24,2022-11-25,0.0300090027349455,-0.026480837383039278,0.026480837383039278,False
G01,2022-11-25,2022-11-28,0.0542329872878249,-0.02507177480775275,0.02507177480775275,False
G01,2022-11-28,2022-11-29,0.0434369449728073,-0.02275403405473383,0.02275403405473383,False
G01,2022-11-29,2022-11-30,0.0304302831619331,-0.024896154769505043,0.024896154769505043,False
G01,2022-11-30,2022-12-01,-0.0034453870025946,-0.023835073255277613,0.023835073255277613,False
G01,2022-12-01,2022-12-02,0.0571288055481456,-0.04725804351810838,0.04725804351810838,False
G01,2022-12-02,2022-12-05,0.01748479360471,-0.05295790019462048,0.05295790019462048,False
G01,2022-12-05,2022-12-06,-0.0557368566150412,-0.03421342528684038,0.03421342528684038,True
G01,2022-12-06,2022-12-07,-0.0003658267978896,-0.050600453008372105,0.050600453008372105,False
G01,2022-12-07,2022-12-08,0.0225964693186582,-0.029410644652327317,0.029410644652327317,False
G01,2022-12-08,2022-12-09,0.0110387229325915,-0.03223516764465088,0.03223516764465088,False
G01,2022-12-09,2022-12-12,-0.016791763871513,-0.017095203556648356,0.017095203556648356,False
G01,2022-12-12,2022-12-13,0.0117318430767768,-0.02258919296929362,0.02258919296929362,False
G01,2022-12-13,2022-12-14,-0.000118808429673,-0.026874412411694543,0.026874412411694543,False
G01,2022-12-14,2022-12-15,0.0126046062761381,-0.01742513092481006,0.01742513092481006,False
G01,2022-12-15,2022-12-16,0.0249693044012221,-0.0171878337796437,0.0171878337796437,False
G01,2022-12-16,2022-12-19,-0.0169303382434841,-0.02275403405473383,0.02275403405473383,False
G01,2022-12-19,2022-12-20,-0.0211255993699313,-0.022981250654164995,0.022981250654164995,False
G01,2022-12-20,2022-12-21,5.544796397701402e-05,-0.04347231554125265,0.04347231554125265,False
G01,2022-12-21,2022-12-22,0.0007531254707034,-0.026125009840607668,0.026125009840607668,False
G01,2022-12-22,2022-12-23,-0.0112445851888217,-0.020510575237665647,0.020510575237665647,False
G01,2022-12-23,2022-12-26,-0.0529449339144818,-0.015941953493659705,0.015941953493659705,True
G01,2022-12-26,2022-12-27,0.0322878373720194,-0.047361685607582575,0.047361685607582575,False
G01,2022-12-27,2022-12-28,-0.0060223855853627,-0.02833878418529239,0.02833878418529239,False
G01,2022-12-28,2022-12-29,-0.006731596550821,-0.017022992694203487,0.017022992694203487,False
G01,2022-12-29,2022-12-30,0.0029940119760479,-0.01684737265595578,0.01684737265595578,False
G01,2022-12-30,2023-01-03,0.044666710216314,-0.02141374890022229,0.02141374890022229,False
G01,2023-01-03,2023-01-04,-0.0005986983754159,-0.0300930469298797,0.0300930469298797,False
G01,2023-01-04,2023-01-05,0.0101128847144445,-0.01650963121677879,0.01650963121677879,False
G01,2023-01-05,2023-01-06,-0.0113861454820008,-0.018424535332118838,0.018424535332118838,False
G01,2023-01-06,2023-01-09,-0.0056029603734268,-0.01684737265595578,0.01684737265595578,False
G01,2023-01-09,2023-01-10,0.0055115611267588,-0.026291035809303687,0.026291035809303687,False
G01,2023-01-10,2023-01-11,0.0116369285195708,-0.02493431512230858,0.02493431512230858,False
G01,2023-01-11,2023-01-12,-0.0067790516484528,-0.016498852263971294,0.016498852263971294,False
G01,2023-01-12,2023-01-13,-0.0050314772797722,-0.017022992694203487,0.017022992694203487,False
G01,2023-01-13,2023-01-16,0.0071093533944063,-0.01684737265595578,0.01684737265595578,False
G01,2023-01-16,2023-01-17,0.0371461920622858,-0.021201947609795654,0.021201947609795654,False
G01,2023-01-17,2023-01-18,0.0211566585294377,-0.015137282420594728,0.015137282420594728,False
G01,2023-01-18,2023-01-19,-0.0015738508039233,-0.01701221374139599,0.01701221374139599,False
G01,2023-01-19,2023-01-27,0.008132414762081,-0.01470525194118457,0.01470525194118457,False
G01,2023-01-27,2023-01-30,0.0047144320355239,-0.0171878337796437,0.0171878337796437,False
G01,2023-01-30,2023-01-31,0.0067956440723374,-0.024245757268956135,0.024245757268956135,False
G01,2023-01-31,2023-02-01,-0.0166616340424076,-0.01956725163958127,0.01956725163958127,False
G01,2023-02-01,2023-02-02,0.0224498590395755,-0.022071755786925478,0.022071755786925478,False
G01,2023-02-02,2023-02-03,-0.024313801803657,-0.025650558170777382,0.025650558170777382,False
G01,2023-02-03,2023-02-06,-0.0022032310738556,-0.017854578046325616,0.017854578046325616,False
G01,2023-02-06,2023-02-07,-0.0315835225359541,-0.017542553174440614,0.017542553174440614,True
G01,2023-02-07,2023-02-08,0.0120424200129325,-0.024952023663648473,0.024952023663648473,False
G01,2023-02-08,2023-02-09,-0.0097981310235928,-0.02933274804217798,0.02933274804217798,False
G01,2023-02-09,2023-02-10,-0.0160515926811433,-0.017022992694203487,0.017022992694203487,False
G01,2023-02-10,2023-02-13,-0.0016594272728579,-0.016588353260943052,0.016588353260943052,False
G01,2023-02-13,2023-02-14,0.0069972838147312,-0.021424527853029784,0.021424527853029784,False
G01,2023-02-14,2023-02-15,0.0083807255799532,-0.0171878337796437,0.0171878337796437,False
G01,2023-02-15,2023-02-16,0.0123168789855236,-0.01824891529387113,0.01824891529387113,False
G01,2023-02-16,2023-02-17,-0.0049556878852176,-0.018424535332118838,0.018424535332118838,False
G01,2023-02-17,2023-02-20,0.0272680523412208,-0.021387521807499442,0.021387521807499442,False
G01,2023-02-20,2023-02-21,-0.0032310706352352,-0.015124435109036752,0.015124435109036752,False
G01,2023-02-21,2023-02-22,-0.0214001300492322,-0.01650963121677879,0.01650963121677879,True
G01,2023-02-22,2023-02-23,0.0032279108475316,-0.025475891095417386,0.025475891095417386,False
G01,2023-02-23,2023-02-24,-0.0204030443047046,-0.01701221374139599,0.01701221374139599,True
G01,2023-02-24,2023-02-27,-0.0259340293450069,-0.02364062034532661,0.02364062034532661,True
G01,2023-02-27,2023-02-28,-0.0049619299408314,-0.01470525194118457,0.01470525194118457,False
G01,2023-02-28,2023-03-01,0.0216892940033032,-0.018779254726915752,0.018779254726915752,False
G01,2023-03-01,2023-03-02,-0.0108571335896383,-0.021517332502258693,0.021517332502258693,False
G01,2023-03-02,2023-03-03,-0.0177754200307026,-0.018259694246678625,0.018259694246678625,False
G01,2023-03-03,2023-03-06,-0.0005875151766786,-0.019106787100010864,0.019106787100010864,False
G01,2023-03-06,2023-03-07,0.0167538361968185,-0.017022992694203487,0.017022992694203487,False
G01,2023-03-07,2023-03-08,0.0018144273445124,-0.01742513092481006,0.01742513092481006,False
G01,2023-03-08,2023-03-09,0.0097229595677187,-0.0171878337796437,0.0171878337796437,False
G01,2023-03-09,2023-03-10,-0.0049833598178157,-0.016106794579099918,0.016106794579099918,False
G01,2023-03-10,2023-03-13,-0.0085284573336991,-0.017022992694203487,0.017022992694203487,False
G01,2023-03-13,2023-03-14,-0.0201901708440532,-0.016665241435988676,0.016665241435988676,True
G01,2023-03-14,2023-03-15,0.0360020423507704,-0.01633401117853108,0.01633401117853108,False
G01,2023-03-15,2023-03-16,-0.0173473710407225,-0.02493431512230858,0.02493431512230858,False
G01,2023-03-16,2023-03-17,-0.0082254388552525,-0.01684737265595578,0.01684737265595578,False
G01,2023-03-17,2023-03-20,-0.0234442741069536,-0.017022992694203487,0.017022992694203487,True
G01,2023-03-20,2023-03-21,0.0133046666680665,-0.016203481649203974,0.016203481649203974,False
G01,2023-03-21,2023-03-22,-0.0053933605591367,-0.024560854859648033,0.024560854859648033,False
G01,2023-03-22,2023-03-23,-0.0019765887551254,-0.018259694246678625,0.018259694246678625,False
G01,2023-03-23,2023-03-24,0.0038710999767686,-0.01780864980507419,0.01780864980507419,False
G01,2023-03-24,2023-03-27,0.0098937373825313,-0.01689245168997062,0.01689245168997062,False
G01,2023-03-27,2023-03-28,0.0076257905047555,-0.018546465417599745,0.018546465417599745,False
G01,2023-03-28,2023-03-29,-0.0026184705346135,-0.02603267641151074,0.02603267641151074,False
G01,2023-03-29,2023-03-30,-0.0004902266487042,-0.0193651631441536,0.0193651631441536,False
G01,2023-03-30,2023-03-31,-0.0004526525439072,-0.029258033758690356,0.029258033758690356,False
G01,2023-03-31,2023-04-03,0.0148437262869299,-0.01918954310590589,0.01918954310590589,False
G01,2023-04-03,2023-04-04,0.0068652383653625,-0.017212263476574893,0.017212263476574893,False
G01,2023-04-04,2023-04-05,0.0062773576949225,-0.019530004229593813,0.019530004229593813,False
G01,2023-04-05,2023-04-06,-0.0066634171384527,-0.019530004229593813,0.019530004229593813,False
G01,2023-04-06,2023-04-07,-0.0048994207144437,-0.01470525194118457,0.01470525194118457,False
G01,2023-04-07,2023-04-10,0.0083904758779563,-0.01650963121677879,0.01650963121677879,False
G01,2023-04-10,2023-04-11,-0.0008026101014623,-0.01747945287054484,0.01747945287054484,False
G01,2023-04-11,2023-04-12,-0.0002824118127709,-0.020150820255024304,0.020150820255024304,False
G01,2023-04-12,2023-04-13,-0.0051773296380686,-0.02042624465838103,0.02042624465838103,False
G01,2023-04-13,2023-04-14,-0.0053765348241681,-0.02133593237777777,0.02133593237777777,False
G01,2023-04-14,2023-04-17,0.0020350082279479,-0.0193651631441536,0.0193651631441536,False
G01,2023-04-17,2023-04-18,0.001477407799826,-0.02478401694583939,0.02478401694583939,False
G01,2023-04-18,2023-04-19,0.0017820159236852,-0.02150141599962819,0.02150141599962819,False
G01,2023-04-19,2023-04-20,-0.0003655832910135,-0.022857879603528697,0.022857879603528697,False
G01,2023-04-20,2023-04-21,-0.0111527182932246,-0.024891017219682034,0.024891017219682034,False
G01,2023-04-21,2023-04-24,-0.0092523240386923,-0.01704742239113468,0.01704742239113468,False
G01,2023-04-24,2023-04-25,-0.002598892747321,-0.01704742239113468,0.01704742239113468,False
G01,2023-04-25,2023-04-26,0.0207971480756994,-0.022492438156358305,0.022492438156358305,False
G01,2023-04-26,2023-04-27,-0.0023023145499592,-0.01701221374139599,0.01701221374139599,False
G01,2023-04-27,2023-04-28,0.0006191296921161,-0.01904535135754933,0.01904535135754933,False
G01,2023-04-28,2023-05-04,-0.0121765630496204,-0.014870093026624783,0.014870093026624783,False
G01,2023-05-04,2023-05-05,0.001002152379972,-0.018259694246678625,0.018259694246678625,False
G01,2023-05-05,2023-05-08,0.0031552916816607,-0.02104189026612438,0.02104189026612438,False
G01,2023-05-08,2023-05-09,0.0057826835662311,-0.020140041302216808,0.020140041302216808,False
G01,2023-05-09,2023-05-10,0.0080371721183604,-0.016698901999150195,0.016698901999150195,False
G01,2023-05-10,2023-05-11,-0.0014142059665427,-0.02029652844749958,0.02029652844749958,False
G01,2023-05-11,2023-05-12,0.0177383685353598,-0.022693038518088484,0.022693038518088484,False
G01,2023-05-12,2023-05-15,-0.0024670195930334,-0.016698901999150195,0.016698901999150195,False
G01,2023-05-15,2023-05-16,-0.0033460984239821,-0.017022992694203487,0.017022992694203487,False
G01,2023-05-16,2023-05-17,-0.0055515111842359,-0.017022992694203487,0.017022992694203487,False
G01,2023-05-17,2023-05-18,0.0075371410333288,-0.01684737265595578,0.01684737265595578,False
G01,2023-05-18,2023-05-19,-0.0009635821634531,-0.023343533656153312,0.023343533656153312,False
G01,2023-05-19,2023-05-22,0.0025929472693077,-0.021511552416025478,0.021511552416025478,False
G01,2023-05-22,2023-05-23,-0.0077328081830263,-0.022462050612336394,0.022462050612336394,False
G01,2023-05-23,2023-05-24,-0.0116372846248567,-0.01918954310590589,0.01918954310590589,False
G01,2023-05-24,2023-05-25,0.0066576737830806,-0.01918954310590589,0.01918954310590589,False
G01,2023-05-25,2023-05-26,-4.1294379703497425e-05,-0.017212263476574893,0.017212263476574893,False
G01,2023-05-26,2023-05-29,0.0097671234493585,-0.0193651631441536,0.0193651631441536,False
G01,2023-05-29,2023-05-30,0.0079440001815304,-0.022911755504636703,0.022911755504636703,False
G01,2023-05-30,2023-05-31,-0.0036088497312695,-0.022126098393766,0.022126098393766,False
G01,2023-05-31,2023-06-01,0.0017601685262561,-0.027063388557356557,0.027063388557356557,False
G01,2023-06-01,2023-06-02,0.01694752914982,-0.02626695249367836,0.02626695249367836,False
G01,2023-06-02,2023-06-05,0.0089006773650243,-0.025802470784740964,0.025802470784740964,False
G01,2023-06-05,2023-06-06,0.0074161051063449,-0.024468268843716112,0.024468268843716112,False
G01,2023-06-06,2023-06-07,0.0119508434795478,-0.026442572531926067,0.026442572531926067,False
G01,2023-06-07,2023-06-08,-0.0117081877849168,-0.024468268843716112,0.024468268843716112,False
G01,2023-06-08,2023-06-09,0.011581566382377,-0.02357780973832093,0.02357780973832093,False
G01,2023-06-09,2023-06-12,0.0147169210085266,-0.024100402081975954,0.024100402081975954,False
G01,2023-06-12,2023-06-13,0.0047469123952134,-0.023411420566303548,0.023411420566303548,False
G01,2023-06-13,2023-06-14,-0.0124482196040913,-0.023924782043728245,0.023924782043728245,False
G01,2023-06-14,2023-06-15,-0.0024889899780597,-0.02499664251076317,0.02499664251076317,False
G01,2023-06-15,2023-06-16,0.0030285588261558,-0.02393556099653574,0.02393556099653574,False
G01,2023-06-16,2023-06-19,0.0007765783395085,-0.022126098393766,0.022126098393766,False
G01,2023-06-19,2023-06-20,0.0153662487522003,-0.02722822964279677,0.02722822964279677,False
G01,2023-06-20,2023-06-21,0.0160559924666267,-0.022126098393766,0.022126098393766,False
G01,2023-06-21,2023-06-22,0.0049704411075595,-0.022126098393766,0.022126098393766,False
G01,2023-06-22,2023-06-23,0.0046841226996514,-0.024468268843716112,0.024468268843716112,False
G01,2023-06-23,2023-06-26,0.011202909153268,-0.027679274084401205,0.027679274084401205,False
G01,2023-06-26,2023-06-27,0.012752272558008,-0.026041907852811946,0.026041907852811946,False
G01,2023-06-27,2023-06-28,0.0069929946495955,-0.02784059150277419,0.02784059150277419,False
G01,2023-06-28,2023-06-29,-0.0211056366043865,-0.027232624821105278,0.027232624821105278,False
G01,2023-06-29,2023-06-30,0.0073703501645494,-0.02393556099653574,0.02393556099653574,False
G01,2023-06-30,2023-07-03,-0.0001779431631168,-0.023924782043728245,0.023924782043728245,False
G01,2023-07-03,2023-07-04,0.0050301688734957,-0.02393556099653574,0.02393556099653574,False
G01,2023-07-04,2023-07-05,0.0095583629026515,-0.022126098393766,0.022126098393766,False
G01,2023-07-05,2023-07-06,-0.0014536634116244,-0.023133303784135837,0.023133303784135837,False
G01,2023-07-06,2023-07-07,0.0265098300671389,-0.027684981283564305,0.027684981283564305,False
G01,2023-07-07,2023-07-10,0.019388169144712,-0.03237465912330395,0.03237465912330395,False
G01,2023-07-10,2023-07-11,0.0011431087501213,-0.022126098393766,0.022126098393766,False
G01,2023-07-11,2023-07-12,0.0001179257734151,-0.024100402081975954,0.024100402081975954,False
G01,2023-07-12,2023-07-13,0.004132186198478,-0.02517226254901088,0.02517226254901088,False
G01,2023-07-13,2023-07-14,0.0173314117756443,-0.026634885602365824,0.026634885602365824,False
G01,2023-07-14,2023-07-17,-0.004899724745882,-0.02352677342216263,0.02352677342216263,False
G01,2023-07-17,2023-07-18,-0.0065510652170525,-0.02393556099653574,0.02393556099653574,False
G01,2023-07-18,2023-07-19,0.0046541761281664,-0.024545598069158736,0.024545598069158736,False
G01,2023-07-19,2023-07-20,0.0215795798712085,-0.023411420566303548,0.023411420566303548,False
G01,2023-07-20,2023-07-21,0.0284150701407261,-0.02229248756578338,0.02229248756578338,False
G01,2023-07-21,2023-07-24,0.010975976738417,-0.024191971437698193,0.024191971437698193,False
G01,2023-07-24,2023-07-25,-0.0043030177020656,-0.024100402081975954,0.024100402081975954,False
G01,2023-07-25,2023-07-26,0.001232703626158,-0.023759940958288032,0.023759940958288032,False
G01,2023-07-26,2023-07-27,0.0168330083679568,-0.026972627041542813,0.026972627041542813,False
G01,2023-07-27,2023-07-28,0.0040696247527649,-0.02845656098507876,0.02845656098507876,False
G01,2023-07-28,2023-07-31,-0.0013506500036099,-0.024100402081975954,0.024100402081975954,False
G01,2023-07-31,2023-08-01,-0.0249733249016596,-0.021961257308325786,0.021961257308325786,True
G01,2023-08-01,2023-08-02,-0.0039248203427307,-0.02331135004985116,0.02331135004985116,False
G01,2023-08-02,2023-08-03,-0.0006836700760028,-0.024156793046179504,0.024156793046179504,False
G01,2023-08-03,2023-08-04,0.0065898777571647,-0.021090874278186456,0.021090874278186456,False
G01,2023-08-04,2023-08-07,0.012139522705124,-0.023411420566303548,0.023411420566303548,False
G01,2023-08-07,2023-08-08,-0.006502926524311,-0.024100402081975954,0.024100402081975954,False
G01,2023-08-08,2023-08-09,-0.003327201154114,-0.026277731446485854,0.026277731446485854,False
G01,2023-08-09,2023-08-10,-0.0127386319492344,-0.025540129310751038,0.025540129310751038,False
G01,2023-08-10,2023-08-11,0.0116731054995941,-0.01650963121677879,0.01650963121677879,False
G01,2023-08-11,2023-08-14,0.0136219158784574,-0.016498852263971294,0.016498852263971294,False
G01,2023-08-14,2023-08-15,0.0019238126045246,-0.014870093026624783,0.014870093026624783,False
G01,2023-08-15,2023-08-16,0.0031189987382647,-0.018424535332118838,0.018424535332118838,False
G01,2023-08-16,2023-08-17,0.0059217294534041,-0.025161483596203384,0.025161483596203384,False
G01,2023-08-17,2023-08-18,-0.0437926635030288,-0.025362157203369866,0.025362157203369866,True
G01,2023-08-18,2023-08-21,-0.0101247823317101,-0.049410936588288074,0.049410936588288074,False
G01,2023-08-21,2023-08-22,0.0085543532362204,-0.01765497824291846,0.01765497824291846,False
G01,2023-08-22,2023-08-23,-0.0084214992645248,-0.028326757237840627,0.028326757237840627,False
G01,2023-08-23,2023-08-24,0.0300522695325977,-0.018259694246678625,0.018259694246678625,False
G01,2023-08-24,2023-08-25,-0.0009887032968119,-0.0243400228081283,0.0243400228081283,False
G01,2023-08-25,2023-08-28,0.032086668878502,-0.01684737265595578,0.01684737265595578,False
G01,2023-08-28,2023-08-29,0.0081122706600174,-0.017266555823807962,0.017266555823807962,False
G01,2023-08-29,2023-08-30,0.0189054913129344,-0.018424535332118838,0.018424535332118838,False
G01,2023-08-30,2023-08-31,0.0052789993903465,-0.01982159372199324,0.01982159372199324,False
G01,2023-08-31,2023-09-05,0.0057459027236099,-0.0171878337796437,0.0171878337796437,False
G01,2023-09-05,2023-09-06,0.0262951415774664,-0.03106887478293133,0.03106887478293133,False
G01,2023-09-06,2023-09-07,-0.007644208608121,-0.023319970106200485,0.023319970106200485,False
G01,2023-09-07,2023-09-08,0.0030632563629812,-0.022844553292510356,0.022844553292510356,False
G01,2023-09-08,2023-09-11,-0.0152786430756276,-0.016498852263971294,0.016498852263971294,False
G01,2023-09-11,2023-09-12,0.0219138966533047,-0.02085197725095176,0.02085197725095176,False
G01,2023-09-12,2023-09-13,0.0031904928599144,-0.01974287167782898,0.01974287167782898,False
G01,2023-09-13,2023-09-14,-0.0154859230778701,-0.02153017981381667,0.02153017981381667,False
G01,2023-09-14,2023-09-15,-0.0048781073170283,-0.017022992694203487,0.017022992694203487,False
G01,2023-09-15,2023-09-18,-0.0074087404792867,-0.018259694246678625,0.018259694246678625,False
G01,2023-09-18,2023-09-19,0.0147794226478277,-0.02364062034532661,0.02364062034532661,False
G01,2023-09-19,2023-09-20,0.0051632391998105,-0.018172988077077193,0.018172988077077193,False
G01,2023-09-20,2023-09-21,-0.0153170691307799,-0.018424535332118838,0.018424535332118838,False
G01,2023-09-21,2023-09-22,-0.0263244394815737,-0.01470525194118457,0.01470525194118457,True
G01,2023-09-22,2023-09-25,-0.0310100371103666,-0.022372544118746295,0.022372544118746295,True
G01,2023-09-25,2023-09-26,0.002932819853143,-0.05049050185023365,0.05049050185023365,False
G01,2023-09-26,2023-09-27,0.0098066826613449,-0.01713083781268627,0.01713083781268627,False
G01,2023-09-27,2023-09-28,0.0066651124177154,-0.0185032573762831,0.0185032573762831,False
G01,2023-09-28,2023-09-29,-0.0104644751502925,-0.02012152584736087,0.02012152584736087,False
G01,2023-09-29,2023-10-02,-0.0043445613310776,-0.021424527853029784,0.021424527853029784,False
G01,2023-10-02,2023-10-03,-0.0398765429937311,-0.018259694246678625,0.018259694246678625,True
G01,2023-10-03,2023-10-04,0.0083602040741856,-0.02494931937960743,0.02494931937960743,False
G01,2023-10-04,2023-10-05,-0.0227987736632848,-0.024467058803992588,0.024467058803992588,False
G01,2023-10-05,2023-10-06,0.0140538777668116,-0.025472869773779192,0.025472869773779192,False
G01,2023-10-06,2023-10-09,0.0152878010848466,-0.01701221374139599,0.01701221374139599,False
G01,2023-10-09,2023-10-10,0.0152483222605692,-0.019271628185451077,0.019271628185451077,False
G01,2023-10-10,2023-10-11,0.0079812858459831,-0.016498852263971294,0.016498852263971294,False
G01,2023-10-11,2023-10-12,-0.0132393225130859,-0.018424535332118838,0.018424535332118838,False
G01,2023-10-12,2023-10-13,0.0059532703145134,-0.014191890463759873,0.014191890463759873,False
G01,2023-10-13,2023-10-16,-0.0134033317533804,-0.017354222951661082,0.017354222951661082,False
G01,2023-10-16,2023-10-17,-0.0310406581756294,-0.01529082428105413,0.01529082428105413,True
G01,2023-10-17,2023-10-18,-0.0225992729415142,-0.0236702321698374,0.0236702321698374,False
G01,2023-10-18,2023-10-19,-0.0206378003500223,-0.045413172216552285,0.045413172216552285,False
G01,2023-10-19,2023-10-20,0.0256243308682393,-0.017277334776615458,0.017277334776615458,False
G01,2023-10-20,2023-10-23,-0.0241678070570716,-0.026874412411694543,0.026874412411694543,False
G01,2023-10-23,2023-10-24,0.0036529680365296,-0.02670957132625433,0.02670957132625433,False
G01,2023-10-24,2023-10-25,0.0005156545492693,-0.018944095812355965,0.018944095812355965,False
G01,2023-10-25,2023-10-26,-0.0439282546408036,-0.01824891529387113,0.01824891529387113,True
G01,2023-10-26,2023-10-27,0.0089697494675953,-0.027220592785497617,0.027220592785497617,False
G01,2023-10-27,2023-10-30,-0.0246607118165481,-0.019056520880833813,0.019056520880833813,True
G01,2023-10-30,2023-10-31,-0.0308128641043745,-0.01650963121677879,0.01650963121677879,True
G01,2023-10-31,2023-11-01,0.0003080301427086,-0.021884899208613584,0.021884899208613584,False
G01,2023-11-01,2023-11-02,0.0502322886863435,-0.0292815466112481,0.0292815466112481,False
G01,2023-11-02,2023-11-03,0.008112759392135,-0.0438688242895748,0.0438688242895748,False
G01,2023-11-03,2023-11-06,0.0067011685926845,-0.026711639685004812,0.026711639685004812,False
G01,2023-11-06,2023-11-07,0.0011568688511804,-0.021589368938469997,0.021589368938469997,False
G01,2023-11-07,2023-11-08,0.0434098326757769,-0.016674472302219003,0.016674472302219003,False
G01,2023-11-08,2023-11-09,0.0023449329831053,-0.05008359765110062,0.05008359765110062,False
G01,2023-11-09,2023-11-10,-0.0136530353899644,-0.0171878337796437,0.0171878337796437,False
G01,2023-11-10,2023-11-13,0.0136810984797282,-0.01633401117853108,0.01633401117853108,False
G01,2023-11-13,2023-11-14,0.014403207908915,-0.01824891529387113,0.01824891529387113,False
G01,2023-11-14,2023-11-15,0.0024212121599924,-0.024390582562766702,0.024390582562766702,False
G01,2023-11-15,2023-11-16,0.0016178517828278,-0.01701221374139599,0.01701221374139599,False
G01,2023-11-16,2023-11-17,-0.0167368888922546,-0.018424535332118838,0.018424535332118838,False
G01,2023-11-17,2023-11-20,-0.0061096013639952,-0.0215860487079601,0.0215860487079601,False
G01,2023-11-20,2023-11-21,0.0123310952887126,-0.024959508296354495,0.024959508296354495,False
G01,2023-11-21,2023-11-22,-0.0029441040598597,-0.016498852263971294,0.016498852263971294,False
G01,2023-11-22,2023-11-23,-0.0455359238893177,-0.01470525194118457,0.01470525194118457,True
G01,2023-11-23,2023-11-24,0.0198650111254855,-0.048202966585288325,0.048202966585288325,False
G01,2023-11-24,2023-11-27,-0.0078504060605255,-0.025566300671023553,0.025566300671023553,False
G01,2023-11-27,2023-11-28,0.0065409935570085,-0.017022992694203487,0.017022992694203487,False
G01,2023-11-28,2023-11-29,0.0129382353671259,-0.01701221374139599,0.01701221374139599,False
G01,2023-11-29,2023-11-30,-0.0073643732290581,-0.02141374890022229,0.02141374890022229,False
G01,2023-11-30,2023-12-01,0.0082395923829627,-0.020702432577739144,0.020702432577739144,False
G01,2023-12-01,2023-12-04,0.0221402555593758,-0.018424535332118838,0.018424535332118838,False
G01,2023-12-04,2023-12-05,0.0016745740213162,-0.015036737472957926,0.015036737472957926,False
G01,2023-12-05,2023-12-06,0.0129884595257326,-0.0171878337796437,0.0171878337796437,False
G01,2023-12-06,2023-12-07,-0.0033236610599616,-0.018424535332118838,0.018424535332118838,False
G01,2023-12-07,2023-12-08,0.0150492588668922,-0.014972441335154515,0.014972441335154515,False
G01,2023-12-08,2023-12-11,-0.0002857464951784,-0.028029976030714953,0.028029976030714953,False
G01,2023-12-11,2023-12-12,0.0116998647156552,-0.017022992694203487,0.017022992694203487,False
G01,2023-12-12,2023-12-13,-0.0188655193137406,-0.014356731549200087,0.014356731549200087,True
G01,2023-12-13,2023-12-14,-0.0010774681872047,-0.025297249735531484,0.025297249735531484,False
G01,2023-12-14,2023-12-15,-0.0097422740182738,-0.017348875210294705,0.017348875210294705,False
G01,2023-12-15,2023-12-18,-0.0195513426119977,-0.01684737265595578,0.01684737265595578,True
G01,2023-12-18,2023-12-19,0.0185442767197433,-0.017022992694203487,0.017022992694203487,False
G01,2023-12-19,2023-12-20,0.0146455891949909,-0.018424535332118838,0.018424535332118838,False
G01,2023-12-20,2023-12-21,0.0033732191013362,-0.014870093026624783,0.014870093026624783,False
G01,2023-12-21,2023-12-22,-0.0060963695723643,-0.018424535332118838,0.018424535332118838,False
G01,2023-12-22,2023-12-25,0.0124082336328947,-0.01904535135754933,0.01904535135754933,False
G01,2023-12-25,2023-12-26,0.0087228855793268,-0.016804683910241515,0.016804683910241515,False
G01,2023-12-26,2023-12-27,-0.0003614601351741,-0.014870093026624783,0.014870093026624783,False
G01,2023-12-27,2023-12-28,0.0027975025640321,-0.020150820255024304,0.020150820255024304,False
G01,2023-12-28,2023-12-29,-0.0036502474700669,-0.017997920587445596,0.017997920587445596,False
G01,2023-12-29,2024-01-02,-0.0092483697468886,-0.019637458777599606,0.019637458777599606,False
G01,2024-01-02,2024-01-03,0.011399925579851,-0.01704742239113468,0.01704742239113468,False
G01,2024-01-03,2024-01-04,0.0025836795266315,-0.019530004229593813,0.019530004229593813,False
G01,2024-01-04,2024-01-05,0.0062463670342195,-0.017212263476574893,0.017212263476574893,False
G01,2024-01-05,2024-01-08,-0.0045946094815102,-0.0171878337796437,0.0171878337796437,False
G01,2024-01-08,2024-01-09,-0.0082143646413126,-0.01470525194118457,0.01470525194118457,False
G01,2024-01-09,2024-01-10,-0.0141314944689594,-0.020523745046930744,0.020523745046930744,False
G01,2024-01-10,2024-01-11,0.0044328309811741,-0.01470525194118457,0.01470525194118457,False
G01,2024-01-11,2024-01-12,-0.0096964515912262,-0.017973490890514403,0.017973490890514403,False
G01,2024-01-12,2024-01-15,0.0098718215909379,-0.01704742239113468,0.01704742239113468,False
G01,2024-01-15,2024-01-16,0.0205142441294177,-0.0171878337796437,0.0171878337796437,False
G01,2024-01-16,2024-01-17,0.0027570202412817,-0.014870093026624783,0.014870093026624783,False
G01,2024-01-17,2024-01-18,0.006706284447455,-0.02493431512230858,0.02493431512230858,False
G01,2024-01-18,2024-01-19,0.0056816726170922,-0.018424535332118838,0.018424535332118838,False
G01,2024-01-19,2024-01-22,0.0070468127692916,-0.017212263476574893,0.017212263476574893,False
G01,2024-01-22,2024-01-23,-0.0076553052794819,-0.01835994797202415,0.01835994797202415,False
G01,2024-01-23,2024-01-24,-0.0104403838350971,-0.020150820255024304,0.020150820255024304,False
G01,2024-01-24,2024-01-25,0.0063426801873525,-0.01684737265595578,0.01684737265595578,False
G01,2024-01-25,2024-01-26,0.001642785585167,-0.016674472302219003,0.016674472302219003,False
G01,2024-01-26,2024-01-29,-0.0062390656235683,-0.022163224758914066,0.022163224758914066,False
G01,2024-01-29,2024-01-30,0.0049168229731659,-0.017833079502005383,0.017833079502005383,False
G01,2024-01-30,2024-01-31,-0.0055059302710746,-0.020140041302216808,0.020140041302216808,False
G01,2024-01-31,2024-02-01,0.0247057353824299,-0.01704742239113468,0.01704742239113468,False
G01,2024-02-01,2024-02-02,0.0162005825780483,-0.014870093026624783,0.014870093026624783,False
G01,2024-02-02,2024-02-05,0.0061717553457424,-0.0171878337796437,0.0171878337796437,False
G01,2024-02-05,2024-02-06,-0.0004011974601699,-0.0171878337796437,0.0171878337796437,False
G01,2024-02-06,2024-02-07,0.00100495582474,-0.018259694246678625,0.018259694246678625,False
G01,2024-02-07,2024-02-15,-0.001723854873404,-0.02086627022787667,0.02086627022787667,False
G01,2024-02-15,2024-02-16,0.0055493063401613,-0.017378652648592275,0.017378652648592275,False
G01,2024-02-16,2024-02-19,0.0103545894415427,-0.02330579527522241,0.02330579527522241,False
G01,2024-02-19,2024-02-20,-0.0022424482258277,-0.01935865274844677,0.01935865274844677,False
G01,2024-02-20,2024-02-21,-0.0043818206434664,-0.021783848049471484,0.021783848049471484,False
G01,2024-02-21,2024-02-22,-0.0127907402434262,-0.01704742239113468,0.01704742239113468,False
G01,2024-02-22,2024-02-23,-0.0135613358137871,-0.01684737265595578,0.01684737265595578,False
G01,2024-02-23,2024-02-26,0.020516839577511,-0.02144789583090109,0.02144789583090109,False
G01,2024-02-26,2024-02-27,0.0205161356038269,-0.023476191135291372,0.023476191135291372,False
G01,2024-02-27,2024-02-28,0.0087459778981719,-0.014870093026624783,0.014870093026624783,False
G01,2024-02-28,2024-02-29,0.0124563235867454,-0.01701221374139599,0.01701221374139599,False
G01,2024-02-29,2024-03-01,0.0068362966810266,-0.018424535332118838,0.018424535332118838,False
G01,2024-03-01,2024-03-04,0.0070307744658963,-0.02625651018722293,0.02625651018722293,False
G01,2024-03-04,2024-03-05,0.0198253245639566,-0.026432130225470637,0.026432130225470637,False
G01,2024-03-05,2024-03-06,-0.0170938294346607,-0.02653662990664753,0.02653662990664753,False
G01,2024-03-06,2024-03-07,0.0108719050862041,-0.017022992694203487,0.017022992694203487,False
G01,2024-03-07,2024-03-08,-0.0199278228989799,-0.01744217586205567,0.01744217586205567,True
G01,2024-03-08,2024-03-11,-0.0138210654802796,-0.014972441335154515,0.014972441335154515,False
G01,2024-03-11,2024-03-12,0.0115869072703465,-0.03146470266896737,0.03146470266896737,False
G01,2024-03-12,2024-03-13,0.0347659067290206,-0.020315108791848405,0.020315108791848405,False
G01,2024-03-13,2024-03-14,-0.0139475973569439,-0.025462090820971697,0.025462090820971697,False
G01,2024-03-14,2024-03-15,-0.0047102706962319,-0.018084074208430917,0.018084074208430917,False
G01,2024-03-15,2024-03-18,-0.024402876679069,-0.018084074208430917,0.018084074208430917,True
G01,2024-03-18,2024-03-19,-0.003681486655586,-0.021365338728376457,0.021365338728376457,False
G01,2024-03-19,2024-03-20,0.0281122932735289,-0.02508041533988516,0.02508041533988516,False
G01,2024-03-20,2024-03-21,0.0112160263596721,-0.023319970106200485,0.023319970106200485,False
G01,2024-03-21,2024-03-22,0.0035946253824189,-0.01701221374139599,0.01701221374139599,False
G01,2024-03-22,2024-03-25,-0.0118458194383208,-0.016106794579099918,0.016106794579099918,False
G01,2024-03-25,2024-03-26,0.0092019491029577,-0.017022992694203487,0.017022992694203487,False
G01,2024-03-26,2024-03-27,0.0151340553113619,-0.01974287167782898,0.01974287167782898,False
G01,2024-03-27,2024-03-28,0.0070267048251458,-0.014356731549200087,0.014356731549200087,False
G01,2024-03-28,2024-03-29,-0.0043538987375982,-0.014870093026624783,0.014870093026624783,False
G01,2024-03-29,2024-04-01,0.0012054552164804,-0.018259694246678625,0.018259694246678625,False
G01,2024-04-01,2024-04-02,0.0051104567331274,-0.016698901999150195,0.016698901999150195,False
G01,2024-04-02,2024-04-03,-0.0194932408953478,-0.019520773363363487,0.019520773363363487,False
G01,2024-04-03,2024-04-04,-0.0035797797412202,-0.01684737265595578,0.01684737265595578,False
G01,2024-04-04,2024-04-05,-0.0005779501046142,-0.01684737265595578,0.01684737265595578,False
G01,2024-04-05,2024-04-08,-0.0081153384154923,-0.017022992694203487,0.017022992694203487,False
G01,2024-04-08,2024-04-09,0.0232139340084989,-0.017022992694203487,0.017022992694203487,False
G01,2024-04-09,2024-04-10,-0.0055240891750562,-0.016106794579099918,0.016106794579099918,False
G01,2024-04-10,2024-04-11,0.0080050340884432,-0.017022992694203487,0.017022992694203487,False
G01,2024-04-11,2024-04-12,0.0003036580230672,-0.01824891529387113,0.01824891529387113,False
G01,2024-04-12,2024-04-15,-0.0406603801471682,-0.01780864980507419,0.01780864980507419,True
G01,2024-04-15,2024-04-16,0.0022742695932165,-0.055099063730442974,0.055099063730442974,False
G01,2024-04-16,2024-04-17,-0.0109563680554463,-0.017819819328358674,0.017819819328358674,False
G01,2024-04-17,2024-04-19,-0.018866418107036,-0.017022992694203487,0.017022992694203487,True
G01,2024-04-19,2024-04-22,0.0091949857467764,-0.014191890463759873,0.014191890463759873,False
G01,2024-04-22,2024-04-23,0.0095323592753889,-0.021589368938469997,0.021589368938469997,False
G01,2024-04-23,2024-04-24,0.0543731454656875,-0.014870093026624783,0.014870093026624783,False
G01,2024-04-24,2024-04-25,0.0152286047609058,-0.027191841913439253,0.027191841913439253,False
G01,2024-04-25,2024-04-26,0.0050917792000099,-0.02688725972325252,0.02688725972325252,False
G01,2024-04-26,2024-05-02,0.0146217653878146,-0.016674472302219003,0.016674472302219003,False
G01,2024-05-02,2024-05-03,0.0006149362909541,-0.01824891529387113,0.01824891529387113,False
G01,2024-05-03,2024-05-06,0.027621878518948,-0.02224846184799549,0.02224846184799549,False
G01,2024-05-06,2024-05-07,0.0250156332645892,-0.017608565034073053,0.017608565034073053,False
G01,2024-05-07,2024-05-08,0.004172126179043,-0.017266555823807962,0.017266555823807962,False
G01,2024-05-08,2024-05-09,-0.005665651558888,-0.01701221374139599,0.01701221374139599,False
G01,2024-05-09,2024-05-10,0.0017715419501133,-0.017022992694203487,0.017022992694203487,False
G01,2024-05-10,2024-05-13,-0.0094762696735039,-0.02824283928070655,0.02824283928070655,False
G01,2024-05-13,2024-05-14,0.0123959593094317,-0.024153981822751306,0.024153981822751306,False
G01,2024-05-14,2024-05-15,0.0241679991963664,-0.014870093026624783,0.014870093026624783,False
G01,2024-05-15,2024-05-16,0.0026095954708027,-0.014870093026624783,0.014870093026624783,False
G01,2024-05-16,2024-05-17,-0.0038919346371963,-0.0171878337796437,0.0171878337796437,False
G01,2024-05-17,2024-05-20,0.0027150567902941,-0.017022992694203487,0.017022992694203487,False
G01,2024-05-20,2024-05-21,0.0087249989463051,-0.01701221374139599,0.01701221374139599,False
G01,2024-05-21,2024-05-22,0.0019376361000815,-0.01974287167782898,0.01974287167782898,False
G01,2024-05-22,2024-05-23,0.0165932916324212,-0.018845291271022073,0.018845291271022073,False
G01,2024-05-23,2024-05-24,-0.0285325300372845,-0.019530004229593813,0.019530004229593813,True
G01,2024-05-24,2024-05-27,-0.0004711162549743,-0.021365338728376457,0.021365338728376457,False
G01,2024-05-27,2024-05-28,0.0218475429220355,-0.017542553174440614,0.017542553174440614,False
G01,2024-05-28,2024-05-29,-0.0148998297668624,-0.01824891529387113,0.01824891529387113,False
G01,2024-05-29,2024-05-30,0.0068901211322012,-0.016665241435988676,0.016665241435988676,False
G01,2024-05-30,2024-05-31,0.0073790531396718,-0.017992252444147636,0.017992252444147636,False
G01,2024-05-31,2024-06-03,0.0125200191927479,-0.0171878337796437,0.0171878337796437,False
G01,2024-06-03,2024-06-04,0.0076820133042067,-0.01742513092481006,0.01742513092481006,False
G01,2024-06-04,2024-06-05,-0.0076083089388085,-0.024927207514035765,0.024927207514035765,False
G01,2024-06-05,2024-06-06,-0.0011313018768874,-0.01918954310590589,0.01918954310590589,False
G01,2024-06-06,2024-06-07,0.0067839286324276,-0.02121272656260315,0.02121272656260315,False
G01,2024-06-07,2024-06-10,0.0095640255744753,-0.02164986328148937,0.02164986328148937,False
G01,2024-06-10,2024-06-11,-0.0002059050854298,-0.019354384191346104,0.019354384191346104,False
G01,2024-06-11,2024-06-12,0.0260877103123863,-0.01704742239113468,0.01704742239113468,False
G01,2024-06-12,2024-06-13,-0.0029379626177712,-0.01701221374139599,0.01701221374139599,False
G01,2024-06-13,2024-06-14,-0.0072295781287423,-0.01684737265595578,0.01684737265595578,False
G01,2024-06-14,2024-06-17,-0.0068668270610379,-0.01684737265595578,0.01684737265595578,False
G01,2024-06-17,2024-06-18,-0.0016220853557602,-0.01684737265595578,0.01684737265595578,False
G01,2024-06-18,2024-06-19,0.0145350776676598,-0.01974287167782898,0.01974287167782898,False
G01,2024-06-19,2024-06-20,0.0056167710448199,-0.014870093026624783,0.014870093026624783,False
G01,2024-06-20,2024-06-21,0.0034844301085242,-0.01824891529387113,0.01824891529387113,False
G01,2024-06-21,2024-06-24,-0.0216469998528922,-0.021377567648043362,0.021377567648043362,True
G01,2024-06-24,2024-06-25,-0.0053111231818456,-0.014966780096728836,0.014966780096728836,False
G01,2024-06-25,2024-06-26,0.0101818042121089,-0.017022992694203487,0.017022992694203487,False
G01,2024-06-26,2024-06-27,0.0061773036862317,-0.01701221374139599,0.01701221374139599,False
G01,2024-06-27,2024-06-28,-0.0146575587492205,-0.0171878337796437,0.0171878337796437,False
G01,2024-06-28,2024-07-01,0.0137790527273147,-0.015941953493659705,0.015941953493659705,False
G01,2024-07-01,2024-07-02,0.0036071050236831,-0.014870093026624783,0.014870093026624783,False
G01,2024-07-02,2024-07-03,0.0058929255546665,-0.01701221374139599,0.01701221374139599,False
G01,2024-07-03,2024-07-04,0.0095339482127314,-0.0171878337796437,0.0171878337796437,False
G01,2024-07-04,2024-07-05,0.0092200396755567,-0.018424535332118838,0.018424535332118838,False
G01,2024-07-05,2024-07-08,0.0110248407186978,-0.030779980984441284,0.030779980984441284,False
G01,2024-07-08,2024-07-09,-0.0037154960541724,-0.02330937831929628,0.02330937831929628,False
G01,2024-07-09,2024-07-10,-0.0170817311972603,-0.02711164448681848,0.02711164448681848,False
G01,2024-07-10,2024-07-11,-0.0057625505279677,-0.01684737265595578,0.01684737265595578,False
G01,2024-07-11,2024-07-12,-0.0020340758665086,-0.017022992694203487,0.017022992694203487,False
G01,2024-07-12,2024-07-15,-0.0057568957805702,-0.017022992694203487,0.017022992694203487,False
G01,2024-07-15,2024-07-16,0.0021763786509986,-0.0193651631441536,0.0193651631441536,False
G01,2024-07-16,2024-07-17,-0.0113082115544183,-0.01844896502905003,0.01844896502905003,False
G01,2024-07-17,2024-07-18,0.0001559798236947,-0.02765653605414024,0.02765653605414024,False
G01,2024-07-18,2024-07-19,-0.0042295060037718,-0.021511552416025478,0.021511552416025478,False
G01,2024-07-19,2024-07-22,-0.0082977426255588,-0.021511552416025478,0.021511552416025478,False
G01,2024-07-22,2024-07-23,-0.0135822503530146,-0.01918954310590589,0.01918954310590589,False
G01,2024-07-23,2024-07-24,-0.0056740987740725,-0.02042624465838103,0.02042624465838103,False
G01,2024-07-24,2024-07-25,-0.0090479261271676,-0.027643688742582263,0.027643688742582263,False
G01,2024-07-25,2024-07-26,0.0091525766930103,-0.02410536010881133,0.02410536010881133,False
G01,2024-07-26,2024-07-29,0.0136012898676336,-0.01824891529387113,0.01824891529387113,False
G01,2024-07-29,2024-07-30,0.00280771711279,-0.016106794579099918,0.016106794579099918,False
G01,2024-07-30,2024-07-31,-0.0025484057970421,-0.0171878337796437,0.0171878337796437,False
G01,2024-07-31,2024-08-01,-0.024838280179164,-0.01470525194118457,0.01470525194118457,True
G01,2024-08-01,2024-08-02,0.0069177092768896,-0.021365338728376457,0.021365338728376457,False
G01,2024-08-02,2024-08-05,-0.0352636553481193,-0.017961736342292797,0.017961736342292797,True
G01,2024-08-05,2024-08-06,0.0144121659417245,-0.025475528168590104,0.025475528168590104,False
G01,2024-08-06,2024-08-07,6.044660776116661e-05,-0.017819819328358674,0.017819819328358674,False
G01,2024-08-07,2024-08-08,-0.0067644074025787,-0.018259694246678625,0.018259694246678625,False
G01,2024-08-08,2024-08-09,0.0380007745017299,-0.01684737265595578,0.01684737265595578,False
G01,2024-08-09,2024-08-12,0.0106310369090434,-0.024556671658675623,0.024556671658675623,False
G01,2024-08-12,2024-08-13,-0.0060287831572782,-0.016674472302219003,0.016674472302219003,False
G01,2024-08-13,2024-08-14,-0.0002796915558517,-0.023525664876120414,0.023525664876120414,False
G01,2024-08-14,2024-08-15,-0.008916039901147,-0.018259694246678625,0.018259694246678625,False
G01,2024-08-15,2024-08-16,0.0259486565352284,-0.029073988341135035,0.029073988341135035,False
G01,2024-08-16,2024-08-19,0.0029087162035138,-0.014870093026624783,0.014870093026624783,False
G01,2024-08-19,2024-08-20,0.004403645555919,-0.0171878337796437,0.0171878337796437,False
G01,2024-08-20,2024-08-21,0.0110941798692745,-0.023690505961560627,0.023690505961560627,False
G01,2024-08-21,2024-08-22,-0.0034628477519495,-0.018172988077077193,0.018172988077077193,False
G01,2024-08-22,2024-08-23,0.0020735818480939,-0.01974287167782898,0.01974287167782898,False
G01,2024-08-23,2024-08-26,-0.0056343013233524,-0.02167639350146569,0.02167639350146569,False
G01,2024-08-26,2024-08-27,-0.0005589779657042,-0.018676181628481194,0.018676181628481194,False
G01,2024-08-27,2024-08-28,-0.0005993316593435,-0.016534060913709982,0.016534060913709982,False
G01,2024-08-28,2024-08-29,-0.0016696015619562,-0.024443555822151467,0.024443555822151467,False
G01,2024-08-29,2024-08-30,0.0047209925025592,-0.024619175860399176,0.024619175860399176,False
G01,2024-08-30,2024-09-04,-0.0109475302274186,-0.02150141599962819,0.02150141599962819,False
G01,2024-09-04,2024-09-05,-0.0145024168135512,-0.01918954310590589,0.01918954310590589,False
G01,2024-09-05,2024-09-06,0.0090063873731622,-0.01889498580958423,0.01889498580958423,False
G01,2024-09-06,2024-09-09,-0.0018479155145194,-0.0171878337796437,0.0171878337796437,False
G01,2024-09-09,2024-09-10,-0.0077894805198032,-0.017022992694203487,0.017022992694203487,False
G01,2024-09-10,2024-09-11,0.0042084993967816,-0.015941953493659705,0.015941953493659705,False
G01,2024-09-11,2024-09-12,-0.0003190340855614,-0.018424535332118838,0.018424535332118838,False
G01,2024-09-12,2024-09-13,-0.0011266001573628,-0.020150820255024304,0.020150820255024304,False
G01,2024-09-13,2024-09-16,-0.0122070384018379,-0.01997946877387726,0.01997946877387726,False
G01,2024-09-16,2024-09-17,0.0135082312031119,-0.02060186469662874,0.02060186469662874,False
G01,2024-09-17,2024-09-18,0.0093277539655424,-0.014870093026624783,0.014870093026624783,False
G01,2024-09-18,2024-09-19,0.0034458108333098,-0.014870093026624783,0.014870093026624783,False
G01,2024-09-19,2024-09-20,0.0046068374551948,-0.017973490890514403,0.017973490890514403,False
G01,2024-09-20,2024-09-23,-0.0061210837300026,-0.016106794579099918,0.016106794579099918,False
G01,2024-09-23,2024-09-24,0.0070980463748147,-0.018851801666728903,0.018851801666728903,False
G01,2024-09-24,2024-09-25,0.0082278333025297,-0.020315661340464516,0.020315661340464516,False
G01,2024-09-25,2024-09-26,-0.0050451082957279,-0.017997920587445596,0.017997920587445596,False
G01,2024-09-26,2024-09-27,-0.004188710212491,-0.020150820255024304,0.020150820255024304,False
G01,2024-09-27,2024-09-30,0.0076534631878305,-0.01704742239113468,0.01704742239113468,False
G01,2024-09-30,2024-10-01,0.0069399594233064,-0.019530004229593813,0.019530004229593813,False
G01,2024-10-01,2024-10-02,-0.0087113168952345,-0.017997920587445596,0.017997920587445596,False
G01,2024-10-02,2024-10-03,-0.0102390848432361,-0.020150820255024304,0.020150820255024304,False
G01,2024-10-03,2024-10-04,0.0007338895435772,-0.01470525194118457,0.01470525194118457,False
G01,2024-10-04,2024-10-07,0.0021025763014691,-0.017973490890514403,0.017973490890514403,False
G01,2024-10-07,2024-10-08,0.0006807519293277,-0.020315661340464516,0.020315661340464516,False
G01,2024-10-08,2024-10-09,0.0057067128413433,-0.017212263476574893,0.017212263476574893,False
G01,2024-10-09,2024-10-10,0.0167226689703284,-0.01821946886694473,0.01821946886694473,False
G01,2024-10-10,2024-10-11,-0.0070183756018283,-0.01821946886694473,0.01821946886694473,False
G01,2024-10-11,2024-10-14,-0.0123863653819343,-0.017022992694203487,0.017022992694203487,False
G01,2024-10-14,2024-10-15,0.0038688580251147,-0.01684737265595578,0.01684737265595578,False
G01,2024-10-15,2024-10-16,0.0033572698479854,-0.01701221374139599,0.01701221374139599,False
G01,2024-10-16,2024-10-17,0.0052028444141178,-0.018139880062531786,0.018139880062531786,False
G01,2024-10-17,2024-10-18,-0.0042538436060043,-0.021987604720666357,0.021987604720666357,False
G01,2024-10-18,2024-10-21,-0.0056633105258353,-0.020150820255024304,0.020150820255024304,False
G01,2024-10-21,2024-10-22,-0.0045299350880716,-0.021511552416025478,0.021511552416025478,False
G01,2024-10-22,2024-10-23,-0.0027723504385511,-0.019193811663006557,0.019193811663006557,False
G01,2024-10-23,2024-10-24,-0.0013005337699335,-0.021511552416025478,0.021511552416025478,False
G01,2024-10-24,2024-10-25,-0.0002466425878262,-0.024619175860399176,0.024619175860399176,False
G01,2024-10-25,2024-10-28,0.0059911752197205,-0.024619175860399176,0.024619175860399176,False
G01,2024-10-28,2024-10-29,0.0101830635606544,-0.02987218103235036,0.02987218103235036,False
G01,2024-10-29,2024-10-30,-0.0019346292971645,-0.025253925954586816,0.025253925954586816,False
G01,2024-10-30,2024-10-31,0.0011685856694223,-0.029707339946910147,0.029707339946910147,False
G01,2024-10-31,2024-11-01,-0.0099823771850019,-0.02863547947987522,0.02863547947987522,False
G01,2024-11-01,2024-11-04,-0.0120914665017177,-0.025089084869146603,0.025089084869146603,False
G01,2024-11-04,2024-11-05,0.0046320153205518,-0.023759940958288032,0.023759940958288032,False
G01,2024-11-05,2024-11-06,0.0106347169296459,-0.02722822964279677,0.02722822964279677,False
G01,2024-11-06,2024-11-07,0.0001673739644468,-0.022126098393766,0.022126098393766,False
G01,2024-11-07,2024-11-08,0.0004113183152858,-0.023197958860800925,0.023197958860800925,False
G01,2024-11-08,2024-11-11,0.0044706592965746,-0.02499664251076317,0.02499664251076317,False
G01,2024-11-11,2024-11-12,-0.0176711176738705,-0.025875518680794563,0.025875518680794563,False
G01,2024-11-12,2024-11-13,0.0031095249344387,-0.023422199519111044,0.023422199519111044,False
G01,2024-11-13,2024-11-14,-0.0168946736521861,-0.024100402081975954,0.024100402081975954,False
G01,2024-11-14,2024-11-15,-0.0178930068716532,-0.027062836008740446,0.027062836008740446,False
G01,2024-11-15,2024-11-18,-0.0065352297526547,-0.021961257308325786,0.021961257308325786,False
G01,2024-11-18,2024-11-19,-0.0223267841982983,-0.023759940958288032,0.023759940958288032,False
G01,2024-11-19,2024-11-20,0.0040410667409221,-0.023759940958288032,0.023759940958288032,False
G01,2024-11-20,2024-11-21,0.0157815526142645,-0.031596028175269526,0.031596028175269526,False
G01,2024-11-21,2024-11-22,0.0072413949559723,-0.025337103634451092,0.025337103634451092,False
G01,2024-11-22,2024-11-25,0.0025773195876289,-0.023924782043728245,0.023924782043728245,False
G01,2024-11-25,2024-11-26,0.0095729900483854,-0.026122760745321796,0.026122760745321796,False
G01,2024-11-26,2024-11-27,0.0095750821072508,-0.025362157203369866,0.025362157203369866,False
G01,2024-11-27,2024-11-28,0.0012581914335936,-0.025528546375387248,0.025528546375387248,False
G01,2024-11-28,2024-11-29,0.0189467541969973,-0.029031308471067524,0.029031308471067524,False
G01,2024-11-29,2024-12-02,-0.0012923720881965,-0.024468268843716112,0.024468268843716112,False
G01,2024-12-02,2024-12-03,0.0046068236587585,-0.028125294864935403,0.028125294864935403,False
G01,2024-12-03,2024-12-04,-0.0165958564096989,-0.028114515912127908,0.028114515912127908,False
G01,2024-12-04,2024-12-05,0.0425239485933109,-0.021961257308325786,0.021961257308325786,False
G01,2024-12-05,2024-12-06,-9.629932821238658e-05,-0.023459422956067028,0.023459422956067028,False
G01,2024-12-06,2024-12-09,-0.0051000024157417,-0.017022992694203487,0.017022992694203487,False
G01,2024-12-09,2024-12-10,0.0071346428798838,-0.02331135004985116,0.02331135004985116,False
G01,2024-12-10,2024-12-11,-0.0039488659845984,-0.022738588999556556,0.022738588999556556,False
G01,2024-12-11,2024-12-12,-0.0037275806824097,-0.033279891908264164,0.033279891908264164,False
G01,2024-12-12,2024-12-13,0.000408957469829,-0.027684981283564305,0.027684981283564305,False
G01,2024-12-13,2024-12-16,-0.0015989510993937,-0.027509361245316596,0.027509361245316596,False
G01,2024-12-16,2024-12-17,-0.0080539434737428,-0.027684981283564305,0.027684981283564305,False
G05,2021-12-30,2021-12-31,0.006838500474531,-0.02068913129817171,0.02068913129817171,False
G05,2021-12-31,2022-01-04,0.0089758765667637,-0.02591721680681355,0.02591721680681355,False
G05,2022-01-04,2022-01-05,-0.0009088672241971,-0.0245099669697351,0.0245099669697351,False
G05,2022-01-05,2022-01-06,-0.0043981826817441,-0.02592842687342333,0.02592842687342333,False
G05,2022-01-06,2022-01-07,-0.0073351410795538,-0.025458804658899884,0.025458804658899884,False
G05,2022-01-07,2022-01-10,-0.0122510538836361,-0.025458804658899884,0.025458804658899884,False
G05,2022-01-10,2022-01-11,-0.0160592689353921,-0.026357530388184648,0.026357530388184648,False
G05,2022-01-11,2022-01-12,0.0190836110690223,-0.024834593712215303,0.024834593712215303,False
G05,2022-01-12,2022-01-13,0.0117184143173093,-0.01874227042985467,0.01874227042985467,False
G05,2022-01-13,2022-01-14,-0.0097870057504166,-0.01744999567588092,0.01744999567588092,False
G05,2022-01-14,2022-01-17,-0.0296339932787395,-0.019211892644378118,0.019211892644378118,True
G05,2022-01-17,2022-01-18,-0.0082038582262877,-0.018810515265922458,0.018810515265922458,False
G05,2022-01-18,2022-01-19,0.0056015330276795,-0.02464386146828985,0.02464386146828985,False
G05,2022-01-19,2022-01-20,0.0070474016170728,-0.019211892644378118,0.019211892644378118,False
G05,2022-01-20,2022-01-21,-0.0095784124445406,-0.01874227042985467,0.01874227042985467,False
G05,2022-01-21,2022-01-24,-0.0392112447279263,-0.020830161115455888,0.020830161115455888,True
G05,2022-01-24,2022-01-25,0.0283299302352217,-0.02408301912152101,0.02408301912152101,False
G05,2022-01-25,2022-01-26,0.001988714715891,-0.025631276704358483,0.025631276704358483,False
G05,2022-01-26,2022-01-27,-0.0114019733547036,-0.01874227042985467,0.01874227042985467,False
G05,2022-01-27,2022-01-28,0.0169267908883486,-0.01874227042985467,0.01874227042985467,False
G05,2022-01-28,2022-02-07,0.0101465436963548,-0.019537886361482137,0.019537886361482137,False
G05,2022-02-07,2022-02-08,0.029470482570055,-0.021383812411503594,0.021383812411503594,False
G05,2022-02-08,2022-02-09,0.0148128404166962,-0.025645530673044654,0.025645530673044654,False
G05,2022-02-09,2022-02-10,0.001009312646659,-0.017690121728299067,0.017690121728299067,False
G05,2022-02-10,2022-02-11,-0.0027612563859532,-0.01874227042985467,0.01874227042985467,False
G05,2022-02-11,2022-02-14,-0.017114557838619,-0.01874227042985467,0.01874227042985467,False
G05,2022-02-14,2022-02-15,0.0022558987374948,-0.023989286325027472,0.023989286325027472,False
G05,2022-02-15,2022-02-16,-0.0002711172866053,-0.01874227042985467,0.01874227042985467,False
G05,2022-02-16,2022-02-17,0.0130337415638718,-0.02253669471662126,0.02253669471662126,False
G05,2022-02-17,2022-02-18,0.0006617615533804,-0.01744999567588092,0.01744999567588092,False
G05,2022-02-18,2022-02-21,0.0015209137293425,-0.019211892644378118,0.019211892644378118,False
G05,2022-02-21,2022-02-22,0.0055488397998914,-0.021543245816069836,0.021543245816069836,False
G05,2022-02-22,2022-02-23,0.0028119341869855,-0.021543245816069836,0.021543245816069836,False
G05,2022-02-23,2022-02-24,-0.0110045558909824,-0.022835520570043587,0.022835520570043587,False
G05,2022-02-24,2022-02-25,0.0023292456034857,-0.019396856544197958,0.019396856544197958,False
G05,2022-02-25,2022-02-28,0.0091018838478182,-0.02514606249445617,0.02514606249445617,False
G05,2022-02-28,2022-03-01,-0.0017161569587302,-0.019396856544197958,0.019396856544197958,False
G05,2022-03-01,2022-03-02,-0.0047391096017211,-0.02068913129817171,0.02068913129817171,False
G05,2022-03-02,2022-03-03,0.0287049378895776,-0.021158753512695156,0.021158753512695156,False
G05,2022-03-03,2022-03-04,-0.0033475575601407,-0.01744999567588092,0.01744999567588092,False
G05,2022-03-04,2022-03-07,0.0059609339226393,-0.019211892644378118,0.019211892644378118,False
G05,2022-03-07,2022-03-08,-0.0072982512894229,-0.01874227042985467,0.01874227042985467,False
G05,2022-03-08,2022-03-09,0.0041807343382112,-0.017690121728299067,0.017690121728299067,False
G05,2022-03-09,2022-03-10,-0.0085825982827776,-0.021383812411503594,0.021383812411503594,False
G05,2022-03-10,2022-03-11,-0.016620980434203,-0.02068913129817171,0.02068913129817171,False
G05,2022-03-11,2022-03-14,-0.0208819631641027,-0.01744999567588092,0.01744999567588092,True
G05,2022-03-14,2022-03-15,-0.0010853306135523,-0.0261151528875681,0.0261151528875681,False
G05,2022-03-15,2022-03-16,0.0024775134377237,-0.01874227042985467,0.01874227042985467,False
G05,2022-03-16,2022-03-17,-0.0019330636934377,-0.01874227042985467,0.01874227042985467,False
G05,2022-03-17,2022-03-18,0.0172346189845546,-0.019211892644378118,0.019211892644378118,False
G05,2022-03-18,2022-03-21,0.0116121376872794,-0.017919617890404367,0.017919617890404367,False
G05,2022-03-21,2022-03-22,0.0049898800862705,-0.01874227042985467,0.01874227042985467,False
G05,2022-03-22,2022-03-23,-0.0008699017055275,-0.02514606249445617,0.02514606249445617,False
G05,2022-03-23,2022-03-24,-0.0070989263196225,-0.01874227042985467,0.01874227042985467,False
G05,2022-03-24,2022-03-25,0.011130444828761,-0.01874227042985467,0.01874227042985467,False
G05,2022-03-25,2022-03-28,0.0171520744319652,-0.021244419962647507,0.021244419962647507,False
G05,2022-03-28,2022-03-29,0.0284559017787845,-0.01744999567588092,0.01744999567588092,False
G05,2022-03-29,2022-03-30,-0.0038683200232705,-0.031394736623302874,0.031394736623302874,False
G05,2022-03-30,2022-03-31,0.0035348918817001,-0.01874227042985467,0.01874227042985467,False
G05,2022-03-31,2022-04-01,0.0402138704607788,-0.025135167823076614,0.025135167823076614,False
G05,2022-04-01,2022-04-04,-0.0062177916531189,-0.02408301912152101,0.02408301912152101,False
G05,2022-04-04,2022-04-05,0.0013439012979677,-0.02328426565804058,0.02328426565804058,False
G05,2022-04-05,2022-04-06,0.0283098239144413,-0.01874227042985467,0.01874227042985467,False
G05,2022-04-06,2022-04-07,-0.0120532108858655,-0.02847499105856043,0.02847499105856043,False
G05,2022-04-07,2022-04-08,-0.025973590828864,-0.03871223513753348,0.03871223513753348,False
G05,2022-04-08,2022-04-12,0.0007083302361948,-0.01874227042985467,0.01874227042985467,False
G05,2022-04-12,2022-04-13,0.0244947462268694,-0.025631276704358483,0.025631276704358483,False
G05,2022-04-13,2022-04-14,0.0091939023499324,-0.029579347408667328,0.029579347408667328,False
G05,2022-04-14,2022-04-15,-0.0083420832292729,-0.019211892644378118,0.019211892644378118,False
G05,2022-04-15,2022-04-18,-0.0102098136213844,-0.020830161115455888,0.020830161115455888,False
G05,2022-04-18,2022-04-19,-0.0138314716825956,-0.027407427641541852,0.027407427641541852,False
G05,2022-04-19,2022-04-20,-0.0007531254707034,-0.03347709607616496,0.03347709607616496,False
G05,2022-04-20,2022-04-21,0.0001712732476085,-0.01874227042985467,0.01874227042985467,False
G05,2022-04-21,2022-04-22,0.0012668927226335,-0.02806201375588514,0.02806201375588514,False
G05,2022-04-22,2022-04-25,-0.0694854382368597,-0.0493028338803811,0.0493028338803811,True
G05,2022-04-25,2022-04-26,0.0155529385793861,-0.04317459177274513,0.04317459177274513,False
G05,2022-04-26,2022-04-27,0.0027069060325794,-0.029681834591351076,0.029681834591351076,False
G05,2022-04-27,2022-04-28,0.0078705816566901,-0.027407427641541852,0.027407427641541852,False
G05,2022-04-28,2022-04-29,0.0095824846294083,-0.01874227042985467,0.01874227042985467,False
G05,2022-04-29,2022-05-04,-0.0110174697818654,-0.02528709231174035,0.02528709231174035,False
G05,2022-05-04,2022-05-05,0.0008679821866862,-0.01874227042985467,0.01874227042985467,False
G05,2022-05-05,2022-05-06,-0.0225351380952641,-0.01874227042985467,0.01874227042985467,True
G05,2022-05-06,2022-05-09,-0.0585389934656119,-0.01874227042985467,0.01874227042985467,True
G05,2022-05-09,2022-05-10,0.0340695447634803,-0.048231620030090246,0.048231620030090246,False
G05,2022-05-10,2022-05-11,0.0105751915442737,-0.029681834591351076,0.029681834591351076,False
G05,2022-05-11,2022-05-12,-0.0559807548391082,-0.01874227042985467,0.01874227042985467,True
G05,2022-05-12,2022-05-13,-0.0504911763195255,-0.042415490172665604,0.042415490172665604,True
G05,2022-05-13,2022-05-16,-0.0034088569039605,-0.024420999636030335,0.024420999636030335,False
G05,2022-05-16,2022-05-17,0.0640390255775862,-0.03305024030180004,0.03305024030180004,False
G05,2022-05-17,2022-05-18,-0.0019364316239316,-0.04608630937583951,0.04608630937583951,False
G05,2022-05-18,2022-05-19,-0.0061579727861843,-0.020830161115455888,0.020830161115455888,False
G05,2022-05-19,2022-05-20,0.0019629660679956,-0.020830161115455888,0.020830161115455888,False
G05,2022-05-20,2022-05-23,-0.0193580884480382,-0.019211892644378118,0.019211892644378118,True
G05,2022-05-23,2022-05-24,-0.0051761748909557,-0.03871223513753348,0.03871223513753348,False
G05,2022-05-24,2022-05-25,0.0338340978263341,-0.02763731735586945,0.02763731735586945,False
G05,2022-05-25,2022-05-26,0.0072022445325956,-0.04479403462186577,0.04479403462186577,False
G05,2022-05-26,2022-05-27,0.0422897590198742,-0.01874227042985467,0.01874227042985467,False
G05,2022-05-27,2022-05-30,-0.0048912313679913,-0.02408301912152101,0.02408301912152101,False
G05,2022-05-30,2022-05-31,-0.0120397996110911,-0.01874227042985467,0.01874227042985467,False
G05,2022-05-31,2022-06-01,0.0039177594438722,-0.0285194047194091,0.0285194047194091,False
G05,2022-06-01,2022-06-02,-0.0075893090626393,-0.01874227042985467,0.01874227042985467,False
G05,2022-06-02,2022-06-03,0.0224561144840362,-0.03741996038355974,0.03741996038355974,False
G05,2022-06-03,2022-06-06,-0.0006506831483871,-0.01874227042985467,0.01874227042985467,False
G05,2022-06-06,2022-06-07,0.0051949172684222,-0.01744999567588092,0.01744999567588092,False
G05,2022-06-07,2022-06-08,-0.0040031712493952,-0.029592099019361075,0.029592099019361075,False
G05,2022-06-08,2022-06-09,0.0087150403240225,-0.019211892644378118,0.019211892644378118,False
G05,2022-06-09,2022-06-10,-0.0234135781158759,-0.021383812411503594,0.021383812411503594,True
G05,2022-06-10,2022-06-13,-0.0569580130322258,-0.01744999567588092,0.01744999567588092,True
G05,2022-06-13,2022-06-14,0.0037575944112016,-0.04194586795814216,0.04194586795814216,False
G05,2022-06-14,2022-06-15,0.0050715568503915,-0.029503002085658286,0.029503002085658286,False
G05,2022-06-15,2022-06-16,0.0467534334922854,-0.025135167823076614,0.025135167823076614,False
G05,2022-06-16,2022-06-17,-0.0090622252246455,-0.0258856567254628,0.0258856567254628,False
G05,2022-06-17,2022-06-20,-0.0392987139294633,-0.02560479003760006,0.02560479003760006,True
G05,2022-06-20,2022-06-21,-0.0246479020112733,-0.05143413794764205,0.05143413794764205,False
G05,2022-06-21,2022-06-22,-0.0226047243951319,-0.046555931590362955,0.046555931590362955,False
G05,2022-06-22,2022-06-23,0.021472479808832,-0.057860739086354585,0.057860739086354585,False
G05,2022-06-23,2022-06-24,-0.0027954501638712,-0.027407427641541852,0.027407427641541852,False
G05,2022-06-24,2022-06-27,0.0187554155879819,-0.020830161115455888,0.020830161115455888,False
G05,2022-06-27,2022-06-28,0.0125697465653958,-0.0261151528875681,0.0261151528875681,False
G05,2022-06-28,2022-06-29,0.0058043442334489,-0.01744999567588092,0.01744999567588092,False
G05,2022-06-29,2022-06-30,-0.0274570366022427,-0.029579347408667328,0.029579347408667328,False
G05,2022-06-30,2022-07-01,0.0027050502208086,-0.025135167823076614,0.025135167823076614,False
G05,2022-07-01,2022-07-04,-0.0227000060741805,-0.027139010194014164,0.027139010194014164,False
G05,2022-07-04,2022-07-05,-0.0176412620460313,-0.026937805427018405,0.026937805427018405,False
G05,2022-07-05,2022-07-06,-0.0220756974278101,-0.026937805427018405,0.026937805427018405,False
G05,2022-07-06,2022-07-07,0.0030210953351278,-0.028298325017059943,0.028298325017059943,False
G05,2022-07-07,2022-07-08,0.0180628952752846,-0.01874227042985467,0.01874227042985467,False
G05,2022-07-08,2022-07-11,-0.011615462291187,-0.01744999567588092,0.01744999567588092,False
G05,2022-07-11,2022-07-12,0.0060491248055054,-0.019211892644378118,0.019211892644378118,False
G05,2022-07-12,2022-07-13,-0.0080733821796936,-0.019211892644378118,0.019211892644378118,False
G05,2022-07-13,2022-07-14,-0.0056237247186757,-0.01744999567588092,0.01744999567588092,False
G05,2022-07-14,2022-07-15,0.0066377379156564,-0.01874227042985467,0.01874227042985467,False
G05,2022-07-15,2022-07-18,-0.0079706007911983,-0.017690121728299067,0.017690121728299067,False
G05,2022-07-18,2022-07-19,-0.0122663080945193,-0.028884666295335443,0.028884666295335443,False
G05,2022-07-19,2022-07-20,0.0174324337379664,-0.02068913129817171,0.02068913129817171,False
G05,2022-07-20,2022-07-21,0.0215099971856114,-0.023842893069102863,0.023842893069102863,False
G05,2022-07-21,2022-07-22,-0.0048739269562226,-0.01874227042985467,0.01874227042985467,False
G05,2022-07-22,2022-07-25,-0.0095121275610886,-0.01874227042985467,0.01874227042985467,False
G05,2022-07-25,2022-07-26,-0.0077555469158649,-0.01744999567588092,0.01744999567588092,False
G05,2022-07-26,2022-07-27,-0.0093012456968529,-0.01874227042985467,0.01874227042985467,False
G05,2022-07-27,2022-07-28,0.0005330896989334,-0.02328426565804058,0.02328426565804058,False
G05,2022-07-28,2022-07-29,-0.0092435657474927,-0.021543245816069836,0.021543245816069836,False
G05,2022-07-29,2022-08-01,0.0236031948943672,-0.021543245816069836,0.021543245816069836,False
G05,2022-08-01,2022-08-02,0.0093256148071253,-0.01744999567588092,0.01744999567588092,False
G05,2022-08-02,2022-08-03,0.010585956629003,-0.01874227042985467,0.01874227042985467,False
G05,2022-08-03,2022-08-04,0.0085293160482948,-0.01744999567588092,0.01744999567588092,False
G05,2022-08-04,2022-08-05,-0.006155242885472,-0.01874227042985467,0.01874227042985467,False
G05,2022-08-05,2022-08-08,0.0060630417097057,-0.02328426565804058,0.02328426565804058,False
G05,2022-08-08,2022-08-09,0.0099879780944048,-0.02068913129817171,0.02068913129817171,False
G05,2022-08-09,2022-08-10,-0.0032591434119324,-0.019396856544197958,0.019396856544197958,False
G05,2022-08-10,2022-08-11,-0.008728710986029,-0.02068913129817171,0.02068913129817171,False
G05,2022-08-11,2022-08-12,0.0097181477644161,-0.021244419962647507,0.021244419962647507,False
G05,2022-08-12,2022-08-15,0.0206389642552056,-0.01874227042985467,0.01874227042985467,False
G05,2022-08-15,2022-08-16,0.0120232318998789,-0.01744999567588092,0.01744999567588092,False
G05,2022-08-16,2022-08-17,-0.0099852932460375,-0.01874227042985467,0.01874227042985467,False
G05,2022-08-17,2022-08-18,-0.0045569263814126,-0.01874227042985467,0.01874227042985467,False
G05,2022-08-18,2022-08-19,-0.0129175138169876,-0.01744999567588092,0.01744999567588092,False
G05,2022-08-19,2022-08-22,0.0064980958096616,-0.025281561079001223,0.025281561079001223,False
G05,2022-08-22,2022-08-23,0.0070339945590989,-0.01744999567588092,0.01744999567588092,False
G05,2022-08-23,2022-08-24,-0.0018502366248039,-0.01874227042985467,0.01874227042985467,False
G05,2022-08-24,2022-08-25,0.0132097855293363,-0.01874227042985467,0.01874227042985467,False
G05,2022-08-25,2022-08-26,0.0171964127399744,-0.01744999567588092,0.01744999567588092,False
G05,2022-08-26,2022-08-29,-0.0014911242385919,-0.019636982596616104,0.019636982596616104,False
G05,2022-08-29,2022-08-30,-0.0028971699000962,-0.01744999567588092,0.01744999567588092,False
G05,2022-08-30,2022-08-31,0.0033693216889771,-0.01874227042985467,0.01874227042985467,False
G05,2022-08-31,2022-09-05,0.0047637194525326,-0.01874227042985467,0.01874227042985467,False
G05,2022-09-05,2022-09-06,-0.0046976556913354,-0.02253669471662126,0.02253669471662126,False
G05,2022-09-06,2022-09-07,-0.0247836391418192,-0.023305142784567034,0.023305142784567034,True
G05,2022-09-07,2022-09-08,0.0064220713200118,-0.01834089305139901,0.01834089305139901,False
G05,2022-09-08,2022-09-09,0.0123823425718406,-0.01923837931113654,0.01923837931113654,False
G05,2022-09-09,2022-09-12,0.0104945870593609,-0.01874227042985467,0.01874227042985467,False
G05,2022-09-12,2022-09-13,-0.0010260885683495,-0.01744999567588092,0.01744999567588092,False
G05,2022-09-13,2022-09-14,-0.0041680217138982,-0.019211892644378118,0.019211892644378118,False
G05,2022-09-14,2022-09-15,-0.0017206658973046,-0.019866478758721405,0.019866478758721405,False
G05,2022-09-15,2022-09-16,-0.0217265345413631,-0.02068913129817171,0.02068913129817171,True
G05,2022-09-16,2022-09-19,-0.0096519504410865,-0.01744999567588092,0.01744999567588092,False
G05,2022-09-19,2022-09-20,0.0120560171047355,-0.026937805427018405,0.026937805427018405,False
G05,2022-09-20,2022-09-21,-0.0137619292259463,-0.019211892644378118,0.019211892644378118,False
G05,2022-09-21,2022-09-22,0.0044497660497561,-0.01874227042985467,0.01874227042985467,False
G05,2022-09-22,2022-09-23,-0.0096611395282352,-0.017919617890404367,0.017919617890404367,False
G05,2022-09-23,2022-09-26,-0.0149365188434135,-0.019211892644378118,0.019211892644378118,False
G05,2022-09-26,2022-09-27,-0.0085008900162612,-0.01744999567588092,0.01744999567588092,False
G05,2022-09-27,2022-09-28,-0.0296056052013146,-0.021158753512695156,0.021158753512695156,True
G05,2022-09-28,2022-09-29,-0.011688632461688,-0.01744999567588092,0.01744999567588092,False
G05,2022-09-29,2022-09-30,0.0081076469173086,-0.02790353652282372,0.02790353652282372,False
G05,2022-09-30,2022-10-03,-0.0602543007172786,-0.02431251528362631,0.02431251528362631,True
G05,2022-10-03,2022-10-04,-0.0049481584996136,-0.05172059053105276,0.05172059053105276,False
G05,2022-10-04,2022-10-05,0.0164037140105653,-0.029972624300181733,0.029972624300181733,False
G05,2022-10-05,2022-10-06,-0.0513854342451004,-0.019211892644378118,0.019211892644378118,True
G05,2022-10-06,2022-10-07,-0.0412946015058279,-0.04777724817305871,0.04777724817305871,False
G05,2022-10-07,2022-10-10,0.0334525858463251,-0.027501913573890018,0.027501913573890018,False
G05,2022-10-10,2022-10-11,-0.0390758523727863,-0.046555931590362955,0.046555931590362955,False
G05,2022-10-11,2022-10-12,0.0421033887596884,-0.0438614978310912,0.0438614978310912,False
G05,2022-10-12,2022-10-13,0.0175752547795387,-0.046555931590362955,0.046555931590362955,False
G05,2022-10-13,2022-10-14,0.017128297033236,-0.027407427641541852,0.027407427641541852,False
G05,2022-10-14,2022-10-17,-0.0100328339849048,-0.025326676718898364,0.025326676718898364,False
G05,2022-10-17,2022-10-18,-0.0010674464251495,-0.020830161115455888,0.020830161115455888,False
G05,2022-10-18,2022-10-19,-0.005499970624924,-0.03481448647003585,0.03481448647003585,False
G05,2022-10-19,2022-10-20,0.0014794225389878,-0.01874227042985467,0.01874227042985467,False
G05,2022-10-20,2022-10-21,-0.0616907553360183,-0.01744999567588092,0.01744999567588092,True
G05,2022-10-21,2022-10-24,-0.0458236290203585,-0.04748314832032357,0.04748314832032357,False
G05,2022-10-24,2022-10-25,0.0331819028076257,-0.025107905694376417,0.025107905694376417,False
G05,2022-10-25,2022-10-26,-0.0016104092543261,-0.04608630937583951,0.04608630937583951,False
G05,2022-10-26,2022-10-27,0.0279333000494947,-0.01874227042985467,0.01874227042985467,False
G05,2022-10-27,2022-10-28,-0.0157231913180724,-0.02431251528362631,0.02431251528362631,False
G05,2022-10-28,2022-10-31,-0.03027675586511,-0.020830161115455888,0.020830161115455888,True
G05,2022-10-31,2022-11-01,-0.0240631410709734,-0.03362002735865731,0.03362002735865731,False
G05,2022-11-01,2022-11-02,-0.0126731953859587,-0.04608630937583951,0.04608630937583951,False
G05,2022-11-02,2022-11-03,0.0077093915915844,-0.032921965532032145,0.032921965532032145,False
G05,2022-11-03,2022-11-04,-0.0406585325207331,-0.01874227042985467,0.01874227042985467,True
G05,2022-11-04,2022-11-07,-0.0461089602854831,-0.023842893069102863,0.023842893069102863,True
G05,2022-11-07,2022-11-08,0.0031588755631444,-0.04608630937583951,0.04608630937583951,False
G05,2022-11-08,2022-11-09,0.0060974963691482,-0.046555931590362955,0.046555931590362955,False
G05,2022-11-09,2022-11-10,-0.0502992257172326,-0.026937805427018405,0.026937805427018405,True
G05,2022-11-10,2022-11-11,0.0095199285779648,-0.04218599401056031,0.04218599401056031,False
G05,2022-11-11,2022-11-14,-0.0301887843787106,-0.03177526190412353,0.03177526190412353,False
G05,2022-11-14,2022-11-15,-0.0379655721132695,-0.029592099019361075,0.029592099019361075,True
G05,2022-11-15,2022-11-16,0.0629508878765987,-0.046977206751357595,0.046977206751357595,False
G05,2022-11-16,2022-11-17,0.0418411955115185,-0.04503416067428392,0.04503416067428392,False
G05,2022-11-17,2022-11-18,0.0249447889932075,-0.04608630937583951,0.04608630937583951,False
G05,2022-11-18,2022-11-21,-0.0216568626285707,-0.04503416067428392,0.04503416067428392,False
G05,2022-11-21,2022-11-22,-0.0050588593890101,-0.020830161115455888,0.020830161115455888,False
G05,2022-11-22,2022-11-23,-0.0202329421990438,-0.056568464332380844,0.056568464332380844,False
G05,2022-11-23,2022-11-24,-0.009448244728148,-0.03871223513753348,0.03871223513753348,False
G05,2022-11-24,2022-11-25,0.0300090027349455,-0.02838488829728877,0.02838488829728877,False
G05,2022-11-25,2022-11-28,0.0542329872878249,-0.02560479003760006,0.02560479003760006,False
G05,2022-11-28,2022-11-29,0.0434369449728073,-0.02431251528362631,0.02431251528362631,False
G05,2022-11-29,2022-11-30,0.0304302831619331,-0.02560479003760006,0.02560479003760006,False
G05,2022-11-30,2022-12-01,-0.0034453870025946,-0.025135167823076614,0.025135167823076614,False
G05,2022-12-01,2022-12-02,0.0571288055481456,-0.049432872024475334,0.049432872024475334,False
G05,2022-12-02,2022-12-05,0.01748479360471,-0.05396299041885695,0.05396299041885695,False
G05,2022-12-05,2022-12-06,-0.0557368566150412,-0.03481448647003585,0.03481448647003585,True
G05,2022-12-06,2022-12-07,-0.0003658267978896,-0.05386912191433739,0.05386912191433739,False
G05,2022-12-07,2022-12-08,0.0225964693186582,-0.029972624300181733,0.029972624300181733,False
G05,2022-12-08,2022-12-09,0.0110387229325915,-0.03301184886609406,0.03301184886609406,False
G05,2022-12-09,2022-12-12,-0.016791763871513,-0.01874227042985467,0.01874227042985467,False
G05,2022-12-12,2022-12-13,0.0117318430767768,-0.02431251528362631,0.02431251528362631,False
G05,2022-12-13,2022-12-14,-0.000118808429673,-0.027407427641541852,0.027407427641541852,False
G05,2022-12-14,2022-12-15,0.0126046062761381,-0.020091537657529843,0.020091537657529843,False
G05,2022-12-15,2022-12-16,0.0249693044012221,-0.01874227042985467,0.01874227042985467,False
G05,2022-12-16,2022-12-19,-0.0169303382434841,-0.02431251528362631,0.02431251528362631,False
G05,2022-12-19,2022-12-20,-0.0211255993699313,-0.025135167823076614,0.025135167823076614,False
G05,2022-12-20,2022-12-21,5.544796397701402e-05,-0.04608630937583951,0.04608630937583951,False
G05,2022-12-21,2022-12-22,0.0007531254707034,-0.027674949636859326,0.027674949636859326,False
G05,2022-12-22,2022-12-23,-0.0112445851888217,-0.021383812411503594,0.021383812411503594,False
G05,2022-12-23,2022-12-26,-0.0529449339144818,-0.017919617890404367,0.017919617890404367,True
G05,2022-12-26,2022-12-27,0.0322878373720194,-0.048639676593193085,0.048639676593193085,False
G05,2022-12-27,2022-12-28,-0.0060223855853627,-0.029503002085658286,0.029503002085658286,False
G05,2022-12-28,2022-12-29,-0.006731596550821,-0.01874227042985467,0.01874227042985467,False
G05,2022-12-29,2022-12-30,0.0029940119760479,-0.01874227042985467,0.01874227042985467,False
G05,2022-12-30,2023-01-03,0.044666710216314,-0.020830161115455888,0.020830161115455888,False
G05,2023-01-03,2023-01-04,-0.0005986983754159,-0.03171957411212032,0.03171957411212032,False
G05,2023-01-04,2023-01-05,0.0101128847144445,-0.01874227042985467,0.01874227042985467,False
G05,2023-01-05,2023-01-06,-0.0113861454820008,-0.019211892644378118,0.019211892644378118,False
G05,2023-01-06,2023-01-09,-0.0056029603734268,-0.01874227042985467,0.01874227042985467,False
G05,2023-01-09,2023-01-10,0.0055115611267588,-0.0285194047194091,0.0285194047194091,False
G05,2023-01-10,2023-01-11,0.0116369285195708,-0.023199201626139133,0.023199201626139133,False
G05,2023-01-11,2023-01-12,-0.0067790516484528,-0.01874227042985467,0.01874227042985467,False
G05,2023-01-12,2023-01-13,-0.0050314772797722,-0.01874227042985467,0.01874227042985467,False
G05,2023-01-13,2023-01-16,0.0071093533944063,-0.01874227042985467,0.01874227042985467,False
G05,2023-01-16,2023-01-17,0.0371461920622858,-0.02253669471662126,0.02253669471662126,False
G05,2023-01-17,2023-01-18,0.0211566585294377,-0.01744999567588092,0.01744999567588092,False
G05,2023-01-18,2023-01-19,-0.0015738508039233,-0.01874227042985467,0.01874227042985467,False
G05,2023-01-19,2023-01-27,0.008132414762081,-0.01744999567588092,0.01744999567588092,False
G05,2023-01-27,2023-01-30,0.0047144320355239,-0.01874227042985467,0.01874227042985467,False
G05,2023-01-30,2023-01-31,0.0067956440723374,-0.027323972139859008,0.027323972139859008,False
G05,2023-01-31,2023-02-01,-0.0166616340424076,-0.021383812411503594,0.021383812411503594,False
G05,2023-02-01,2023-02-02,0.0224498590395755,-0.024733790444620953,0.024733790444620953,False
G05,2023-02-02,2023-02-03,-0.024313801803657,-0.026937805427018405,0.026937805427018405,False
G05,2023-02-03,2023-02-06,-0.0022032310738556,-0.018982396482272818,0.018982396482272818,False
G05,2023-02-06,2023-02-07,-0.0315835225359541,-0.01923837931113654,0.01923837931113654,True
G05,2023-02-07,2023-02-08,0.0120424200129325,-0.02560479003760006,0.02560479003760006,False
G05,2023-02-08,2023-02-09,-0.0097981310235928,-0.030075456289949197,0.030075456289949197,False
G05,2023-02-09,2023-02-10,-0.0160515926811433,-0.01874227042985467,0.01874227042985467,False
G05,2023-02-10,2023-02-13,-0.0016594272728579,-0.01874227042985467,0.01874227042985467,False
G05,2023-02-13,2023-02-14,0.0069972838147312,-0.020830161115455888,0.020830161115455888,False
G05,2023-02-14,2023-02-15,0.0083807255799532,-0.01874227042985467,0.01874227042985467,False
G05,2023-02-15,2023-02-16,0.0123168789855236,-0.019211892644378118,0.019211892644378118,False
G05,2023-02-16,2023-02-17,-0.0049556878852176,-0.019211892644378118,0.019211892644378118,False
G05,2023-02-17,2023-02-20,0.0272680523412208,-0.021158753512695156,0.021158753512695156,False
G05,2023-02-20,2023-02-21,-0.0032310706352352,-0.01744999567588092,0.01744999567588092,False
G05,2023-02-21,2023-02-22,-0.0214001300492322,-0.01874227042985467,0.01874227042985467,True
G05,2023-02-22,2023-02-23,0.0032279108475316,-0.024090099001657223,0.024090099001657223,False
G05,2023-02-23,2023-02-24,-0.0204030443047046,-0.01874227042985467,0.01874227042985467,True
G05,2023-02-24,2023-02-27,-0.0259340293450069,-0.025281561079001223,0.025281561079001223,True
G05,2023-02-27,2023-02-28,-0.0049619299408314,-0.01744999567588092,0.01744999567588092,False
G05,2023-02-28,2023-03-01,0.0216892940033032,-0.019708001525659987,0.019708001525659987,False
G05,2023-03-01,2023-03-02,-0.0108571335896383,-0.023842893069102863,0.023842893069102863,False
G05,2023-03-02,2023-03-03,-0.0177754200307026,-0.019211892644378118,0.019211892644378118,False
G05,2023-03-03,2023-03-06,-0.0005875151766786,-0.019537886361482137,0.019537886361482137,False
G05,2023-03-06,2023-03-07,0.0167538361968185,-0.01874227042985467,0.01874227042985467,False
G05,2023-03-07,2023-03-08,0.0018144273445124,-0.020091537657529843,0.020091537657529843,False
G05,2023-03-08,2023-03-09,0.0097229595677187,-0.01874227042985467,0.01874227042985467,False
G05,2023-03-09,2023-03-10,-0.0049833598178157,-0.017919617890404367,0.017919617890404367,False
G05,2023-03-10,2023-03-13,-0.0085284573336991,-0.01874227042985467,0.01874227042985467,False
G05,2023-03-13,2023-03-14,-0.0201901708440532,-0.01874227042985467,0.01874227042985467,True
G05,2023-03-14,2023-03-15,0.0360020423507704,-0.01874227042985467,0.01874227042985467,False
G05,2023-03-15,2023-03-16,-0.0173473710407225,-0.023199201626139133,0.023199201626139133,False
G05,2023-03-16,2023-03-17,-0.0082254388552525,-0.01874227042985467,0.01874227042985467,False
G05,2023-03-17,2023-03-20,-0.0234442741069536,-0.01874227042985467,0.01874227042985467,True
G05,2023-03-20,2023-03-21,0.0133046666680665,-0.017919617890404367,0.017919617890404367,False
G05,2023-03-21,2023-03-22,-0.0053933605591367,-0.026618951472872115,0.026618951472872115,False
G05,2023-03-22,2023-03-23,-0.0019765887551254,-0.019211892644378118,0.019211892644378118,False
G05,2023-03-23,2023-03-24,0.0038710999767686,-0.01874227042985467,0.01874227042985467,False
G05,2023-03-24,2023-03-27,0.0098937373825313,-0.017919617890404367,0.017919617890404367,False
G05,2023-03-27,2023-03-28,0.0076257905047555,-0.021244419962647507,0.021244419962647507,False
G05,2023-03-28,2023-03-29,-0.0026184705346135,-0.02514606249445617,0.02514606249445617,False
G05,2023-03-29,2023-03-30,-0.0004902266487042,-0.02068913129817171,0.02068913129817171,False
G05,2023-03-30,2023-03-31,-0.0004526525439072,-0.02729245176632805,0.02729245176632805,False
G05,2023-03-31,2023-04-03,0.0148437262869299,-0.02068913129817171,0.02068913129817171,False
G05,2023-04-03,2023-04-04,0.0068652383653625,-0.019396856544197958,0.019396856544197958,False
G05,2023-04-04,2023-04-05,0.0062773576949225,-0.02068913129817171,0.02068913129817171,False
G05,2023-04-05,2023-04-06,-0.0066634171384527,-0.02068913129817171,0.02068913129817171,False
G05,2023-04-06,2023-04-07,-0.0048994207144437,-0.01744999567588092,0.01744999567588092,False
G05,2023-04-07,2023-04-10,0.0083904758779563,-0.01874227042985467,0.01874227042985467,False
G05,2023-04-10,2023-04-11,-0.0008026101014623,-0.019396856544197958,0.019396856544197958,False
G05,2023-04-11,2023-04-12,-0.0002824118127709,-0.02068913129817171,0.02068913129817171,False
G05,2023-04-12,2023-04-13,-0.0051773296380686,-0.021158753512695156,0.021158753512695156,False
G05,2023-04-13,2023-04-14,-0.0053765348241681,-0.022835520570043587,0.022835520570043587,False
G05,2023-04-14,2023-04-17,0.0020350082279479,-0.02068913129817171,0.02068913129817171,False
G05,2023-04-17,2023-04-18,0.001477407799826,-0.023552672695610344,0.023552672695610344,False
G05,2023-04-18,2023-04-19,0.0017820159236852,-0.022260397941636593,0.022260397941636593,False
G05,2023-04-19,2023-04-20,-0.0003655832910135,-0.023552672695610344,0.023552672695610344,False
G05,2023-04-20,2023-04-21,-0.0111527182932246,-0.02402229491013379,0.02402229491013379,False
G05,2023-04-21,2023-04-24,-0.0092523240386923,-0.019396856544197958,0.019396856544197958,False
G05,2023-04-24,2023-04-25,-0.002598892747321,-0.019396856544197958,0.019396856544197958,False
G05,2023-04-25,2023-04-26,0.0207971480756994,-0.021158753512695156,0.021158753512695156,False
G05,2023-04-26,2023-04-27,-0.0023023145499592,-0.01874227042985467,0.01874227042985467,False
G05,2023-04-27,2023-04-28,0.0006191296921161,-0.019211892644378118,0.019211892644378118,False
G05,2023-04-28,2023-05-04,-0.0121765630496204,-0.01744999567588092,0.01744999567588092,False
G05,2023-05-04,2023-05-05,0.001002152379972,-0.019211892644378118,0.019211892644378118,False
G05,2023-05-05,2023-05-08,0.0031552916816607,-0.021383812411503594,0.021383812411503594,False
G05,2023-05-08,2023-05-09,0.0057826835662311,-0.02068913129817171,0.02068913129817171,False
G05,2023-05-09,2023-05-10,0.0080371721183604,-0.019396856544197958,0.019396856544197958,False
G05,2023-05-10,2023-05-11,-0.0014142059665427,-0.021714042177170954,0.021714042177170954,False
G05,2023-05-11,2023-05-12,0.0177383685353598,-0.023552672695610344,0.023552672695610344,False
G05,2023-05-12,2023-05-15,-0.0024670195930334,-0.019396856544197958,0.019396856544197958,False
G05,2023-05-15,2023-05-16,-0.0033460984239821,-0.01874227042985467,0.01874227042985467,False
G05,2023-05-16,2023-05-17,-0.0055515111842359,-0.01874227042985467,0.01874227042985467,False
G05,2023-05-17,2023-05-18,0.0075371410333288,-0.01874227042985467,0.01874227042985467,False
G05,2023-05-18,2023-05-19,-0.0009635821634531,-0.023199201626139133,0.023199201626139133,False
G05,2023-05-19,2023-05-22,0.0025929472693077,-0.022835520570043587,0.022835520570043587,False
G05,2023-05-22,2023-05-23,-0.0077328081830263,-0.022835520570043587,0.022835520570043587,False
G05,2023-05-23,2023-05-24,-0.0116372846248567,-0.02068913129817171,0.02068913129817171,False
G05,2023-05-24,2023-05-25,0.0066576737830806,-0.02068913129817171,0.02068913129817171,False
G05,2023-05-25,2023-05-26,-4.1294379703497425e-05,-0.019396856544197958,0.019396856544197958,False
G05,2023-05-26,2023-05-29,0.0097671234493585,-0.02068913129817171,0.02068913129817171,False
G05,2023-05-29,2023-05-30,0.0079440001815304,-0.02256310610141806,0.02256310610141806,False
G05,2023-05-30,2023-05-31,-0.0036088497312695,-0.02256310610141806,0.02256310610141806,False
G05,2023-05-31,2023-06-01,0.0017601685262561,-0.025458804658899884,0.025458804658899884,False
G05,2023-06-01,2023-06-02,0.01694752914982,-0.025458804658899884,0.025458804658899884,False
G05,2023-06-02,2023-06-05,0.0089006773650243,-0.026357530388184648,0.026357530388184648,False
G05,2023-06-05,2023-06-06,0.0074161051063449,-0.0245099669697351,0.0245099669697351,False
G05,2023-06-06,2023-06-07,0.0119508434795478,-0.025458804658899884,0.025458804658899884,False
G05,2023-06-07,2023-06-08,-0.0117081877849168,-0.0245099669697351,0.0245099669697351,False
G05,2023-06-08,2023-06-09,0.011581566382377,-0.023511943790582846,0.023511943790582846,False
G05,2023-06-09,2023-06-12,0.0147169210085266,-0.023511943790582846,0.023511943790582846,False
G05,2023-06-12,2023-06-13,0.0047469123952134,-0.023511943790582846,0.023511943790582846,False
G05,2023-06-13,2023-06-14,-0.0124482196040913,-0.023511943790582846,0.023511943790582846,False
G05,2023-06-14,2023-06-15,-0.0024889899780597,-0.023981566005106293,0.023981566005106293,False
G05,2023-06-15,2023-06-16,0.0030285588261558,-0.023511943790582846,0.023511943790582846,False
G05,2023-06-16,2023-06-19,0.0007765783395085,-0.02256310610141806,0.02256310610141806,False
G05,2023-06-19,2023-06-20,0.0153662487522003,-0.025458804658899884,0.025458804658899884,False
G05,2023-06-20,2023-06-21,0.0160559924666267,-0.02256310610141806,0.02256310610141806,False
G05,2023-06-21,2023-06-22,0.0049704411075595,-0.02256310610141806,0.02256310610141806,False
G05,2023-06-22,2023-06-23,0.0046841226996514,-0.0245099669697351,0.0245099669697351,False
G05,2023-06-23,2023-06-26,0.011202909153268,-0.02592842687342333,0.02592842687342333,False
G05,2023-06-26,2023-06-27,0.012752272558008,-0.02591721680681355,0.02591721680681355,False
G05,2023-06-27,2023-06-28,0.0069929946495955,-0.026866054495978335,0.026866054495978335,False
G05,2023-06-28,2023-06-29,-0.0211056366043865,-0.026634368932380307,0.026634368932380307,False
G05,2023-06-29,2023-06-30,0.0073703501645494,-0.023511943790582846,0.023511943790582846,False
G05,2023-06-30,2023-07-03,-0.0001779431631168,-0.023511943790582846,0.023511943790582846,False
G05,2023-07-03,2023-07-04,0.0050301688734957,-0.023511943790582846,0.023511943790582846,False
G05,2023-07-04,2023-07-05,0.0095583629026515,-0.02256310610141806,0.02256310610141806,False
G05,2023-07-05,2023-07-06,-0.0014536634116244,-0.022803232153836207,0.022803232153836207,False
G05,2023-07-06,2023-07-07,0.0265098300671389,-0.026866054495978335,0.026866054495978335,False
G05,2023-07-07,2023-07-10,0.019388169144712,-0.03170747878774658,0.03170747878774658,False
G05,2023-07-10,2023-07-11,0.0011431087501213,-0.02256310610141806,0.02256310610141806,False
G05,2023-07-11,2023-07-12,0.0001179257734151,-0.023511943790582846,0.023511943790582846,False
G05,2023-07-12,2023-07-13,0.004132186198478,-0.023981566005106293,0.023981566005106293,False
G05,2023-07-13,2023-07-14,0.0173314117756443,-0.02615348577223177,0.02615348577223177,False
G05,2023-07-14,2023-07-17,-0.004899724745882,-0.024070839591073742,0.024070839591073742,False
G05,2023-07-17,2023-07-18,-0.0065510652170525,-0.023511943790582846,0.023511943790582846,False
G05,2023-07-18,2023-07-19,0.0046541761281664,-0.023511943790582846,0.023511943790582846,False
G05,2023-07-19,2023-07-20,0.0215795798712085,-0.023511943790582846,0.023511943790582846,False
G05,2023-07-20,2023-07-21,0.0284150701407261,-0.02256310610141806,0.02256310610141806,False
G05,2023-07-21,2023-07-24,0.010975976738417,-0.023511943790582846,0.023511943790582846,False
G05,2023-07-24,2023-07-25,-0.0043030177020656,-0.023511943790582846,0.023511943790582846,False
G05,2023-07-25,2023-07-26,0.001232703626158,-0.023511943790582846,0.023511943790582846,False
G05,2023-07-26,2023-07-27,0.0168330083679568,-0.02615348577223177,0.02615348577223177,False
G05,2023-07-27,2023-07-28,0.0040696247527649,-0.028150781193192413,0.028150781193192413,False
G05,2023-07-28,2023-07-31,-0.0013506500036099,-0.023511943790582846,0.023511943790582846,False
G05,2023-07-31,2023-08-01,-0.0249733249016596,-0.02256310610141806,0.02256310610141806,True
G05,2023-08-01,2023-08-02,-0.0039248203427307,-0.022887732843898265,0.022887732843898265,False
G05,2023-08-02,2023-08-03,-0.0006836700760028,-0.023383841725180134,0.023383841725180134,False
G05,2023-08-03,2023-08-04,0.0065898777571647,-0.02193889515473348,0.02193889515473348,False
G05,2023-08-04,2023-08-07,0.012139522705124,-0.023511943790582846,0.023511943790582846,False
G05,2023-08-07,2023-08-08,-0.006502926524311,-0.023511943790582846,0.023511943790582846,False
G05,2023-08-08,2023-08-09,-0.003327201154114,-0.025458804658899884,0.025458804658899884,False
G05,2023-08-09,2023-08-10,-0.0127386319492344,-0.024979589184258546,0.024979589184258546,False
G05,2023-08-10,2023-08-11,0.0116731054995941,-0.01874227042985467,0.01874227042985467,False
G05,2023-08-11,2023-08-14,0.0136219158784574,-0.01874227042985467,0.01874227042985467,False
G05,2023-08-14,2023-08-15,0.0019238126045246,-0.01744999567588092,0.01744999567588092,False
G05,2023-08-15,2023-08-16,0.0031189987382647,-0.019211892644378118,0.019211892644378118,False
G05,2023-08-16,2023-08-17,0.0059217294534041,-0.023981566005106293,0.023981566005106293,False
G05,2023-08-17,2023-08-18,-0.0437926635030288,-0.02591721680681355,0.02591721680681355,True
G05,2023-08-18,2023-08-21,-0.0101247823317101,-0.0503239362057651,0.0503239362057651,False
G05,2023-08-21,2023-08-22,0.0085543532362204,-0.01923837931113654,0.01923837931113654,False
G05,2023-08-22,2023-08-23,-0.0084214992645248,-0.02976726581253418,0.02976726581253418,False
G05,2023-08-23,2023-08-24,0.0300522695325977,-0.019211892644378118,0.019211892644378118,False
G05,2023-08-24,2023-08-25,-0.0009887032968119,-0.0258856567254628,0.0258856567254628,False
G05,2023-08-25,2023-08-28,0.032086668878502,-0.01874227042985467,0.01874227042985467,False
G05,2023-08-28,2023-08-29,0.0081122706600174,-0.01874227042985467,0.01874227042985467,False
G05,2023-08-29,2023-08-30,0.0189054913129344,-0.019211892644378118,0.019211892644378118,False
G05,2023-08-30,2023-08-31,0.0052789993903465,-0.021383812411503594,0.021383812411503594,False
G05,2023-08-31,2023-09-05,0.0057459027236099,-0.01874227042985467,0.01874227042985467,False
G05,2023-09-05,2023-09-06,0.0262951415774664,-0.031075882669156576,0.031075882669156576,False
G05,2023-09-06,2023-09-07,-0.007644208608121,-0.025645530673044654,0.025645530673044654,False
G05,2023-09-07,2023-09-08,0.0030632563629812,-0.024147752587007982,0.024147752587007982,False
G05,2023-09-08,2023-09-11,-0.0152786430756276,-0.01874227042985467,0.01874227042985467,False
G05,2023-09-11,2023-09-12,0.0219138966533047,-0.023842893069102863,0.023842893069102863,False
G05,2023-09-12,2023-09-13,0.0031904928599144,-0.021383812411503594,0.021383812411503594,False
G05,2023-09-13,2023-09-14,-0.0154859230778701,-0.023842893069102863,0.023842893069102863,False
G05,2023-09-14,2023-09-15,-0.0048781073170283,-0.01874227042985467,0.01874227042985467,False
G05,2023-09-15,2023-09-18,-0.0074087404792867,-0.019211892644378118,0.019211892644378118,False
G05,2023-09-18,2023-09-19,0.0147794226478277,-0.025281561079001223,0.025281561079001223,False
G05,2023-09-19,2023-09-20,0.0051632391998105,-0.017919617890404367,0.017919617890404367,False
G05,2023-09-20,2023-09-21,-0.0153170691307799,-0.019211892644378118,0.019211892644378118,False
G05,2023-09-21,2023-09-22,-0.0263244394815737,-0.01744999567588092,0.01744999567588092,True
G05,2023-09-22,2023-09-25,-0.0310100371103666,-0.02408301912152101,0.02408301912152101,True
G05,2023-09-25,2023-09-26,0.002932819853143,-0.05125096831652932,0.05125096831652932,False
G05,2023-09-26,2023-09-27,0.0098066826613449,-0.01923837931113654,0.01923837931113654,False
G05,2023-09-27,2023-09-28,0.0066651124177154,-0.019211892644378118,0.019211892644378118,False
G05,2023-09-28,2023-09-29,-0.0104644751502925,-0.020830161115455888,0.020830161115455888,False
G05,2023-09-29,2023-10-02,-0.0043445613310776,-0.020830161115455888,0.020830161115455888,False
G05,2023-10-02,2023-10-03,-0.0398765429937311,-0.019211892644378118,0.019211892644378118,True
G05,2023-10-03,2023-10-04,0.0083602040741856,-0.027280478477327348,0.027280478477327348,False
G05,2023-10-04,2023-10-05,-0.0227987736632848,-0.025631276704358483,0.025631276704358483,False
G05,2023-10-05,2023-10-06,0.0140538777668116,-0.026937805427018405,0.026937805427018405,False
G05,2023-10-06,2023-10-09,0.0152878010848466,-0.01874227042985467,0.01874227042985467,False
G05,2023-10-09,2023-10-10,0.0152483222605692,-0.019537886361482137,0.019537886361482137,False
G05,2023-10-10,2023-10-11,0.0079812858459831,-0.01874227042985467,0.01874227042985467,False
G05,2023-10-11,2023-10-12,-0.0132393225130859,-0.019211892644378118,0.019211892644378118,False
G05,2023-10-12,2023-10-13,0.0059532703145134,-0.01744999567588092,0.01744999567588092,False
G05,2023-10-13,2023-10-16,-0.0134033317533804,-0.01874227042985467,0.01874227042985467,False
G05,2023-10-16,2023-10-17,-0.0310406581756294,-0.01744999567588092,0.01744999567588092,True
G05,2023-10-17,2023-10-18,-0.0225992729415142,-0.025135167823076614,0.025135167823076614,False
G05,2023-10-18,2023-10-19,-0.0206378003500223,-0.046886350797540624,0.046886350797540624,False
G05,2023-10-19,2023-10-20,0.0256243308682393,-0.01874227042985467,0.01874227042985467,False
G05,2023-10-20,2023-10-23,-0.0241678070570716,-0.027407427641541852,0.027407427641541852,False
G05,2023-10-23,2023-10-24,0.0036529680365296,-0.027407427641541852,0.027407427641541852,False
G05,2023-10-24,2023-10-25,0.0005156545492693,-0.019708001525659987,0.019708001525659987,False
G05,2023-10-25,2023-10-26,-0.0439282546408036,-0.019211892644378118,0.019211892644378118,True
G05,2023-10-26,2023-10-27,0.0089697494675953,-0.03315471280616821,0.03315471280616821,False
G05,2023-10-27,2023-10-30,-0.0246607118165481,-0.019708001525659987,0.019708001525659987,True
G05,2023-10-30,2023-10-31,-0.0308128641043745,-0.01874227042985467,0.01874227042985467,True
G05,2023-10-31,2023-11-01,0.0003080301427086,-0.02433900195038473,0.02433900195038473,False
G05,2023-11-01,2023-11-02,0.0502322886863435,-0.030007391864952326,0.030007391864952326,False
G05,2023-11-02,2023-11-03,0.008112759392135,-0.04608630937583951,0.04608630937583951,False
G05,2023-11-03,2023-11-06,0.0067011685926845,-0.027407427641541852,0.027407427641541852,False
G05,2023-11-06,2023-11-07,0.0011568688511804,-0.020830161115455888,0.020830161115455888,False
G05,2023-11-07,2023-11-08,0.0434098326757769,-0.01874227042985467,0.01874227042985467,False
G05,2023-11-08,2023-11-09,0.0023449329831053,-0.05267071566488321,0.05267071566488321,False
G05,2023-11-09,2023-11-10,-0.0136530353899644,-0.01874227042985467,0.01874227042985467,False
G05,2023-11-10,2023-11-13,0.0136810984797282,-0.01874227042985467,0.01874227042985467,False
G05,2023-11-13,2023-11-14,0.014403207908915,-0.019211892644378118,0.019211892644378118,False
G05,2023-11-14,2023-11-15,0.0024212121599924,-0.026618951472872115,0.026618951472872115,False
G05,2023-11-15,2023-11-16,0.0016178517828278,-0.01874227042985467,0.01874227042985467,False
G05,2023-11-16,2023-11-17,-0.0167368888922546,-0.019211892644378118,0.019211892644378118,False
G05,2023-11-17,2023-11-20,-0.0061096013639952,-0.023842893069102863,0.023842893069102863,False
G05,2023-11-20,2023-11-21,0.0123310952887126,-0.026937805427018405,0.026937805427018405,False
G05,2023-11-21,2023-11-22,-0.0029441040598597,-0.01874227042985467,0.01874227042985467,False
G05,2023-11-22,2023-11-23,-0.0455359238893177,-0.01744999567588092,0.01744999567588092,True
G05,2023-11-23,2023-11-24,0.0198650111254855,-0.04864824776603781,0.04864824776603781,False
G05,2023-11-24,2023-11-27,-0.0078504060605255,-0.023695310507421,0.023695310507421,False
G05,2023-11-27,2023-11-28,0.0065409935570085,-0.01874227042985467,0.01874227042985467,False
G05,2023-11-28,2023-11-29,0.0129382353671259,-0.01874227042985467,0.01874227042985467,False
G05,2023-11-29,2023-11-30,-0.0073643732290581,-0.020830161115455888,0.020830161115455888,False
G05,2023-11-30,2023-12-01,0.0082395923829627,-0.02285547783303423,0.02285547783303423,False
G05,2023-12-01,2023-12-04,0.0221402555593758,-0.019211892644378118,0.019211892644378118,False
G05,2023-12-04,2023-12-05,0.0016745740213162,-0.01744999567588092,0.01744999567588092,False
G05,2023-12-05,2023-12-06,0.0129884595257326,-0.01874227042985467,0.01874227042985467,False
G05,2023-12-06,2023-12-07,-0.0033236610599616,-0.019211892644378118,0.019211892644378118,False
G05,2023-12-07,2023-12-08,0.0150492588668922,-0.01744999567588092,0.01744999567588092,False
G05,2023-12-08,2023-12-11,-0.0002857464951784,-0.029579347408667328,0.029579347408667328,False
G05,2023-12-11,2023-12-12,0.0116998647156552,-0.01874227042985467,0.01874227042985467,False
G05,2023-12-12,2023-12-13,-0.0188655193137406,-0.01744999567588092,0.01744999567588092,True
G05,2023-12-13,2023-12-14,-0.0010774681872047,-0.026937805427018405,0.026937805427018405,False
G05,2023-12-14,2023-12-15,-0.0097422740182738,-0.01874227042985467,0.01874227042985467,False
G05,2023-12-15,2023-12-18,-0.0195513426119977,-0.01874227042985467,0.01874227042985467,True
G05,2023-12-18,2023-12-19,0.0185442767197433,-0.01874227042985467,0.01874227042985467,False
G05,2023-12-19,2023-12-20,0.0146455891949909,-0.019211892644378118,0.019211892644378118,False
G05,2023-12-20,2023-12-21,0.0033732191013362,-0.01744999567588092,0.01744999567588092,False
G05,2023-12-21,2023-12-22,-0.0060963695723643,-0.019211892644378118,0.019211892644378118,False
G05,2023-12-22,2023-12-25,0.0124082336328947,-0.019211892644378118,0.019211892644378118,False
G05,2023-12-25,2023-12-26,0.0087228855793268,-0.0189577291655366,0.0189577291655366,False
G05,2023-12-26,2023-12-27,-0.0003614601351741,-0.01744999567588092,0.01744999567588092,False
G05,2023-12-27,2023-12-28,0.0027975025640321,-0.02068913129817171,0.02068913129817171,False
G05,2023-12-28,2023-12-29,-0.0036502474700669,-0.019396856544197958,0.019396856544197958,False
G05,2023-12-29,2024-01-02,-0.0092483697468886,-0.02068913129817171,0.02068913129817171,False
G05,2024-01-02,2024-01-03,0.011399925579851,-0.019396856544197958,0.019396856544197958,False
G05,2024-01-03,2024-01-04,0.0025836795266315,-0.02068913129817171,0.02068913129817171,False
G05,2024-01-04,2024-01-05,0.0062463670342195,-0.019396856544197958,0.019396856544197958,False
G05,2024-01-05,2024-01-08,-0.0045946094815102,-0.01874227042985467,0.01874227042985467,False
G05,2024-01-08,2024-01-09,-0.0082143646413126,-0.01744999567588092,0.01744999567588092,False
G05,2024-01-09,2024-01-10,-0.0141314944689594,-0.02253669471662126,0.02253669471662126,False
G05,2024-01-10,2024-01-11,0.0044328309811741,-0.01744999567588092,0.01744999567588092,False
G05,2024-01-11,2024-01-12,-0.0096964515912262,-0.01874227042985467,0.01874227042985467,False
G05,2024-01-12,2024-01-15,0.0098718215909379,-0.019396856544197958,0.019396856544197958,False
G05,2024-01-15,2024-01-16,0.0205142441294177,-0.01874227042985467,0.01874227042985467,False
G05,2024-01-16,2024-01-17,0.0027570202412817,-0.01744999567588092,0.01744999567588092,False
G05,2024-01-17,2024-01-18,0.006706284447455,-0.023199201626139133,0.023199201626139133,False
G05,2024-01-18,2024-01-19,0.0056816726170922,-0.019211892644378118,0.019211892644378118,False
G05,2024-01-19,2024-01-22,0.0070468127692916,-0.019396856544197958,0.019396856544197958,False
G05,2024-01-22,2024-01-23,-0.0076553052794819,-0.02011768364568616,0.02011768364568616,False
G05,2024-01-23,2024-01-24,-0.0104403838350971,-0.02068913129817171,0.02068913129817171,False
G05,2024-01-24,2024-01-25,0.0063426801873525,-0.01874227042985467,0.01874227042985467,False
G05,2024-01-25,2024-01-26,0.001642785585167,-0.01874227042985467,0.01874227042985467,False
G05,2024-01-26,2024-01-29,-0.0062390656235683,-0.02253669471662126,0.02253669471662126,False
G05,2024-01-29,2024-01-30,0.0049168229731659,-0.019396856544197958,0.019396856544197958,False
G05,2024-01-30,2024-01-31,-0.0055059302710746,-0.02068913129817171,0.02068913129817171,False
G05,2024-01-31,2024-02-01,0.0247057353824299,-0.019396856544197958,0.019396856544197958,False
G05,2024-02-01,2024-02-02,0.0162005825780483,-0.01744999567588092,0.01744999567588092,False
G05,2024-02-02,2024-02-05,0.0061717553457424,-0.01874227042985467,0.01874227042985467,False
G05,2024-02-05,2024-02-06,-0.0004011974601699,-0.01874227042985467,0.01874227042985467,False
G05,2024-02-06,2024-02-07,0.00100495582474,-0.019211892644378118,0.019211892644378118,False
G05,2024-02-07,2024-02-15,-0.001723854873404,-0.021383812411503594,0.021383812411503594,False
G05,2024-02-15,2024-02-16,0.0055493063401613,-0.019396856544197958,0.019396856544197958,False
G05,2024-02-16,2024-02-19,0.0103545894415427,-0.023552672695610344,0.023552672695610344,False
G05,2024-02-19,2024-02-20,-0.0022424482258277,-0.021543245816069836,0.021543245816069836,False
G05,2024-02-20,2024-02-21,-0.0043818206434664,-0.022835520570043587,0.022835520570043587,False
G05,2024-02-21,2024-02-22,-0.0127907402434262,-0.019396856544197958,0.019396856544197958,False
G05,2024-02-22,2024-02-23,-0.0135613358137871,-0.01874227042985467,0.01874227042985467,False
G05,2024-02-23,2024-02-26,0.020516839577511,-0.02256310610141806,0.02256310610141806,False
G05,2024-02-26,2024-02-27,0.0205161356038269,-0.022887732843898265,0.022887732843898265,False
G05,2024-02-27,2024-02-28,0.0087459778981719,-0.01744999567588092,0.01744999567588092,False
G05,2024-02-28,2024-02-29,0.0124563235867454,-0.01874227042985467,0.01874227042985467,False
G05,2024-02-29,2024-03-01,0.0068362966810266,-0.019211892644378118,0.019211892644378118,False
G05,2024-03-01,2024-03-04,0.0070307744658963,-0.025555420813703506,0.025555420813703506,False
G05,2024-03-04,2024-03-05,0.0198253245639566,-0.025555420813703506,0.025555420813703506,False
G05,2024-03-05,2024-03-06,-0.0170938294346607,-0.026241843549293754,0.026241843549293754,False
G05,2024-03-06,2024-03-07,0.0108719050862041,-0.01874227042985467,0.01874227042985467,False
G05,2024-03-07,2024-03-08,-0.0199278228989799,-0.01874227042985467,0.01874227042985467,True
G05,2024-03-08,2024-03-11,-0.0138210654802796,-0.01744999567588092,0.01744999567588092,False
G05,2024-03-11,2024-03-12,0.0115869072703465,-0.032343287584171716,0.032343287584171716,False
G05,2024-03-12,2024-03-13,0.0347659067290206,-0.019211892644378118,0.019211892644378118,False
G05,2024-03-13,2024-03-14,-0.0139475973569439,-0.026937805427018405,0.026937805427018405,False
G05,2024-03-14,2024-03-15,-0.0047102706962319,-0.019211892644378118,0.019211892644378118,False
G05,2024-03-15,2024-03-18,-0.024402876679069,-0.019211892644378118,0.019211892644378118,True
G05,2024-03-18,2024-03-19,-0.003681486655586,-0.023842893069102863,0.023842893069102863,False
G05,2024-03-19,2024-03-20,0.0281122932735289,-0.027115060354153984,0.027115060354153984,False
G05,2024-03-20,2024-03-21,0.0112160263596721,-0.025645530673044654,0.025645530673044654,False
G05,2024-03-21,2024-03-22,0.0035946253824189,-0.01874227042985467,0.01874227042985467,False
G05,2024-03-22,2024-03-25,-0.0118458194383208,-0.017919617890404367,0.017919617890404367,False
G05,2024-03-25,2024-03-26,0.0092019491029577,-0.01874227042985467,0.01874227042985467,False
G05,2024-03-26,2024-03-27,0.0151340553113619,-0.021383812411503594,0.021383812411503594,False
G05,2024-03-27,2024-03-28,0.0070267048251458,-0.01744999567588092,0.01744999567588092,False
G05,2024-03-28,2024-03-29,-0.0043538987375982,-0.01744999567588092,0.01744999567588092,False
G05,2024-03-29,2024-04-01,0.0012054552164804,-0.019211892644378118,0.019211892644378118,False
G05,2024-04-01,2024-04-02,0.0051104567331274,-0.019396856544197958,0.019396856544197958,False
G05,2024-04-02,2024-04-03,-0.0194932408953478,-0.02068913129817171,0.02068913129817171,False
G05,2024-04-03,2024-04-04,-0.0035797797412202,-0.01874227042985467,0.01874227042985467,False
G05,2024-04-04,2024-04-05,-0.0005779501046142,-0.01874227042985467,0.01874227042985467,False
G05,2024-04-05,2024-04-08,-0.0081153384154923,-0.01874227042985467,0.01874227042985467,False
G05,2024-04-08,2024-04-09,0.0232139340084989,-0.01874227042985467,0.01874227042985467,False
G05,2024-04-09,2024-04-10,-0.0055240891750562,-0.017919617890404367,0.017919617890404367,False
G05,2024-04-10,2024-04-11,0.0080050340884432,-0.01874227042985467,0.01874227042985467,False
G05,2024-04-11,2024-04-12,0.0003036580230672,-0.019211892644378118,0.019211892644378118,False
G05,2024-04-12,2024-04-15,-0.0406603801471682,-0.01874227042985467,0.01874227042985467,True
G05,2024-04-15,2024-04-16,0.0022742695932165,-0.05686322685491165,0.05686322685491165,False
G05,2024-04-16,2024-04-17,-0.0109563680554463,-0.01923837931113654,0.01923837931113654,False
G05,2024-04-17,2024-04-19,-0.018866418107036,-0.01874227042985467,0.01874227042985467,True
G05,2024-04-19,2024-04-22,0.0091949857467764,-0.01744999567588092,0.01744999567588092,False
G05,2024-04-22,2024-04-23,0.0095323592753889,-0.020830161115455888,0.020830161115455888,False
G05,2024-04-23,2024-04-24,0.0543731454656875,-0.01744999567588092,0.01744999567588092,False
G05,2024-04-24,2024-04-25,0.0152286047609058,-0.028715117110978575,0.028715117110978575,False
G05,2024-04-25,2024-04-26,0.0050917792000099,-0.027407427641541852,0.027407427641541852,False
G05,2024-04-26,2024-05-02,0.0146217653878146,-0.01874227042985467,0.01874227042985467,False
G05,2024-05-02,2024-05-03,0.0006149362909541,-0.019211892644378118,0.019211892644378118,False
G05,2024-05-03,2024-05-06,0.027621878518948,-0.025326676718898364,0.025326676718898364,False
G05,2024-05-06,2024-05-07,0.0250156332645892,-0.01874227042985467,0.01874227042985467,False
G05,2024-05-07,2024-05-08,0.004172126179043,-0.01874227042985467,0.01874227042985467,False
G05,2024-05-08,2024-05-09,-0.005665651558888,-0.01874227042985467,0.01874227042985467,False
G05,2024-05-09,2024-05-10,0.0017715419501133,-0.01874227042985467,0.01874227042985467,False
G05,2024-05-10,2024-05-13,-0.0094762696735039,-0.0278380390287487,0.0278380390287487,False
G05,2024-05-13,2024-05-14,0.0123959593094317,-0.025281561079001223,0.025281561079001223,False
G05,2024-05-14,2024-05-15,0.0241679991963664,-0.01744999567588092,0.01744999567588092,False
G05,2024-05-15,2024-05-16,0.0026095954708027,-0.01744999567588092,0.01744999567588092,False
G05,2024-05-16,2024-05-17,-0.0038919346371963,-0.01874227042985467,0.01874227042985467,False
G05,2024-05-17,2024-05-20,0.0027150567902941,-0.01874227042985467,0.01874227042985467,False
G05,2024-05-20,2024-05-21,0.0087249989463051,-0.01874227042985467,0.01874227042985467,False
G05,2024-05-21,2024-05-22,0.0019376361000815,-0.021383812411503594,0.021383812411503594,False
G05,2024-05-22,2024-05-23,0.0165932916324212,-0.021543245816069836,0.021543245816069836,False
G05,2024-05-23,2024-05-24,-0.0285325300372845,-0.02068913129817171,0.02068913129817171,True
G05,2024-05-24,2024-05-27,-0.0004711162549743,-0.023842893069102863,0.023842893069102863,False
G05,2024-05-27,2024-05-28,0.0218475429220355,-0.01923837931113654,0.01923837931113654,False
G05,2024-05-28,2024-05-29,-0.0148998297668624,-0.019211892644378118,0.019211892644378118,False
G05,2024-05-29,2024-05-30,0.0068901211322012,-0.01874227042985467,0.01874227042985467,False
G05,2024-05-30,2024-05-31,0.0073790531396718,-0.019537886361482137,0.019537886361482137,False
G05,2024-05-31,2024-06-03,0.0125200191927479,-0.01874227042985467,0.01874227042985467,False
G05,2024-06-03,2024-06-04,0.0076820133042067,-0.020091537657529843,0.020091537657529843,False
G05,2024-06-04,2024-06-05,-0.0076083089388085,-0.02366882384066258,0.02366882384066258,False
G05,2024-06-05,2024-06-06,-0.0011313018768874,-0.02068913129817171,0.02068913129817171,False
G05,2024-06-06,2024-06-07,0.0067839286324276,-0.02253669471662126,0.02253669471662126,False
G05,2024-06-07,2024-06-10,0.0095640255744753,-0.02253669471662126,0.02253669471662126,False
G05,2024-06-10,2024-06-11,-0.0002059050854298,-0.02068913129817171,0.02068913129817171,False
G05,2024-06-11,2024-06-12,0.0260877103123863,-0.019396856544197958,0.019396856544197958,False
G05,2024-06-12,2024-06-13,-0.0029379626177712,-0.01874227042985467,0.01874227042985467,False
G05,2024-06-13,2024-06-14,-0.0072295781287423,-0.01874227042985467,0.01874227042985467,False
G05,2024-06-14,2024-06-17,-0.0068668270610379,-0.01874227042985467,0.01874227042985467,False
G05,2024-06-17,2024-06-18,-0.0016220853557602,-0.01874227042985467,0.01874227042985467,False
G05,2024-06-18,2024-06-19,0.0145350776676598,-0.021383812411503594,0.021383812411503594,False
G05,2024-06-19,2024-06-20,0.0056167710448199,-0.01744999567588092,0.01744999567588092,False
G05,2024-06-20,2024-06-21,0.0034844301085242,-0.019211892644378118,0.019211892644378118,False
G05,2024-06-21,2024-06-24,-0.0216469998528922,-0.02253669471662126,0.02253669471662126,False
G05,2024-06-24,2024-06-25,-0.0053111231818456,-0.01744999567588092,0.01744999567588092,False
G05,2024-06-25,2024-06-26,0.0101818042121089,-0.01874227042985467,0.01874227042985467,False
G05,2024-06-26,2024-06-27,0.0061773036862317,-0.01874227042985467,0.01874227042985467,False
G05,2024-06-27,2024-06-28,-0.0146575587492205,-0.01874227042985467,0.01874227042985467,False
G05,2024-06-28,2024-07-01,0.0137790527273147,-0.017919617890404367,0.017919617890404367,False
G05,2024-07-01,2024-07-02,0.0036071050236831,-0.01744999567588092,0.01744999567588092,False
G05,2024-07-02,2024-07-03,0.0058929255546665,-0.01874227042985467,0.01874227042985467,False
G05,2024-07-03,2024-07-04,0.0095339482127314,-0.01874227042985467,0.01874227042985467,False
G05,2024-07-04,2024-07-05,0.0092200396755567,-0.019211892644378118,0.019211892644378118,False
G05,2024-07-05,2024-07-08,0.0110248407186978,-0.028009603891894806,0.028009603891894806,False
G05,2024-07-08,2024-07-09,-0.0037154960541724,-0.023552672695610344,0.023552672695610344,False
G05,2024-07-09,2024-07-10,-0.0170817311972603,-0.02514606249445617,0.02514606249445617,False
G05,2024-07-10,2024-07-11,-0.0057625505279677,-0.01874227042985467,0.01874227042985467,False
G05,2024-07-11,2024-07-12,-0.0020340758665086,-0.01874227042985467,0.01874227042985467,False
G05,2024-07-12,2024-07-15,-0.0057568957805702,-0.01874227042985467,0.01874227042985467,False
G05,2024-07-15,2024-07-16,0.0021763786509986,-0.02068913129817171,0.02068913129817171,False
G05,2024-07-16,2024-07-17,-0.0113082115544183,-0.019866478758721405,0.019866478758721405,False
G05,2024-07-17,2024-07-18,0.0001559798236947,-0.02973878081323357,0.02973878081323357,False
G05,2024-07-18,2024-07-19,-0.0042295060037718,-0.022835520570043587,0.022835520570043587,False
G05,2024-07-19,2024-07-22,-0.0082977426255588,-0.022835520570043587,0.022835520570043587,False
G05,2024-07-22,2024-07-23,-0.0135822503530146,-0.02068913129817171,0.02068913129817171,False
G05,2024-07-23,2024-07-24,-0.0056740987740725,-0.021158753512695156,0.021158753512695156,False
G05,2024-07-24,2024-07-25,-0.0090479261271676,-0.02973878081323357,0.02973878081323357,False
G05,2024-07-25,2024-07-26,0.0091525766930103,-0.02402229491013379,0.02402229491013379,False
G05,2024-07-26,2024-07-29,0.0136012898676336,-0.019211892644378118,0.019211892644378118,False
G05,2024-07-29,2024-07-30,0.00280771711279,-0.017919617890404367,0.017919617890404367,False
G05,2024-07-30,2024-07-31,-0.0025484057970421,-0.01874227042985467,0.01874227042985467,False
G05,2024-07-31,2024-08-01,-0.024838280179164,-0.01744999567588092,0.01744999567588092,True
G05,2024-08-01,2024-08-02,0.0069177092768896,-0.023842893069102863,0.023842893069102863,False
G05,2024-08-02,2024-08-05,-0.0352636553481193,-0.01923837931113654,0.01923837931113654,True
G05,2024-08-05,2024-08-06,0.0144121659417245,-0.027280478477327348,0.027280478477327348,False
G05,2024-08-06,2024-08-07,6.044660776116661e-05,-0.01923837931113654,0.01923837931113654,False
G05,2024-08-07,2024-08-08,-0.0067644074025787,-0.019211892644378118,0.019211892644378118,False
G05,2024-08-08,2024-08-09,0.0380007745017299,-0.01874227042985467,0.01874227042985467,False
G05,2024-08-09,2024-08-12,0.0106310369090434,-0.0261151528875681,0.0261151528875681,False
G05,2024-08-12,2024-08-13,-0.0060287831572782,-0.01874227042985467,0.01874227042985467,False
G05,2024-08-13,2024-08-14,-0.0002796915558517,-0.023199201626139133,0.023199201626139133,False
G05,2024-08-14,2024-08-15,-0.008916039901147,-0.019211892644378118,0.019211892644378118,False
G05,2024-08-15,2024-08-16,0.0259486565352284,-0.030516700140369744,0.030516700140369744,False
G05,2024-08-16,2024-08-19,0.0029087162035138,-0.01744999567588092,0.01744999567588092,False
G05,2024-08-19,2024-08-20,0.004403645555919,-0.01874227042985467,0.01874227042985467,False
G05,2024-08-20,2024-08-21,0.0110941798692745,-0.023199201626139133,0.023199201626139133,False
G05,2024-08-21,2024-08-22,-0.0034628477519495,-0.017919617890404367,0.017919617890404367,False
G05,2024-08-22,2024-08-23,0.0020735818480939,-0.021383812411503594,0.021383812411503594,False
G05,2024-08-23,2024-08-26,-0.0056343013233524,-0.022835520570043587,0.022835520570043587,False
G05,2024-08-26,2024-08-27,-0.0005589779657042,-0.02068913129817171,0.02068913129817171,False
G05,2024-08-27,2024-08-28,-0.0005993316593435,-0.019396856544197958,0.019396856544197958,False
G05,2024-08-28,2024-08-29,-0.0016696015619562,-0.023552672695610344,0.023552672695610344,False
G05,2024-08-29,2024-08-30,0.0047209925025592,-0.023552672695610344,0.023552672695610344,False
G05,2024-08-30,2024-09-04,-0.0109475302274186,-0.022260397941636593,0.022260397941636593,False
G05,2024-09-04,2024-09-05,-0.0145024168135512,-0.02068913129817171,0.02068913129817171,False
G05,2024-09-05,2024-09-06,0.0090063873731622,-0.021244419962647507,0.021244419962647507,False
G05,2024-09-06,2024-09-09,-0.0018479155145194,-0.01874227042985467,0.01874227042985467,False
G05,2024-09-09,2024-09-10,-0.0077894805198032,-0.01874227042985467,0.01874227042985467,False
G05,2024-09-10,2024-09-11,0.0042084993967816,-0.017919617890404367,0.017919617890404367,False
G05,2024-09-11,2024-09-12,-0.0003190340855614,-0.019211892644378118,0.019211892644378118,False
G05,2024-09-12,2024-09-13,-0.0011266001573628,-0.02068913129817171,0.02068913129817171,False
G05,2024-09-13,2024-09-16,-0.0122070384018379,-0.021543245816069836,0.021543245816069836,False
G05,2024-09-16,2024-09-17,0.0135082312031119,-0.021158753512695156,0.021158753512695156,False
G05,2024-09-17,2024-09-18,0.0093277539655424,-0.01744999567588092,0.01744999567588092,False
G05,2024-09-18,2024-09-19,0.0034458108333098,-0.01744999567588092,0.01744999567588092,False
G05,2024-09-19,2024-09-20,0.0046068374551948,-0.01874227042985467,0.01874227042985467,False
G05,2024-09-20,2024-09-23,-0.0061210837300026,-0.017919617890404367,0.017919617890404367,False
G05,2024-09-23,2024-09-24,0.0070980463748147,-0.02068913129817171,0.02068913129817171,False
G05,2024-09-24,2024-09-25,0.0082278333025297,-0.02068913129817171,0.02068913129817171,False
G05,2024-09-25,2024-09-26,-0.0050451082957279,-0.019396856544197958,0.019396856544197958,False
G05,2024-09-26,2024-09-27,-0.004188710212491,-0.02068913129817171,0.02068913129817171,False
G05,2024-09-27,2024-09-30,0.0076534631878305,-0.019396856544197958,0.019396856544197958,False
G05,2024-09-30,2024-10-01,0.0069399594233064,-0.02068913129817171,0.02068913129817171,False
G05,2024-10-01,2024-10-02,-0.0087113168952345,-0.019396856544197958,0.019396856544197958,False
G05,2024-10-02,2024-10-03,-0.0102390848432361,-0.02068913129817171,0.02068913129817171,False
G05,2024-10-03,2024-10-04,0.0007338895435772,-0.01744999567588092,0.01744999567588092,False
G05,2024-10-04,2024-10-07,0.0021025763014691,-0.01874227042985467,0.01874227042985467,False
G05,2024-10-07,2024-10-08,0.0006807519293277,-0.02068913129817171,0.02068913129817171,False
G05,2024-10-08,2024-10-09,0.0057067128413433,-0.019396856544197958,0.019396856544197958,False
G05,2024-10-09,2024-10-10,0.0167226689703284,-0.019636982596616104,0.019636982596616104,False
G05,2024-10-10,2024-10-11,-0.0070183756018283,-0.019636982596616104,0.019636982596616104,False
G05,2024-10-11,2024-10-14,-0.0123863653819343,-0.01874227042985467,0.01874227042985467,False
G05,2024-10-14,2024-10-15,0.0038688580251147,-0.01874227042985467,0.01874227042985467,False
G05,2024-10-15,2024-10-16,0.0033572698479854,-0.01874227042985467,0.01874227042985467,False
G05,2024-10-16,2024-10-17,0.0052028444141178,-0.01874227042985467,0.01874227042985467,False
G05,2024-10-17,2024-10-18,-0.0042538436060043,-0.02253669471662126,0.02253669471662126,False
G05,2024-10-18,2024-10-21,-0.0056633105258353,-0.02068913129817171,0.02068913129817171,False
G05,2024-10-21,2024-10-22,-0.0045299350880716,-0.022835520570043587,0.022835520570043587,False
G05,2024-10-22,2024-10-23,-0.0027723504385511,-0.021543245816069836,0.021543245816069836,False
G05,2024-10-23,2024-10-24,-0.0013005337699335,-0.022835520570043587,0.022835520570043587,False
G05,2024-10-24,2024-10-25,-0.0002466425878262,-0.023552672695610344,0.023552672695610344,False
G05,2024-10-25,2024-10-28,0.0059911752197205,-0.023552672695610344,0.023552672695610344,False
G05,2024-10-28,2024-10-29,0.0101830635606544,-0.027335676710501782,0.027335676710501782,False
G05,2024-10-29,2024-10-30,-0.0019346292971645,-0.0245099669697351,0.0245099669697351,False
G05,2024-10-30,2024-10-31,0.0011685856694223,-0.027335676710501782,0.027335676710501782,False
G05,2024-10-31,2024-11-01,-0.0099823771850019,-0.026866054495978335,0.026866054495978335,False
G05,2024-11-01,2024-11-04,-0.0120914665017177,-0.0245099669697351,0.0245099669697351,False
G05,2024-11-04,2024-11-05,0.0046320153205518,-0.023511943790582846,0.023511943790582846,False
G05,2024-11-05,2024-11-06,0.0106347169296459,-0.025458804658899884,0.025458804658899884,False
G05,2024-11-06,2024-11-07,0.0001673739644468,-0.02256310610141806,0.02256310610141806,False
G05,2024-11-07,2024-11-08,0.0004113183152858,-0.023032728315941508,0.023032728315941508,False
G05,2024-11-08,2024-11-11,0.0044706592965746,-0.023981566005106293,0.023981566005106293,False
G05,2024-11-11,2024-11-12,-0.0176711176738705,-0.02591721680681355,0.02591721680681355,False
G05,2024-11-12,2024-11-13,0.0031095249344387,-0.023511943790582846,0.023511943790582846,False
G05,2024-11-13,2024-11-14,-0.0168946736521861,-0.023511943790582846,0.023511943790582846,False
G05,2024-11-14,2024-11-15,-0.0178930068716532,-0.023981566005106293,0.023981566005106293,False
G05,2024-11-15,2024-11-18,-0.0065352297526547,-0.02256310610141806,0.02256310610141806,False
G05,2024-11-18,2024-11-19,-0.0223267841982983,-0.023511943790582846,0.023511943790582846,False
G05,2024-11-19,2024-11-20,0.0040410667409221,-0.023511943790582846,0.023511943790582846,False
G05,2024-11-20,2024-11-21,0.0157815526142645,-0.03099876715099994,0.03099876715099994,False
G05,2024-11-21,2024-11-22,0.0072413949559723,-0.023981566005106293,0.023981566005106293,False
G05,2024-11-22,2024-11-25,0.0025773195876289,-0.023511943790582846,0.023511943790582846,False
G05,2024-11-25,2024-11-26,0.0095729900483854,-0.023981566005106293,0.023981566005106293,False
G05,2024-11-26,2024-11-27,0.0095750821072508,-0.02591721680681355,0.02591721680681355,False
G05,2024-11-27,2024-11-28,0.0012581914335936,-0.02591721680681355,0.02591721680681355,False
G05,2024-11-28,2024-11-29,0.0189467541969973,-0.027583206621545092,0.027583206621545092,False
G05,2024-11-29,2024-12-02,-0.0012923720881965,-0.0245099669697351,0.0245099669697351,False
G05,2024-12-02,2024-12-03,0.0046068236587585,-0.027306368077349433,0.027306368077349433,False
G05,2024-12-03,2024-12-04,-0.0165958564096989,-0.027306368077349433,0.027306368077349433,False
G05,2024-12-04,2024-12-05,0.0425239485933109,-0.02256310610141806,0.02256310610141806,False
G05,2024-12-05,2024-12-06,-9.629932821238658e-05,-0.025350626558758544,0.025350626558758544,False
G05,2024-12-06,2024-12-09,-0.0051000024157417,-0.01874227042985467,0.01874227042985467,False
G05,2024-12-09,2024-12-10,0.0071346428798838,-0.022887732843898265,0.022887732843898265,False
G05,2024-12-10,2024-12-11,-0.0039488659845984,-0.022408517369256926,0.022408517369256926,False
G05,2024-12-11,2024-12-12,-0.0037275806824097,-0.03338592025456092,0.03338592025456092,False
G05,2024-12-12,2024-12-13,0.000408957469829,-0.026866054495978335,0.026866054495978335,False
G05,2024-12-13,2024-12-16,-0.0015989510993937,-0.026866054495978335,0.026866054495978335,False
G05,2024-12-16,2024-12-17,-0.0080539434737428,-0.026866054495978335,0.026866054495978335,False
G06,2021-12-30,2021-12-31,0.006838500474531,-0.018732515891645284,0.018732515891645284,False
G06,2021-12-31,2022-01-04,0.0089758765667637,-0.027560775551076666,0.027560775551076666,False
G06,2022-01-04,2022-01-05,-0.0009088672241971,-0.024229441802681356,0.024229441802681356,False
G06,2022-01-05,2022-01-06,-0.0043981826817441,-0.032481329967917465,0.032481329967917465,False
G06,2022-01-06,2022-01-07,-0.0073351410795538,-0.028409619209043422,0.028409619209043422,False
G06,2022-01-07,2022-01-10,-0.0122510538836361,-0.030231010392511526,0.030231010392511526,False
G06,2022-01-10,2022-01-11,-0.0160592689353921,-0.0252555755123756,0.0252555755123756,False
G06,2022-01-11,2022-01-12,0.0190836110690223,-0.026037294972998795,0.026037294972998795,False
G06,2022-01-12,2022-01-13,0.0117184143173093,-0.015325612290843693,0.015325612290843693,False
G06,2022-01-13,2022-01-14,-0.0097870057504166,-0.012560890061840206,0.012560890061840206,False
G06,2022-01-14,2022-01-17,-0.0296339932787395,-0.01768606023631181,0.01768606023631181,True
G06,2022-01-17,2022-01-18,-0.0082038582262877,-0.016427839720179898,0.016427839720179898,False
G06,2022-01-18,2022-01-19,0.0056015330276795,-0.022243803197151357,0.022243803197151357,False
G06,2022-01-19,2022-01-20,0.0070474016170728,-0.017121070242776922,0.017121070242776922,False
G06,2022-01-20,2022-01-21,-0.0095784124445406,-0.014731777902459855,0.014731777902459855,False
G06,2022-01-21,2022-01-24,-0.0392112447279263,-0.025380765785774195,0.025380765785774195,True
G06,2022-01-24,2022-01-25,0.0283299302352217,-0.022564220363203668,0.022564220363203668,False
G06,2022-01-25,2022-01-26,0.001988714715891,-0.02361476879755264,0.02361476879755264,False
G06,2022-01-26,2022-01-27,-0.0114019733547036,-0.014382084390842664,0.014382084390842664,False
G06,2022-01-27,2022-01-28,0.0169267908883486,-0.01334900747039768,0.01334900747039768,False
G06,2022-01-28,2022-02-07,0.0101465436963548,-0.018793418829597307,0.018793418829597307,False
G06,2022-02-07,2022-02-08,0.029470482570055,-0.01787715650962006,0.01787715650962006,False
G06,2022-02-08,2022-02-09,0.0148128404166962,-0.022867080755475337,0.022867080755475337,False
G06,2022-02-09,2022-02-10,0.001009312646659,-0.013951231813420426,0.013951231813420426,False
G06,2022-02-10,2022-02-11,-0.0027612563859532,-0.015568003831214624,0.015568003831214624,False
G06,2022-02-11,2022-02-14,-0.017114557838619,-0.012615538879360181,0.012615538879360181,True
G06,2022-02-14,2022-02-15,0.0022558987374948,-0.021451459441481885,0.021451459441481885,False
G06,2022-02-15,2022-02-16,-0.0002711172866053,-0.013513848555837895,0.013513848555837895,False
G06,2022-02-16,2022-02-17,0.0130337415638718,-0.017840857747353164,0.017840857747353164,False
G06,2022-02-17,2022-02-18,0.0006617615533804,-0.012175210714628962,0.012175210714628962,False
G06,2022-02-18,2022-02-21,0.0015209137293425,-0.016945450204529214,0.016945450204529214,False
G06,2022-02-21,2022-02-22,0.0055488397998914,-0.018233382133008534,0.018233382133008534,False
G06,2022-02-22,2022-02-23,0.0028119341869855,-0.01716095268147647,0.01716095268147647,False
G06,2022-02-23,2022-02-24,-0.0110045558909824,-0.022715641320278056,0.022715641320278056,False
G06,2022-02-24,2022-02-25,0.0023292456034857,-0.014654656487694685,0.014654656487694685,False
G06,2022-02-25,2022-02-28,0.0091018838478182,-0.027664542765541946,0.027664542765541946,False
G06,2022-02-28,2022-03-01,-0.0017161569587302,-0.015228232250395844,0.015228232250395844,False
G06,2022-03-01,2022-03-02,-0.0047391096017211,-0.017980678102157123,0.017980678102157123,False
G06,2022-03-02,2022-03-03,0.0287049378895776,-0.02477459850651043,0.02477459850651043,False
G06,2022-03-03,2022-03-04,-0.0033475575601407,-0.01243801762346335,0.01243801762346335,False
G06,2022-03-04,2022-03-07,0.0059609339226393,-0.017219036066171096,0.017219036066171096,False
G06,2022-03-07,2022-03-08,-0.0072982512894229,-0.016507963474894027,0.016507963474894027,False
G06,2022-03-08,2022-03-09,0.0041807343382112,-0.014172070075191456,0.014172070075191456,False
G06,2022-03-09,2022-03-10,-0.0085825982827776,-0.019776214520431094,0.019776214520431094,False
G06,2022-03-10,2022-03-11,-0.016620980434203,-0.017980678102157123,0.017980678102157123,False
G06,2022-03-11,2022-03-14,-0.0208819631641027,-0.012541976744826561,0.012541976744826561,True
G06,2022-03-14,2022-03-15,-0.0010853306135523,-0.02453636921404939,0.02453636921404939,False
G06,2022-03-15,2022-03-16,0.0024775134377237,-0.015213518805274332,0.015213518805274332,False
G06,2022-03-16,2022-03-17,-0.0019330636934377,-0.013776655464672284,0.013776655464672284,False
G06,2022-03-17,2022-03-18,0.0172346189845546,-0.01930970855133384,0.01930970855133384,False
G06,2022-03-18,2022-03-21,0.0116121376872794,-0.014443534884360119,0.014443534884360119,False
G06,2022-03-21,2022-03-22,0.0049898800862705,-0.015378359890714545,0.015378359890714545,False
G06,2022-03-22,2022-03-23,-0.0008699017055275,-0.026252937306153752,0.026252937306153752,False
G06,2022-03-23,2022-03-24,-0.0070989263196225,-0.015213518805274332,0.015213518805274332,False
G06,2022-03-24,2022-03-25,0.011130444828761,-0.015655190701801304,0.015655190701801304,False
G06,2022-03-25,2022-03-28,0.0171520744319652,-0.016273279277103734,0.016273279277103734,False
G06,2022-03-28,2022-03-29,0.0284559017787845,-0.013539358708177487,0.013539358708177487,False
G06,2022-03-29,2022-03-30,-0.0038683200232705,-0.033890973047463,0.033890973047463,False
G06,2022-03-30,2022-03-31,0.0035348918817001,-0.01630201257843049,0.01630201257843049,False
G06,2022-03-31,2022-04-01,0.0402138704607788,-0.023883817248198824,0.023883817248198824,False
G06,2022-04-01,2022-04-04,-0.0062177916531189,-0.02337142978742643,0.02337142978742643,False
G06,2022-04-04,2022-04-05,0.0013439012979677,-0.020183643810881828,0.020183643810881828,False
G06,2022-04-05,2022-04-06,0.0283098239144413,-0.013922583233098852,0.013922583233098852,False
G06,2022-04-06,2022-04-07,-0.0120532108858655,-0.025637292692735333,0.025637292692735333,False
G06,2022-04-07,2022-04-08,-0.025973590828864,-0.03935079855796174,0.03935079855796174,False
G06,2022-04-08,2022-04-12,0.0007083302361948,-0.01630201257843049,0.01630201257843049,False
G06,2022-04-12,2022-04-13,0.0244947462268694,-0.023912208972188577,0.023912208972188577,False
G06,2022-04-13,2022-04-14,0.0091939023499324,-0.030608628166645096,0.030608628166645096,False
G06,2022-04-14,2022-04-15,-0.0083420832292729,-0.01847237092476747,0.01847237092476747,False
G06,2022-04-15,2022-04-18,-0.0102098136213844,-0.021447951840822373,0.021447951840822373,False
G06,2022-04-18,2022-04-19,-0.0138314716825956,-0.026830129493045897,0.026830129493045897,False
G06,2022-04-19,2022-04-20,-0.0007531254707034,-0.03234580704737812,0.03234580704737812,False
G06,2022-04-20,2022-04-21,0.0001712732476085,-0.014950711896439947,0.014950711896439947,False
G06,2022-04-21,2022-04-22,0.0012668927226335,-0.02691784916372094,0.02691784916372094,False
G06,2022-04-22,2022-04-25,-0.0694854382368597,-0.0492759105501551,0.0492759105501551,True
G06,2022-04-25,2022-04-26,0.0155529385793861,-0.036797012173248385,0.036797012173248385,False
G06,2022-04-26,2022-04-27,0.0027069060325794,-0.028090086639626026,0.028090086639626026,False
G06,2022-04-27,2022-04-28,0.0078705816566901,-0.026222836120155284,0.026222836120155284,False
G06,2022-04-28,2022-04-29,0.0095824846294083,-0.013513848555837895,0.013513848555837895,False
G06,2022-04-29,2022-05-04,-0.0110174697818654,-0.028028278237592835,0.028028278237592835,False
G06,2022-05-04,2022-05-05,0.0008679821866862,-0.013232830814134868,0.013232830814134868,False
G06,2022-05-05,2022-05-06,-0.0225351380952641,-0.013628325804426647,0.013628325804426647,True
G06,2022-05-06,2022-05-09,-0.0585389934656119,-0.01431525431967781,0.01431525431967781,True
G06,2022-05-09,2022-05-10,0.0340695447634803,-0.04176292131123335,0.04176292131123335,False
G06,2022-05-10,2022-05-11,0.0105751915442737,-0.02823680867499728,0.02823680867499728,False
G06,2022-05-11,2022-05-12,-0.0559807548391082,-0.014158822919218205,0.014158822919218205,True
G06,2022-05-12,2022-05-13,-0.0504911763195255,-0.035921382740646386,0.035921382740646386,True
G06,2022-05-13,2022-05-16,-0.0034088569039605,-0.01831164899088064,0.01831164899088064,False
G06,2022-05-16,2022-05-17,0.0640390255775862,-0.03184527939494269,0.03184527939494269,False
G06,2022-05-17,2022-05-18,-0.0019364316239316,-0.043158589950088616,0.043158589950088616,False
G06,2022-05-18,2022-05-19,-0.0061579727861843,-0.023925783395103185,0.023925783395103185,False
G06,2022-05-19,2022-05-20,0.0019629660679956,-0.023925783395103185,0.023925783395103185,False
G06,2022-05-20,2022-05-23,-0.0193580884480382,-0.015490467813858206,0.015490467813858206,True
G06,2022-05-23,2022-05-24,-0.0051761748909557,-0.03696826847695256,0.03696826847695256,False
G06,2022-05-24,2022-05-25,0.0338340978263341,-0.025024812900995373,0.025024812900995373,False
G06,2022-05-25,2022-05-26,0.0072022445325956,-0.040822751890340445,0.040822751890340445,False
G06,2022-05-26,2022-05-27,0.0422897590198742,-0.013660570591209148,0.013660570591209148,False
G06,2022-05-27,2022-05-30,-0.0048912313679913,-0.0214785598621645,0.0214785598621645,False
G06,2022-05-30,2022-05-31,-0.0120397996110911,-0.014363965340773704,0.014363965340773704,False
G06,2022-05-31,2022-06-01,0.0039177594438722,-0.025324964632430207,0.025324964632430207,False
G06,2022-06-01,2022-06-02,-0.0075893090626393,-0.014878499937831108,0.014878499937831108,False
G06,2022-06-02,2022-06-03,0.0224561144840362,-0.036544564414745864,0.036544564414745864,False
G06,2022-06-03,2022-06-06,-0.0006506831483871,-0.015262275017251416,0.015262275017251416,False
G06,2022-06-06,2022-06-07,0.0051949172684222,-0.012157091664560003,0.012157091664560003,False
G06,2022-06-07,2022-06-08,-0.0040031712493952,-0.03197225057005809,0.03197225057005809,False
G06,2022-06-08,2022-06-09,0.0087150403240225,-0.01699317861874708,0.01699317861874708,False
G06,2022-06-09,2022-06-10,-0.0234135781158759,-0.02212788950679902,0.02212788950679902,True
G06,2022-06-10,2022-06-13,-0.0569580130322258,-0.013245585437716164,0.013245585437716164,True
G06,2022-06-13,2022-06-14,0.0037575944112016,-0.03375189980153262,0.03375189980153262,False
G06,2022-06-14,2022-06-15,0.0050715568503915,-0.02732242435501607,0.02732242435501607,False
G06,2022-06-15,2022-06-16,0.0467534334922854,-0.022611822836984558,0.022611822836984558,False
G06,2022-06-16,2022-06-17,-0.0090622252246455,-0.023242450610210456,0.023242450610210456,False
G06,2022-06-17,2022-06-20,-0.0392987139294633,-0.029778898071564038,0.029778898071564038,True
G06,2022-06-20,2022-06-21,-0.0246479020112733,-0.05029018441346181,0.05029018441346181,False
G06,2022-06-21,2022-06-22,-0.0226047243951319,-0.04588156073709118,0.04588156073709118,False
G06,2022-06-22,2022-06-23,0.021472479808832,-0.0574084574963127,0.0574084574963127,False
G06,2022-06-23,2022-06-24,-0.0027954501638712,-0.027034298937030295,0.027034298937030295,False
G06,2022-06-24,2022-06-27,0.0187554155879819,-0.023925783395103185,0.023925783395103185,False
G06,2022-06-27,2022-06-28,0.0125697465653958,-0.024093956669779096,0.024093956669779096,False
G06,2022-06-28,2022-06-29,0.0058043442334489,-0.012321932750000215,0.012321932750000215,False
G06,2022-06-29,2022-06-30,-0.0274570366022427,-0.028715748585837694,0.028715748585837694,False
G06,2022-06-30,2022-07-01,0.0027050502208086,-0.023811046330468075,0.023811046330468075,False
G06,2022-07-01,2022-07-04,-0.0227000060741805,-0.02602194488781522,0.02602194488781522,False
G06,2022-07-04,2022-07-05,-0.0176412620460313,-0.02488021534337237,0.02488021534337237,False
G06,2022-07-05,2022-07-06,-0.0220756974278101,-0.02540552889323727,0.02540552889323727,False
G06,2022-07-06,2022-07-07,0.0030210953351278,-0.028196630064390868,0.028196630064390868,False
G06,2022-07-07,2022-07-08,0.0180628952752846,-0.013660570591209148,0.013660570591209148,False
G06,2022-07-08,2022-07-11,-0.011615462291187,-0.010720228323957946,0.010720228323957946,True
G06,2022-07-11,2022-07-12,0.0060491248055054,-0.0155012467666657,0.0155012467666657,False
G06,2022-07-12,2022-07-13,-0.0080733821796936,-0.015666087852105912,0.015666087852105912,False
G06,2022-07-13,2022-07-14,-0.0056237247186757,-0.01150050304124491,0.01150050304124491,False
G06,2022-07-14,2022-07-15,0.0066377379156564,-0.014113021440543622,0.014113021440543622,False
G06,2022-07-15,2022-07-18,-0.0079706007911983,-0.015771228620318017,0.015771228620318017,False
G06,2022-07-18,2022-07-19,-0.0122663080945193,-0.027700122240126013,0.027700122240126013,False
G06,2022-07-19,2022-07-20,0.0174324337379664,-0.01774172079031713,0.01774172079031713,False
G06,2022-07-20,2022-07-21,0.0215099971856114,-0.021224012498462775,0.021224012498462775,False
G06,2022-07-21,2022-07-22,-0.0048739269562226,-0.01844892845237753,0.01844892845237753,False
G06,2022-07-22,2022-07-25,-0.0095121275610886,-0.0150974339318112,0.0150974339318112,False
G06,2022-07-25,2022-07-26,-0.0077555469158649,-0.012157091664560003,0.012157091664560003,False
G06,2022-07-26,2022-07-27,-0.0093012456968529,-0.01498125727554839,0.01498125727554839,False
G06,2022-07-27,2022-07-28,0.0005330896989334,-0.022367915293367648,0.022367915293367648,False
G06,2022-07-28,2022-07-29,-0.0092435657474927,-0.01757048162568211,0.01757048162568211,False
G06,2022-07-29,2022-08-01,0.0236031948943672,-0.017551568308668462,0.017551568308668462,False
G06,2022-08-01,2022-08-02,0.0093256148071253,-0.01399520752152655,0.01399520752152655,False
G06,2022-08-02,2022-08-03,0.010585956629003,-0.015262275017251416,0.015262275017251416,False
G06,2022-08-03,2022-08-04,0.0085293160482948,-0.011928151035519512,0.011928151035519512,False
G06,2022-08-04,2022-08-05,-0.006155242885472,-0.01665468551026528,0.01665468551026528,False
G06,2022-08-05,2022-08-08,0.0060630417097057,-0.020187138700362685,0.020187138700362685,False
G06,2022-08-08,2022-08-09,0.0099879780944048,-0.01757912733944463,0.01757912733944463,False
G06,2022-08-09,2022-08-10,-0.0032591434119324,-0.015229026517340531,0.015229026517340531,False
G06,2022-08-10,2022-08-11,-0.008728710986029,-0.018004527699151517,0.018004527699151517,False
G06,2022-08-11,2022-08-12,0.0097181477644161,-0.016911748850349868,0.016911748850349868,False
G06,2022-08-12,2022-08-15,0.0206389642552056,-0.015525081926085793,0.015525081926085793,False
G06,2022-08-15,2022-08-16,0.0120232318998789,-0.012584739658834602,0.012584739658834602,False
G06,2022-08-16,2022-08-17,-0.0099852932460375,-0.015141306846665493,0.015141306846665493,False
G06,2022-08-17,2022-08-18,-0.0045569263814126,-0.015506168609072148,0.015506168609072148,False
G06,2022-08-18,2022-08-19,-0.0129175138169876,-0.01241989857339439,0.01241989857339439,True
G06,2022-08-19,2022-08-22,0.0064980958096616,-0.022327661267213725,0.022327661267213725,False
G06,2022-08-22,2022-08-23,0.0070339945590989,-0.012584739658834602,0.012584739658834602,False
G06,2022-08-23,2022-08-24,-0.0018502366248039,-0.01564795436446265,0.01564795436446265,False
G06,2022-08-24,2022-08-25,0.0132097855293363,-0.015629522142340223,0.015629522142340223,False
G06,2022-08-25,2022-08-26,0.0171964127399744,-0.012853539865638027,0.012853539865638027,False
G06,2022-08-26,2022-08-29,-0.0014911242385919,-0.018678322387658333,0.018678322387658333,False
G06,2022-08-29,2022-08-30,-0.0028971699000962,-0.013644112096485384,0.013644112096485384,False
G06,2022-08-30,2022-08-31,0.0033693216889771,-0.01388140885298018,0.01388140885298018,False
G06,2022-08-31,2022-09-05,0.0047637194525326,-0.014806430741485042,0.014806430741485042,False
G06,2022-09-05,2022-09-06,-0.0046976556913354,-0.018752703753716606,0.018752703753716606,False
G06,2022-09-06,2022-09-07,-0.0247836391418192,-0.020700166039583034,0.020700166039583034,True
G06,2022-09-07,2022-09-08,0.0064220713200118,-0.01359663559496136,0.01359663559496136,False
G06,2022-09-08,2022-09-09,0.0123823425718406,-0.015897920370951668,0.015897920370951668,False
G06,2022-09-09,2022-09-12,0.0104945870593609,-0.015202739852466837,0.015202739852466837,False
G06,2022-09-12,2022-09-13,-0.0010260885683495,-0.01243801762346335,0.01243801762346335,False
G06,2022-09-13,2022-09-14,-0.0041680217138982,-0.015617331640128832,0.015617331640128832,False
G06,2022-09-14,2022-09-15,-0.0017206658973046,-0.017045853095802692,0.017045853095802692,False
G06,2022-09-15,2022-09-16,-0.0217265345413631,-0.015645505085077362,0.015645505085077362,True
G06,2022-09-16,2022-09-19,-0.0096519504410865,-0.012273176538023137,0.012273176538023137,False
G06,2022-09-19,2022-09-20,0.0120560171047355,-0.025783141922244672,0.025783141922244672,False
G06,2022-09-20,2022-09-21,-0.0137619292259463,-0.015782172725569046,0.015782172725569046,False
G06,2022-09-21,2022-09-22,0.0044497660497561,-0.018523089961065463,0.018523089961065463,False
G06,2022-09-22,2022-09-23,-0.0096611395282352,-0.014443534884360119,0.014443534884360119,False
G06,2022-09-23,2022-09-26,-0.0149365188434135,-0.015617331640128832,0.015617331640128832,False
G06,2022-09-26,2022-09-27,-0.0085008900162612,-0.011615309161417923,0.011615309161417923,False
G06,2022-09-27,2022-09-28,-0.0296056052013146,-0.01812168402817724,0.01812168402817724,True
G06,2022-09-28,2022-09-29,-0.011688632461688,-0.013670797089157109,0.013670797089157109,False
G06,2022-09-29,2022-09-30,0.0081076469173086,-0.02773346505270333,0.02773346505270333,False
G06,2022-09-30,2022-10-03,-0.0602543007172786,-0.022709062583509177,0.022709062583509177,True
G06,2022-10-03,2022-10-04,-0.0049481584996136,-0.04968389473022756,0.04968389473022756,False
G06,2022-10-04,2022-10-05,0.0164037140105653,-0.03027342873183704,0.03027342873183704,False
G06,2022-10-05,2022-10-06,-0.0513854342451004,-0.017121070242776922,0.017121070242776922,True
G06,2022-10-06,2022-10-07,-0.0412946015058279,-0.043443762525936805,0.043443762525936805,False
G06,2022-10-07,2022-10-10,0.0334525858463251,-0.02166085277917057,0.02166085277917057,False
G06,2022-10-10,2022-10-11,-0.0390758523727863,-0.0447389961986976,0.0447389961986976,False
G06,2022-10-11,2022-10-12,0.0421033887596884,-0.03707905809354745,0.03707905809354745,False
G06,2022-10-12,2022-10-13,0.0175752547795387,-0.0443419043786835,0.0443419043786835,False
G06,2022-10-13,2022-10-14,0.017128297033236,-0.028579699503850177,0.028579699503850177,False
G06,2022-10-14,2022-10-17,-0.0100328339849048,-0.023101065650257418,0.023101065650257418,False
G06,2022-10-17,2022-10-18,-0.0010674464251495,-0.023925783395103185,0.023925783395103185,False
G06,2022-10-18,2022-10-19,-0.005499970624924,-0.03495318993758066,0.03495318993758066,False
G06,2022-10-19,2022-10-20,0.0014794225389878,-0.013379552849506121,0.013379552849506121,False
G06,2022-10-20,2022-10-21,-0.0616907553360183,-0.012117794976019594,0.012117794976019594,True
G06,2022-10-21,2022-10-24,-0.0458236290203585,-0.04329291305152353,0.04329291305152353,True
G06,2022-10-24,2022-10-25,0.0331819028076257,-0.018816630300121647,0.018816630300121647,False
G06,2022-10-25,2022-10-26,-0.0016104092543261,-0.043032976404911404,0.043032976404911404,False
G06,2022-10-26,2022-10-27,0.0279333000494947,-0.013495729505768933,0.013495729505768933,False
G06,2022-10-27,2022-10-28,-0.0157231913180724,-0.021626578284333547,0.021626578284333547,False
G06,2022-10-28,2022-10-31,-0.03027675586511,-0.02352670410362491,0.02352670410362491,True
G06,2022-10-31,2022-11-01,-0.0240631410709734,-0.03208739017853126,0.03208739017853126,False
G06,2022-11-01,2022-11-02,-0.0126731953859587,-0.043594680676683865,0.043594680676683865,False
G06,2022-11-02,2022-11-03,0.0077093915915844,-0.030191176291259416,0.030191176291259416,False
G06,2022-11-03,2022-11-04,-0.0406585325207331,-0.014749064364365311,0.014749064364365311,True
G06,2022-11-04,2022-11-07,-0.0461089602854831,-0.021328297749539715,0.021328297749539715,True
G06,2022-11-07,2022-11-08,0.0031588755631444,-0.045508078694468934,0.045508078694468934,False
G06,2022-11-08,2022-11-09,0.0060974963691482,-0.045403736980201365,0.045403736980201365,False
G06,2022-11-09,2022-11-10,-0.0502992257172326,-0.024798235520346656,0.024798235520346656,True
G06,2022-11-10,2022-11-11,0.0095199285779648,-0.03570473389009906,0.03570473389009906,False
G06,2022-11-11,2022-11-14,-0.0301887843787106,-0.03505702433521873,0.03505702433521873,False
G06,2022-11-14,2022-11-15,-0.0379655721132695,-0.030763704685328862,0.030763704685328862,True
G06,2022-11-15,2022-11-16,0.0629508878765987,-0.04361189219329717,0.04361189219329717,False
G06,2022-11-16,2022-11-17,0.0418411955115185,-0.04225315383836342,0.04225315383836342,False
G06,2022-11-17,2022-11-18,0.0249447889932075,-0.043158589950088616,0.043158589950088616,False
G06,2022-11-18,2022-11-21,-0.0216568626285707,-0.04142637969934499,0.04142637969934499,False
G06,2022-11-21,2022-11-22,-0.0050588593890101,-0.022100619715830355,0.022100619715830355,False
G06,2022-11-22,2022-11-23,-0.0202329421990438,-0.05416174643605901,0.05416174643605901,False
G06,2022-11-23,2022-11-24,-0.009448244728148,-0.03696826847695256,0.03696826847695256,False
G06,2022-11-24,2022-11-25,0.0300090027349455,-0.028484770751430705,0.028484770751430705,False
G06,2022-11-25,2022-11-28,0.0542329872878249,-0.025231661333088504,0.025231661333088504,False
G06,2022-11-28,2022-11-29,0.0434369449728073,-0.021656461856815988,0.021656461856815988,False
G06,2022-11-29,2022-11-30,0.0304302831619331,-0.024251775900542717,0.024251775900542717,False
G06,2022-11-30,2022-12-01,-0.0034453870025946,-0.023660338697908623,0.023660338697908623,False
G06,2022-12-01,2022-12-02,0.0571288055481456,-0.04702967081202227,0.04702967081202227,False
G06,2022-12-02,2022-12-05,0.01748479360471,-0.055528751858152835,0.055528751858152835,False
G06,2022-12-05,2022-12-06,-0.0557368566150412,-0.03533696501700096,0.03533696501700096,True
G06,2022-12-06,2022-12-07,-0.0003658267978896,-0.04988955491093113,0.04988955491093113,False
G06,2022-12-07,2022-12-08,0.0225964693186582,-0.02870806976569082,0.02870806976569082,False
G06,2022-12-08,2022-12-09,0.0110387229325915,-0.031092262167265437,0.031092262167265437,False
G06,2022-12-09,2022-12-12,-0.016791763871513,-0.01454881155322711,0.01454881155322711,True
G06,2022-12-12,2022-12-13,0.0117318430767768,-0.021461737198893334,0.021461737198893334,False
G06,2022-12-13,2022-12-14,-0.000118808429673,-0.025923763267235406,0.025923763267235406,False
G06,2022-12-14,2022-12-15,0.0126046062761381,-0.01547695642112896,0.01547695642112896,False
G06,2022-12-15,2022-12-16,0.0249693044012221,-0.013660570591209148,0.013660570591209148,False
G06,2022-12-16,2022-12-19,-0.0169303382434841,-0.022821234677980515,0.022821234677980515,False
G06,2022-12-19,2022-12-20,-0.0211255993699313,-0.02286942269825798,0.02286942269825798,False
G06,2022-12-20,2022-12-21,5.544796397701402e-05,-0.04340978572234574,0.04340978572234574,False
G06,2022-12-21,2022-12-22,0.0007531254707034,-0.02446077559565853,0.02446077559565853,False
G06,2022-12-22,2022-12-23,-0.0112445851888217,-0.01995425139394456,0.01995425139394456,False
G06,2022-12-23,2022-12-26,-0.0529449339144818,-0.012560904499414497,0.012560904499414497,True
G06,2022-12-26,2022-12-27,0.0322878373720194,-0.04740058030457504,0.04740058030457504,False
G06,2022-12-27,2022-12-28,-0.0060223855853627,-0.027447515984377717,0.027447515984377717,False
G06,2022-12-28,2022-12-29,-0.006731596550821,-0.013495729505768933,0.013495729505768933,False
G06,2022-12-29,2022-12-30,0.0029940119760479,-0.013111954426348625,0.013111954426348625,False
G06,2022-12-30,2023-01-03,0.044666710216314,-0.01989500362675719,0.01989500362675719,False
G06,2023-01-03,2023-01-04,-0.0005986983754159,-0.030874061715788926,0.030874061715788926,False
G06,2023-01-04,2023-01-05,0.0101128847144445,-0.014363965340773704,0.014363965340773704,False
G06,2023-01-05,2023-01-06,-0.0113861454820008,-0.017267792278148175,0.017267792278148175,False
G06,2023-01-06,2023-01-09,-0.0056029603734268,-0.013320109467521222,0.013320109467521222,False
G06,2023-01-09,2023-01-10,0.0055115611267588,-0.0249411895530099,0.0249411895530099,False
G06,2023-01-10,2023-01-11,0.0116369285195708,-0.023653599278807474,0.023653599278807474,False
G06,2023-01-11,2023-01-12,-0.0067790516484528,-0.014288258492684005,0.014288258492684005,False
G06,2023-01-12,2023-01-13,-0.0050314772797722,-0.013641657274195501,0.013641657274195501,False
G06,2023-01-13,2023-01-16,0.0071093533944063,-0.013111954426348625,0.013111954426348625,False
G06,2023-01-16,2023-01-17,0.0371461920622858,-0.019370350214786586,0.019370350214786586,False
G06,2023-01-17,2023-01-18,0.0211566585294377,-0.013423273834714353,0.013423273834714353,False
G06,2023-01-18,2023-01-19,-0.0015738508039233,-0.01660003364260349,0.01660003364260349,False
G06,2023-01-19,2023-01-27,0.008132414762081,-0.012157091664560003,0.012157091664560003,False
G06,2023-01-27,2023-01-30,0.0047144320355239,-0.015262275017251416,0.015262275017251416,False
G06,2023-01-30,2023-01-31,0.0067956440723374,-0.022731657537101116,0.022731657537101116,False
G06,2023-01-31,2023-02-01,-0.0166616340424076,-0.01929670927506119,0.01929670927506119,False
G06,2023-02-01,2023-02-02,0.0224498590395755,-0.021899495839375636,0.021899495839375636,False
G06,2023-02-02,2023-02-03,-0.024313801803657,-0.027480371033255555,0.027480371033255555,False
G06,2023-02-03,2023-02-06,-0.0022032310738556,-0.018003058614782144,0.018003058614782144,False
G06,2023-02-06,2023-02-07,-0.0315835225359541,-0.01561699441204832,0.01561699441204832,True
G06,2023-02-07,2023-02-08,0.0120424200129325,-0.0249642046330494,0.0249642046330494,False
G06,2023-02-08,2023-02-09,-0.0097981310235928,-0.031294801138778236,0.031294801138778236,False
G06,2023-02-09,2023-02-10,-0.0160515926811433,-0.013495729505768933,0.013495729505768933,True
G06,2023-02-10,2023-02-13,-0.0016594272728579,-0.013466979608467293,0.013466979608467293,False
G06,2023-02-13,2023-02-14,0.0069972838147312,-0.023925783395103185,0.023925783395103185,False
G06,2023-02-14,2023-02-15,0.0083807255799532,-0.013660570591209148,0.013660570591209148,False
G06,2023-02-15,2023-02-16,0.0123168789855236,-0.01528231277268561,0.01528231277268561,False
G06,2023-02-16,2023-02-17,-0.0049556878852176,-0.015666087852105912,0.015666087852105912,False
G06,2023-02-17,2023-02-20,0.0272680523412208,-0.01989364691453168,0.01989364691453168,False
G06,2023-02-20,2023-02-21,-0.0032310706352352,-0.013556354291582945,0.013556354291582945,False
G06,2023-02-21,2023-02-22,-0.0214001300492322,-0.012905488060621827,0.012905488060621827,True
G06,2023-02-22,2023-02-23,0.0032279108475316,-0.024118295284193878,0.024118295284193878,False
G06,2023-02-23,2023-02-24,-0.0204030443047046,-0.014878499937831108,0.014878499937831108,True
G06,2023-02-24,2023-02-27,-0.0259340293450069,-0.02031992278644668,0.02031992278644668,True
G06,2023-02-27,2023-02-28,-0.0049619299408314,-0.01230301943298657,0.01230301943298657,False
G06,2023-02-28,2023-03-01,0.0216892940033032,-0.016020807246902826,0.016020807246902826,False
G06,2023-03-01,2023-03-02,-0.0108571335896383,-0.021211165186904798,0.021211165186904798,False
G06,2023-03-02,2023-03-03,-0.0177754200307026,-0.0155012467666657,0.0155012467666657,True
G06,2023-03-03,2023-03-06,-0.0005875151766786,-0.018775299779528347,0.018775299779528347,False
G06,2023-03-06,2023-03-07,0.0167538361968185,-0.0150974339318112,0.0150974339318112,False
G06,2023-03-07,2023-03-08,0.0018144273445124,-0.015333729275238565,0.015333729275238565,False
G06,2023-03-08,2023-03-09,0.0097229595677187,-0.015262275017251416,0.015262275017251416,False
G06,2023-03-09,2023-03-10,-0.0049833598178157,-0.01432745001089698,0.01432745001089698,False
G06,2023-03-10,2023-03-13,-0.0085284573336991,-0.0150974339318112,0.0150974339318112,False
G06,2023-03-13,2023-03-14,-0.0201901708440532,-0.014597482196128088,0.014597482196128088,True
G06,2023-03-14,2023-03-15,0.0360020423507704,-0.013980190261353397,0.013980190261353397,False
G06,2023-03-15,2023-03-16,-0.0173473710407225,-0.023492565574184682,0.023492565574184682,False
G06,2023-03-16,2023-03-17,-0.0082254388552525,-0.014713658852390898,0.014713658852390898,False
G06,2023-03-17,2023-03-20,-0.0234442741069536,-0.0150974339318112,0.0150974339318112,True
G06,2023-03-20,2023-03-21,0.0133046666680665,-0.01442413708100104,0.01442413708100104,False
G06,2023-03-21,2023-03-22,-0.0053933605591367,-0.023419163644526845,0.023419163644526845,False
G06,2023-03-22,2023-03-23,-0.0019765887551254,-0.017102951192707962,0.017102951192707962,False
G06,2023-03-23,2023-03-24,0.0038710999767686,-0.015441585663575053,0.015441585663575053,False
G06,2023-03-24,2023-03-27,0.0098937373825313,-0.01962250067215068,0.01962250067215068,False
G06,2023-03-27,2023-03-28,0.0076257905047555,-0.016563228458365383,0.016563228458365383,False
G06,2023-03-28,2023-03-29,-0.0026184705346135,-0.025830542553564595,0.025830542553564595,False
G06,2023-03-29,2023-03-30,-0.0004902266487042,-0.017857805663780264,0.017857805663780264,False
G06,2023-03-30,2023-03-31,-0.0004526525439072,-0.02859058503367791,0.02859058503367791,False
G06,2023-03-31,2023-04-03,0.0148437262869299,-0.017474030584359958,0.017474030584359958,False
G06,2023-04-03,2023-04-04,0.0068652383653625,-0.015082304481969276,0.015082304481969276,False
G06,2023-04-04,2023-04-05,0.0062773576949225,-0.018022646749220477,0.018022646749220477,False
G06,2023-04-05,2023-04-06,-0.0066634171384527,-0.018022646749220477,0.018022646749220477,False
G06,2023-04-06,2023-04-07,-0.0048994207144437,-0.012273176538023137,0.012273176538023137,False
G06,2023-04-07,2023-04-10,0.0083904758779563,-0.014480050214236841,0.014480050214236841,False
G06,2023-04-10,2023-04-11,-0.0008026101014623,-0.016183645566683415,0.016183645566683415,False
G06,2023-04-11,2023-04-12,-0.0002824118127709,-0.01960591895314031,0.01960591895314031,False
G06,2023-04-12,2023-04-13,-0.0051773296380686,-0.019602420283633584,0.019602420283633584,False
G06,2023-04-13,2023-04-14,-0.0053765348241681,-0.019938358131078394,0.019938358131078394,False
G06,2023-04-14,2023-04-17,0.0020350082279479,-0.01812660587058369,0.01812660587058369,False
G06,2023-04-17,2023-04-18,0.001477407799826,-0.02575711812533302,0.02575711812533302,False
G06,2023-04-18,2023-04-19,0.0017820159236852,-0.025321974113643873,0.025321974113643873,False
G06,2023-04-19,2023-04-20,-0.0003655832910135,-0.022729418408647627,0.022729418408647627,False
G06,2023-04-20,2023-04-21,-0.0111527182932246,-0.024903916032750138,0.024903916032750138,False
G06,2023-04-21,2023-04-24,-0.0092523240386923,-0.015040335834905924,0.015040335834905924,False
G06,2023-04-24,2023-04-25,-0.002598892747321,-0.015040335834905924,0.015040335834905924,False
G06,2023-04-25,2023-04-26,0.0207971480756994,-0.02166861378161086,0.02166861378161086,False
G06,2023-04-26,2023-04-27,-0.0023023145499592,-0.015117457249671097,0.015117457249671097,False
G06,2023-04-27,2023-04-28,0.0006191296921161,-0.01768606023631181,0.01768606023631181,False
G06,2023-04-28,2023-05-04,-0.0121765630496204,-0.012560890061840206,0.012560890061840206,False
G06,2023-05-04,2023-05-05,0.001002152379972,-0.017341908504547955,0.017341908504547955,False
G06,2023-05-05,2023-05-08,0.0031552916816607,-0.02105057109043451,0.02105057109043451,False
G06,2023-05-08,2023-05-09,0.0057826835662311,-0.02145509034338847,0.02145509034338847,False
G06,2023-05-09,2023-05-10,0.0080371721183604,-0.014691815442921443,0.014691815442921443,False
G06,2023-05-10,2023-05-11,-0.0014142059665427,-0.019058257599692454,0.019058257599692454,False
G06,2023-05-11,2023-05-12,0.0177383685353598,-0.021633719207889018,0.021633719207889018,False
G06,2023-05-12,2023-05-15,-0.0024670195930334,-0.014548588297031054,0.014548588297031054,False
G06,2023-05-15,2023-05-16,-0.0033460984239821,-0.016849769907250976,0.016849769907250976,False
G06,2023-05-16,2023-05-17,-0.0055515111842359,-0.015336391243651189,0.015336391243651189,False
G06,2023-05-17,2023-05-18,0.0075371410333288,-0.014952616164230888,0.014952616164230888,False
G06,2023-05-18,2023-05-19,-0.0009635821634531,-0.023171337537622887,0.023171337537622887,False
G06,2023-05-19,2023-05-22,0.0025929472693077,-0.02029635320472853,0.02029635320472853,False
G06,2023-05-22,2023-05-23,-0.0077328081830263,-0.02240705044797486,0.02240705044797486,False
G06,2023-05-23,2023-05-24,-0.0116372846248567,-0.01795098583233598,0.01795098583233598,False
G06,2023-05-24,2023-05-25,0.0066576737830806,-0.017805058063909415,0.017805058063909415,False
G06,2023-05-25,2023-05-26,-4.1294379703497425e-05,-0.015205176920346133,0.015205176920346133,False
G06,2023-05-26,2023-05-29,0.0097671234493585,-0.017980678102157123,0.017980678102157123,False
G06,2023-05-29,2023-05-30,0.0079440001815304,-0.027328249782411513,0.027328249782411513,False
G06,2023-05-30,2023-05-31,-0.0036088497312695,-0.02203319912115781,0.02203319912115781,False
G06,2023-05-31,2023-06-01,0.0017601685262561,-0.028409619209043422,0.028409619209043422,False
G06,2023-06-01,2023-06-02,0.01694752914982,-0.02665072696687588,0.02665072696687588,False
G06,2023-06-02,2023-06-05,0.0089006773650243,-0.025420416597815812,0.025420416597815812,False
G06,2023-06-05,2023-06-06,0.0074161051063449,-0.024229441802681356,0.024229441802681356,False
G06,2023-06-06,2023-06-07,0.0119508434795478,-0.02682634700512359,0.02682634700512359,False
G06,2023-06-07,2023-06-08,-0.0117081877849168,-0.024229441802681356,0.024229441802681356,False
G06,2023-06-08,2023-06-09,0.011581566382377,-0.025332762397649932,0.025332762397649932,False
G06,2023-06-09,2023-06-12,0.0147169210085266,-0.024484176555173476,0.024484176555173476,False
G06,2023-06-12,2023-06-13,0.0047469123952134,-0.025023538694205857,0.025023538694205857,False
G06,2023-06-13,2023-06-14,-0.0124482196040913,-0.024308556516925768,0.024308556516925768,False
G06,2023-06-14,2023-06-15,-0.0024889899780597,-0.026149232692382323,0.026149232692382323,False
G06,2023-06-15,2023-06-16,0.0030285588261558,-0.024319335469733264,0.024319335469733264,False
G06,2023-06-16,2023-06-19,0.0007765783395085,-0.021887271352731243,0.021887271352731243,False
G06,2023-06-19,2023-06-20,0.0153662487522003,-0.026972755868441372,0.026972755868441372,False
G06,2023-06-20,2023-06-21,0.0160559924666267,-0.02203319912115781,0.02203319912115781,False
G06,2023-06-21,2023-06-22,0.0049704411075595,-0.021887271352731243,0.021887271352731243,False
G06,2023-06-22,2023-06-23,0.0046841226996514,-0.024229441802681356,0.024229441802681356,False
G06,2023-06-23,2023-06-26,0.011202909153268,-0.028831864266020357,0.028831864266020357,False
G06,2023-06-26,2023-06-27,0.012752272558008,-0.029657803293922036,0.029657803293922036,False
G06,2023-06-27,2023-06-28,0.0069929946495955,-0.03187093341694397,0.03187093341694397,False
G06,2023-06-28,2023-06-29,-0.0211056366043865,-0.02909841631238026,0.02909841631238026,False
G06,2023-06-29,2023-06-30,0.0073703501645494,-0.024319335469733264,0.024319335469733264,False
G06,2023-06-30,2023-07-03,-0.0001779431631168,-0.024308556516925768,0.024308556516925768,False
G06,2023-07-03,2023-07-04,0.0050301688734957,-0.024319335469733264,0.024319335469733264,False
G06,2023-07-04,2023-07-05,0.0095583629026515,-0.021887271352731243,0.021887271352731243,False
G06,2023-07-05,2023-07-06,-0.0014536634116244,-0.02366329245152271,0.02366329245152271,False
G06,2023-07-06,2023-07-07,0.0265098300671389,-0.03002854624939882,0.03002854624939882,False
G06,2023-07-07,2023-07-10,0.019388169144712,-0.03487755411939526,0.03487755411939526,False
G06,2023-07-10,2023-07-11,0.0011431087501213,-0.021764398914354385,0.021764398914354385,False
G06,2023-07-11,2023-07-12,0.0001179257734151,-0.024361304116796618,0.024361304116796618,False
G06,2023-07-12,2023-07-13,0.004132186198478,-0.02632485273063003,0.02632485273063003,False
G06,2023-07-13,2023-07-14,0.0173314117756443,-0.027225225705117973,0.027225225705117973,False
G06,2023-07-14,2023-07-17,-0.004899724745882,-0.023887932154071343,0.023887932154071343,False
G06,2023-07-17,2023-07-18,-0.0065510652170525,-0.022717631043691,0.022717631043691,False
G06,2023-07-18,2023-07-19,0.0046541761281664,-0.024279712122076812,0.024279712122076812,False
G06,2023-07-19,2023-07-20,0.0215795798712085,-0.022116610645736404,0.022116610645736404,False
G06,2023-07-20,2023-07-21,0.0284150701407261,-0.022216849763688856,0.022216849763688856,False
G06,2023-07-21,2023-07-24,0.010975976738417,-0.026592248785690237,0.026592248785690237,False
G06,2023-07-24,2023-07-25,-0.0043030177020656,-0.024361304116796618,0.024361304116796618,False
G06,2023-07-25,2023-07-26,0.001232703626158,-0.0238126879519361,0.0238126879519361,False
G06,2023-07-26,2023-07-27,0.0168330083679568,-0.02916216168916016,0.02916216168916016,False
G06,2023-07-27,2023-07-28,0.0040696247527649,-0.02883874604665831,0.02883874604665831,False
G06,2023-07-28,2023-07-31,-0.0013506500036099,-0.024484176555173476,0.024484176555173476,False
G06,2023-07-31,2023-08-01,-0.0249733249016596,-0.021599557828914172,0.021599557828914172,True
G06,2023-08-01,2023-08-02,-0.0039248203427307,-0.023572252084671824,0.023572252084671824,False
G06,2023-08-02,2023-08-03,-0.0006836700760028,-0.024703756758317257,0.024703756758317257,False
G06,2023-08-03,2023-08-04,0.0065898777571647,-0.02156332648951903,0.02156332648951903,False
G06,2023-08-04,2023-08-07,0.012139522705124,-0.023244060446338814,0.023244060446338814,False
G06,2023-08-07,2023-08-08,-0.006502926524311,-0.024507231885223184,0.024507231885223184,False
G06,2023-08-08,2023-08-09,-0.003327201154114,-0.026538633481306518,0.026538633481306518,False
G06,2023-08-09,2023-08-10,-0.0127386319492344,-0.025947245539761053,0.025947245539761053,False
G06,2023-08-10,2023-08-11,0.0116731054995941,-0.014480050214236841,0.014480050214236841,False
G06,2023-08-11,2023-08-14,0.0136219158784574,-0.01426111622025675,0.01426111622025675,False
G06,2023-08-14,2023-08-15,0.0019238126045246,-0.01243801762346335,0.01243801762346335,False
G06,2023-08-15,2023-08-16,0.0031189987382647,-0.01738387715161131,0.01738387715161131,False
G06,2023-08-16,2023-08-17,0.0059217294534041,-0.026191201339445677,0.026191201339445677,False
G06,2023-08-17,2023-08-18,-0.0437926635030288,-0.02856911852878601,0.02856911852878601,True
G06,2023-08-18,2023-08-21,-0.0101247823317101,-0.04864920220605309,0.04864920220605309,False
G06,2023-08-21,2023-08-22,0.0085543532362204,-0.015582697445154914,0.015582697445154914,False
G06,2023-08-22,2023-08-23,-0.0084214992645248,-0.02793105297173184,0.02793105297173184,False
G06,2023-08-23,2023-08-24,0.0300522695325977,-0.01695622915733671,0.01695622915733671,False
G06,2023-08-24,2023-08-25,-0.0009887032968119,-0.023065845002356762,0.023065845002356762,False
G06,2023-08-25,2023-08-28,0.032086668878502,-0.014699429718609434,0.014699429718609434,False
G06,2023-08-28,2023-08-29,0.0081122706600174,-0.015820271675616008,0.015820271675616008,False
G06,2023-08-29,2023-08-30,0.0189054913129344,-0.017121070242776922,0.017121070242776922,False
G06,2023-08-30,2023-08-31,0.0052789993903465,-0.01915380889016811,0.01915380889016811,False
G06,2023-08-31,2023-09-05,0.0057459027236099,-0.015261480750306722,0.015261480750306722,False
G06,2023-09-05,2023-09-06,0.0262951415774664,-0.029572306491266284,0.029572306491266284,False
G06,2023-09-06,2023-09-07,-0.007644208608121,-0.022867080755475337,0.022867080755475337,False
G06,2023-09-07,2023-09-08,0.0030632563629812,-0.022700905107543492,0.022700905107543492,False
G06,2023-09-08,2023-09-11,-0.0152786430756276,-0.014349691498485348,0.014349691498485348,True
G06,2023-09-11,2023-09-12,0.0219138966533047,-0.020532995268030665,0.020532995268030665,False
G06,2023-09-12,2023-09-13,0.0031904928599144,-0.018020383655510456,0.018020383655510456,False
G06,2023-09-13,2023-09-14,-0.0154859230778701,-0.021077290463091522,0.021077290463091522,False
G06,2023-09-14,2023-09-15,-0.0048781073170283,-0.014950711896439947,0.014950711896439947,False
G06,2023-09-15,2023-09-18,-0.0074087404792867,-0.01695622915733671,0.01695622915733671,False
G06,2023-09-18,2023-09-19,0.0147794226478277,-0.02177490517711769,0.02177490517711769,False
G06,2023-09-19,2023-09-20,0.0051632391998105,-0.016509728382337385,0.016509728382337385,False
G06,2023-09-20,2023-09-21,-0.0153170691307799,-0.01738387715161131,0.01738387715161131,False
G06,2023-09-21,2023-09-22,-0.0263244394815737,-0.012273176538023137,0.012273176538023137,True
G06,2023-09-22,2023-09-25,-0.0310100371103666,-0.02225427585072589,0.02225427585072589,True
G06,2023-09-25,2023-09-26,0.002932819853143,-0.05030295262529743,0.05030295262529743,False
G06,2023-09-26,2023-09-27,0.0098066826613449,-0.014838449901309931,0.014838449901309931,False
G06,2023-09-27,2023-09-28,0.0066651124177154,-0.017825788936512776,0.017825788936512776,False
G06,2023-09-28,2023-09-29,-0.0104644751502925,-0.023464058223129046,0.023464058223129046,False
G06,2023-09-29,2023-10-02,-0.0043445613310776,-0.023779061359731932,0.023779061359731932,False
G06,2023-10-02,2023-10-03,-0.0398765429937311,-0.015354524731294446,0.015354524731294446,True
G06,2023-10-03,2023-10-04,0.0083602040741856,-0.024044357851482075,0.024044357851482075,False
G06,2023-10-04,2023-10-05,-0.0227987736632848,-0.02254389778521008,0.02254389778521008,True
G06,2023-10-05,2023-10-06,0.0140538777668116,-0.02404087751124406,0.02404087751124406,False
G06,2023-10-06,2023-10-09,0.0152878010848466,-0.013130073476417587,0.013130073476417587,False
G06,2023-10-09,2023-10-10,0.0152483222605692,-0.018793418829597307,0.018793418829597307,False
G06,2023-10-10,2023-10-11,0.0079812858459831,-0.014141536457312752,0.014141536457312752,False
G06,2023-10-11,2023-10-12,-0.0132393225130859,-0.015519365816734658,0.015519365816734658,False
G06,2023-10-12,2023-10-13,0.0059532703145134,-0.011353781005873658,0.011353781005873658,False
G06,2023-10-13,2023-10-16,-0.0134033317533804,-0.015568003831214624,0.015568003831214624,False
G06,2023-10-16,2023-10-17,-0.0310406581756294,-0.01428808902393179,0.01428808902393179,True
G06,2023-10-17,2023-10-18,-0.0225992729415142,-0.023952149071806646,0.023952149071806646,False
G06,2023-10-18,2023-10-19,-0.0206378003500223,-0.04509419023363116,0.04509419023363116,False
G06,2023-10-19,2023-10-20,0.0256243308682393,-0.0160392056695961,0.0160392056695961,False
G06,2023-10-20,2023-10-23,-0.0241678070570716,-0.027034298937030295,0.027034298937030295,False
G06,2023-10-23,2023-10-24,0.0036529680365296,-0.030681303625955985,0.030681303625955985,False
G06,2023-10-24,2023-10-25,0.0005156545492693,-0.017787352758385302,0.017787352758385302,False
G06,2023-10-25,2023-10-26,-0.0439282546408036,-0.015490467813858206,0.015490467813858206,True
G06,2023-10-26,2023-10-27,0.0089697494675953,-0.026715395235833744,0.026715395235833744,False
G06,2023-10-27,2023-10-30,-0.0246607118165481,-0.016298073400820887,0.016298073400820887,True
G06,2023-10-30,2023-10-31,-0.0308128641043745,-0.012762260914731434,0.012762260914731434,True
G06,2023-10-31,2023-11-01,0.0003080301427086,-0.021272237761334717,0.021272237761334717,False
G06,2023-11-01,2023-11-02,0.0502322886863435,-0.03078540361490688,0.03078540361490688,False
G06,2023-11-02,2023-11-03,0.008112759392135,-0.04447666088407378,0.04447666088407378,False
G06,2023-11-03,2023-11-06,0.0067011685926845,-0.027512009051263997,0.027512009051263997,False
G06,2023-11-06,2023-11-07,0.0011568688511804,-0.02569232890658566,0.02569232890658566,False
G06,2023-11-07,2023-11-08,0.0434098326757769,-0.014528806426213917,0.014528806426213917,False
G06,2023-11-08,2023-11-09,0.0023449329831053,-0.05097681717547195,0.05097681717547195,False
G06,2023-11-09,2023-11-10,-0.0136530353899644,-0.015262275017251416,0.015262275017251416,False
G06,2023-11-10,2023-11-13,0.0136810984797282,-0.014188345302525994,0.014188345302525994,False
G06,2023-11-13,2023-11-14,0.014403207908915,-0.017092172239900467,0.017092172239900467,False
G06,2023-11-14,2023-11-15,0.0024212121599924,-0.023040736306472916,0.023040736306472916,False
G06,2023-11-15,2023-11-16,0.0016178517828278,-0.014878499937831108,0.014878499937831108,False
G06,2023-11-16,2023-11-17,-0.0167368888922546,-0.017267792278148175,0.017267792278148175,False
G06,2023-11-17,2023-11-20,-0.0061096013639952,-0.021279881392606205,0.021279881392606205,False
G06,2023-11-20,2023-11-21,0.0123310952887126,-0.02359735810146821,0.02359735810146821,False
G06,2023-11-21,2023-11-22,-0.0029441040598597,-0.012543326920751342,0.012543326920751342,False
G06,2023-11-22,2023-11-23,-0.0455359238893177,-0.012157091664560003,0.012157091664560003,True
G06,2023-11-23,2023-11-24,0.0198650111254855,-0.04845001632345339,0.04845001632345339,False
G06,2023-11-24,2023-11-27,-0.0078504060605255,-0.02428558482752245,0.02428558482752245,False
G06,2023-11-27,2023-11-28,0.0065409935570085,-0.013495729505768933,0.013495729505768933,False
G06,2023-11-28,2023-11-29,0.0129382353671259,-0.013484950552961436,0.013484950552961436,False
G06,2023-11-29,2023-11-30,-0.0073643732290581,-0.01989500362675719,0.01989500362675719,False
G06,2023-11-30,2023-12-01,0.0082395923829627,-0.018862668558817634,0.018862668558817634,False
G06,2023-12-01,2023-12-04,0.0221402555593758,-0.015666087852105912,0.015666087852105912,False
G06,2023-12-04,2023-12-05,0.0016745740213162,-0.013224624929403584,0.013224624929403584,False
G06,2023-12-05,2023-12-06,0.0129884595257326,-0.015262275017251416,0.015262275017251416,False
G06,2023-12-06,2023-12-07,-0.0033236610599616,-0.017530599186982562,0.017530599186982562,False
G06,2023-12-07,2023-12-08,0.0150492588668922,-0.014093173344920724,0.014093173344920724,False
G06,2023-12-08,2023-12-11,-0.0002857464951784,-0.03012100639040954,0.03012100639040954,False
G06,2023-12-11,2023-12-12,0.0116998647156552,-0.01390446418302989,0.01390446418302989,False
G06,2023-12-12,2023-12-13,-0.0188655193137406,-0.012071378181409907,0.012071378181409907,True
G06,2023-12-13,2023-12-14,-0.0010774681872047,-0.025814263570498222,0.025814263570498222,False
G06,2023-12-14,2023-12-15,-0.0097422740182738,-0.015972185034053888,0.015972185034053888,False
G06,2023-12-15,2023-12-18,-0.0195513426119977,-0.014976465761225284,0.014976465761225284,True
G06,2023-12-18,2023-12-19,0.0185442767197433,-0.015360240840645585,0.015360240840645585,False
G06,2023-12-19,2023-12-20,0.0146455891949909,-0.0159288947609403,0.0159288947609403,False
G06,2023-12-20,2023-12-21,0.0033732191013362,-0.01273066742726117,0.01273066742726117,False
G06,2023-12-21,2023-12-22,-0.0060963695723643,-0.017530599186982562,0.017530599186982562,False
G06,2023-12-22,2023-12-25,0.0124082336328947,-0.017512166964860132,0.017512166964860132,False
G06,2023-12-25,2023-12-26,0.0087228855793268,-0.016829431226196654,0.016829431226196654,False
G06,2023-12-26,2023-12-27,-0.0003614601351741,-0.012584739658834602,0.012584739658834602,False
G06,2023-12-27,2023-12-28,0.0027975025640321,-0.0181509365624693,0.0181509365624693,False
G06,2023-12-28,2023-12-29,-0.0036502474700669,-0.020524077178594235,0.020524077178594235,False
G06,2023-12-29,2024-01-02,-0.0092483697468886,-0.017417467971431802,0.017417467971431802,False
G06,2024-01-02,2024-01-03,0.011399925579851,-0.01506418543190032,0.01506418543190032,False
G06,2024-01-03,2024-01-04,0.0025836795266315,-0.01816936878459173,0.01816936878459173,False
G06,2024-01-04,2024-01-05,0.0062463670342195,-0.015229026517340531,0.015229026517340531,False
G06,2024-01-05,2024-01-08,-0.0045946094815102,-0.015525081926085793,0.015525081926085793,False
G06,2024-01-08,2024-01-09,-0.0082143646413126,-0.012542771011771247,0.012542771011771247,False
G06,2024-01-09,2024-01-10,-0.0141314944689594,-0.018734847447143262,0.018734847447143262,False
G06,2024-01-10,2024-01-11,0.0044328309811741,-0.01241989857339439,0.01241989857339439,False
G06,2024-01-11,2024-01-12,-0.0096964515912262,-0.01579436322778044,0.01579436322778044,False
G06,2024-01-12,2024-01-15,0.0098718215909379,-0.015187057870277177,0.015187057870277177,False
G06,2024-01-15,2024-01-16,0.0205142441294177,-0.01564795436446265,0.01564795436446265,False
G06,2024-01-16,2024-01-17,0.0027570202412817,-0.012560890061840206,0.012560890061840206,False
G06,2024-01-17,2024-01-18,0.006706284447455,-0.023892556590647467,0.023892556590647467,False
G06,2024-01-18,2024-01-19,0.0056816726170922,-0.017506749589988168,0.017506749589988168,False
G06,2024-01-19,2024-01-22,0.0070468127692916,-0.015205176920346133,0.015205176920346133,False
G06,2024-01-22,2024-01-23,-0.0076553052794819,-0.018662962099540718,0.018662962099540718,False
G06,2024-01-23,2024-01-24,-0.0104403838350971,-0.01972879139151717,0.01972879139151717,False
G06,2024-01-24,2024-01-25,0.0063426801873525,-0.014952616164230888,0.014952616164230888,False
G06,2024-01-25,2024-01-26,0.001642785585167,-0.01316605931201164,0.01316605931201164,False
G06,2024-01-26,2024-01-29,-0.0062390656235683,-0.020139491469364668,0.020139491469364668,False
G06,2024-01-29,2024-01-30,0.0049168229731659,-0.01887960983854393,0.01887960983854393,False
G06,2024-01-30,2024-01-31,-0.0055059302710746,-0.0232027225378573,0.0232027225378573,False
G06,2024-01-31,2024-02-01,0.0247057353824299,-0.015040335834905924,0.015040335834905924,False
G06,2024-02-01,2024-02-02,0.0162005825780483,-0.012560890061840206,0.012560890061840206,False
G06,2024-02-02,2024-02-05,0.0061717553457424,-0.015501232329091402,0.015501232329091402,False
G06,2024-02-05,2024-02-06,-0.0004011974601699,-0.015501232329091402,0.015501232329091402,False
G06,2024-02-06,2024-02-07,0.00100495582474,-0.017341908504547955,0.017341908504547955,False
G06,2024-02-07,2024-02-15,-0.001723854873404,-0.025617694940504053,0.025617694940504053,False
G06,2024-02-15,2024-02-16,0.0055493063401613,-0.015657627769680608,0.015657627769680608,False
G06,2024-02-16,2024-02-19,0.0103545894415427,-0.02733079077295127,0.02733079077295127,False
G06,2024-02-19,2024-02-20,-0.0022424482258277,-0.017546632028687715,0.017546632028687715,False
G06,2024-02-20,2024-02-21,-0.0043818206434664,-0.023380985992234704,0.023380985992234704,False
G06,2024-02-21,2024-02-22,-0.0127907402434262,-0.015040335834905924,0.015040335834905924,False
G06,2024-02-22,2024-02-23,-0.0135613358137871,-0.015160771205403484,0.015160771205403484,False
G06,2024-02-23,2024-02-26,0.020516839577511,-0.021065841643975937,0.021065841643975937,False
G06,2024-02-26,2024-02-27,0.0205161356038269,-0.025373344272088684,0.025373344272088684,False
G06,2024-02-27,2024-02-28,0.0087459778981719,-0.01243801762346335,0.01243801762346335,False
G06,2024-02-28,2024-02-29,0.0124563235867454,-0.016716118516066625,0.016716118516066625,False
G06,2024-02-29,2024-03-01,0.0068362966810266,-0.01738387715161131,0.01738387715161131,False
G06,2024-03-01,2024-03-04,0.0070307744658963,-0.028172428619915806,0.028172428619915806,False
G06,2024-03-04,2024-03-05,0.0198253245639566,-0.027022470328222786,0.027022470328222786,False
G06,2024-03-05,2024-03-06,-0.0170938294346607,-0.031451309255110346,0.031451309255110346,False
G06,2024-03-06,2024-03-07,0.0108719050862041,-0.015213518805274332,0.015213518805274332,False
G06,2024-03-07,2024-03-08,-0.0199278228989799,-0.0170387873506829,0.0170387873506829,True
G06,2024-03-08,2024-03-11,-0.0138210654802796,-0.013946451309549471,0.013946451309549471,False
G06,2024-03-11,2024-03-12,0.0115869072703465,-0.03403400939527815,0.03403400939527815,False
G06,2024-03-12,2024-03-13,0.0347659067290206,-0.019274450611340876,0.019274450611340876,False
G06,2024-03-13,2024-03-14,-0.0139475973569439,-0.025195286095893242,0.025195286095893242,False
G06,2024-03-14,2024-03-15,-0.0047102706962319,-0.01683526098675079,0.01683526098675079,False
G06,2024-03-15,2024-03-18,-0.024402876679069,-0.017043416027923388,0.017043416027923388,True
G06,2024-03-18,2024-03-19,-0.003681486655586,-0.020817994898042376,0.020817994898042376,False
G06,2024-03-19,2024-03-20,0.0281122932735289,-0.024054808998227106,0.024054808998227106,False
G06,2024-03-20,2024-03-21,0.0112160263596721,-0.022784646676488916,0.022784646676488916,False
G06,2024-03-21,2024-03-22,0.0035946253824189,-0.015202739852466837,0.015202739852466837,False
G06,2024-03-22,2024-03-25,-0.0118458194383208,-0.014443534884360119,0.014443534884360119,False
G06,2024-03-25,2024-03-26,0.0092019491029577,-0.01361181437923207,0.01361181437923207,False
G06,2024-03-26,2024-03-27,0.0151340553113619,-0.016538258992412184,0.016538258992412184,False
G06,2024-03-27,2024-03-28,0.0070267048251458,-0.01017972457410599,0.01017972457410599,False
G06,2024-03-28,2024-03-29,-0.0043538987375982,-0.01243801762346335,0.01243801762346335,False
G06,2024-03-29,2024-04-01,0.0012054552164804,-0.015617331640128832,0.015617331640128832,False
G06,2024-04-01,2024-04-02,0.0051104567331274,-0.014425715858654197,0.014425715858654197,False
G06,2024-04-02,2024-04-03,-0.0194932408953478,-0.01809132251913464,0.01809132251913464,True
G06,2024-04-03,2024-04-04,-0.0035797797412202,-0.01482974372585403,0.01482974372585403,False
G06,2024-04-04,2024-04-05,-0.0005779501046142,-0.01518382653545319,0.01518382653545319,False
G06,2024-04-05,2024-04-08,-0.0081153384154923,-0.015213518805274332,0.015213518805274332,False
G06,2024-04-08,2024-04-09,0.0232139340084989,-0.01361181437923207,0.01361181437923207,False
G06,2024-04-09,2024-04-10,-0.0055240891750562,-0.014443534884360119,0.014443534884360119,False
G06,2024-04-10,2024-04-11,0.0080050340884432,-0.01361181437923207,0.01361181437923207,False
G06,2024-04-11,2024-04-12,0.0003036580230672,-0.015398397646148742,0.015398397646148742,False
G06,2024-04-12,2024-04-15,-0.0406603801471682,-0.01570359830546475,0.01570359830546475,True
G06,2024-04-15,2024-04-16,0.0022742695932165,-0.05490686067880562,0.05490686067880562,False
G06,2024-04-16,2024-04-17,-0.0109563680554463,-0.017260917194194918,0.017260917194194918,False
G06,2024-04-17,2024-04-19,-0.018866418107036,-0.014950711896439947,0.014950711896439947,True
G06,2024-04-19,2024-04-22,0.0091949857467764,-0.011353781005873658,0.011353781005873658,False
G06,2024-04-22,2024-04-23,0.0095323592753889,-0.025545606871214408,0.025545606871214408,False
G06,2024-04-23,2024-04-24,0.0543731454656875,-0.012175210714628962,0.012175210714628962,False
G06,2024-04-24,2024-04-25,0.0152286047609058,-0.026133016571417245,0.026133016571417245,False
G06,2024-04-25,2024-04-26,0.0050917792000099,-0.02774906209531305,0.02774906209531305,False
G06,2024-04-26,2024-05-02,0.0146217653878146,-0.014382084390842664,0.014382084390842664,False
G06,2024-05-02,2024-05-03,0.0006149362909541,-0.016737295163356616,0.016737295163356616,False
G06,2024-05-03,2024-05-06,0.027621878518948,-0.02058764008076922,0.02058764008076922,False
G06,2024-05-06,2024-05-07,0.0250156332645892,-0.016656497604370785,0.016656497604370785,False
G06,2024-05-07,2024-05-08,0.004172126179043,-0.016392205362428205,0.016392205362428205,False
G06,2024-05-08,2024-05-09,-0.005665651558888,-0.014939932943632451,0.014939932943632451,False
G06,2024-05-09,2024-05-10,0.0017715419501133,-0.014950711896439947,0.014950711896439947,False
G06,2024-05-10,2024-05-13,-0.0094762696735039,-0.026168969071325033,0.026168969071325033,False
G06,2024-05-13,2024-05-14,0.0123959593094317,-0.022616784252914777,0.022616784252914777,False
G06,2024-05-14,2024-05-15,0.0241679991963664,-0.012175210714628962,0.012175210714628962,False
G06,2024-05-15,2024-05-16,0.0026095954708027,-0.012175210714628962,0.012175210714628962,False
G06,2024-05-16,2024-05-17,-0.0038919346371963,-0.015115552981880163,0.015115552981880163,False
G06,2024-05-17,2024-05-20,0.0027150567902941,-0.015359446573700896,0.015359446573700896,False
G06,2024-05-20,2024-05-21,0.0087249989463051,-0.01499458481129424,0.01499458481129424,False
G06,2024-05-21,2024-05-22,0.0019376361000815,-0.018283190564344843,0.018283190564344843,False
G06,2024-05-22,2024-05-23,0.0165932916324212,-0.01849618904184292,0.01849618904184292,False
G06,2024-05-23,2024-05-24,-0.0285325300372845,-0.018022646749220477,0.018022646749220477,True
G06,2024-05-24,2024-05-27,-0.0004711162549743,-0.02130916365428975,0.02130916365428975,False
G06,2024-05-27,2024-05-28,0.0218475429220355,-0.015733079285511455,0.015733079285511455,False
G06,2024-05-28,2024-05-29,-0.0148998297668624,-0.017000102072191003,0.017000102072191003,False
G06,2024-05-29,2024-05-30,0.0068901211322012,-0.01471356706959122,0.01471356706959122,False
G06,2024-05-30,2024-05-31,0.0073790531396718,-0.01724390937071684,0.01724390937071684,False
G06,2024-05-31,2024-06-03,0.0125200191927479,-0.015378359890714545,0.015378359890714545,False
G06,2024-06-03,2024-06-04,0.0076820133042067,-0.015449814148701698,0.015449814148701698,False
G06,2024-06-04,2024-06-05,-0.0076083089388085,-0.023678394292355638,0.023678394292355638,False
G06,2024-06-05,2024-06-06,-0.0011313018768874,-0.017619958352786524,0.017619958352786524,False
G06,2024-06-06,2024-06-07,0.0067839286324276,-0.01985129685065638,0.01985129685065638,False
G06,2024-06-07,2024-06-10,0.0095640255744753,-0.01928315043995031,0.01928315043995031,False
G06,2024-06-10,2024-06-11,-0.0002059050854298,-0.016037167243757908,0.016037167243757908,False
G06,2024-06-11,2024-06-12,0.0260877103123863,-0.014917463396529067,0.014917463396529067,False
G06,2024-06-12,2024-06-13,-0.0029379626177712,-0.01499458481129424,0.01499458481129424,False
G06,2024-06-13,2024-06-14,-0.0072295781287423,-0.01482974372585403,0.01482974372585403,False
G06,2024-06-14,2024-06-17,-0.0068668270610379,-0.01482974372585403,0.01482974372585403,False
G06,2024-06-17,2024-06-18,-0.0016220853557602,-0.01518382653545319,0.01518382653545319,False
G06,2024-06-18,2024-06-19,0.0145350776676598,-0.018139963418454447,0.018139963418454447,False
G06,2024-06-19,2024-06-20,0.0056167710448199,-0.01243801762346335,0.01243801762346335,False
G06,2024-06-20,2024-06-21,0.0034844301085242,-0.017000102072191003,0.017000102072191003,False
G06,2024-06-21,2024-06-24,-0.0216469998528922,-0.02013901037447345,0.02013901037447345,True
G06,2024-06-24,2024-06-25,-0.0053111231818456,-0.012534704693567402,0.012534704693567402,False
G06,2024-06-25,2024-06-26,0.0101818042121089,-0.015213518805274332,0.015213518805274332,False
G06,2024-06-26,2024-06-27,0.0061773036862317,-0.015325612290843693,0.015325612290843693,False
G06,2024-06-27,2024-06-28,-0.0146575587492205,-0.015501232329091402,0.015501232329091402,False
G06,2024-06-28,2024-07-01,0.0137790527273147,-0.014278693798919904,0.014278693798919904,False
G06,2024-07-01,2024-07-02,0.0036071050236831,-0.01243801762346335,0.01243801762346335,False
G06,2024-07-02,2024-07-03,0.0058929255546665,-0.015202739852466837,0.015202739852466837,False
G06,2024-07-03,2024-07-04,0.0095339482127314,-0.015378359890714545,0.015378359890714545,False
G06,2024-07-04,2024-07-05,0.0092200396755567,-0.01738387715161131,0.01738387715161131,False
G06,2024-07-05,2024-07-08,0.0110248407186978,-0.034609312511178644,0.034609312511178644,False
G06,2024-07-08,2024-07-09,-0.0037154960541724,-0.023504097328742146,0.023504097328742146,False
G06,2024-07-09,2024-07-10,-0.0170817311972603,-0.02624912992533633,0.02624912992533633,False
G06,2024-07-10,2024-07-11,-0.0057625505279677,-0.014952616164230888,0.014952616164230888,False
G06,2024-07-11,2024-07-12,-0.0020340758665086,-0.015336391243651189,0.015336391243651189,False
G06,2024-07-12,2024-07-15,-0.0057568957805702,-0.015336391243651189,0.015336391243651189,False
G06,2024-07-15,2024-07-16,0.0021763786509986,-0.01637897367611486,0.01637897367611486,False
G06,2024-07-16,2024-07-17,-0.0113082115544183,-0.015608989755200644,0.015608989755200644,False
G06,2024-07-17,2024-07-18,0.0001559798236947,-0.027963635857275,0.027963635857275,False
G06,2024-07-18,2024-07-19,-0.0042295060037718,-0.02029635320472853,0.02029635320472853,False
G06,2024-07-19,2024-07-22,-0.0082977426255588,-0.02029635320472853,0.02029635320472853,False
G06,2024-07-22,2024-07-23,-0.0135822503530146,-0.017805058063909415,0.017805058063909415,False
G06,2024-07-23,2024-07-24,-0.0056740987740725,-0.019602420283633584,0.019602420283633584,False
G06,2024-07-24,2024-07-25,-0.0090479261271676,-0.029679806620564183,0.029679806620564183,False
G06,2024-07-25,2024-07-26,0.0091525766930103,-0.023155802743390092,0.023155802743390092,False
G06,2024-07-26,2024-07-29,0.0136012898676336,-0.015521270084525599,0.015521270084525599,False
G06,2024-07-29,2024-07-30,0.00280771711279,-0.014566407322736976,0.014566407322736976,False
G06,2024-07-30,2024-07-31,-0.0025484057970421,-0.01389952790304914,0.01389952790304914,False
G06,2024-07-31,2024-08-01,-0.024838280179164,-0.012541976744826561,0.012541976744826561,True
G06,2024-08-01,2024-08-02,0.0069177092768896,-0.021175256286485696,0.021175256286485696,False
G06,2024-08-02,2024-08-05,-0.0352636553481193,-0.017109286582484687,0.017109286582484687,True
G06,2024-08-05,2024-08-06,0.0144121659417245,-0.025071055174798466,0.025071055174798466,False
G06,2024-08-06,2024-08-07,6.044660776116661e-05,-0.01574753853059513,0.01574753853059513,False
G06,2024-08-07,2024-08-08,-0.0067644074025787,-0.015354524731294446,0.015354524731294446,False
G06,2024-08-08,2024-08-09,0.0380007745017299,-0.014566936817019645,0.014566936817019645,False
G06,2024-08-09,2024-08-12,0.0106310369090434,-0.023282493852904085,0.023282493852904085,False
G06,2024-08-12,2024-08-13,-0.0060287831572782,-0.014382084390842664,0.014382084390842664,False
G06,2024-08-13,2024-08-14,-0.0002796915558517,-0.02124522903718427,0.02124522903718427,False
G06,2024-08-14,2024-08-15,-0.008916039901147,-0.015354524731294446,0.015354524731294446,False
G06,2024-08-15,2024-08-16,0.0259486565352284,-0.030485109173810733,0.030485109173810733,False
G06,2024-08-16,2024-08-19,0.0029087162035138,-0.012175210714628962,0.012175210714628962,False
G06,2024-08-19,2024-08-20,0.004403645555919,-0.015115552981880163,0.015115552981880163,False
G06,2024-08-20,2024-08-21,0.0110941798692745,-0.021410070122624483,0.021410070122624483,False
G06,2024-08-21,2024-08-22,-0.0034628477519495,-0.016246921473502998,0.016246921473502998,False
G06,2024-08-22,2024-08-23,0.0020735818480939,-0.01787715650962006,0.01787715650962006,False
G06,2024-08-23,2024-08-26,-0.0056343013233524,-0.02020282859176239,0.02020282859176239,False
G06,2024-08-26,2024-08-27,-0.0005589779657042,-0.01662098223037847,0.01662098223037847,False
G06,2024-08-27,2024-08-28,-0.0005993316593435,-0.014141295010269984,0.014141295010269984,False
G06,2024-08-28,2024-08-29,-0.0016696015619562,-0.026691176635973323,0.026691176635973323,False
G06,2024-08-29,2024-08-30,0.0047209925025592,-0.023477579617834404,0.023477579617834404,False
G06,2024-08-30,2024-09-04,-0.0109475302274186,-0.024570052880706586,0.024570052880706586,False
G06,2024-09-04,2024-09-05,-0.0145024168135512,-0.017474030584359958,0.017474030584359958,False
G06,2024-09-05,2024-09-06,0.0090063873731622,-0.016765026814978615,0.016765026814978615,False
G06,2024-09-06,2024-09-09,-0.0018479155145194,-0.015378359890714545,0.015378359890714545,False
G06,2024-09-09,2024-09-10,-0.0077894805198032,-0.015213518805274332,0.015213518805274332,False
G06,2024-09-10,2024-09-11,0.0042084993967816,-0.014401566237296761,0.014401566237296761,False
G06,2024-09-11,2024-09-12,-0.0003190340855614,-0.017506749589988168,0.017506749589988168,False
G06,2024-09-12,2024-09-13,-0.0011266001573628,-0.018324829833920978,0.018324829833920978,False
G06,2024-09-13,2024-09-16,-0.0122070384018379,-0.02282276937292777,0.02282276937292777,False
G06,2024-09-16,2024-09-17,0.0135082312031119,-0.018384490937011628,0.018384490937011628,False
G06,2024-09-17,2024-09-18,0.0093277539655424,-0.012560890061840206,0.012560890061840206,False
G06,2024-09-18,2024-09-19,0.0034458108333098,-0.012560890061840206,0.012560890061840206,False
G06,2024-09-19,2024-09-20,0.0046068374551948,-0.01739527338687801,0.01739527338687801,False
G06,2024-09-20,2024-09-23,-0.0061210837300026,-0.014566407322736976,0.014566407322736976,False
G06,2024-09-23,2024-09-24,0.0070980463748147,-0.017247209511119625,0.017247209511119625,False
G06,2024-09-24,2024-09-25,0.0082278333025297,-0.01829192805091512,0.01829192805091512,False
G06,2024-09-25,2024-09-26,-0.0050451082957279,-0.02050022758159984,0.02050022758159984,False
G06,2024-09-26,2024-09-27,-0.004188710212491,-0.01992653425996324,0.01992653425996324,False
G06,2024-09-27,2024-09-30,0.0076534631878305,-0.015040335834905924,0.015040335834905924,False
G06,2024-09-30,2024-10-01,0.0069399594233064,-0.018145519187597336,0.018145519187597336,False
G06,2024-10-01,2024-10-02,-0.0087113168952345,-0.02050022758159984,0.02050022758159984,False
G06,2024-10-02,2024-10-03,-0.0102390848432361,-0.01972879139151717,0.01972879139151717,False
G06,2024-10-03,2024-10-04,0.0007338895435772,-0.012396048976399994,0.012396048976399994,False
G06,2024-10-04,2024-10-07,0.0021025763014691,-0.015647641192409183,0.015647641192409183,False
G06,2024-10-07,2024-10-08,0.0006807519293277,-0.01829192805091512,0.01829192805091512,False
G06,2024-10-08,2024-10-09,0.0057067128413433,-0.015205176920346133,0.015205176920346133,False
G06,2024-10-09,2024-10-10,0.0167226689703284,-0.016981198019137604,0.016981198019137604,False
G06,2024-10-10,2024-10-11,-0.0070183756018283,-0.016981198019137604,0.016981198019137604,False
G06,2024-10-11,2024-10-14,-0.0123863653819343,-0.015336391243651189,0.015336391243651189,False
G06,2024-10-14,2024-10-15,0.0038688580251147,-0.014952616164230888,0.014952616164230888,False
G06,2024-10-15,2024-10-16,0.0033572698479854,-0.015117457249671097,0.015117457249671097,False
G06,2024-10-16,2024-10-17,0.0052028444141178,-0.017701796467785916,0.017701796467785916,False
G06,2024-10-17,2024-10-18,-0.0042538436060043,-0.024904358187880282,0.024904358187880282,False
G06,2024-10-18,2024-10-21,-0.0056633105258353,-0.018127086965474905,0.018127086965474905,False
G06,2024-10-21,2024-10-22,-0.0045299350880716,-0.018840576547112832,0.018840576547112832,False
G06,2024-10-22,2024-10-23,-0.0027723504385511,-0.017381790943247502,0.017381790943247502,False
G06,2024-10-23,2024-10-24,-0.0013005337699335,-0.022068243747044324,0.022068243747044324,False
G06,2024-10-24,2024-10-25,-0.0002466425878262,-0.02386325896504565,0.02386325896504565,False
G06,2024-10-25,2024-10-28,0.0059911752197205,-0.024009186733472215,0.024009186733472215,False
G06,2024-10-28,2024-10-29,0.0101830635606544,-0.03055480879711612,0.03055480879711612,False
G06,2024-10-29,2024-10-30,-0.0019346292971645,-0.02952449246393506,0.02952449246393506,False
G06,2024-10-30,2024-10-31,0.0011685856694223,-0.030389967711675906,0.030389967711675906,False
G06,2024-10-31,2024-11-01,-0.0099823771850019,-0.028695219304645917,0.028695219304645917,False
G06,2024-11-01,2024-11-04,-0.0120914665017177,-0.029359651378494847,0.029359651378494847,False
G06,2024-11-04,2024-11-05,0.0046320153205518,-0.024143715431485555,0.024143715431485555,False
G06,2024-11-05,2024-11-06,0.0106347169296459,-0.026972755868441372,0.026972755868441372,False
G06,2024-11-06,2024-11-07,0.0001673739644468,-0.021887271352731243,0.021887271352731243,False
G06,2024-11-07,2024-11-08,0.0004113183152858,-0.0237279475281878,0.0237279475281878,False
G06,2024-11-08,2024-11-11,0.0044706592965746,-0.026149232692382323,0.026149232692382323,False
G06,2024-11-11,2024-11-12,-0.0176711176738705,-0.025831757476229508,0.025831757476229508,False
G06,2024-11-12,2024-11-13,0.0031095249344387,-0.023585866878695766,0.023585866878695766,False
G06,2024-11-13,2024-11-14,-0.0168946736521861,-0.024484176555173476,0.024484176555173476,False
G06,2024-11-14,2024-11-15,-0.0178930068716532,-0.028007271149187,0.028007271149187,False
G06,2024-11-15,2024-11-18,-0.0065352297526547,-0.02172243026729103,0.02172243026729103,False
G06,2024-11-18,2024-11-19,-0.0223267841982983,-0.024081488158739523,0.024081488158739523,False
G06,2024-11-19,2024-11-20,0.0040410667409221,-0.023935560390312957,0.023935560390312957,False
G06,2024-11-20,2024-11-21,0.0157815526142645,-0.0338109427398333,0.0338109427398333,False
G06,2024-11-21,2024-11-22,0.0072413949559723,-0.026366821377693386,0.026366821377693386,False
G06,2024-11-22,2024-11-25,0.0025773195876289,-0.02418568407854891,0.02418568407854891,False
G06,2024-11-25,2024-11-26,0.0095729900483854,-0.026513230241011168,0.026513230241011168,False
G06,2024-11-26,2024-11-27,0.0095750821072508,-0.02692454163527511,0.02692454163527511,False
G06,2024-11-27,2024-11-28,0.0012581914335936,-0.02902156937812048,0.02902156937812048,False
G06,2024-11-28,2024-11-29,0.0189467541969973,-0.032204603793594966,0.032204603793594966,False
G06,2024-11-29,2024-12-02,-0.0012923720881965,-0.024106569364304498,0.024106569364304498,False
G06,2024-12-02,2024-12-03,0.0046068236587585,-0.028386196899756067,0.028386196899756067,False
G06,2024-12-03,2024-12-04,-0.0165958564096989,-0.02837541794694857,0.02837541794694857,False
G06,2024-12-04,2024-12-05,0.0425239485933109,-0.021599557828914172,0.021599557828914172,False
G06,2024-12-05,2024-12-06,-9.629932821238658e-05,-0.025398785417331964,0.025398785417331964,False
G06,2024-12-06,2024-12-09,-0.0051000024157417,-0.015213518805274332,0.015213518805274332,False
G06,2024-12-09,2024-12-10,0.0071346428798838,-0.023572252084671824,0.023572252084671824,False
G06,2024-12-10,2024-12-11,-0.0039488659845984,-0.02314570522856657,0.02314570522856657,False
G06,2024-12-11,2024-12-12,-0.0037275806824097,-0.0343246614903559,0.0343246614903559,False
G06,2024-12-12,2024-12-13,0.000408957469829,-0.028115169149084497,0.028115169149084497,False
G06,2024-12-13,2024-12-16,-0.0015989510993937,-0.027757174075434363,0.027757174075434363,False
G06,2024-12-16,2024-12-17,-0.0080539434737428,-0.028158041616553133,0.028158041616553133,False
G07,2021-12-30,2021-12-31,0.006838500474531,-0.01979052534705156,0.01979052534705156,False
G07,2021-12-31,2022-01-04,0.0089758765667637,-0.03377235947020506,0.03377235947020506,False
G07,2022-01-04,2022-01-05,-0.0009088672241971,-0.029948714682154504,0.029948714682154504,False
G07,2022-01-05,2022-01-06,-0.0043981826817441,-0.03674915167699772,0.03674915167699772,False
G07,2022-01-06,2022-01-07,-0.0073351410795538,-0.034081252357818545,0.034081252357818545,False
G07,2022-01-07,2022-01-10,-0.0122510538836361,-0.03441135613919896,0.03441135613919896,False
G07,2022-01-10,2022-01-11,-0.0160592689353921,-0.029226159405033973,0.029226159405033973,False
G07,2022-01-11,2022-01-12,0.0190836110690223,-0.031478325354207755,0.031478325354207755,False
G07,2022-01-12,2022-01-13,0.0117184143173093,-0.01681686126755093,0.01681686126755093,False
G07,2022-01-13,2022-01-14,-0.0097870057504166,-0.013281374501801146,0.013281374501801146,False
G07,2022-01-14,2022-01-17,-0.0296339932787395,-0.020707907292246107,0.020707907292246107,True
G07,2022-01-17,2022-01-18,-0.0082038582262877,-0.013081815399562774,0.013081815399562774,False
G07,2022-01-18,2022-01-19,0.0056015330276795,-0.02289095485224019,0.02289095485224019,False
G07,2022-01-19,2022-01-20,0.0070474016170728,-0.014989440102533867,0.014989440102533867,False
G07,2022-01-20,2022-01-21,-0.0095784124445406,-0.01253955380034928,0.01253955380034928,False
G07,2022-01-21,2022-01-24,-0.0392112447279263,-0.02359266723755373,0.02359266723755373,True
G07,2022-01-24,2022-01-25,0.0283299302352217,-0.024614422294561327,0.024614422294561327,False
G07,2022-01-25,2022-01-26,0.001988714715891,-0.026755749831413017,0.026755749831413017,False
G07,2022-01-26,2022-01-27,-0.0114019733547036,-0.012223426236966197,0.012223426236966197,False
G07,2022-01-27,2022-01-28,0.0169267908883486,-0.012705872150621125,0.012705872150621125,False
G07,2022-01-28,2022-02-07,0.0101465436963548,-0.01983916745480936,0.01983916745480936,False
G07,2022-02-07,2022-02-08,0.029470482570055,-0.019302303271621735,0.019302303271621735,False
G07,2022-02-08,2022-02-09,0.0148128404166962,-0.019267254535925878,0.019267254535925878,False
G07,2022-02-09,2022-02-10,0.001009312646659,-0.011453953336784076,0.011453953336784076,False
G07,2022-02-10,2022-02-11,-0.0027612563859532,-0.013618497243099983,0.013618497243099983,False
G07,2022-02-11,2022-02-14,-0.017114557838619,-0.012389744587238042,0.012389744587238042,True
G07,2022-02-14,2022-02-15,0.0022558987374948,-0.019453582632878906,0.019453582632878906,False
G07,2022-02-15,2022-02-16,-0.0002711172866053,-0.012705872150621125,0.012705872150621125,False
G07,2022-02-16,2022-02-17,0.0130337415638718,-0.016040329245802877,0.016040329245802877,False
G07,2022-02-17,2022-02-18,0.0006617615533804,-0.008786054017604914,0.008786054017604914,False
G07,2022-02-18,2022-02-21,0.0015209137293425,-0.014989440102533867,0.014989440102533867,False
G07,2022-02-21,2022-02-22,0.0055488397998914,-0.01620077440146344,0.01620077440146344,False
G07,2022-02-22,2022-02-23,0.0028119341869855,-0.016966559618645075,0.016966559618645075,False
G07,2022-02-23,2022-02-24,-0.0110045558909824,-0.019954274184207806,0.019954274184207806,False
G07,2022-02-24,2022-02-25,0.0023292456034857,-0.012504842480053091,0.012504842480053091,False
G07,2022-02-25,2022-02-28,0.0091018838478182,-0.018202837590362824,0.018202837590362824,False
G07,2022-02-28,2022-03-01,-0.0017161569587302,-0.012504842480053091,0.012504842480053091,False
G07,2022-03-01,2022-03-02,-0.0047391096017211,-0.018831811538195894,0.018831811538195894,False
G07,2022-03-02,2022-03-03,0.0287049378895776,-0.01998306993722079,0.01998306993722079,False
G07,2022-03-03,2022-03-04,-0.0033475575601407,-0.009004067034599494,0.009004067034599494,False
G07,2022-03-04,2022-03-07,0.0059609339226393,-0.015207453119528447,0.015207453119528447,False
G07,2022-03-07,2022-03-08,-0.0072982512894229,-0.01275756681734386,0.01275756681734386,False
G07,2022-03-08,2022-03-09,0.0041807343382112,-0.015731260803985726,0.015731260803985726,False
G07,2022-03-09,2022-03-10,-0.0085825982827776,-0.023963942106089813,0.023963942106089813,False
G07,2022-03-10,2022-03-11,-0.016620980434203,-0.020317636713004527,0.020317636713004527,False
G07,2022-03-11,2022-03-14,-0.0208819631641027,-0.013063361484806565,0.013063361484806565,True
G07,2022-03-14,2022-03-15,-0.0010853306135523,-0.024614422294561327,0.024614422294561327,False
G07,2022-03-15,2022-03-16,0.0024775134377237,-0.012705872150621125,0.012705872150621125,False
G07,2022-03-16,2022-03-17,-0.0019330636934377,-0.012705872150621125,0.012705872150621125,False
G07,2022-03-17,2022-03-18,0.0172346189845546,-0.020541588941974262,0.020541588941974262,False
G07,2022-03-18,2022-03-21,0.0116121376872794,-0.011235940319789495,0.011235940319789495,False
G07,2022-03-21,2022-03-22,0.0049898800862705,-0.01253955380034928,0.01253955380034928,False
G07,2022-03-22,2022-03-23,-0.0008699017055275,-0.01798482457336824,0.01798482457336824,False
G07,2022-03-23,2022-03-24,-0.0070989263196225,-0.01253955380034928,0.01253955380034928,False
G07,2022-03-24,2022-03-25,0.011130444828761,-0.013452178892828138,0.013452178892828138,False
G07,2022-03-25,2022-03-28,0.0171520744319652,-0.012188714916670009,0.012188714916670009,False
G07,2022-03-28,2022-03-29,0.0284559017787845,-0.009004067034599494,0.009004067034599494,False
G07,2022-03-29,2022-03-30,-0.0038683200232705,-0.027862531102686477,0.027862531102686477,False
G07,2022-03-30,2022-03-31,0.0035348918817001,-0.012705872150621125,0.012705872150621125,False
G07,2022-03-31,2022-04-01,0.0402138704607788,-0.025918035775121112,0.025918035775121112,False
G07,2022-04-01,2022-04-04,-0.0062177916531189,-0.025785043040172935,0.025785043040172935,False
G07,2022-04-04,2022-04-05,0.0013439012979677,-0.02190029631563513,0.02190029631563513,False
G07,2022-04-05,2022-04-06,0.0283098239144413,-0.01253955380034928,0.01253955380034928,False
G07,2022-04-06,2022-04-07,-0.0120532108858655,-0.02698015565881675,0.02698015565881675,False
G07,2022-04-07,2022-04-08,-0.025973590828864,-0.044888475331372614,0.044888475331372614,False
G07,2022-04-08,2022-04-12,0.0007083302361948,-0.01253955380034928,0.01253955380034928,False
G07,2022-04-12,2022-04-13,0.0244947462268694,-0.025918035775121112,0.025918035775121112,False
G07,2022-04-13,2022-04-14,0.0091939023499324,-0.032996912809776645,0.032996912809776645,False
G07,2022-04-14,2022-04-15,-0.0083420832292729,-0.014989440102533867,0.014989440102533867,False
G07,2022-04-15,2022-04-18,-0.0102098136213844,-0.02359266723755373,0.02359266723755373,False
G07,2022-04-18,2022-04-19,-0.0138314716825956,-0.02879069103219518,0.02879069103219518,False
G07,2022-04-19,2022-04-20,-0.0007531254707034,-0.03626943682701202,0.03626943682701202,False
G07,2022-04-20,2022-04-21,0.0001712732476085,-0.012705872150621125,0.012705872150621125,False
G07,2022-04-21,2022-04-22,0.0012668927226335,-0.02789718472302034,0.02789718472302034,False
G07,2022-04-22,2022-04-25,-0.0694854382368597,-0.05157217399283087,0.05157217399283087,True
G07,2022-04-25,2022-04-26,0.0155529385793861,-0.04406069776629488,0.04406069776629488,False
G07,2022-04-26,2022-04-27,0.0027069060325794,-0.029246273812054167,0.029246273812054167,False
G07,2022-04-27,2022-04-28,0.0078705816566901,-0.0249961769992426,0.0249961769992426,False
G07,2022-04-28,2022-04-29,0.0095824846294083,-0.01253955380034928,0.01253955380034928,False
G07,2022-04-29,2022-05-04,-0.0110174697818654,-0.025537162565119096,0.025537162565119096,False
G07,2022-05-04,2022-05-05,0.0008679821866862,-0.0133023696797169,0.0133023696797169,False
G07,2022-05-05,2022-05-06,-0.0225351380952641,-0.012346123853759222,0.012346123853759222,True
G07,2022-05-06,2022-05-09,-0.0585389934656119,-0.01253955380034928,0.01253955380034928,True
G07,2022-05-09,2022-05-10,0.0340695447634803,-0.041294683900727214,0.041294683900727214,False
G07,2022-05-10,2022-05-11,0.0105751915442737,-0.02972355352993653,0.02972355352993653,False
G07,2022-05-11,2022-05-12,-0.0559807548391082,-0.012854045299357846,0.012854045299357846,True
G07,2022-05-12,2022-05-13,-0.0504911763195255,-0.043559758247351185,0.043559758247351185,True
G07,2022-05-13,2022-05-16,-0.0034088569039605,-0.02903127297530501,0.02903127297530501,False
G07,2022-05-16,2022-05-17,0.0640390255775862,-0.030937771990889033,0.030937771990889033,False
G07,2022-05-17,2022-05-18,-0.0019364316239316,-0.04216040162377895,0.04216040162377895,False
G07,2022-05-18,2022-05-19,-0.0061579727861843,-0.0256894742139504,0.0256894742139504,False
G07,2022-05-19,2022-05-20,0.0019629660679956,-0.02393427033288051,0.02393427033288051,False
G07,2022-05-20,2022-05-23,-0.0193580884480382,-0.016159066405493427,0.016159066405493427,True
G07,2022-05-23,2022-05-24,-0.0051761748909557,-0.04268635655626908,0.04268635655626908,False
G07,2022-05-24,2022-05-25,0.0338340978263341,-0.023387174462809333,0.023387174462809333,False
G07,2022-05-25,2022-05-26,0.0072022445325956,-0.03855429049417472,0.03855429049417472,False
G07,2022-05-26,2022-05-27,0.0422897590198742,-0.013047475245947904,0.013047475245947904,False
G07,2022-05-27,2022-05-30,-0.0048912313679913,-0.022125615268484475,0.022125615268484475,False
G07,2022-05-30,2022-05-31,-0.0120397996110911,-0.011574370795687912,0.011574370795687912,True
G07,2022-05-31,2022-06-01,0.0039177594438722,-0.030469137866005497,0.030469137866005497,False
G07,2022-06-01,2022-06-02,-0.0075893090626393,-0.012881156895676059,0.012881156895676059,False
G07,2022-06-02,2022-06-03,0.0224561144840362,-0.03815652823261466,0.03815652823261466,False
G07,2022-06-03,2022-06-06,-0.0006506831483871,-0.013047475245947904,0.013047475245947904,False
G07,2022-06-06,2022-06-07,0.0051949172684222,-0.009127657112931693,0.009127657112931693,False
G07,2022-06-07,2022-06-08,-0.0040031712493952,-0.024884083786672898,0.024884083786672898,False
G07,2022-06-08,2022-06-09,0.0087150403240225,-0.015549056214855224,0.015549056214855224,False
G07,2022-06-09,2022-06-10,-0.0234135781158759,-0.02073028232047392,0.02073028232047392,True
G07,2022-06-10,2022-06-13,-0.0569580130322258,-0.009345670129926273,0.009345670129926273,True
G07,2022-06-13,2022-06-14,0.0037575944112016,-0.04132788496216118,0.04132788496216118,False
G07,2022-06-14,2022-06-15,0.0050715568503915,-0.02906350811172395,0.02906350811172395,False
G07,2022-06-15,2022-06-16,0.0467534334922854,-0.022939588459107534,0.022939588459107534,False
G07,2022-06-16,2022-06-17,-0.0090622252246455,-0.022316739586569993,0.022316739586569993,False
G07,2022-06-17,2022-06-20,-0.0392987139294633,-0.024398816224687054,0.024398816224687054,True
G07,2022-06-20,2022-06-21,-0.0246479020112733,-0.0459107893949794,0.0459107893949794,False
G07,2022-06-21,2022-06-22,-0.0226047243951319,-0.044570305289825356,0.044570305289825356,False
G07,2022-06-22,2022-06-23,0.021472479808832,-0.06184239698600139,0.06184239698600139,False
G07,2022-06-23,2022-06-24,-0.0027954501638712,-0.02651208749156797,0.02651208749156797,False
G07,2022-06-24,2022-06-27,0.0187554155879819,-0.02393427033288051,0.02393427033288051,False
G07,2022-06-27,2022-06-28,0.0125697465653958,-0.021417961961553166,0.021417961961553166,False
G07,2022-06-28,2022-06-29,0.0058043442334489,-0.009127657112931693,0.009127657112931693,False
G07,2022-06-29,2022-06-30,-0.0274570366022427,-0.029650643263657246,0.029650643263657246,False
G07,2022-06-30,2022-07-01,0.0027050502208086,-0.02272157544211295,0.02272157544211295,False
G07,2022-07-01,2022-07-04,-0.0227000060741805,-0.0294843249133854,0.0294843249133854,False
G07,2022-07-04,2022-07-05,-0.0176412620460313,-0.02240544787872987,0.02240544787872987,False
G07,2022-07-05,2022-07-06,-0.0220756974278101,-0.02272157544211295,0.02272157544211295,False
G07,2022-07-06,2022-07-07,0.0030210953351278,-0.027017336824070804,0.027017336824070804,False
G07,2022-07-07,2022-07-08,0.0180628952752846,-0.013047475245947904,0.013047475245947904,False
G07,2022-07-08,2022-07-11,-0.011615462291187,-0.009127657112931693,0.009127657112931693,True
G07,2022-07-11,2022-07-12,0.0060491248055054,-0.015497361548132487,0.015497361548132487,False
G07,2022-07-12,2022-07-13,-0.0080733821796936,-0.015331043197860642,0.015331043197860642,False
G07,2022-07-13,2022-07-14,-0.0056237247186757,-0.00881152954954861,0.00881152954954861,False
G07,2022-07-14,2022-07-15,0.0066377379156564,-0.016795159209262868,0.016795159209262868,False
G07,2022-07-15,2022-07-18,-0.0079706007911983,-0.012399486471981335,0.012399486471981335,False
G07,2022-07-18,2022-07-19,-0.0122663080945193,-0.02922627373552382,0.02922627373552382,False
G07,2022-07-19,2022-07-20,0.0174324337379664,-0.016381932341129654,0.016381932341129654,False
G07,2022-07-20,2022-07-21,0.0215099971856114,-0.022737783724507493,0.022737783724507493,False
G07,2022-07-21,2022-07-22,-0.0048739269562226,-0.01370309995254112,0.01370309995254112,False
G07,2022-07-22,2022-07-25,-0.0095121275610886,-0.01309916991267064,0.01309916991267064,False
G07,2022-07-25,2022-07-26,-0.0077555469158649,-0.009345670129926273,0.009345670129926273,False
G07,2022-07-26,2022-07-27,-0.0093012456968529,-0.01364397277504368,0.01364397277504368,False
G07,2022-07-27,2022-07-28,0.0005330896989334,-0.02354868551095005,0.02354868551095005,False
G07,2022-07-28,2022-07-29,-0.0092435657474927,-0.017264932773910748,0.017264932773910748,False
G07,2022-07-29,2022-08-01,0.0236031948943672,-0.017076518077167882,0.017076518077167882,False
G07,2022-08-01,2022-08-02,0.0093256148071253,-0.009949600169796754,0.009949600169796754,False
G07,2022-08-02,2022-08-03,0.010585956629003,-0.013047475245947904,0.013047475245947904,False
G07,2022-08-03,2022-08-04,0.0085293160482948,-0.00902954256654319,0.00902954256654319,False
G07,2022-08-04,2022-08-05,-0.006155242885472,-0.01309916991267064,0.01309916991267064,False
G07,2022-08-05,2022-08-08,0.0060630417097057,-0.02345057096456155,0.02345057096456155,False
G07,2022-08-08,2022-08-09,0.0099879780944048,-0.016188502394539596,0.016188502394539596,False
G07,2022-08-09,2022-08-10,-0.0032591434119324,-0.01284644557537987,0.01284644557537987,False
G07,2022-08-10,2022-08-11,-0.008728710986029,-0.016381932341129654,0.016381932341129654,False
G07,2022-08-11,2022-08-12,0.0097181477644161,-0.01262843255838529,0.01262843255838529,False
G07,2022-08-12,2022-08-15,0.0206389642552056,-0.012881156895676059,0.012881156895676059,False
G07,2022-08-15,2022-08-16,0.0120232318998789,-0.009345670129926273,0.009345670129926273,False
G07,2022-08-16,2022-08-17,-0.0099852932460375,-0.01309916991267064,0.01309916991267064,False
G07,2022-08-17,2022-08-18,-0.0045569263814126,-0.013047475245947904,0.013047475245947904,False
G07,2022-08-18,2022-08-19,-0.0129175138169876,-0.009457760894312106,0.009457760894312106,True
G07,2022-08-19,2022-08-22,0.0064980958096616,-0.023232557947566967,0.023232557947566967,False
G07,2022-08-22,2022-08-23,0.0070339945590989,-0.009345670129926273,0.009345670129926273,False
G07,2022-08-23,2022-08-24,-0.0018502366248039,-0.01583895753834092,0.01583895753834092,False
G07,2022-08-24,2022-08-25,0.0132097855293363,-0.018599624085388303,0.018599624085388303,False
G07,2022-08-25,2022-08-26,0.0171964127399744,-0.013404964580133344,0.013404964580133344,False
G07,2022-08-26,2022-08-29,-0.0014911242385919,-0.019538117514631397,0.019538117514631397,False
G07,2022-08-29,2022-08-30,-0.0028971699000962,-0.013953081378508338,0.013953081378508338,False
G07,2022-08-30,2022-08-31,0.0033693216889771,-0.017324782713149554,0.017324782713149554,False
G07,2022-08-31,2022-09-05,0.0047637194525326,-0.01696503441628765,0.01696503441628765,False
G07,2022-09-05,2022-09-06,-0.0046976556913354,-0.021571864900810155,0.021571864900810155,False
G07,2022-09-06,2022-09-07,-0.0247836391418192,-0.02699759551697712,0.02699759551697712,False
G07,2022-09-07,2022-09-08,0.0064220713200118,-0.01084994211437277,0.01084994211437277,False
G07,2022-09-08,2022-09-09,0.0123823425718406,-0.012705872150621125,0.012705872150621125,False
G07,2022-09-09,2022-09-12,0.0104945870593609,-0.01253955380034928,0.01253955380034928,False
G07,2022-09-12,2022-09-13,-0.0010260885683495,-0.008786054017604914,0.008786054017604914,False
G07,2022-09-13,2022-09-14,-0.0041680217138982,-0.015155758452805711,0.015155758452805711,False
G07,2022-09-14,2022-09-15,-0.0017206658973046,-0.019014023232444742,0.019014023232444742,False
G07,2022-09-15,2022-09-16,-0.0217265345413631,-0.020001509149621444,0.020001509149621444,True
G07,2022-09-16,2022-09-19,-0.0096519504410865,-0.008786054017604914,0.008786054017604914,True
G07,2022-09-19,2022-09-20,0.0120560171047355,-0.025918035775121112,0.025918035775121112,False
G07,2022-09-20,2022-09-21,-0.0137619292259463,-0.015155758452805711,0.015155758452805711,False
G07,2022-09-21,2022-09-22,0.0044497660497561,-0.013814395172588034,0.013814395172588034,False
G07,2022-09-22,2022-09-23,-0.0096611395282352,-0.011235940319789495,0.011235940319789495,False
G07,2022-09-23,2022-09-26,-0.0149365188434135,-0.014989440102533867,0.014989440102533867,False
G07,2022-09-26,2022-09-27,-0.0085008900162612,-0.008687939471216412,0.008687939471216412,False
G07,2022-09-27,2022-09-28,-0.0296056052013146,-0.021281697840380476,0.021281697840380476,True
G07,2022-09-28,2022-09-29,-0.011688632461688,-0.009389984057475395,0.009389984057475395,True
G07,2022-09-29,2022-09-30,0.0081076469173086,-0.028316227410582956,0.028316227410582956,False
G07,2022-09-30,2022-10-03,-0.0602543007172786,-0.024614422294561327,0.024614422294561327,True
G07,2022-10-03,2022-10-04,-0.0049481584996136,-0.051748740177995176,0.051748740177995176,False
G07,2022-10-04,2022-10-05,0.0164037140105653,-0.029827853229715467,0.029827853229715467,False
G07,2022-10-05,2022-10-06,-0.0513854342451004,-0.015155758452805711,0.015155758452805711,True
G07,2022-10-06,2022-10-07,-0.0412946015058279,-0.044147336913625594,0.044147336913625594,False
G07,2022-10-07,2022-10-10,0.0334525858463251,-0.033248742106210045,0.033248742106210045,False
G07,2022-10-10,2022-10-11,-0.0390758523727863,-0.044923994929375516,0.044923994929375516,False
G07,2022-10-11,2022-10-12,0.0421033887596884,-0.045742795758955866,0.045742795758955866,False
G07,2022-10-12,2022-10-13,0.0175752547795387,-0.044610287925963533,0.044610287925963533,False
G07,2022-10-13,2022-10-14,0.017128297033236,-0.02418080320769247,0.02418080320769247,False
G07,2022-10-14,2022-10-17,-0.0100328339849048,-0.023443114066025766,0.023443114066025766,False
G07,2022-10-17,2022-10-18,-0.0010674464251495,-0.02393427033288051,0.02393427033288051,False
G07,2022-10-18,2022-10-19,-0.005499970624924,-0.03852613237263548,0.03852613237263548,False
G07,2022-10-19,2022-10-20,0.0014794225389878,-0.013477654424771834,0.013477654424771834,False
G07,2022-10-20,2022-10-21,-0.0616907553360183,-0.00972415464202746,0.00972415464202746,True
G07,2022-10-21,2022-10-24,-0.0458236290203585,-0.04377777126434576,0.04377777126434576,True
G07,2022-10-24,2022-10-25,0.0331819028076257,-0.03027574029964714,0.03027574029964714,False
G07,2022-10-25,2022-10-26,-0.0016104092543261,-0.04129906797193421,0.04129906797193421,False
G07,2022-10-26,2022-10-27,0.0279333000494947,-0.013047475245947904,0.013047475245947904,False
G07,2022-10-27,2022-10-28,-0.0157231913180724,-0.02062725267356286,0.02062725267356286,False
G07,2022-10-28,2022-10-31,-0.03027675586511,-0.023747491084760684,0.023747491084760684,True
G07,2022-10-31,2022-11-01,-0.0240631410709734,-0.03815652823261466,0.03815652823261466,False
G07,2022-11-01,2022-11-02,-0.0126731953859587,-0.04228673733791262,0.04228673733791262,False
G07,2022-11-02,2022-11-03,0.0077093915915844,-0.0298453190336074,0.0298453190336074,False
G07,2022-11-03,2022-11-04,-0.0406585325207331,-0.013047475245947904,0.013047475245947904,True
G07,2022-11-04,2022-11-07,-0.0461089602854831,-0.019417733313167138,0.019417733313167138,True
G07,2022-11-07,2022-11-08,0.0031588755631444,-0.042120418987640774,0.042120418987640774,False
G07,2022-11-08,2022-11-09,0.0060974963691482,-0.044570305289825356,0.044570305289825356,False
G07,2022-11-09,2022-11-10,-0.0502992257172326,-0.022887893792384796,0.022887893792384796,True
G07,2022-11-10,2022-11-11,0.0095199285779648,-0.04377777126434576,0.04377777126434576,False
G07,2022-11-11,2022-11-14,-0.0301887843787106,-0.03033577467531409,0.03033577467531409,False
G07,2022-11-14,2022-11-15,-0.0379655721132695,-0.024884083786672898,0.024884083786672898,True
G07,2022-11-15,2022-11-16,0.0629508878765987,-0.043966294067414036,0.043966294067414036,False
G07,2022-11-16,2022-11-17,0.0418411955115185,-0.04107480116021374,0.04107480116021374,False
G07,2022-11-17,2022-11-18,0.0249447889932075,-0.0411305722412927,0.0411305722412927,False
G07,2022-11-18,2022-11-21,-0.0216568626285707,-0.03963428939413228,0.03963428939413228,False
G07,2022-11-21,2022-11-22,-0.0050588593890101,-0.02545605716513194,0.02545605716513194,False
G07,2022-11-22,2022-11-23,-0.0202329421990438,-0.05787088418626245,0.05787088418626245,False
G07,2022-11-23,2022-11-24,-0.009448244728148,-0.04260987179074541,0.04260987179074541,False
G07,2022-11-24,2022-11-25,0.0300090027349455,-0.03061878735355565,0.03061878735355565,False
G07,2022-11-25,2022-11-28,0.0542329872878249,-0.025923000186406638,0.025923000186406638,False
G07,2022-11-28,2022-11-29,0.0434369449728073,-0.021636786768804723,0.021636786768804723,False
G07,2022-11-29,2022-11-30,0.0304302831619331,-0.02386463999064388,0.02386463999064388,False
G07,2022-11-30,2022-12-01,-0.0034453870025946,-0.021323076385598386,0.021323076385598386,False
G07,2022-12-01,2022-12-02,0.0571288055481456,-0.04450381513926479,0.04450381513926479,False
G07,2022-12-02,2022-12-05,0.01748479360471,-0.05700512071728227,0.05700512071728227,False
G07,2022-12-05,2022-12-06,-0.0557368566150412,-0.03708826874121187,0.03708826874121187,True
G07,2022-12-06,2022-12-07,-0.0003658267978896,-0.05671206301254869,0.05671206301254869,False
G07,2022-12-07,2022-12-08,0.0225964693186582,-0.028829383986735152,0.028829383986735152,False
G07,2022-12-08,2022-12-09,0.0110387229325915,-0.037656158322927444,0.037656158322927444,False
G07,2022-12-09,2022-12-12,-0.016791763871513,-0.013634379369823759,0.013634379369823759,True
G07,2022-12-12,2022-12-13,0.0117318430767768,-0.020848059249941583,0.020848059249941583,False
G07,2022-12-13,2022-12-14,-0.000118808429673,-0.0255585866709481,0.0255585866709481,False
G07,2022-12-14,2022-12-15,0.0126046062761381,-0.016233910777375894,0.016233910777375894,False
G07,2022-12-15,2022-12-16,0.0249693044012221,-0.014392536549851905,0.014392536549851905,False
G07,2022-12-16,2022-12-19,-0.0169303382434841,-0.02163876853793189,0.02163876853793189,False
G07,2022-12-19,2022-12-20,-0.0211255993699313,-0.022748952071901616,0.022748952071901616,False
G07,2022-12-20,2022-12-21,5.544796397701402e-05,-0.042123212547024926,0.042123212547024926,False
G07,2022-12-21,2022-12-22,0.0007531254707034,-0.02341652967411685,0.02341652967411685,False
G07,2022-12-22,2022-12-23,-0.0112445851888217,-0.020180840506710318,0.020180840506710318,False
G07,2022-12-23,2022-12-26,-0.0529449339144818,-0.013088923069292118,0.013088923069292118,True
G07,2022-12-26,2022-12-27,0.0322878373720194,-0.04753406460647428,0.04753406460647428,False
G07,2022-12-27,2022-12-28,-0.0060223855853627,-0.028960875627620817,0.028960875627620817,False
G07,2022-12-28,2022-12-29,-0.006731596550821,-0.013268281822326632,0.013268281822326632,False
G07,2022-12-29,2022-12-30,0.0029940119760479,-0.013101963472054787,0.013101963472054787,False
G07,2022-12-30,2023-01-03,0.044666710216314,-0.02415507690925923,0.02415507690925923,False
G07,2023-01-03,2023-01-04,-0.0005986983754159,-0.03486149969399495,0.03486149969399495,False
G07,2023-01-04,2023-01-05,0.0101128847144445,-0.011917874988859664,0.011917874988859664,False
G07,2023-01-05,2023-01-06,-0.0113861454820008,-0.015713911965941442,0.015713911965941442,False
G07,2023-01-06,2023-01-09,-0.0056029603734268,-0.013264025663756868,0.013264025663756868,False
G07,2023-01-09,2023-01-10,0.0055115611267588,-0.03085200663408631,0.03085200663408631,False
G07,2023-01-10,2023-01-11,0.0116369285195708,-0.016499094069119345,0.016499094069119345,False
G07,2023-01-11,2023-01-12,-0.0067790516484528,-0.014361168794963927,0.014361168794963927,False
G07,2023-01-12,2023-01-13,-0.0050314772797722,-0.01472091709182583,0.01472091709182583,False
G07,2023-01-13,2023-01-16,0.0071093533944063,-0.014554598741553985,0.014554598741553985,False
G07,2023-01-16,2023-01-17,0.0371461920622858,-0.01713347078323876,0.01713347078323876,False
G07,2023-01-17,2023-01-18,0.0211566585294377,-0.010284579861313701,0.010284579861313701,False
G07,2023-01-18,2023-01-19,-0.0015738508039233,-0.01269373146790284,0.01269373146790284,False
G07,2023-01-19,2023-01-27,0.008132414762081,-0.01009720857203538,0.01009720857203538,False
G07,2023-01-27,2023-01-30,0.0047144320355239,-0.014017026705051594,0.014017026705051594,False
G07,2023-01-30,2023-01-31,0.0067956440723374,-0.025276805316309842,0.025276805316309842,False
G07,2023-01-31,2023-02-01,-0.0166616340424076,-0.020736155442845225,0.020736155442845225,False
G07,2023-02-01,2023-02-02,0.0224498590395755,-0.024910122662995842,0.024910122662995842,False
G07,2023-02-02,2023-02-03,-0.024313801803657,-0.027507599444209253,0.027507599444209253,False
G07,2023-02-03,2023-02-06,-0.0022032310738556,-0.01630059465696433,0.01630059465696433,False
G07,2023-02-06,2023-02-07,-0.0315835225359541,-0.013799013688057013,0.013799013688057013,True
G07,2023-02-07,2023-02-08,0.0120424200129325,-0.028491512155637888,0.028491512155637888,False
G07,2023-02-08,2023-02-09,-0.0097981310235928,-0.034009911611123496,0.034009911611123496,False
G07,2023-02-09,2023-02-10,-0.0160515926811433,-0.013632695337785168,0.013632695337785168,True
G07,2023-02-10,2023-02-13,-0.0016594272728579,-0.012565029332292976,0.012565029332292976,False
G07,2023-02-13,2023-02-14,0.0069972838147312,-0.02393427033288051,0.02393427033288051,False
G07,2023-02-14,2023-02-15,0.0083807255799532,-0.013047475245947904,0.013047475245947904,False
G07,2023-02-15,2023-02-16,0.0123168789855236,-0.015331043197860642,0.015331043197860642,False
G07,2023-02-16,2023-02-17,-0.0049556878852176,-0.015331043197860642,0.015331043197860642,False
G07,2023-02-17,2023-02-20,0.0272680523412208,-0.020106660015552984,0.020106660015552984,False
G07,2023-02-20,2023-02-21,-0.0032310706352352,-0.009127657112931693,0.009127657112931693,False
G07,2023-02-21,2023-02-22,-0.0214001300492322,-0.012854045299357846,0.012854045299357846,True
G07,2023-02-22,2023-02-23,0.0032279108475316,-0.016355399739631613,0.016355399739631613,False
G07,2023-02-23,2023-02-24,-0.0204030443047046,-0.012881156895676059,0.012881156895676059,True
G07,2023-02-24,2023-02-27,-0.0259340293450069,-0.02339887629783881,0.02339887629783881,True
G07,2023-02-27,2023-02-28,-0.0049619299408314,-0.009127657112931693,0.009127657112931693,False
G07,2023-02-28,2023-03-01,0.0216892940033032,-0.015497361548132487,0.015497361548132487,False
G07,2023-03-01,2023-03-02,-0.0108571335896383,-0.02228812607070894,0.02228812607070894,False
G07,2023-03-02,2023-03-03,-0.0177754200307026,-0.015497361548132487,0.015497361548132487,True
G07,2023-03-03,2023-03-06,-0.0005875151766786,-0.02018077055013614,0.02018077055013614,False
G07,2023-03-06,2023-03-07,0.0167538361968185,-0.012881156895676059,0.012881156895676059,False
G07,2023-03-07,2023-03-08,0.0018144273445124,-0.01610841960119873,0.01610841960119873,False
G07,2023-03-08,2023-03-09,0.0097229595677187,-0.012881156895676059,0.012881156895676059,False
G07,2023-03-09,2023-03-10,-0.0049833598178157,-0.011577543415116274,0.011577543415116274,False
G07,2023-03-10,2023-03-13,-0.0085284573336991,-0.012881156895676059,0.012881156895676059,False
G07,2023-03-13,2023-03-14,-0.0201901708440532,-0.013477654424771834,0.013477654424771834,True
G07,2023-03-14,2023-03-15,0.0360020423507704,-0.012565029332292976,0.012565029332292976,False
G07,2023-03-15,2023-03-16,-0.0173473710407225,-0.015013023512519746,0.015013023512519746,True
G07,2023-03-16,2023-03-17,-0.0082254388552525,-0.01194219302579373,0.01194219302579373,False
G07,2023-03-17,2023-03-20,-0.0234442741069536,-0.013047475245947904,0.013047475245947904,True
G07,2023-03-20,2023-03-21,0.0133046666680665,-0.011795556432110854,0.011795556432110854,False
G07,2023-03-21,2023-03-22,-0.0053933605591367,-0.027046804635658894,0.027046804635658894,False
G07,2023-03-22,2023-03-23,-0.0019765887551254,-0.015331043197860642,0.015331043197860642,False
G07,2023-03-23,2023-03-24,0.0038710999767686,-0.014322316618186658,0.014322316618186658,False
G07,2023-03-24,2023-03-27,0.0098937373825313,-0.012852384787355025,0.012852384787355025,False
G07,2023-03-27,2023-03-28,0.0076257905047555,-0.012653015628789812,0.012653015628789812,False
G07,2023-03-28,2023-03-29,-0.0026184705346135,-0.018202837590362824,0.018202837590362824,False
G07,2023-03-29,2023-03-30,-0.0004902266487042,-0.016040329245802877,0.016040329245802877,False
G07,2023-03-30,2023-03-31,-0.0004526525439072,-0.022214897075156254,0.022214897075156254,False
G07,2023-03-31,2023-04-03,0.0148437262869299,-0.016040329245802877,0.016040329245802877,False
G07,2023-04-03,2023-04-04,0.0068652383653625,-0.012911270193790538,0.012911270193790538,False
G07,2023-04-04,2023-04-05,0.0062773576949225,-0.01625834226279746,0.01625834226279746,False
G07,2023-04-05,2023-04-06,-0.0066634171384527,-0.016040329245802877,0.016040329245802877,False
G07,2023-04-06,2023-04-07,-0.0048994207144437,-0.008786054017604914,0.008786054017604914,False
G07,2023-04-07,2023-04-10,0.0083904758779563,-0.012389744587238042,0.012389744587238042,False
G07,2023-04-10,2023-04-11,-0.0008026101014623,-0.012504842480053091,0.012504842480053091,False
G07,2023-04-11,2023-04-12,-0.0002824118127709,-0.017315170618041626,0.017315170618041626,False
G07,2023-04-12,2023-04-13,-0.0051773296380686,-0.022767523015189108,0.022767523015189108,False
G07,2023-04-13,2023-04-14,-0.0053765348241681,-0.02454770921479254,0.02454770921479254,False
G07,2023-04-14,2023-04-17,0.0020350082279479,-0.020317636713004527,0.020317636713004527,False
G07,2023-04-17,2023-04-18,0.001477407799826,-0.030450311859152167,0.030450311859152167,False
G07,2023-04-18,2023-04-19,0.0017820159236852,-0.02478338202710681,0.02478338202710681,False
G07,2023-04-19,2023-04-20,-0.0003655832910135,-0.027262040437612427,0.027262040437612427,False
G07,2023-04-20,2023-04-21,-0.0111527182932246,-0.03290019816133674,0.03290019816133674,False
G07,2023-04-21,2023-04-24,-0.0092523240386923,-0.01656413693026016,0.01656413693026016,False
G07,2023-04-24,2023-04-25,-0.002598892747321,-0.01656413693026016,0.01656413693026016,False
G07,2023-04-25,2023-04-26,0.0207971480756994,-0.022767523015189108,0.022767523015189108,False
G07,2023-04-26,2023-04-27,-0.0023023145499592,-0.017034874284545514,0.017034874284545514,False
G07,2023-04-27,2023-04-28,0.0006191296921161,-0.020707907292246107,0.020707907292246107,False
G07,2023-04-28,2023-05-04,-0.0121765630496204,-0.013513019138605116,0.013513019138605116,False
G07,2023-05-04,2023-05-05,0.001002152379972,-0.019266747569735513,0.019266747569735513,False
G07,2023-05-05,2023-05-08,0.0031552916816607,-0.025336898024717062,0.025336898024717062,False
G07,2023-05-08,2023-05-09,0.0057826835662311,-0.021998905798980724,0.021998905798980724,False
G07,2023-05-09,2023-05-10,0.0080371721183604,-0.016370706983670102,0.016370706983670102,False
G07,2023-05-10,2023-05-11,-0.0014142059665427,-0.019014023232444742,0.019014023232444742,False
G07,2023-05-11,2023-05-12,0.0177383685353598,-0.027262040437612427,0.027262040437612427,False
G07,2023-05-12,2023-05-15,-0.0024670195930334,-0.01687245009760911,0.01687245009760911,False
G07,2023-05-15,2023-05-16,-0.0033460984239821,-0.017034874284545514,0.017034874284545514,False
G07,2023-05-16,2023-05-17,-0.0055515111842359,-0.017034874284545514,0.017034874284545514,False
G07,2023-05-17,2023-05-18,0.0075371410333288,-0.017034874284545514,0.017034874284545514,False
G07,2023-05-18,2023-05-19,-0.0009635821634531,-0.01969856475799967,0.01969856475799967,False
G07,2023-05-19,2023-05-22,0.0025929472693077,-0.02454770921479254,0.02454770921479254,False
G07,2023-05-22,2023-05-23,-0.0077328081830263,-0.025822550587031288,0.025822550587031288,False
G07,2023-05-23,2023-05-24,-0.0116372846248567,-0.020317636713004527,0.020317636713004527,False
G07,2023-05-24,2023-05-25,0.0066576737830806,-0.020317636713004527,0.020317636713004527,False
G07,2023-05-25,2023-05-26,-4.1294379703497425e-05,-0.01656413693026016,0.01656413693026016,False
G07,2023-05-26,2023-05-29,0.0097671234493585,-0.020317636713004527,0.020317636713004527,False
G07,2023-05-29,2023-05-30,0.0079440001815304,-0.02834100547844845,0.02834100547844845,False
G07,2023-05-30,2023-05-31,-0.0036088497312695,-0.027284177123204283,0.027284177123204283,False
G07,2023-05-31,2023-06-01,0.0017601685262561,-0.034081252357818545,0.034081252357818545,False
G07,2023-06-01,2023-06-02,0.01694752914982,-0.0328064109855798,0.0328064109855798,False
G07,2023-06-02,2023-06-05,0.0089006773650243,-0.02963258711877142,0.02963258711877142,False
G07,2023-06-05,2023-06-06,0.0074161051063449,-0.029542286968417056,0.029542286968417056,False
G07,2023-06-06,2023-06-07,0.0119508434795478,-0.03321283869931725,0.03321283869931725,False
G07,2023-06-07,2023-06-08,-0.0117081877849168,-0.029773931605221026,0.029773931605221026,False
G07,2023-06-08,2023-06-09,0.011581566382377,-0.03136281168645739,0.03136281168645739,False
G07,2023-06-09,2023-06-12,0.0147169210085266,-0.030714619490638875,0.030714619490638875,False
G07,2023-06-12,2023-06-13,0.0047469123952134,-0.03045018659397853,0.03045018659397853,False
G07,2023-06-13,2023-06-14,-0.0124482196040913,-0.03054830114036703,0.03054830114036703,False
G07,2023-06-14,2023-06-15,-0.0024889899780597,-0.03299818744255161,0.03299818744255161,False
G07,2023-06-15,2023-06-16,0.0030285588261558,-0.03054830114036703,0.03054830114036703,False
G07,2023-06-16,2023-06-19,0.0007765783395085,-0.027284177123204283,0.027284177123204283,False
G07,2023-06-19,2023-06-20,0.0153662487522003,-0.034081252357818545,0.034081252357818545,False
G07,2023-06-20,2023-06-21,0.0160559924666267,-0.0270661641062097,0.0270661641062097,False
G07,2023-06-21,2023-06-22,0.0049704411075595,-0.0270661641062097,0.0270661641062097,False
G07,2023-06-22,2023-06-23,0.0046841226996514,-0.029324273951422473,0.029324273951422473,False
G07,2023-06-23,2023-06-26,0.011202909153268,-0.03525629728776438,0.03525629728776438,False
G07,2023-06-26,2023-06-27,0.012752272558008,-0.03446697154568933,0.03446697154568933,False
G07,2023-06-27,2023-06-28,0.0069929946495955,-0.03794910857984668,0.03794910857984668,False
G07,2023-06-28,2023-06-29,-0.0211056366043865,-0.036268677676030384,0.036268677676030384,False
G07,2023-06-29,2023-06-30,0.0073703501645494,-0.03054830114036703,0.03054830114036703,False
G07,2023-06-30,2023-07-03,-0.0001779431631168,-0.03054830114036703,0.03054830114036703,False
G07,2023-07-03,2023-07-04,0.0050301688734957,-0.03054830114036703,0.03054830114036703,False
G07,2023-07-04,2023-07-05,0.0095583629026515,-0.0270661641062097,0.0270661641062097,False
G07,2023-07-05,2023-07-06,-0.0014536634116244,-0.029734063425388865,0.029734063425388865,False
G07,2023-07-06,2023-07-07,0.0265098300671389,-0.037254496504362404,0.037254496504362404,False
G07,2023-07-07,2023-07-10,0.019388169144712,-0.04267708632951917,0.04267708632951917,False
G07,2023-07-10,2023-07-11,0.0011431087501213,-0.023006869656002633,0.023006869656002633,False
G07,2023-07-11,2023-07-12,0.0001179257734151,-0.026489006690159963,0.026489006690159963,False
G07,2023-07-12,2023-07-13,0.004132186198478,-0.03299818744255161,0.03299818744255161,False
G07,2023-07-13,2023-07-14,0.0173314117756443,-0.03675498629472264,0.03675498629472264,False
G07,2023-07-14,2023-07-17,-0.004899724745882,-0.033490862277559874,0.033490862277559874,False
G07,2023-07-17,2023-07-18,-0.0065510652170525,-0.030714619490638875,0.030714619490638875,False
G07,2023-07-18,2023-07-19,0.0046541761281664,-0.030337317337797147,0.030337317337797147,False
G07,2023-07-19,2023-07-20,0.0215795798712085,-0.030232173576983948,0.030232173576983948,False
G07,2023-07-20,2023-07-21,0.0284150701407261,-0.023919494748481485,0.023919494748481485,False
G07,2023-07-21,2023-07-24,0.010975976738417,-0.026489006690159963,0.026489006690159963,False
G07,2023-07-24,2023-07-25,-0.0043030177020656,-0.026437312023437225,0.026437312023437225,False
G07,2023-07-25,2023-07-26,0.001232703626158,-0.02627099367316538,0.02627099367316538,False
G07,2023-07-26,2023-07-27,0.0168330083679568,-0.03279380639090407,0.03279380639090407,False
G07,2023-07-27,2023-07-28,0.0040696247527649,-0.03526916111991401,0.03526916111991401,False
G07,2023-07-28,2023-07-31,-0.0013506500036099,-0.029228794315830243,0.029228794315830243,False
G07,2023-07-31,2023-08-01,-0.0249733249016596,-0.023006869656002633,0.023006869656002633,True
G07,2023-08-01,2023-08-02,-0.0039248203427307,-0.02433378781093516,0.02433378781093516,False
G07,2023-08-02,2023-08-03,-0.0006836700760028,-0.025028399886419427,0.025028399886419427,False
G07,2023-08-03,2023-08-04,0.0065898777571647,-0.020491902479915926,0.020491902479915926,False
G07,2023-08-04,2023-08-07,0.012139522705124,-0.02617287912677688,0.02617287912677688,False
G07,2023-08-07,2023-08-08,-0.006502926524311,-0.026437312023437225,0.026437312023437225,False
G07,2023-08-08,2023-08-09,-0.003327201154114,-0.028529103518378153,0.028529103518378153,False
G07,2023-08-09,2023-08-10,-0.0127386319492344,-0.027714865803399987,0.027714865803399987,False
G07,2023-08-10,2023-08-11,0.0116731054995941,-0.012389744587238042,0.012389744587238042,False
G07,2023-08-11,2023-08-14,0.0136219158784574,-0.012223426236966197,0.012223426236966197,False
G07,2023-08-14,2023-08-15,0.0019238126045246,-0.009004067034599494,0.009004067034599494,False
G07,2023-08-15,2023-08-16,0.0031189987382647,-0.014989440102533867,0.014989440102533867,False
G07,2023-08-16,2023-08-17,0.0059217294534041,-0.028720879975349962,0.028720879975349962,False
G07,2023-08-17,2023-08-18,-0.0437926635030288,-0.029178924439620335,0.029178924439620335,True
G07,2023-08-18,2023-08-21,-0.0101247823317101,-0.04886540450440659,0.04886540450440659,False
G07,2023-08-21,2023-08-22,0.0085543532362204,-0.013813293890630355,0.013813293890630355,False
G07,2023-08-22,2023-08-23,-0.0084214992645248,-0.030502010804757142,0.030502010804757142,False
G07,2023-08-23,2023-08-24,0.0300522695325977,-0.015155758452805711,0.015155758452805711,False
G07,2023-08-24,2023-08-25,-0.0009887032968119,-0.024614422294561327,0.024614422294561327,False
G07,2023-08-25,2023-08-28,0.032086668878502,-0.01253955380034928,0.01253955380034928,False
G07,2023-08-28,2023-08-29,0.0081122706600174,-0.012629417587660466,0.012629417587660466,False
G07,2023-08-29,2023-08-30,0.0189054913129344,-0.015155758452805711,0.015155758452805711,False
G07,2023-08-30,2023-08-31,0.0052789993903465,-0.019906233311492216,0.019906233311492216,False
G07,2023-08-31,2023-09-05,0.0057459027236099,-0.01253955380034928,0.01253955380034928,False
G07,2023-09-05,2023-09-06,0.0262951415774664,-0.028483378517625637,0.028483378517625637,False
G07,2023-09-06,2023-09-07,-0.007644208608121,-0.022164535992376746,0.022164535992376746,False
G07,2023-09-07,2023-09-08,0.0030632563629812,-0.023207082415623272,0.023207082415623272,False
G07,2023-09-08,2023-09-11,-0.0152786430756276,-0.012346123853759222,0.012346123853759222,True
G07,2023-09-11,2023-09-12,0.0219138966533047,-0.021971106045786688,0.021971106045786688,False
G07,2023-09-12,2023-09-13,0.0031904928599144,-0.019591319238686605,0.019591319238686605,False
G07,2023-09-13,2023-09-14,-0.0154859230778701,-0.01884448558103639,0.01884448558103639,False
G07,2023-09-14,2023-09-15,-0.0048781073170283,-0.012705872150621125,0.012705872150621125,False
G07,2023-09-15,2023-09-18,-0.0074087404792867,-0.014989440102533867,0.014989440102533867,False
G07,2023-09-18,2023-09-19,0.0147794226478277,-0.02289095485224019,0.02289095485224019,False
G07,2023-09-19,2023-09-20,0.0051632391998105,-0.011235940319789495,0.011235940319789495,False
G07,2023-09-20,2023-09-21,-0.0153170691307799,-0.014989440102533867,0.014989440102533867,True
G07,2023-09-21,2023-09-22,-0.0263244394815737,-0.009004067034599494,0.009004067034599494,True
G07,2023-09-22,2023-09-25,-0.0310100371103666,-0.024614422294561327,0.024614422294561327,True
G07,2023-09-25,2023-09-26,0.002932819853143,-0.052567209620428226,0.052567209620428226,False
G07,2023-09-26,2023-09-27,0.0098066826613449,-0.013112834959980847,0.013112834959980847,False
G07,2023-09-27,2023-09-28,0.0066651124177154,-0.014989440102533867,0.014989440102533867,False
G07,2023-09-28,2023-09-29,-0.0104644751502925,-0.02359266723755373,0.02359266723755373,False
G07,2023-09-29,2023-10-02,-0.0043445613310776,-0.023758985587825576,0.023758985587825576,False
G07,2023-10-02,2023-10-03,-0.0398765429937311,-0.015155758452805711,0.015155758452805711,True
G07,2023-10-03,2023-10-04,0.0083602040741856,-0.02400673954365762,0.02400673954365762,False
G07,2023-10-04,2023-10-05,-0.0227987736632848,-0.026755749831413017,0.026755749831413017,False
G07,2023-10-05,2023-10-06,0.0140538777668116,-0.02570002275812653,0.02570002275812653,False
G07,2023-10-06,2023-10-09,0.0152878010848466,-0.01253955380034928,0.01253955380034928,False
G07,2023-10-09,2023-10-10,0.0152483222605692,-0.01983916745480936,0.01983916745480936,False
G07,2023-10-10,2023-10-11,0.0079812858459831,-0.012223426236966197,0.012223426236966197,False
G07,2023-10-11,2023-10-12,-0.0132393225130859,-0.015155758452805711,0.015155758452805711,False
G07,2023-10-12,2023-10-13,0.0059532703145134,-0.008687939471216412,0.008687939471216412,False
G07,2023-10-13,2023-10-16,-0.0134033317533804,-0.013452178892828138,0.013452178892828138,False
G07,2023-10-16,2023-10-17,-0.0310406581756294,-0.010520622166948825,0.010520622166948825,True
G07,2023-10-17,2023-10-18,-0.0225992729415142,-0.02254629069705802,0.02254629069705802,True
G07,2023-10-18,2023-10-19,-0.0206378003500223,-0.04230146183385233,0.04230146183385233,False
G07,2023-10-19,2023-10-20,0.0256243308682393,-0.012705872150621125,0.012705872150621125,False
G07,2023-10-20,2023-10-23,-0.0241678070570716,-0.025171461744297532,0.025171461744297532,False
G07,2023-10-23,2023-10-24,0.0036529680365296,-0.025171461744297532,0.025171461744297532,False
G07,2023-10-24,2023-10-25,0.0005156545492693,-0.015331043197860642,0.015331043197860642,False
G07,2023-10-25,2023-10-26,-0.0439282546408036,-0.015331043197860642,0.015331043197860642,True
G07,2023-10-26,2023-10-27,0.0089697494675953,-0.037870583840624326,0.037870583840624326,False
G07,2023-10-27,2023-10-30,-0.0246607118165481,-0.016386770271147127,0.016386770271147127,True
G07,2023-10-30,2023-10-31,-0.0308128641043745,-0.012565029332292976,0.012565029332292976,True
G07,2023-10-31,2023-11-01,0.0003080301427086,-0.019186088676363167,0.019186088676363167,False
G07,2023-11-01,2023-11-02,0.0502322886863435,-0.02997344979092815,0.02997344979092815,False
G07,2023-11-02,2023-11-03,0.008112759392135,-0.04237841464077353,0.04237841464077353,False
G07,2023-11-03,2023-11-06,0.0067011685926845,-0.02423249787441521,0.02423249787441521,False
G07,2023-11-06,2023-11-07,0.0011568688511804,-0.024100588683152353,0.024100588683152353,False
G07,2023-11-07,2023-11-08,0.0434098326757769,-0.012565029332292976,0.012565029332292976,False
G07,2023-11-08,2023-11-09,0.0023449329831053,-0.05391683904635103,0.05391683904635103,False
G07,2023-11-09,2023-11-10,-0.0136530353899644,-0.011890498359070995,0.011890498359070995,True
G07,2023-11-10,2023-11-13,0.0136810984797282,-0.012565029332292976,0.012565029332292976,False
G07,2023-11-13,2023-11-14,0.014403207908915,-0.015331043197860642,0.015331043197860642,False
G07,2023-11-14,2023-11-15,0.0024212121599924,-0.02688048628538705,0.02688048628538705,False
G07,2023-11-15,2023-11-16,0.0016178517828278,-0.012881156895676059,0.012881156895676059,False
G07,2023-11-16,2023-11-17,-0.0167368888922546,-0.015497361548132487,0.015497361548132487,True
G07,2023-11-17,2023-11-20,-0.0061096013639952,-0.019186088676363167,0.019186088676363167,False
G07,2023-11-20,2023-11-21,0.0123310952887126,-0.022694463845794738,0.022694463845794738,False
G07,2023-11-21,2023-11-22,-0.0029441040598597,-0.012565029332292976,0.012565029332292976,False
G07,2023-11-22,2023-11-23,-0.0455359238893177,-0.009127657112931693,0.009127657112931693,True
G07,2023-11-23,2023-11-24,0.0198650111254855,-0.048628437997113486,0.048628437997113486,False
G07,2023-11-24,2023-11-27,-0.0078504060605255,-0.01571506094625607,0.01571506094625607,False
G07,2023-11-27,2023-11-28,0.0065409935570085,-0.013047475245947904,0.013047475245947904,False
G07,2023-11-28,2023-11-29,0.0129382353671259,-0.012881156895676059,0.012881156895676059,False
G07,2023-11-29,2023-11-30,-0.0073643732290581,-0.02393427033288051,0.02393427033288051,False
G07,2023-11-30,2023-12-01,0.0082395923829627,-0.019795185728205683,0.019795185728205683,False
G07,2023-12-01,2023-12-04,0.0221402555593758,-0.015497361548132487,0.015497361548132487,False
G07,2023-12-04,2023-12-05,0.0016745740213162,-0.012700763277520854,0.012700763277520854,False
G07,2023-12-05,2023-12-06,0.0129884595257326,-0.013047475245947904,0.013047475245947904,False
G07,2023-12-06,2023-12-07,-0.0033236610599616,-0.015331043197860642,0.015331043197860642,False
G07,2023-12-07,2023-12-08,0.0150492588668922,-0.010181244806600724,0.010181244806600724,False
G07,2023-12-08,2023-12-11,-0.0002857464951784,-0.03302238834172034,0.03302238834172034,False
G07,2023-12-11,2023-12-12,0.0116998647156552,-0.013047475245947904,0.013047475245947904,False
G07,2023-12-12,2023-12-13,-0.0188655193137406,-0.00902954256654319,0.00902954256654319,True
G07,2023-12-13,2023-12-14,-0.0010774681872047,-0.02625963887044789,0.02625963887044789,False
G07,2023-12-14,2023-12-15,-0.0097422740182738,-0.013960100338426762,0.013960100338426762,False
G07,2023-12-15,2023-12-18,-0.0195513426119977,-0.012881156895676059,0.012881156895676059,True
G07,2023-12-18,2023-12-19,0.0185442767197433,-0.012881156895676059,0.012881156895676059,False
G07,2023-12-19,2023-12-20,0.0146455891949909,-0.015331043197860642,0.015331043197860642,False
G07,2023-12-20,2023-12-21,0.0033732191013362,-0.009127657112931693,0.009127657112931693,False
G07,2023-12-21,2023-12-22,-0.0060963695723643,-0.015331043197860642,0.015331043197860642,False
G07,2023-12-22,2023-12-25,0.0124082336328947,-0.01660588457009939,0.01660588457009939,False
G07,2023-12-25,2023-12-26,0.0087228855793268,-0.01620653414758723,0.01620653414758723,False
G07,2023-12-26,2023-12-27,-0.0003614601351741,-0.009345670129926273,0.009345670129926273,False
G07,2023-12-27,2023-12-28,0.0027975025640321,-0.017656773713368403,0.017656773713368403,False
G07,2023-12-28,2023-12-29,-0.0036502474700669,-0.013903273930624037,0.013903273930624037,False
G07,2023-12-29,2024-01-02,-0.0092483697468886,-0.01734064614998532,0.01734064614998532,False
G07,2024-01-02,2024-01-03,0.011399925579851,-0.01262843255838529,0.01262843255838529,False
G07,2024-01-03,2024-01-04,0.0025836795266315,-0.016788360054867103,0.016788360054867103,False
G07,2024-01-04,2024-01-05,0.0062463670342195,-0.01284644557537987,0.01284644557537987,False
G07,2024-01-05,2024-01-08,-0.0045946094815102,-0.013047475245947904,0.013047475245947904,False
G07,2024-01-08,2024-01-09,-0.0082143646413126,-0.011919139405324708,0.011919139405324708,False
G07,2024-01-09,2024-01-10,-0.0141314944689594,-0.01606580477774657,0.01606580477774657,False
G07,2024-01-10,2024-01-11,0.0044328309811741,-0.009345670129926273,0.009345670129926273,False
G07,2024-01-11,2024-01-12,-0.0096964515912262,-0.018599624085388303,0.018599624085388303,False
G07,2024-01-12,2024-01-15,0.0098718215909379,-0.01712375304258152,0.01712375304258152,False
G07,2024-01-15,2024-01-16,0.0205142441294177,-0.017324782713149554,0.017324782713149554,False
G07,2024-01-16,2024-01-17,0.0027570202412817,-0.013281374501801146,0.013281374501801146,False
G07,2024-01-17,2024-01-18,0.006706284447455,-0.018761356595116296,0.018761356595116296,False
G07,2024-01-18,2024-01-19,0.0056816726170922,-0.019433065920007358,0.019433065920007358,False
G07,2024-01-19,2024-01-22,0.0070468127692916,-0.01697056464399761,0.01697056464399761,False
G07,2024-01-22,2024-01-23,-0.0076553052794819,-0.02386102698191028,0.02386102698191028,False
G07,2024-01-23,2024-01-24,-0.0104403838350971,-0.021592478085243276,0.021592478085243276,False
G07,2024-01-24,2024-01-25,0.0063426801873525,-0.01681686126755093,0.01681686126755093,False
G07,2024-01-25,2024-01-26,0.001642785585167,-0.016667052054439694,0.016667052054439694,False
G07,2024-01-26,2024-01-29,-0.0062390656235683,-0.021592478085243276,0.021592478085243276,False
G07,2024-01-29,2024-01-30,0.0049168229731659,-0.01783897830249891,0.01783897830249891,False
G07,2024-01-30,2024-01-31,-0.0055059302710746,-0.021592478085243276,0.021592478085243276,False
G07,2024-01-31,2024-02-01,0.0247057353824299,-0.01656413693026016,0.01656413693026016,False
G07,2024-02-01,2024-02-02,0.0162005825780483,-0.013513019138605116,0.013513019138605116,False
G07,2024-02-02,2024-02-05,0.0061717553457424,-0.01554904910973688,0.01554904910973688,False
G07,2024-02-05,2024-02-06,-0.0004011974601699,-0.015331036092742297,0.015331036092742297,False
G07,2024-02-06,2024-02-07,0.00100495582474,-0.019433065920007358,0.019433065920007358,False
G07,2024-02-07,2024-02-15,-0.001723854873404,-0.025170579674445217,0.025170579674445217,False
G07,2024-02-15,2024-02-16,0.0055493063401613,-0.017694775039733598,0.017694775039733598,False
G07,2024-02-16,2024-02-19,0.0103545894415427,-0.028220754246468093,0.028220754246468093,False
G07,2024-02-19,2024-02-20,-0.0022424482258277,-0.021418650162780203,0.021418650162780203,False
G07,2024-02-20,2024-02-21,-0.0043818206434664,-0.02562912064044123,0.02562912064044123,False
G07,2024-02-21,2024-02-22,-0.0127907402434262,-0.016782149947254743,0.016782149947254743,False
G07,2024-02-22,2024-02-23,-0.0135613358137871,-0.01681686126755093,0.01681686126755093,False
G07,2024-02-23,2024-02-26,0.020516839577511,-0.0269680495598212,0.0269680495598212,False
G07,2024-02-26,2024-02-27,0.0205161356038269,-0.02695895175305633,0.02695895175305633,False
G07,2024-02-27,2024-02-28,0.0087459778981719,-0.009004067034599494,0.009004067034599494,False
G07,2024-02-28,2024-02-29,0.0124563235867454,-0.01275756681734386,0.01275756681734386,False
G07,2024-02-29,2024-03-01,0.0068362966810266,-0.015207453119528447,0.015207453119528447,False
G07,2024-03-01,2024-03-04,0.0070307744658963,-0.0334077030413617,0.0334077030413617,False
G07,2024-03-04,2024-03-05,0.0198253245639566,-0.03619918533375472,0.03619918533375472,False
G07,2024-03-05,2024-03-06,-0.0170938294346607,-0.031114962825411034,0.031114962825411034,False
G07,2024-03-06,2024-03-07,0.0108719050862041,-0.01275756681734386,0.01275756681734386,False
G07,2024-03-07,2024-03-08,-0.0199278228989799,-0.013143483840219761,0.013143483840219761,True
G07,2024-03-08,2024-03-11,-0.0138210654802796,-0.009607997074469975,0.009607997074469975,True
G07,2024-03-11,2024-03-12,0.0115869072703465,-0.03695663867856185,0.03695663867856185,False
G07,2024-03-12,2024-03-13,0.0347659067290206,-0.014989440102533867,0.014989440102533867,False
G07,2024-03-13,2024-03-14,-0.0139475973569439,-0.025887394047404852,0.025887394047404852,False
G07,2024-03-14,2024-03-15,-0.0047102706962319,-0.014989440102533867,0.014989440102533867,False
G07,2024-03-15,2024-03-18,-0.024402876679069,-0.014989440102533867,0.014989440102533867,True
G07,2024-03-18,2024-03-19,-0.003681486655586,-0.022164535992376746,0.022164535992376746,False
G07,2024-03-19,2024-03-20,0.0281122932735289,-0.026705201540332117,0.026705201540332117,False
G07,2024-03-20,2024-03-21,0.0112160263596721,-0.018626472564041808,0.018626472564041808,False
G07,2024-03-21,2024-03-22,0.0035946253824189,-0.01253955380034928,0.01253955380034928,False
G07,2024-03-22,2024-03-25,-0.0118458194383208,-0.011235940319789495,0.011235940319789495,True
G07,2024-03-25,2024-03-26,0.0092019491029577,-0.01253955380034928,0.01253955380034928,False
G07,2024-03-26,2024-03-27,0.0151340553113619,-0.01946862162189358,0.01946862162189358,False
G07,2024-03-27,2024-03-28,0.0070267048251458,-0.008469926454221831,0.008469926454221831,False
G07,2024-03-28,2024-03-29,-0.0043538987375982,-0.008786054017604914,0.008786054017604914,False
G07,2024-03-29,2024-04-01,0.0012054552164804,-0.015155758452805711,0.015155758452805711,False
G07,2024-04-01,2024-04-02,0.0051104567331274,-0.011970701899675428,0.011970701899675428,False
G07,2024-04-02,2024-04-03,-0.0194932408953478,-0.016952954338281728,0.016952954338281728,True
G07,2024-04-03,2024-04-04,-0.0035797797412202,-0.01253955380034928,0.01253955380034928,False
G07,2024-04-04,2024-04-05,-0.0005779501046142,-0.01253955380034928,0.01253955380034928,False
G07,2024-04-05,2024-04-08,-0.0081153384154923,-0.01253955380034928,0.01253955380034928,False
G07,2024-04-08,2024-04-09,0.0232139340084989,-0.012705872150621125,0.012705872150621125,False
G07,2024-04-09,2024-04-10,-0.0055240891750562,-0.011235940319789495,0.011235940319789495,False
G07,2024-04-10,2024-04-11,0.0080050340884432,-0.01253955380034928,0.01253955380034928,False
G07,2024-04-11,2024-04-12,0.0003036580230672,-0.014989440102533867,0.014989440102533867,False
G07,2024-04-12,2024-04-15,-0.0406603801471682,-0.013814395172588034,0.013814395172588034,True
G07,2024-04-15,2024-04-16,0.0022742695932165,-0.059448450193101465,0.059448450193101465,False
G07,2024-04-16,2024-04-17,-0.0109563680554463,-0.01364697554035851,0.01364697554035851,False
G07,2024-04-17,2024-04-19,-0.018866418107036,-0.012705872150621125,0.012705872150621125,True
G07,2024-04-19,2024-04-22,0.0091949857467764,-0.008687939471216412,0.008687939471216412,False
G07,2024-04-22,2024-04-23,0.0095323592753889,-0.023758985587825576,0.023758985587825576,False
G07,2024-04-23,2024-04-24,0.0543731454656875,-0.009004067034599494,0.009004067034599494,False
G07,2024-04-24,2024-04-25,0.0152286047609058,-0.02613634256598977,0.02613634256598977,False
G07,2024-04-25,2024-04-26,0.0050917792000099,-0.023890894779088432,0.023890894779088432,False
G07,2024-04-26,2024-05-02,0.0146217653878146,-0.012223426236966197,0.012223426236966197,False
G07,2024-05-02,2024-05-03,0.0006149362909541,-0.014989440102533867,0.014989440102533867,False
G07,2024-05-03,2024-05-06,0.027621878518948,-0.02300339642431049,0.02300339642431049,False
G07,2024-05-06,2024-05-07,0.0250156332645892,-0.013452178892828138,0.013452178892828138,False
G07,2024-05-07,2024-05-08,0.004172126179043,-0.013143483840219761,0.013143483840219761,False
G07,2024-05-08,2024-05-09,-0.005665651558888,-0.01253955380034928,0.01253955380034928,False
G07,2024-05-09,2024-05-10,0.0017715419501133,-0.01253955380034928,0.01253955380034928,False
G07,2024-05-10,2024-05-13,-0.0094762696735039,-0.0212467985991871,0.0212467985991871,False
G07,2024-05-13,2024-05-14,0.0123959593094317,-0.023373400765895117,0.023373400765895117,False
G07,2024-05-14,2024-05-15,0.0241679991963664,-0.008786054017604914,0.008786054017604914,False
G07,2024-05-15,2024-05-16,0.0026095954708027,-0.009004067034599494,0.009004067034599494,False
G07,2024-05-16,2024-05-17,-0.0038919346371963,-0.012705872150621125,0.012705872150621125,False
G07,2024-05-17,2024-05-20,0.0027150567902941,-0.01253955380034928,0.01253955380034928,False
G07,2024-05-20,2024-05-21,0.0087249989463051,-0.01253955380034928,0.01253955380034928,False
G07,2024-05-21,2024-05-22,0.0019376361000815,-0.01942500088841476,0.01942500088841476,False
G07,2024-05-22,2024-05-23,0.0165932916324212,-0.016418787418458022,0.016418787418458022,False
G07,2024-05-23,2024-05-24,-0.0285325300372845,-0.016446756959540326,0.016446756959540326,True
G07,2024-05-24,2024-05-27,-0.0004711162549743,-0.022164535992376746,0.022164535992376746,False
G07,2024-05-27,2024-05-28,0.0218475429220355,-0.012705872150621125,0.012705872150621125,False
G07,2024-05-28,2024-05-29,-0.0148998297668624,-0.014989440102533867,0.014989440102533867,False
G07,2024-05-29,2024-05-30,0.0068901211322012,-0.013136051329445056,0.013136051329445056,False
G07,2024-05-30,2024-05-31,0.0073790531396718,-0.020661110511674425,0.020661110511674425,False
G07,2024-05-31,2024-06-03,0.0125200191927479,-0.012705872150621125,0.012705872150621125,False
G07,2024-06-03,2024-06-04,0.0076820133042067,-0.01554880348887737,0.01554880348887737,False
G07,2024-06-04,2024-06-05,-0.0076083089388085,-0.01715194844709381,0.01715194844709381,False
G07,2024-06-05,2024-06-06,-0.0011313018768874,-0.01625834226279746,0.01625834226279746,False
G07,2024-06-06,2024-06-07,0.0067839286324276,-0.016040329245802877,0.016040329245802877,False
G07,2024-06-07,2024-06-10,0.0095640255744753,-0.020592297829704058,0.020592297829704058,False
G07,2024-06-10,2024-06-11,-0.0002059050854298,-0.016040329245802877,0.016040329245802877,False
G07,2024-06-11,2024-06-12,0.0260877103123863,-0.01228682946305851,0.01228682946305851,False
G07,2024-06-12,2024-06-13,-0.0029379626177712,-0.01253955380034928,0.01253955380034928,False
G07,2024-06-13,2024-06-14,-0.0072295781287423,-0.01253955380034928,0.01253955380034928,False
G07,2024-06-14,2024-06-17,-0.0068668270610379,-0.01253955380034928,0.01253955380034928,False
G07,2024-06-17,2024-06-18,-0.0016220853557602,-0.01253955380034928,0.01253955380034928,False
G07,2024-06-18,2024-06-19,0.0145350776676598,-0.019302303271621735,0.019302303271621735,False
G07,2024-06-19,2024-06-20,0.0056167710448199,-0.008786054017604914,0.008786054017604914,False
G07,2024-06-20,2024-06-21,0.0034844301085242,-0.014989440102533867,0.014989440102533867,False
G07,2024-06-21,2024-06-24,-0.0216469998528922,-0.020317636713004527,0.020317636713004527,True
G07,2024-06-24,2024-06-25,-0.0053111231818456,-0.009004067034599494,0.009004067034599494,False
G07,2024-06-25,2024-06-26,0.0101818042121089,-0.012705872150621125,0.012705872150621125,False
G07,2024-06-26,2024-06-27,0.0061773036862317,-0.01681686126755093,0.01681686126755093,False
G07,2024-06-27,2024-06-28,-0.0146575587492205,-0.016983179617822777,0.016983179617822777,False
G07,2024-06-28,2024-07-01,0.0137790527273147,-0.011235940319789495,0.011235940319789495,False
G07,2024-07-01,2024-07-02,0.0036071050236831,-0.009004067034599494,0.009004067034599494,False
G07,2024-07-02,2024-07-03,0.0058929255546665,-0.01253955380034928,0.01253955380034928,False
G07,2024-07-03,2024-07-04,0.0095339482127314,-0.01253955380034928,0.01253955380034928,False
G07,2024-07-04,2024-07-05,0.0092200396755567,-0.015155758452805711,0.015155758452805711,False
G07,2024-07-05,2024-07-08,0.0110248407186978,-0.02492922829797614,0.02492922829797614,False
G07,2024-07-08,2024-07-09,-0.0037154960541724,-0.024582035456328685,0.024582035456328685,False
G07,2024-07-09,2024-07-10,-0.0170817311972603,-0.01798482457336824,0.01798482457336824,False
G07,2024-07-10,2024-07-11,-0.0057625505279677,-0.017034874284545514,0.017034874284545514,False
G07,2024-07-11,2024-07-12,-0.0020340758665086,-0.015497354443014142,0.015497354443014142,False
G07,2024-07-12,2024-07-15,-0.0057568957805702,-0.01681686126755093,0.01681686126755093,False
G07,2024-07-15,2024-07-16,0.0021763786509986,-0.020317636713004527,0.020317636713004527,False
G07,2024-07-16,2024-07-17,-0.0113082115544183,-0.019014023232444742,0.019014023232444742,False
G07,2024-07-17,2024-07-18,0.0001559798236947,-0.03301019358013109,0.03301019358013109,False
G07,2024-07-18,2024-07-19,-0.0042295060037718,-0.02454770921479254,0.02454770921479254,False
G07,2024-07-19,2024-07-22,-0.0082977426255588,-0.02454770921479254,0.02454770921479254,False
G07,2024-07-22,2024-07-23,-0.0135822503530146,-0.020317636713004527,0.020317636713004527,False
G07,2024-07-23,2024-07-24,-0.0056740987740725,-0.022767523015189108,0.022767523015189108,False
G07,2024-07-24,2024-07-25,-0.0090479261271676,-0.032792180563136514,0.032792180563136514,False
G07,2024-07-25,2024-07-26,0.0091525766930103,-0.029711926739797008,0.029711926739797008,False
G07,2024-07-26,2024-07-29,0.0136012898676336,-0.019266747569735513,0.019266747569735513,False
G07,2024-07-29,2024-07-30,0.00280771711279,-0.015513247786991141,0.015513247786991141,False
G07,2024-07-30,2024-07-31,-0.0025484057970421,-0.01681686126755093,0.01681686126755093,False
G07,2024-07-31,2024-08-01,-0.024838280179164,-0.013063361484806565,0.013063361484806565,True
G07,2024-08-01,2024-08-02,0.0069177092768896,-0.025279345632889492,0.025279345632889492,False
G07,2024-08-02,2024-08-05,-0.0352636553481193,-0.017034874284545514,0.017034874284545514,True
G07,2024-08-05,2024-08-06,0.0144121659417245,-0.025408428251590648,0.025408428251590648,False
G07,2024-08-06,2024-08-07,6.044660776116661e-05,-0.013595280873635774,0.013595280873635774,False
G07,2024-08-07,2024-08-08,-0.0067644074025787,-0.015155758452805711,0.015155758452805711,False
G07,2024-08-08,2024-08-09,0.0380007745017299,-0.01253955380034928,0.01253955380034928,False
G07,2024-08-09,2024-08-12,0.0106310369090434,-0.02480179358383965,0.02480179358383965,False
G07,2024-08-12,2024-08-13,-0.0060287831572782,-0.011066449350089288,0.011066449350089288,False
G07,2024-08-13,2024-08-14,-0.0002796915558517,-0.014484049127914648,0.014484049127914648,False
G07,2024-08-14,2024-08-15,-0.008916039901147,-0.015155758452805711,0.015155758452805711,False
G07,2024-08-15,2024-08-16,0.0259486565352284,-0.03140237614291748,0.03140237614291748,False
G07,2024-08-16,2024-08-19,0.0029087162035138,-0.009235711671403465,0.009235711671403465,False
G07,2024-08-19,2024-08-20,0.004403645555919,-0.012705872150621125,0.012705872150621125,False
G07,2024-08-20,2024-08-21,0.0110941798692745,-0.014484049127914648,0.014484049127914648,False
G07,2024-08-21,2024-08-22,-0.0034628477519495,-0.011453953336784076,0.011453953336784076,False
G07,2024-08-22,2024-08-23,0.0020735818480939,-0.01946862162189358,0.01946862162189358,False
G07,2024-08-23,2024-08-26,-0.0056343013233524,-0.02027040174759089,0.02027040174759089,False
G07,2024-08-26,2024-08-27,-0.0005589779657042,-0.01584689929921282,0.01584689929921282,False
G07,2024-08-27,2024-08-28,-0.0005993316593435,-0.012093399516468453,0.012093399516468453,False
G07,2024-08-28,2024-08-29,-0.0016696015619562,-0.026173004391950517,0.026173004391950517,False
G07,2024-08-29,2024-08-30,0.0047209925025592,-0.026173004391950517,0.026173004391950517,False
G07,2024-08-30,2024-09-04,-0.0109475302274186,-0.02050607455990516,0.02050607455990516,False
G07,2024-09-04,2024-09-05,-0.0145024168135512,-0.016040329245802877,0.016040329245802877,False
G07,2024-09-05,2024-09-06,0.0090063873731622,-0.012504842480053091,0.012504842480053091,False
G07,2024-09-06,2024-09-09,-0.0018479155145194,-0.01253955380034928,0.01253955380034928,False
G07,2024-09-09,2024-09-10,-0.0077894805198032,-0.01253955380034928,0.01253955380034928,False
G07,2024-09-10,2024-09-11,0.0042084993967816,-0.016693515141554618,0.016693515141554618,False
G07,2024-09-11,2024-09-12,-0.0003190340855614,-0.019266747569735513,0.019266747569735513,False
G07,2024-09-12,2024-09-13,-0.0011266001573628,-0.021592478085243276,0.021592478085243276,False
G07,2024-09-13,2024-09-16,-0.0122070384018379,-0.02206905080428692,0.02206905080428692,False
G07,2024-09-16,2024-09-17,0.0135082312031119,-0.022767523015189108,0.022767523015189108,False
G07,2024-09-17,2024-09-18,0.0093277539655424,-0.013063361484806565,0.013063361484806565,False
G07,2024-09-18,2024-09-19,0.0034458108333098,-0.013281374501801146,0.013281374501801146,False
G07,2024-09-19,2024-09-20,0.0046068374551948,-0.01809170263978968,0.01809170263978968,False
G07,2024-09-20,2024-09-23,-0.0061210837300026,-0.015731260803985726,0.015731260803985726,False
G07,2024-09-23,2024-09-24,0.0070980463748147,-0.020001509149621444,0.020001509149621444,False
G07,2024-09-24,2024-09-25,0.0082278333025297,-0.021592478085243276,0.021592478085243276,False
G07,2024-09-25,2024-09-26,-0.0050451082957279,-0.018288635956297462,0.018288635956297462,False
G07,2024-09-26,2024-09-27,-0.004188710212491,-0.021592478085243276,0.021592478085243276,False
G07,2024-09-27,2024-09-30,0.0076534631878305,-0.016782149947254743,0.016782149947254743,False
G07,2024-09-30,2024-10-01,0.0069399594233064,-0.02053564972999911,0.02053564972999911,False
G07,2024-10-01,2024-10-02,-0.0087113168952345,-0.018387095100873906,0.018387095100873906,False
G07,2024-10-02,2024-10-03,-0.0102390848432361,-0.021592478085243276,0.021592478085243276,False
G07,2024-10-03,2024-10-04,0.0007338895435772,-0.013281374501801146,0.013281374501801146,False
G07,2024-10-04,2024-10-07,0.0021025763014691,-0.018258020990061526,0.018258020990061526,False
G07,2024-10-07,2024-10-08,0.0006807519293277,-0.021592478085243276,0.021592478085243276,False
G07,2024-10-08,2024-10-09,0.0057067128413433,-0.016782149947254743,0.016782149947254743,False
G07,2024-10-09,2024-10-10,0.0167226689703284,-0.019232036249439324,0.019232036249439324,False
G07,2024-10-10,2024-10-11,-0.0070183756018283,-0.019232036249439324,0.019232036249439324,False
G07,2024-10-11,2024-10-14,-0.0123863653819343,-0.016983179617822777,0.016983179617822777,False
G07,2024-10-14,2024-10-15,0.0038688580251147,-0.01681686126755093,0.01681686126755093,False
G07,2024-10-15,2024-10-16,0.0033572698479854,-0.01681686126755093,0.01681686126755093,False
G07,2024-10-16,2024-10-17,0.0052028444141178,-0.019004327732268532,0.019004327732268532,False
G07,2024-10-17,2024-10-18,-0.0042538436060043,-0.021592478085243276,0.021592478085243276,False
G07,2024-10-18,2024-10-21,-0.0056633105258353,-0.021592478085243276,0.021592478085243276,False
G07,2024-10-21,2024-10-22,-0.0045299350880716,-0.02454770921479254,0.02454770921479254,False
G07,2024-10-22,2024-10-23,-0.0027723504385511,-0.021012222449042755,0.021012222449042755,False
G07,2024-10-23,2024-10-24,-0.0013005337699335,-0.02454770921479254,0.02454770921479254,False
G07,2024-10-24,2024-10-25,-0.0002466425878262,-0.030450311859152167,0.030450311859152167,False
G07,2024-10-25,2024-10-28,0.0059911752197205,-0.030450311859152167,0.030450311859152167,False
G07,2024-10-28,2024-10-29,0.0101830635606544,-0.04076121116179117,0.04076121116179117,False
G07,2024-10-29,2024-10-30,-0.0019346292971645,-0.030599115323661222,0.030599115323661222,False
G07,2024-10-30,2024-10-31,0.0011685856694223,-0.04076121116179117,0.04076121116179117,False
G07,2024-10-31,2024-11-01,-0.0099823771850019,-0.03831132485960656,0.03831132485960656,False
G07,2024-11-01,2024-11-04,-0.0120914665017177,-0.030817128340655805,0.030817128340655805,False
G07,2024-11-04,2024-11-05,0.0046320153205518,-0.03054830114036703,0.03054830114036703,False
G07,2024-11-05,2024-11-06,0.0106347169296459,-0.034081252357818545,0.034081252357818545,False
G07,2024-11-06,2024-11-07,0.0001673739644468,-0.0270661641062097,0.0270661641062097,False
G07,2024-11-07,2024-11-08,0.0004113183152858,-0.029516050408394282,0.029516050408394282,False
G07,2024-11-08,2024-11-11,0.0044706592965746,-0.03299818744255161,0.03299818744255161,False
G07,2024-11-11,2024-11-12,-0.0176711176738705,-0.03377235947020506,0.03377235947020506,False
G07,2024-11-12,2024-11-13,0.0031095249344387,-0.030616504944250375,0.030616504944250375,False
G07,2024-11-13,2024-11-14,-0.0168946736521861,-0.030766314157361613,0.030766314157361613,False
G07,2024-11-14,2024-11-15,-0.0178930068716532,-0.03321620045954619,0.03321620045954619,False
G07,2024-11-15,2024-11-18,-0.0065352297526547,-0.027284177123204283,0.027284177123204283,False
G07,2024-11-18,2024-11-19,-0.0223267841982983,-0.030766314157361613,0.030766314157361613,False
G07,2024-11-19,2024-11-20,0.0040410667409221,-0.030766314157361613,0.030766314157361613,False
G07,2024-11-20,2024-11-21,0.0157815526142645,-0.04164483559754641,0.04164483559754641,False
G07,2024-11-21,2024-11-22,0.0072413949559723,-0.028887198325621807,0.028887198325621807,False
G07,2024-11-22,2024-11-25,0.0025773195876289,-0.02627099367316538,0.02627099367316538,False
G07,2024-11-25,2024-11-26,0.0095729900483854,-0.030162039697860556,0.030162039697860556,False
G07,2024-11-26,2024-11-27,0.0095750821072508,-0.028960911422625753,0.028960911422625753,False
G07,2024-11-27,2024-11-28,0.0012581914335936,-0.030091549532099186,0.030091549532099186,False
G07,2024-11-28,2024-11-29,0.0189467541969973,-0.03547350724298607,0.03547350724298607,False
G07,2024-11-29,2024-12-02,-0.0012923720881965,-0.025264979501215406,0.025264979501215406,False
G07,2024-12-02,2024-12-03,0.0046068236587585,-0.028529103518378153,0.028529103518378153,False
G07,2024-12-03,2024-12-04,-0.0165958564096989,-0.028529103518378153,0.028529103518378153,False
G07,2024-12-04,2024-12-05,0.0425239485933109,-0.02278885663900805,0.02278885663900805,False
G07,2024-12-05,2024-12-06,-9.629932821238658e-05,-0.02941154489285385,0.02941154489285385,False
G07,2024-12-06,2024-12-09,-0.0051000024157417,-0.011548895263744216,0.011548895263744216,False
G07,2024-12-09,2024-12-10,0.0071346428798838,-0.024115774793940576,0.024115774793940576,False
G07,2024-12-10,2024-12-11,-0.0039488659845984,-0.022917205711695983,0.022917205711695983,False
G07,2024-12-11,2024-12-12,-0.0037275806824097,-0.03971425874595955,0.03971425874595955,False
G07,2024-12-12,2024-12-13,0.000408957469829,-0.03275917602016617,0.03275917602016617,False
G07,2024-12-13,2024-12-16,-0.0015989510993937,-0.03275917602016617,0.03275917602016617,False
G07,2024-12-16,2024-12-17,-0.0080539434737428,-0.03275917602016617,0.03275917602016617,False
